data_min,data_max,median,std,n_points,hist_area,bins,hist,bin_width,n_bins,method,mean,x_range,y_values,combination_id,age_consideration,restricted_age_correlation,shortest_path_search,core_a_constraints_count,core_b_constraints_count,constraint_scenario_description,t,t_ci_lower,t_ci_upper,t_se,d,d_ci_lower,d_ci_upper,d_se,g,g_ci_lower,g_ci_upper,g_se,ps,ps_ci_lower,ps_ci_upper,ps_se,effect_size
0.355891,0.68426,0.552433,0.0631346639468799,4460,100.0,"[0.355891   0.37934593 0.40280086 0.42625579 0.44971071 0.47316564
 0.49662057 0.5200755  0.54353043 0.56698536 0.59044029 0.61389521
 0.63735014 0.66080507 0.68426   ]","[ 0.20179372  0.65022422  1.47982063  3.34080717  7.15246637 10.02242152
 12.93721973 10.65022422 10.60538117 12.95964126 11.16591928 11.18834081
  6.56950673  1.07623318]",0.025,14,normal,0.5489483360986547,"[0.355891   0.3562197  0.3565484  0.35687709 0.35720579 0.35753449
 0.35786319 0.35819188 0.35852058 0.35884928 0.35917798 0.35950667
 0.35983537 0.36016407 0.36049277 0.36082147 0.36115016 0.36147886
 0.36180756 0.36213626 0.36246495 0.36279365 0.36312235 0.36345105
 0.36377974 0.36410844 0.36443714 0.36476584 0.36509454 0.36542323
 0.36575193 0.36608063 0.36640933 0.36673802 0.36706672 0.36739542
 0.36772412 0.36805281 0.36838151 0.36871021 0.36903891 0.36936761
 0.3696963  0.370025   0.3703537  0.3706824  0.37101109 0.37133979
 0.37166849 0.37199719 0.37232588 0.37265458 0.37298328 0.37331198
 0.37364068 0.37396937 0.37429807 0.37462677 0.37495547 0.37528416
 0.37561286 0.37594156 0.37627026 0.37659895 0.37692765 0.37725635
 0.37758505 0.37791375 0.37824244 0.37857114 0.37889984 0.37922854
 0.37955723 0.37988593 0.38021463 0.38054333 0.38087203 0.38120072
 0.38152942 0.38185812 0.38218682 0.38251551 0.38284421 0.38317291
 0.38350161 0.3838303  0.384159   0.3844877  0.3848164  0.3851451
 0.38547379 0.38580249 0.38613119 0.38645989 0.38678858 0.38711728
 0.38744598 0.38777468 0.38810337 0.38843207 0.38876077 0.38908947
 0.38941817 0.38974686 0.39007556 0.39040426 0.39073296 0.39106165
 0.39139035 0.39171905 0.39204775 0.39237644 0.39270514 0.39303384
 0.39336254 0.39369124 0.39401993 0.39434863 0.39467733 0.39500603
 0.39533472 0.39566342 0.39599212 0.39632082 0.39664951 0.39697821
 0.39730691 0.39763561 0.39796431 0.398293   0.3986217  0.3989504
 0.3992791  0.39960779 0.39993649 0.40026519 0.40059389 0.40092258
 0.40125128 0.40157998 0.40190868 0.40223738 0.40256607 0.40289477
 0.40322347 0.40355217 0.40388086 0.40420956 0.40453826 0.40486696
 0.40519565 0.40552435 0.40585305 0.40618175 0.40651045 0.40683914
 0.40716784 0.40749654 0.40782524 0.40815393 0.40848263 0.40881133
 0.40914003 0.40946872 0.40979742 0.41012612 0.41045482 0.41078352
 0.41111221 0.41144091 0.41176961 0.41209831 0.412427   0.4127557
 0.4130844  0.4134131  0.41374179 0.41407049 0.41439919 0.41472789
 0.41505659 0.41538528 0.41571398 0.41604268 0.41637138 0.41670007
 0.41702877 0.41735747 0.41768617 0.41801486 0.41834356 0.41867226
 0.41900096 0.41932966 0.41965835 0.41998705 0.42031575 0.42064445
 0.42097314 0.42130184 0.42163054 0.42195924 0.42228793 0.42261663
 0.42294533 0.42327403 0.42360273 0.42393142 0.42426012 0.42458882
 0.42491752 0.42524621 0.42557491 0.42590361 0.42623231 0.42656101
 0.4268897  0.4272184  0.4275471  0.4278758  0.42820449 0.42853319
 0.42886189 0.42919059 0.42951928 0.42984798 0.43017668 0.43050538
 0.43083408 0.43116277 0.43149147 0.43182017 0.43214887 0.43247756
 0.43280626 0.43313496 0.43346366 0.43379235 0.43412105 0.43444975
 0.43477845 0.43510715 0.43543584 0.43576454 0.43609324 0.43642194
 0.43675063 0.43707933 0.43740803 0.43773673 0.43806542 0.43839412
 0.43872282 0.43905152 0.43938022 0.43970891 0.44003761 0.44036631
 0.44069501 0.4410237  0.4413524  0.4416811  0.4420098  0.44233849
 0.44266719 0.44299589 0.44332459 0.44365329 0.44398198 0.44431068
 0.44463938 0.44496808 0.44529677 0.44562547 0.44595417 0.44628287
 0.44661156 0.44694026 0.44726896 0.44759766 0.44792636 0.44825505
 0.44858375 0.44891245 0.44924115 0.44956984 0.44989854 0.45022724
 0.45055594 0.45088463 0.45121333 0.45154203 0.45187073 0.45219943
 0.45252812 0.45285682 0.45318552 0.45351422 0.45384291 0.45417161
 0.45450031 0.45482901 0.4551577  0.4554864  0.4558151  0.4561438
 0.4564725  0.45680119 0.45712989 0.45745859 0.45778729 0.45811598
 0.45844468 0.45877338 0.45910208 0.45943077 0.45975947 0.46008817
 0.46041687 0.46074557 0.46107426 0.46140296 0.46173166 0.46206036
 0.46238905 0.46271775 0.46304645 0.46337515 0.46370384 0.46403254
 0.46436124 0.46468994 0.46501864 0.46534733 0.46567603 0.46600473
 0.46633343 0.46666212 0.46699082 0.46731952 0.46764822 0.46797691
 0.46830561 0.46863431 0.46896301 0.46929171 0.4696204  0.4699491
 0.4702778  0.4706065  0.47093519 0.47126389 0.47159259 0.47192129
 0.47224998 0.47257868 0.47290738 0.47323608 0.47356478 0.47389347
 0.47422217 0.47455087 0.47487957 0.47520826 0.47553696 0.47586566
 0.47619436 0.47652306 0.47685175 0.47718045 0.47750915 0.47783785
 0.47816654 0.47849524 0.47882394 0.47915264 0.47948133 0.47981003
 0.48013873 0.48046743 0.48079613 0.48112482 0.48145352 0.48178222
 0.48211092 0.48243961 0.48276831 0.48309701 0.48342571 0.4837544
 0.4840831  0.4844118  0.4847405  0.4850692  0.48539789 0.48572659
 0.48605529 0.48638399 0.48671268 0.48704138 0.48737008 0.48769878
 0.48802747 0.48835617 0.48868487 0.48901357 0.48934227 0.48967096
 0.48999966 0.49032836 0.49065706 0.49098575 0.49131445 0.49164315
 0.49197185 0.49230054 0.49262924 0.49295794 0.49328664 0.49361534
 0.49394403 0.49427273 0.49460143 0.49493013 0.49525882 0.49558752
 0.49591622 0.49624492 0.49657361 0.49690231 0.49723101 0.49755971
 0.49788841 0.4982171  0.4985458  0.4988745  0.4992032  0.49953189
 0.49986059 0.50018929 0.50051799 0.50084668 0.50117538 0.50150408
 0.50183278 0.50216148 0.50249017 0.50281887 0.50314757 0.50347627
 0.50380496 0.50413366 0.50446236 0.50479106 0.50511975 0.50544845
 0.50577715 0.50610585 0.50643455 0.50676324 0.50709194 0.50742064
 0.50774934 0.50807803 0.50840673 0.50873543 0.50906413 0.50939282
 0.50972152 0.51005022 0.51037892 0.51070762 0.51103631 0.51136501
 0.51169371 0.51202241 0.5123511  0.5126798  0.5130085  0.5133372
 0.51366589 0.51399459 0.51432329 0.51465199 0.51498069 0.51530938
 0.51563808 0.51596678 0.51629548 0.51662417 0.51695287 0.51728157
 0.51761027 0.51793896 0.51826766 0.51859636 0.51892506 0.51925376
 0.51958245 0.51991115 0.52023985 0.52056855 0.52089724 0.52122594
 0.52155464 0.52188334 0.52221204 0.52254073 0.52286943 0.52319813
 0.52352683 0.52385552 0.52418422 0.52451292 0.52484162 0.52517031
 0.52549901 0.52582771 0.52615641 0.52648511 0.5268138  0.5271425
 0.5274712  0.5277999  0.52812859 0.52845729 0.52878599 0.52911469
 0.52944338 0.52977208 0.53010078 0.53042948 0.53075818 0.53108687
 0.53141557 0.53174427 0.53207297 0.53240166 0.53273036 0.53305906
 0.53338776 0.53371645 0.53404515 0.53437385 0.53470255 0.53503125
 0.53535994 0.53568864 0.53601734 0.53634604 0.53667473 0.53700343
 0.53733213 0.53766083 0.53798952 0.53831822 0.53864692 0.53897562
 0.53930432 0.53963301 0.53996171 0.54029041 0.54061911 0.5409478
 0.5412765  0.5416052  0.5419339  0.54226259 0.54259129 0.54291999
 0.54324869 0.54357739 0.54390608 0.54423478 0.54456348 0.54489218
 0.54522087 0.54554957 0.54587827 0.54620697 0.54653566 0.54686436
 0.54719306 0.54752176 0.54785046 0.54817915 0.54850785 0.54883655
 0.54916525 0.54949394 0.54982264 0.55015134 0.55048004 0.55080873
 0.55113743 0.55146613 0.55179483 0.55212353 0.55245222 0.55278092
 0.55310962 0.55343832 0.55376701 0.55409571 0.55442441 0.55475311
 0.5550818  0.5554105  0.5557392  0.5560679  0.5563966  0.55672529
 0.55705399 0.55738269 0.55771139 0.55804008 0.55836878 0.55869748
 0.55902618 0.55935487 0.55968357 0.56001227 0.56034097 0.56066967
 0.56099836 0.56132706 0.56165576 0.56198446 0.56231315 0.56264185
 0.56297055 0.56329925 0.56362794 0.56395664 0.56428534 0.56461404
 0.56494274 0.56527143 0.56560013 0.56592883 0.56625753 0.56658622
 0.56691492 0.56724362 0.56757232 0.56790102 0.56822971 0.56855841
 0.56888711 0.56921581 0.5695445  0.5698732  0.5702019  0.5705306
 0.57085929 0.57118799 0.57151669 0.57184539 0.57217409 0.57250278
 0.57283148 0.57316018 0.57348888 0.57381757 0.57414627 0.57447497
 0.57480367 0.57513236 0.57546106 0.57578976 0.57611846 0.57644716
 0.57677585 0.57710455 0.57743325 0.57776195 0.57809064 0.57841934
 0.57874804 0.57907674 0.57940543 0.57973413 0.58006283 0.58039153
 0.58072023 0.58104892 0.58137762 0.58170632 0.58203502 0.58236371
 0.58269241 0.58302111 0.58334981 0.5836785  0.5840072  0.5843359
 0.5846646  0.5849933  0.58532199 0.58565069 0.58597939 0.58630809
 0.58663678 0.58696548 0.58729418 0.58762288 0.58795157 0.58828027
 0.58860897 0.58893767 0.58926637 0.58959506 0.58992376 0.59025246
 0.59058116 0.59090985 0.59123855 0.59156725 0.59189595 0.59222464
 0.59255334 0.59288204 0.59321074 0.59353944 0.59386813 0.59419683
 0.59452553 0.59485423 0.59518292 0.59551162 0.59584032 0.59616902
 0.59649771 0.59682641 0.59715511 0.59748381 0.59781251 0.5981412
 0.5984699  0.5987986  0.5991273  0.59945599 0.59978469 0.60011339
 0.60044209 0.60077078 0.60109948 0.60142818 0.60175688 0.60208558
 0.60241427 0.60274297 0.60307167 0.60340037 0.60372906 0.60405776
 0.60438646 0.60471516 0.60504385 0.60537255 0.60570125 0.60602995
 0.60635865 0.60668734 0.60701604 0.60734474 0.60767344 0.60800213
 0.60833083 0.60865953 0.60898823 0.60931692 0.60964562 0.60997432
 0.61030302 0.61063172 0.61096041 0.61128911 0.61161781 0.61194651
 0.6122752  0.6126039  0.6129326  0.6132613  0.61358999 0.61391869
 0.61424739 0.61457609 0.61490479 0.61523348 0.61556218 0.61589088
 0.61621958 0.61654827 0.61687697 0.61720567 0.61753437 0.61786307
 0.61819176 0.61852046 0.61884916 0.61917786 0.61950655 0.61983525
 0.62016395 0.62049265 0.62082134 0.62115004 0.62147874 0.62180744
 0.62213614 0.62246483 0.62279353 0.62312223 0.62345093 0.62377962
 0.62410832 0.62443702 0.62476572 0.62509441 0.62542311 0.62575181
 0.62608051 0.62640921 0.6267379  0.6270666  0.6273953  0.627724
 0.62805269 0.62838139 0.62871009 0.62903879 0.62936748 0.62969618
 0.63002488 0.63035358 0.63068228 0.63101097 0.63133967 0.63166837
 0.63199707 0.63232576 0.63265446 0.63298316 0.63331186 0.63364055
 0.63396925 0.63429795 0.63462665 0.63495535 0.63528404 0.63561274
 0.63594144 0.63627014 0.63659883 0.63692753 0.63725623 0.63758493
 0.63791362 0.63824232 0.63857102 0.63889972 0.63922842 0.63955711
 0.63988581 0.64021451 0.64054321 0.6408719  0.6412006  0.6415293
 0.641858   0.64218669 0.64251539 0.64284409 0.64317279 0.64350149
 0.64383018 0.64415888 0.64448758 0.64481628 0.64514497 0.64547367
 0.64580237 0.64613107 0.64645976 0.64678846 0.64711716 0.64744586
 0.64777456 0.64810325 0.64843195 0.64876065 0.64908935 0.64941804
 0.64974674 0.65007544 0.65040414 0.65073283 0.65106153 0.65139023
 0.65171893 0.65204763 0.65237632 0.65270502 0.65303372 0.65336242
 0.65369111 0.65401981 0.65434851 0.65467721 0.6550059  0.6553346
 0.6556633  0.655992   0.6563207  0.65664939 0.65697809 0.65730679
 0.65763549 0.65796418 0.65829288 0.65862158 0.65895028 0.65927897
 0.65960767 0.65993637 0.66026507 0.66059377 0.66092246 0.66125116
 0.66157986 0.66190856 0.66223725 0.66256595 0.66289465 0.66322335
 0.66355205 0.66388074 0.66420944 0.66453814 0.66486684 0.66519553
 0.66552423 0.66585293 0.66618163 0.66651032 0.66683902 0.66716772
 0.66749642 0.66782512 0.66815381 0.66848251 0.66881121 0.66913991
 0.6694686  0.6697973  0.670126   0.6704547  0.67078339 0.67111209
 0.67144079 0.67176949 0.67209819 0.67242688 0.67275558 0.67308428
 0.67341298 0.67374167 0.67407037 0.67439907 0.67472777 0.67505646
 0.67538516 0.67571386 0.67604256 0.67637126 0.67669995 0.67702865
 0.67735735 0.67768605 0.67801474 0.67834344 0.67867214 0.67900084
 0.67932953 0.67965823 0.67998693 0.68031563 0.68064433 0.68097302
 0.68130172 0.68163042 0.68195912 0.68228781 0.68261651 0.68294521
 0.68327391 0.6836026  0.6839313  0.68426   ]","[ 0.13817565  0.14039112  0.14263826  0.14491743  0.14722904  0.14957346
  0.15195109  0.15436233  0.15680759  0.15928727  0.16180177  0.16435151
  0.1669369   0.16955837  0.17221634  0.17491123  0.17764348  0.18041351
  0.18322178  0.18606871  0.18895476  0.19188037  0.194846    0.1978521
  0.20089913  0.20398756  0.20711785  0.21029048  0.21350593  0.21676466
  0.22006716  0.22341392  0.22680543  0.23024219  0.23372469  0.23725343
  0.24082892  0.24445166  0.24812218  0.25184099  0.2556086   0.25942555
  0.26329235  0.26720955  0.27117768  0.27519728  0.27926888  0.28339305
  0.28757033  0.29180127  0.29608643  0.30042638  0.30482168  0.3092729
  0.31378062  0.31834541  0.32296785  0.32764853  0.33238803  0.33718695
  0.34204589  0.34696544  0.35194621  0.3569888   0.36209382  0.36726189
  0.37249363  0.37778966  0.38315059  0.38857707  0.39406972  0.39962918
  0.40525609  0.41095108  0.41671481  0.42254792  0.42845108  0.43442492
  0.44047012  0.44658734  0.45277723  0.45904048  0.46537776  0.47178973
  0.47827709  0.48484051  0.49148067  0.49819828  0.50499401  0.51186856
  0.51882264  0.52585694  0.53297216  0.54016902  0.54744821  0.55481047
  0.56225649  0.569787    0.57740271  0.58510436  0.59289267  0.60076836
  0.60873216  0.61678482  0.62492706  0.63315963  0.64148326  0.6498987
  0.65840669  0.66700799  0.67570333  0.68449348  0.69337918  0.70236119
  0.71144027  0.72061718  0.72989267  0.73926752  0.74874249  0.75831834
  0.76799584  0.77777575  0.78765886  0.79764594  0.80773774  0.81793506
  0.82823867  0.83864934  0.84916785  0.85979498  0.8705315   0.88137821
  0.89233588  0.90340529  0.91458723  0.92588248  0.93729181  0.94881603
  0.9604559   0.97221221  0.98408575  0.9960773   1.00818765  1.02041757
  1.03276786  1.04523929  1.05783265  1.07054872  1.08338829  1.09635212
  1.10944101  1.12265573  1.13599706  1.14946578  1.16306267  1.17678849
  1.19064402  1.20463003  1.2187473   1.23299659  1.24737866  1.26189429
  1.27654424  1.29132926  1.30625011  1.32130755  1.33650234  1.35183522
  1.36730695  1.38291826  1.3986699   1.41456262  1.43059714  1.4467742
  1.46309453  1.47955886  1.49616791  1.51292239  1.52982304  1.54687054
  1.56406562  1.58140898  1.5989013   1.6165433   1.63433566  1.65227906
  1.67037418  1.68862171  1.7070223   1.72557663  1.74428535  1.76314912
  1.78216859  1.8013444   1.82067718  1.84016757  1.8598162   1.87962368
  1.89959062  1.91971763  1.94000531  1.96045426  1.98106505  2.00183826
  2.02277447  2.04387425  2.06513813  2.08656669  2.10816045  2.12991995
  2.15184571  2.17393825  2.19619809  2.21862571  2.24122162  2.26398628
  2.28692019  2.3100238   2.33329757  2.35674194  2.38035735  2.40414423
  2.428103    2.45223406  2.47653781  2.50101464  2.52566493  2.55048904
  2.57548733  2.60066014  2.62600782  2.65153067  2.67722902  2.70310316
  2.72915339  2.75537999  2.78178321  2.80836332  2.83512055  2.86205514
  2.8891673   2.91645724  2.94392516  2.97157123  2.99939562  3.02739848
  3.05557995  3.08394017  3.11247925  3.14119729  3.17009437  3.19917057
  3.22842595  3.25786055  3.28747441  3.31726754  3.34723994  3.37739161
  3.40772251  3.4382326   3.46892183  3.49979012  3.53083738  3.56206352
  3.59346842  3.62505193  3.65681392  3.68875421  3.72087262  3.75316896
  3.78564302  3.81829455  3.85112332  3.88412906  3.91731149  3.95067031
  3.98420521  4.01791587  4.05180192  4.08586301  4.12009875  4.15450874
  4.18909257  4.2238498   4.25877997  4.29388261  4.32915724  4.36460335
  4.40022041  4.43600788  4.4719652   4.50809179  4.54438704  4.58085034
  4.61748105  4.65427852  4.69124208  4.72837103  4.76566466  4.80312224
  4.84074302  4.87852624  4.91647109  4.95457678  4.99284247  5.03126733
  5.06985048  5.10859103  5.1474881   5.18654074  5.22574801  5.26510895
  5.30462258  5.34428789  5.38410385  5.42406943  5.46418356  5.50444515
  5.5448531   5.58540628  5.62610356  5.66694377  5.70792572  5.7490482
  5.79031     5.83170987  5.87324655  5.91491874  5.95672514  5.99866443
  6.04073526  6.08293627  6.12526606  6.16772324  6.21030637  6.25301401
  6.2958447   6.33879693  6.38186922  6.42506002  6.4683678   6.51179099
  6.55532799  6.5989772   6.642737    6.68660574  6.73058175  6.77466335
  6.81884882  6.86313645  6.90752448  6.95201116  6.9965947   7.0412733
  7.08604513  7.13090835  7.1758611   7.2209015   7.26602765  7.31123763
  7.35652952  7.40190134  7.44735112  7.49287689  7.53847661  7.58414827
  7.62988981  7.67569917  7.72157427  7.76751301  7.81351326  7.85957289
  7.90568974  7.95186165  7.99808642  8.04436185  8.09068571  8.13705578
  8.18346978  8.22992545  8.2764205   8.32295262  8.36951949  8.41611878
  8.46274813  8.50940518  8.55608753  8.6027928   8.64951857  8.6962624
  8.74302187  8.7897945   8.83657782  8.88336936  8.93016661  8.97696706
  9.02376818  9.07056742  9.11736225  9.16415008  9.21092835  9.25769446
  9.30444581  9.35117978  9.39789374  9.44458506  9.49125109  9.53788916
  9.58449661  9.63107075  9.67760889  9.72410832  9.77056633  9.81698021
  9.86334721  9.90966461  9.95592964 10.00213955 10.04829157 10.09438293
 10.14041085 10.18637253 10.23226519 10.278086   10.32383217 10.36950087
 10.41508928 10.46059457 10.50601391 10.55134446 10.59658336 10.64172777
 10.68677484 10.7317217  10.77656549 10.82130334 10.86593239 10.91044976
 10.95485257 10.99913796 11.04330302 11.0873449  11.13126069 11.17504752
 11.21870251 11.26222275 11.30560538 11.34884749 11.39194621 11.43489865
 11.47770193 11.52035316 11.56284946 11.60518795 11.64736576 11.68938001
 11.73122782 11.77290633 11.81441268 11.855744   11.89689744 11.93787015
 11.97865927 12.01926197 12.0596754  12.09989674 12.13992317 12.17975185
 12.21938    12.25880479 12.29802343 12.33703314 12.37583112 12.41441462
 12.45278087 12.4909271  12.52885058 12.56654858 12.60401836 12.64125721
 12.67826243 12.71503132 12.75156121 12.78784942 12.8238933  12.8596902
 12.89523748 12.93053253 12.96557275 13.00035553 13.0348783  13.0691385
 13.10313357 13.13686099 13.17031822 13.20350277 13.23641216 13.26904389
 13.30139553 13.33346464 13.36524878 13.39674556 13.42795258 13.45886749
 13.48948793 13.51981157 13.54983609 13.57955921 13.60897864 13.63809214
 13.66689746 13.6953924  13.72357476 13.75144237 13.77899308 13.80622475
 13.83313529 13.85972259 13.88598461 13.91191929 13.93752462 13.96279861
 13.98773928 14.01234468 14.03661289 14.060542   14.08413015 14.10737547
 14.13027615 14.15283037 14.17503637 14.1968924  14.21839672 14.23954763
 14.26034348 14.2807826  14.30086337 14.32058421 14.33994355 14.35893985
 14.3775716  14.39583731 14.41373553 14.43126483 14.44842381 14.4652111
 14.48162536 14.49766527 14.51332956 14.52861695 14.54352624 14.55805621
 14.57220571 14.58597359 14.59935876 14.61236013 14.62497665 14.63720731
 14.64905113 14.66050714 14.67157443 14.68225209 14.69253927 14.70243514
 14.71193889 14.72104976 14.72976701 14.73808993 14.74601785 14.75355012
 14.76068615 14.76742534 14.77376715 14.77971107 14.78525661 14.79040332
 14.7951508  14.79949864 14.8034465  14.80699405 14.81014102 14.81288713
 14.81523218 14.81717596 14.81871833 14.81985915 14.82059833 14.82093582
 14.82087158 14.82040562 14.81953798 14.81826873 14.81659797 14.81452583
 14.8120525  14.80917816 14.80590305 14.80222744 14.79815162 14.79367593
 14.78880073 14.78352642 14.77785342 14.77178219 14.76531324 14.75844707
 14.75118426 14.74352538 14.73547106 14.72702195 14.71817874 14.70894214
 14.6993129  14.6892918  14.67887964 14.66807727 14.65688557 14.64530543
 14.63333779 14.62098361 14.6082439  14.59511967 14.58161199 14.56772193
 14.55345063 14.53879922 14.52376887 14.50836081 14.49257626 14.47641648
 14.45988278 14.44297647 14.4256989  14.40805146 14.39003556 14.37165262
 14.35290412 14.33379155 14.31431643 14.2944803  14.27428475 14.25373137
 14.23282179 14.21155766 14.18994068 14.16797254 14.14565498 14.12298975
 14.09997866 14.07662349 14.0529261  14.02888833 14.00451207 13.97979924
 13.95475176 13.92937159 13.90366071 13.87762112 13.85125484 13.82456394
 13.79755047 13.77021654 13.74256425 13.71459574 13.68631317 13.65771873
 13.6288146  13.59960302 13.57008622 13.54026646 13.51014602 13.47972721
 13.44901234 13.41800375 13.3867038  13.35511486 13.32323932 13.2910796
 13.25863811 13.22591731 13.19291965 13.15964762 13.1261037  13.09229041
 13.05821027 13.02386582 12.98925961 12.95439422 12.91927222 12.88389622
 12.84826882 12.81239265 12.77627034 12.73990455 12.70329793 12.66645317
 12.62937293 12.59205993 12.55451687 12.51674646 12.47875144 12.44053455
 12.40209852 12.36344613 12.32458012 12.28550329 12.24621842 12.20672829
 12.1670357  12.12714347 12.0870544  12.04677132 12.00629705 11.96563442
 11.92478628 11.88375546 11.84254482 11.80115721 11.75959549 11.71786252
 11.67596117 11.6338943  11.59166479 11.54927551 11.50672935 11.46402918
 11.42117789 11.37817835 11.33503345 11.29174609 11.24831914 11.20475549
 11.16105802 11.11722963 11.0732732  11.02919162 10.98498776 10.9406645
 10.89622474 10.85167134 10.80700718 10.76223513 10.71735807 10.67237885
 10.62730034 10.5821254  10.53685688 10.49149763 10.44605049 10.40051831
 10.35490391 10.30921013 10.26343978 10.21759569 10.17168065 10.12569748
 10.07964897 10.03353791  9.98736707  9.94113923  9.89485715  9.8485236
  9.8021413   9.75571301  9.70924146  9.66272935  9.61617941  9.56959432
  9.52297679  9.47632949  9.42965508  9.38295623  9.33623558  9.28949577
  9.24273942  9.19596914  9.14918753  9.10239718  9.05560066  9.00880054
  8.96199936  8.91519966  8.86840396  8.82161478  8.7748346   8.72806592
  8.68131119  8.63457287  8.58785339  8.54115519  8.49448067  8.44783222
  8.40121223  8.35462305  8.30806704  8.26154652  8.21506382  8.16862122
  8.12222103  8.07586549  8.02955688  7.98329741  7.9370893   7.89093477
  7.84483598  7.79879511  7.7528143   7.70689569  7.66104138  7.61525348
  7.56953407  7.52388519  7.4783089   7.43280722  7.38738215  7.34203568
  7.29676978  7.2515864   7.20648746  7.16147489  7.11655057  7.07171637
  7.02697416  6.98232577  6.93777301  6.89331769  6.84896157  6.80470643
  6.76055399  6.71650598  6.67256409  6.62873002  6.5850054   6.5413919
  6.49789113  6.45450468  6.41123414  6.36808107  6.32504702  6.28213349
  6.239342    6.19667402  6.15413101  6.11171442  6.06942566  6.02726614
  5.98523723  5.94334029  5.90157667  5.85994768  5.81845462  5.77709877
  5.73588139  5.69480371  5.65386697  5.61307234  5.57242102  5.53191416
  5.4915529   5.45133835  5.41127162  5.37135377  5.33158588  5.29196897
  5.25250406  5.21319216  5.17403423  5.13503125  5.09618414  5.05749383
  5.01896121  4.98058716  4.94237255  4.90431821  4.86642496  4.82869361
  4.79112495  4.75371972  4.71647868  4.67940254  4.64249203  4.60574781
  4.56917057  4.53276095  4.49651957  4.46044706  4.424544    4.38881097
  4.35324852  4.3178572   4.28263752  4.24758998  4.21271507  4.17801325
  4.14348497  4.10913066  4.07495073  4.04094558  4.00711559  3.9734611
  3.93998248  3.90668003  3.87355408  3.84060491  3.80783279  3.775238
  3.74282075  3.7105813   3.67851983  3.64663654  3.61493162  3.58340521
  3.55205747  3.52088853  3.48989849  3.45908746  3.42845551  3.39800272
  3.36772914  3.33763481  3.30771974  3.27798394  3.24842742  3.21905013
  3.18985207  3.16083316  3.13199335  3.10333255  3.07485069  3.04654765
  3.01842331  2.99047754  2.9627102   2.93512113  2.90771015  2.88047709
  2.85342174  2.82654389  2.79984334  2.77331983  2.74697312  2.72080296
  2.69480907  2.66899118  2.64334899  2.6178822   2.59259049  2.56747352
  2.54253098  2.5177625   2.49316773  2.46874629  2.44449781  2.42042189
  2.39651814  2.37278615  2.34922548  2.32583572  2.30261642  2.27956714
  2.25668741  2.23397676  2.21143473  2.18906082  2.16685455  2.1448154
  2.12294286  2.10123643  2.07969556  2.05831973  2.03710839  2.01606099
  1.99517697  1.97445576  1.95389679  1.93349949  1.91326326  1.8931875
  1.87327163  1.85351502  1.83391707  1.81447715  1.79519463  1.7760689
  1.75709929  1.73828518  1.71962591  1.70112082  1.68276925  1.66457054
  1.64652401  1.62862899  1.6108848   1.59329074  1.57584613  1.55855028
  1.54140247  1.52440201  1.50754819  1.49084029]",restricted_age_optimal,True,True,True,10,4,all_original_constraints_remained,124.92572363252317,122.76927778153474,127.0821694835116,1.1002476923036377,1.9944591507045888,1.9600311479246781,2.028887153484499,0.017565630313349706,1.9944187898375754,1.9599914837598464,2.028846095915304,0.017565274846521102,0.9207695781076959,0.9171148326772471,0.9243009869734113,0.0018330573065896787,large
0.242186,0.639876,0.458599,0.068282132127361,11365,100.0,"[0.242186   0.26704163 0.29189725 0.31675288 0.3416085  0.36646413
 0.39131975 0.41617538 0.441031   0.46588662 0.49074225 0.51559787
 0.5404535  0.56530912 0.59016475 0.61502038 0.639876  ]","[ 0.20237571  0.57193137  1.48702156  3.03563572  5.22657281  7.90145183
 10.20677519 12.04575451 13.50637923 13.5591729  11.6849978   8.93972723
  6.72239331  3.68675759  1.14386274  0.0791905 ]",0.025,16,normal,0.4559085765948086,"[0.242186   0.24258409 0.24298218 0.24338026 0.24377835 0.24417644
 0.24457453 0.24497262 0.2453707  0.24576879 0.24616688 0.24656497
 0.24696306 0.24736115 0.24775923 0.24815732 0.24855541 0.2489535
 0.24935159 0.24974967 0.25014776 0.25054585 0.25094394 0.25134203
 0.25174011 0.2521382  0.25253629 0.25293438 0.25333247 0.25373055
 0.25412864 0.25452673 0.25492482 0.25532291 0.25572099 0.25611908
 0.25651717 0.25691526 0.25731335 0.25771144 0.25810952 0.25850761
 0.2589057  0.25930379 0.25970188 0.26009996 0.26049805 0.26089614
 0.26129423 0.26169232 0.2620904  0.26248849 0.26288658 0.26328467
 0.26368276 0.26408084 0.26447893 0.26487702 0.26527511 0.2656732
 0.26607129 0.26646937 0.26686746 0.26726555 0.26766364 0.26806173
 0.26845981 0.2688579  0.26925599 0.26965408 0.27005217 0.27045025
 0.27084834 0.27124643 0.27164452 0.27204261 0.27244069 0.27283878
 0.27323687 0.27363496 0.27403305 0.27443114 0.27482922 0.27522731
 0.2756254  0.27602349 0.27642158 0.27681966 0.27721775 0.27761584
 0.27801393 0.27841202 0.2788101  0.27920819 0.27960628 0.28000437
 0.28040246 0.28080054 0.28119863 0.28159672 0.28199481 0.2823929
 0.28279098 0.28318907 0.28358716 0.28398525 0.28438334 0.28478143
 0.28517951 0.2855776  0.28597569 0.28637378 0.28677187 0.28716995
 0.28756804 0.28796613 0.28836422 0.28876231 0.28916039 0.28955848
 0.28995657 0.29035466 0.29075275 0.29115083 0.29154892 0.29194701
 0.2923451  0.29274319 0.29314128 0.29353936 0.29393745 0.29433554
 0.29473363 0.29513172 0.2955298  0.29592789 0.29632598 0.29672407
 0.29712216 0.29752024 0.29791833 0.29831642 0.29871451 0.2991126
 0.29951068 0.29990877 0.30030686 0.30070495 0.30110304 0.30150113
 0.30189921 0.3022973  0.30269539 0.30309348 0.30349157 0.30388965
 0.30428774 0.30468583 0.30508392 0.30548201 0.30588009 0.30627818
 0.30667627 0.30707436 0.30747245 0.30787053 0.30826862 0.30866671
 0.3090648  0.30946289 0.30986097 0.31025906 0.31065715 0.31105524
 0.31145333 0.31185142 0.3122495  0.31264759 0.31304568 0.31344377
 0.31384186 0.31423994 0.31463803 0.31503612 0.31543421 0.3158323
 0.31623038 0.31662847 0.31702656 0.31742465 0.31782274 0.31822082
 0.31861891 0.319017   0.31941509 0.31981318 0.32021127 0.32060935
 0.32100744 0.32140553 0.32180362 0.32220171 0.32259979 0.32299788
 0.32339597 0.32379406 0.32419215 0.32459023 0.32498832 0.32538641
 0.3257845  0.32618259 0.32658067 0.32697876 0.32737685 0.32777494
 0.32817303 0.32857112 0.3289692  0.32936729 0.32976538 0.33016347
 0.33056156 0.33095964 0.33135773 0.33175582 0.33215391 0.332552
 0.33295008 0.33334817 0.33374626 0.33414435 0.33454244 0.33494052
 0.33533861 0.3357367  0.33613479 0.33653288 0.33693096 0.33732905
 0.33772714 0.33812523 0.33852332 0.33892141 0.33931949 0.33971758
 0.34011567 0.34051376 0.34091185 0.34130993 0.34170802 0.34210611
 0.3425042  0.34290229 0.34330037 0.34369846 0.34409655 0.34449464
 0.34489273 0.34529081 0.3456889  0.34608699 0.34648508 0.34688317
 0.34728126 0.34767934 0.34807743 0.34847552 0.34887361 0.3492717
 0.34966978 0.35006787 0.35046596 0.35086405 0.35126214 0.35166022
 0.35205831 0.3524564  0.35285449 0.35325258 0.35365066 0.35404875
 0.35444684 0.35484493 0.35524302 0.35564111 0.35603919 0.35643728
 0.35683537 0.35723346 0.35763155 0.35802963 0.35842772 0.35882581
 0.3592239  0.35962199 0.36002007 0.36041816 0.36081625 0.36121434
 0.36161243 0.36201051 0.3624086  0.36280669 0.36320478 0.36360287
 0.36400095 0.36439904 0.36479713 0.36519522 0.36559331 0.3659914
 0.36638948 0.36678757 0.36718566 0.36758375 0.36798184 0.36837992
 0.36877801 0.3691761  0.36957419 0.36997228 0.37037036 0.37076845
 0.37116654 0.37156463 0.37196272 0.3723608  0.37275889 0.37315698
 0.37355507 0.37395316 0.37435125 0.37474933 0.37514742 0.37554551
 0.3759436  0.37634169 0.37673977 0.37713786 0.37753595 0.37793404
 0.37833213 0.37873021 0.3791283  0.37952639 0.37992448 0.38032257
 0.38072065 0.38111874 0.38151683 0.38191492 0.38231301 0.3827111
 0.38310918 0.38350727 0.38390536 0.38430345 0.38470154 0.38509962
 0.38549771 0.3858958  0.38629389 0.38669198 0.38709006 0.38748815
 0.38788624 0.38828433 0.38868242 0.3890805  0.38947859 0.38987668
 0.39027477 0.39067286 0.39107094 0.39146903 0.39186712 0.39226521
 0.3926633  0.39306139 0.39345947 0.39385756 0.39425565 0.39465374
 0.39505183 0.39544991 0.395848   0.39624609 0.39664418 0.39704227
 0.39744035 0.39783844 0.39823653 0.39863462 0.39903271 0.39943079
 0.39982888 0.40022697 0.40062506 0.40102315 0.40142124 0.40181932
 0.40221741 0.4026155  0.40301359 0.40341168 0.40380976 0.40420785
 0.40460594 0.40500403 0.40540212 0.4058002  0.40619829 0.40659638
 0.40699447 0.40739256 0.40779064 0.40818873 0.40858682 0.40898491
 0.409383   0.40978109 0.41017917 0.41057726 0.41097535 0.41137344
 0.41177153 0.41216961 0.4125677  0.41296579 0.41336388 0.41376197
 0.41416005 0.41455814 0.41495623 0.41535432 0.41575241 0.41615049
 0.41654858 0.41694667 0.41734476 0.41774285 0.41814093 0.41853902
 0.41893711 0.4193352  0.41973329 0.42013138 0.42052946 0.42092755
 0.42132564 0.42172373 0.42212182 0.4225199  0.42291799 0.42331608
 0.42371417 0.42411226 0.42451034 0.42490843 0.42530652 0.42570461
 0.4261027  0.42650078 0.42689887 0.42729696 0.42769505 0.42809314
 0.42849123 0.42888931 0.4292874  0.42968549 0.43008358 0.43048167
 0.43087975 0.43127784 0.43167593 0.43207402 0.43247211 0.43287019
 0.43326828 0.43366637 0.43406446 0.43446255 0.43486063 0.43525872
 0.43565681 0.4360549  0.43645299 0.43685108 0.43724916 0.43764725
 0.43804534 0.43844343 0.43884152 0.4392396  0.43963769 0.44003578
 0.44043387 0.44083196 0.44123004 0.44162813 0.44202622 0.44242431
 0.4428224  0.44322048 0.44361857 0.44401666 0.44441475 0.44481284
 0.44521092 0.44560901 0.4460071  0.44640519 0.44680328 0.44720137
 0.44759945 0.44799754 0.44839563 0.44879372 0.44919181 0.44958989
 0.44998798 0.45038607 0.45078416 0.45118225 0.45158033 0.45197842
 0.45237651 0.4527746  0.45317269 0.45357077 0.45396886 0.45436695
 0.45476504 0.45516313 0.45556122 0.4559593  0.45635739 0.45675548
 0.45715357 0.45755166 0.45794974 0.45834783 0.45874592 0.45914401
 0.4595421  0.45994018 0.46033827 0.46073636 0.46113445 0.46153254
 0.46193062 0.46232871 0.4627268  0.46312489 0.46352298 0.46392107
 0.46431915 0.46471724 0.46511533 0.46551342 0.46591151 0.46630959
 0.46670768 0.46710577 0.46750386 0.46790195 0.46830003 0.46869812
 0.46909621 0.4694943  0.46989239 0.47029047 0.47068856 0.47108665
 0.47148474 0.47188283 0.47228091 0.472679   0.47307709 0.47347518
 0.47387327 0.47427136 0.47466944 0.47506753 0.47546562 0.47586371
 0.4762618  0.47665988 0.47705797 0.47745606 0.47785415 0.47825224
 0.47865032 0.47904841 0.4794465  0.47984459 0.48024268 0.48064076
 0.48103885 0.48143694 0.48183503 0.48223312 0.48263121 0.48302929
 0.48342738 0.48382547 0.48422356 0.48462165 0.48501973 0.48541782
 0.48581591 0.486214   0.48661209 0.48701017 0.48740826 0.48780635
 0.48820444 0.48860253 0.48900061 0.4893987  0.48979679 0.49019488
 0.49059297 0.49099106 0.49138914 0.49178723 0.49218532 0.49258341
 0.4929815  0.49337958 0.49377767 0.49417576 0.49457385 0.49497194
 0.49537002 0.49576811 0.4961662  0.49656429 0.49696238 0.49736046
 0.49775855 0.49815664 0.49855473 0.49895282 0.4993509  0.49974899
 0.50014708 0.50054517 0.50094326 0.50134135 0.50173943 0.50213752
 0.50253561 0.5029337  0.50333179 0.50372987 0.50412796 0.50452605
 0.50492414 0.50532223 0.50572031 0.5061184  0.50651649 0.50691458
 0.50731267 0.50771075 0.50810884 0.50850693 0.50890502 0.50930311
 0.5097012  0.51009928 0.51049737 0.51089546 0.51129355 0.51169164
 0.51208972 0.51248781 0.5128859  0.51328399 0.51368208 0.51408016
 0.51447825 0.51487634 0.51527443 0.51567252 0.5160706  0.51646869
 0.51686678 0.51726487 0.51766296 0.51806105 0.51845913 0.51885722
 0.51925531 0.5196534  0.52005149 0.52044957 0.52084766 0.52124575
 0.52164384 0.52204193 0.52244001 0.5228381  0.52323619 0.52363428
 0.52403237 0.52443045 0.52482854 0.52522663 0.52562472 0.52602281
 0.52642089 0.52681898 0.52721707 0.52761516 0.52801325 0.52841134
 0.52880942 0.52920751 0.5296056  0.53000369 0.53040178 0.53079986
 0.53119795 0.53159604 0.53199413 0.53239222 0.5327903  0.53318839
 0.53358648 0.53398457 0.53438266 0.53478074 0.53517883 0.53557692
 0.53597501 0.5363731  0.53677119 0.53716927 0.53756736 0.53796545
 0.53836354 0.53876163 0.53915971 0.5395578  0.53995589 0.54035398
 0.54075207 0.54115015 0.54154824 0.54194633 0.54234442 0.54274251
 0.54314059 0.54353868 0.54393677 0.54433486 0.54473295 0.54513104
 0.54552912 0.54592721 0.5463253  0.54672339 0.54712148 0.54751956
 0.54791765 0.54831574 0.54871383 0.54911192 0.54951    0.54990809
 0.55030618 0.55070427 0.55110236 0.55150044 0.55189853 0.55229662
 0.55269471 0.5530928  0.55349088 0.55388897 0.55428706 0.55468515
 0.55508324 0.55548133 0.55587941 0.5562775  0.55667559 0.55707368
 0.55747177 0.55786985 0.55826794 0.55866603 0.55906412 0.55946221
 0.55986029 0.56025838 0.56065647 0.56105456 0.56145265 0.56185073
 0.56224882 0.56264691 0.563045   0.56344309 0.56384118 0.56423926
 0.56463735 0.56503544 0.56543353 0.56583162 0.5662297  0.56662779
 0.56702588 0.56742397 0.56782206 0.56822014 0.56861823 0.56901632
 0.56941441 0.5698125  0.57021058 0.57060867 0.57100676 0.57140485
 0.57180294 0.57220103 0.57259911 0.5729972  0.57339529 0.57379338
 0.57419147 0.57458955 0.57498764 0.57538573 0.57578382 0.57618191
 0.57657999 0.57697808 0.57737617 0.57777426 0.57817235 0.57857043
 0.57896852 0.57936661 0.5797647  0.58016279 0.58056087 0.58095896
 0.58135705 0.58175514 0.58215323 0.58255132 0.5829494  0.58334749
 0.58374558 0.58414367 0.58454176 0.58493984 0.58533793 0.58573602
 0.58613411 0.5865322  0.58693028 0.58732837 0.58772646 0.58812455
 0.58852264 0.58892072 0.58931881 0.5897169  0.59011499 0.59051308
 0.59091117 0.59130925 0.59170734 0.59210543 0.59250352 0.59290161
 0.59329969 0.59369778 0.59409587 0.59449396 0.59489205 0.59529013
 0.59568822 0.59608631 0.5964844  0.59688249 0.59728057 0.59767866
 0.59807675 0.59847484 0.59887293 0.59927102 0.5996691  0.60006719
 0.60046528 0.60086337 0.60126146 0.60165954 0.60205763 0.60245572
 0.60285381 0.6032519  0.60364998 0.60404807 0.60444616 0.60484425
 0.60524234 0.60564042 0.60603851 0.6064366  0.60683469 0.60723278
 0.60763086 0.60802895 0.60842704 0.60882513 0.60922322 0.60962131
 0.61001939 0.61041748 0.61081557 0.61121366 0.61161175 0.61200983
 0.61240792 0.61280601 0.6132041  0.61360219 0.61400027 0.61439836
 0.61479645 0.61519454 0.61559263 0.61599071 0.6163888  0.61678689
 0.61718498 0.61758307 0.61798116 0.61837924 0.61877733 0.61917542
 0.61957351 0.6199716  0.62036968 0.62076777 0.62116586 0.62156395
 0.62196204 0.62236012 0.62275821 0.6231563  0.62355439 0.62395248
 0.62435056 0.62474865 0.62514674 0.62554483 0.62594292 0.62634101
 0.62673909 0.62713718 0.62753527 0.62793336 0.62833145 0.62872953
 0.62912762 0.62952571 0.6299238  0.63032189 0.63071997 0.63111806
 0.63151615 0.63191424 0.63231233 0.63271041 0.6331085  0.63350659
 0.63390468 0.63430277 0.63470085 0.63509894 0.63549703 0.63589512
 0.63629321 0.6366913  0.63708938 0.63748747 0.63788556 0.63828365
 0.63868174 0.63907982 0.63947791 0.639876  ]","[ 0.1083098   0.11030251  0.11232806  0.11438692  0.11647956  0.11860645
  0.12076807  0.1229649   0.12519745  0.12746619  0.12977164  0.13211429
  0.13449466  0.13691327  0.13937063  0.14186728  0.14440374  0.14698056
  0.14959827  0.15225743  0.15495859  0.15770231  0.16048916  0.1633197
  0.16619451  0.16911419  0.1720793   0.17509045  0.17814824  0.18125327
  0.18440614  0.18760749  0.19085792  0.19415807  0.19750858  0.20091007
  0.20436319  0.2078686   0.21142695  0.2150389   0.21870513  0.2224263
  0.2262031   0.23003621  0.23392632  0.23787413  0.24188034  0.24594567
  0.25007082  0.25425652  0.25850349  0.26281247  0.26718419  0.27161941
  0.27611886  0.2806833   0.2853135   0.29001023  0.29477425  0.29960635
  0.3045073   0.30947791  0.31451896  0.31963126  0.32481562  0.33007285
  0.33540377  0.3408092   0.34628998  0.35184694  0.35748092  0.36319277
  0.36898334  0.3748535   0.38080409  0.38683601  0.39295011  0.39914728
  0.4054284   0.41179437  0.41824608  0.42478443  0.43141033  0.4381247
  0.44492844  0.45182248  0.45880774  0.46588516  0.47305568  0.48032024
  0.48767978  0.49513525  0.50268761  0.51033783  0.51808686  0.52593567
  0.53388525  0.54193656  0.55009059  0.55834834  0.56671078  0.57517891
  0.58375375  0.59243627  0.60122751  0.61012846  0.61914014  0.62826357
  0.63749977  0.64684976  0.65631458  0.66589526  0.67559283  0.68540833
  0.69534281  0.7053973   0.71557285  0.72587052  0.73629135  0.7468364
  0.75750673  0.76830339  0.77922745  0.79027997  0.80146202  0.81277467
  0.82421897  0.83579601  0.84750686  0.85935258  0.87133426  0.88345296
  0.89570977  0.90810576  0.92064201  0.93331959  0.94613959  0.95910309
  0.97221116  0.98546488  0.99886533  1.01241359  1.02611074  1.03995785
  1.053956    1.06810627  1.08240972  1.09686743  1.11148048  1.12624993
  1.14117684  1.15626229  1.17150734  1.18691305  1.20248047  1.21821067
  1.2341047   1.2501636   1.26638843  1.28278022  1.29934002  1.31606886
  1.33296778  1.35003779  1.36727994  1.38469522  1.40228467  1.42004928
  1.43799006  1.45610801  1.47440412  1.49287939  1.51153478  1.53037128
  1.54938985  1.56859145  1.58797705  1.60754758  1.627304    1.64724722
  1.66737819  1.68769781  1.70820699  1.72890664  1.74979764  1.77088089
  1.79215725  1.8136276   1.83529278  1.85715364  1.87921102  1.90146575
  1.92391863  1.94657048  1.96942209  1.99247424  2.0157277   2.03918323
  2.06284158  2.08670348  2.11076966  2.13504083  2.15951768  2.18420091
  2.20909117  2.23418913  2.25949544  2.28501072  2.31073559  2.33667065
  2.36281648  2.38917366  2.41574275  2.44252427  2.46951877  2.49672674
  2.52414868  2.55178506  2.57963635  2.60770298  2.63598538  2.66448396
  2.6931991   2.72213119  2.75128056  2.78064756  2.8102325   2.84003568
  2.87005737  2.90029784  2.93075733  2.96143604  2.99233419  3.02345194
  3.05478946  3.08634689  3.11812433  3.15012188  3.18233962  3.21477759
  3.24743583  3.28031434  3.3134131   3.34673207  3.3802712   3.4140304
  3.44800955  3.48220854  3.51662719  3.55126534  3.58612277  3.62119926
  3.65649456  3.69200838  3.72774043  3.76369037  3.79985785  3.83624249
  3.87284388  3.9096616   3.94669518  3.98394414  4.02140797  4.05908613
  4.09697806  4.13508316  4.17340081  4.21193037  4.25067116  4.28962247
  4.32878359  4.36815374  4.40773215  4.44751799  4.48751042  4.52770857
  4.56811153  4.60871838  4.64952816  4.69053987  4.73175249  4.77316499
  4.81477627  4.85658524  4.89859075  4.94079163  4.98318669  5.02577471
  5.06855441  5.11152452  5.1546837   5.19803063  5.2415639   5.28528212
  5.32918384  5.37326759  5.41753186  5.46197513  5.50659581  5.55139233
  5.59636305  5.64150631  5.68682043  5.73230368  5.77795432  5.82377055
  5.86975057  5.91589254  5.96219457  6.00865475  6.05527116  6.10204182
  6.14896473  6.19603786  6.24325915  6.2906265   6.33813779  6.38579087
  6.43358355  6.48151361  6.52957881  6.57777687  6.62610548  6.67456231
  6.72314498  6.7718511   6.82067824  6.86962394  6.91868571  6.96786103
  7.01714736  7.06654212  7.1160427   7.16564647  7.21535076  7.26515288
  7.31505011  7.36503969  7.41511886  7.46528479  7.51553466  7.56586561
  7.61627474  7.66675915  7.71731587  7.76794195  7.81863438  7.86939014
  7.92020618  7.97107943  8.02200677  8.07298509  8.12401124  8.17508203
  8.22619426  8.27734471  8.32853012  8.37974723  8.43099273  8.48226331
  8.53355561  8.58486628  8.63619193  8.68752915  8.7388745   8.79022453
  8.84157578  8.89292474  8.9442679   8.99560173  9.04692268  9.09822717
  9.14951161  9.20077239  9.25200589  9.30320846  9.35437644  9.40550616
  9.45659391  9.50763599  9.55862867  9.60956821  9.66045086  9.71127285
  9.76203039  9.81271969  9.86333694  9.91387831  9.96433998 10.0147181
 10.06500881 10.11520825 10.16531254 10.2153178  10.26522013 10.31501562
 10.36470037 10.41427046 10.46372196 10.51305094 10.56225346 10.61132557
 10.66026333 10.70906278 10.75771996 10.80623092 10.85459168 10.90279829
 10.95084677 10.99873314 11.04645345 11.09400372 11.14137998 11.18857825
 11.23559457 11.28242497 11.32906549 11.37551216 11.42176103 11.46780813
 11.51364953 11.55928127 11.60469943 11.64990005 11.69487922 11.73963302
 11.78415755 11.82844889 11.87250315 11.91631645 11.95988493 12.00320471
 12.04627194 12.08908279 12.13163343 12.17392004 12.21593884 12.25768602
 12.29915782 12.34035048 12.38126027 12.42188346 12.46221635 12.50225524
 12.54199646 12.58143637 12.62057133 12.65939772 12.69791196 12.73611047
 12.77398971 12.81154614 12.84877626 12.88567658 12.92224365 12.95847403
 12.99436431 13.02991111 13.06511106 13.09996084 13.13445713 13.16859667
 13.20237619 13.23579247 13.26884233 13.30152259 13.33383013 13.36576183
 13.39731463 13.42848548 13.45927137 13.48966932 13.5196764  13.54928969
 13.5785063  13.60732341 13.63573819 13.66374787 13.69134973 13.71854104
 13.74531916 13.77168144 13.7976253  13.82314819 13.84824759 13.87292102
 13.89716605 13.92098028 13.94436134 13.96730692 13.98981475 14.01188258
 14.03350823 14.05468953 14.07542438 14.0957107  14.11554647 14.13492971
 14.15385848 14.17233088 14.19034505 14.2078992  14.22499155 14.24162039
 14.25778405 14.2734809  14.28870935 14.30346788 14.31775499 14.33156924
 14.34490923 14.35777362 14.37016111 14.38207043 14.39350039 14.40444983
 14.41491763 14.42490274 14.43440413 14.44342086 14.45195199 14.45999666
 14.46755406 14.47462342 14.48120402 14.48729518 14.49289629 14.49800678
 14.50262613 14.50675386 14.51038956 14.51353286 14.51618343 14.51834101
 14.52000537 14.52117634 14.52185382 14.52203772 14.52172803 14.52092477
 14.51962804 14.51783797 14.51555473 14.51277856 14.50950974 14.50574861
 14.50149554 14.49675098 14.4915154  14.48578935 14.47957339 14.47286817
 14.46567436 14.4579927  14.44982397 14.441169   14.43202867 14.42240391
 14.41229569 14.40170504 14.39063303 14.37908079 14.36704949 14.35454034
 14.34155462 14.32809363 14.31415874 14.29975135 14.28487292 14.26952494
 14.25370898 14.23742661 14.22067948 14.20346927 14.18579772 14.16766659
 14.14907771 14.13003294 14.11053418 14.0905834  14.07018257 14.04933375
 14.028039   14.00630046 13.98412028 13.96150068 13.93844389 13.91495222
 13.89102798 13.86667354 13.84189132 13.81668375 13.79105334 13.7650026
 13.73853409 13.71165042 13.68435422 13.65664817 13.62853499 13.60001741
 13.57109822 13.54178024 13.51206632 13.48195935 13.45146225 13.42057797
 13.38930949 13.35765984 13.32563206 13.29322924 13.26045448 13.22731094
 13.19380178 13.1599302  13.12569944 13.09111275 13.05617341 13.02088475
 12.98525009 12.94927281 12.9129563  12.87630398 12.83931927 12.80200566
 12.76436663 12.7264057  12.68812638 12.64953225 12.61062687 12.57141385
 12.53189681 12.49207938 12.45196521 12.41155799 12.37086141 12.32987917
 12.28861502 12.24707268 12.20525592 12.16316851 12.12081425 12.07819693
 12.03532038 11.99218841 11.94880489 11.90517365 11.86129857 11.81718352
 11.77283238 11.72824906 11.68343745 11.63840147 11.59314503 11.54767207
 11.50198652 11.45609233 11.40999343 11.36369377 11.31719733 11.27050804
 11.22362988 11.17656681 11.1293228  11.08190182 11.03430784 10.98654483
 10.93861676 10.89052761 10.84228134 10.79388192 10.74533332 10.69663951
 10.64780443 10.59883206 10.54972634 10.50049122 10.45113064 10.40164854
 10.35204886 10.30233552 10.25251242 10.20258349 10.15255263 10.10242372
 10.05220065 10.0018873   9.95148752  9.90100517  9.8504441   9.79980813
  9.74910107  9.69832675  9.64748894  9.59659144  9.545638    9.49463237
  9.4435783   9.3924795   9.34133968  9.29016254  9.23895174  9.18771094
  9.13644378  9.08515389  9.03384487  8.9825203   8.93118376  8.87983878
  8.82848891  8.77713764  8.72578847  8.67444486  8.62311027  8.57178812
  8.5204818   8.46919472  8.41793021  8.36669164  8.31548229  8.26430548
  8.21316446  8.16206249  8.11100277  8.05998852  8.00902289  7.95810903
  7.90725007  7.8564491   7.80570919  7.75503339  7.7044247   7.65388613
  7.60342063  7.55303115  7.50272059  7.45249183  7.40234775  7.35229115
  7.30232483  7.25245159  7.20267414  7.15299521  7.10341749  7.05394363
  7.00457626  6.95531798  6.90617135  6.85713892  6.80822321  6.75942668
  6.71075179  6.66220096  6.61377659  6.56548103  6.51731661  6.46928563
  6.42139037  6.37363306  6.32601591  6.2785411   6.23121077  6.18402704
  6.136992    6.0901077   6.04337617  5.99679939  5.95037932  5.90411791
  5.85801704  5.81207858  5.76630438  5.72069624  5.67525592  5.62998519
  5.58488574  5.53995926  5.4952074   5.45063178  5.40623398  5.36201557
  5.31797807  5.27412298  5.23045176  5.18696584  5.14366663  5.10055551
  5.0576338   5.01490283  4.97236387  4.93001818  4.88786697  4.84591144
  4.80415275  4.76259203  4.72123037  4.68006885  4.6391085   4.59835035
  4.55779537  4.51744452  4.47729871  4.43735885  4.39762579  4.35810039
  4.31878343  4.27967571  4.24077798  4.20209096  4.16361535  4.1253518
  4.08730097  4.04946347  4.01183988  3.97443076  3.93723664  3.90025803
  3.8634954   3.8269492   3.79061987  3.75450779  3.71861335  3.68293689
  3.64747873  3.61223917  3.57721849  3.54241692  3.50783469  3.473472
  3.43932903  3.40540592  3.3717028   3.33821977  3.30495691  3.27191428
  3.23909191  3.20648981  3.17410797  3.14194635  3.1100049   3.07828354
  3.04678217  3.01550067  2.9844389   2.95359669  2.92297387  2.89257022
  2.86238553  2.83241955  2.80267202  2.77314265  2.74383114  2.71473718
  2.68586042  2.6572005   2.62875705  2.60052968  2.57251797  2.5447215
  2.51713981  2.48977245  2.46261893  2.43567876  2.40895142  2.38243639
  2.35613313  2.33004107  2.30415963  2.27848823  2.25302627  2.22777312
  2.20272815  2.17789071  2.15326015  2.12883578  2.10461692  2.08060287
  2.05679291  2.03318632  2.00978236  1.98658028  1.96357931  1.94077869
  1.91817762  1.89577531  1.87357096  1.85156374  1.82975282  1.80813738
  1.78671655  1.76548949  1.74445532  1.72361316  1.70296214  1.68250135
  1.6622299   1.64214687  1.62225134  1.60254239  1.58301907  1.56368046
  1.54452559  1.52555351  1.50676326  1.48815387  1.46972436  1.45147374
  1.43340104  1.41550525  1.39778538  1.38024041  1.36286935  1.34567117
  1.32864485  1.31178938  1.29510372  1.27858683  1.26223769  1.24605525
  1.23003847  1.21418629  1.19849768  1.18297156  1.1676069   1.15240263
  1.13735768  1.122471    1.10774151  1.09316815  1.07874986  1.06448555
  1.05037415  1.03641459  1.0226058   1.0089467   0.99543621  0.98207326
  0.96885676  0.95578564  0.94285881  0.93007521  0.91743375  0.90493334
  0.89257293  0.88035142  0.86826774  0.85632081  0.84450957  0.83283292
  0.82128981  0.80987916  0.7985999   0.78745096  0.77643128  0.76553979
  0.75477542  0.74413712  0.73362383  0.72323449  0.71296804  0.70282344
  0.69279964  0.68289558  0.67311023  0.66344255  0.6538915   0.64445604
  0.63513514  0.62592778  0.61683293  0.60784956  0.59897667  0.59021324
  0.58155825  0.57301071  0.5645696   0.55623393  0.54800272  0.53987495
  0.53184966  0.52392586  0.51610257  0.50837881  0.50075363  0.49322605
  0.48579512  0.47845987  0.47121937  0.46407267  0.45701882  0.45005689
  0.44318595  0.43640508  0.42971335  0.42310984  0.41659366  0.41016389
  0.40381962  0.39755998  0.39138407  0.38529099]",no_age_optimal,False,False,True,0,0,no_age_constraints_used,123.35748388247069,121.23469627957685,125.48027148536453,1.0830748011892626,1.3437504864219092,1.320626661387696,1.366874311456122,0.011798086708026607,1.343727564262213,1.3206041336821903,1.3668509948422354,0.011797885452190526,0.8289842337082867,0.8247985646011062,0.8331053790652647,0.0021191334417346003,large
0.322503,0.638319,0.454918,0.060041525137603,568,100.0,"[0.322503   0.34679654 0.37109008 0.39538362 0.41967715 0.44397069
 0.46826423 0.49255777 0.51685131 0.54114485 0.56543838 0.58973192
 0.61402546 0.638319  ]","[ 0.88028169  4.04929577  7.57042254 13.73239437 16.02112676 15.49295775
 13.20422535 11.44366197  6.86619718  4.75352113  3.52112676  1.23239437
  1.23239437]",0.025,13,normal,0.4613857429577464,"[0.322503   0.32281913 0.32313526 0.3234514  0.32376753 0.32408366
 0.32439979 0.32471592 0.32503206 0.32534819 0.32566432 0.32598045
 0.32629659 0.32661272 0.32692885 0.32724498 0.32756111 0.32787725
 0.32819338 0.32850951 0.32882564 0.32914177 0.32945791 0.32977404
 0.33009017 0.3304063  0.33072244 0.33103857 0.3313547  0.33167083
 0.33198696 0.3323031  0.33261923 0.33293536 0.33325149 0.33356762
 0.33388376 0.33419989 0.33451602 0.33483215 0.33514829 0.33546442
 0.33578055 0.33609668 0.33641281 0.33672895 0.33704508 0.33736121
 0.33767734 0.33799347 0.33830961 0.33862574 0.33894187 0.339258
 0.33957414 0.33989027 0.3402064  0.34052253 0.34083866 0.3411548
 0.34147093 0.34178706 0.34210319 0.34241932 0.34273546 0.34305159
 0.34336772 0.34368385 0.34399998 0.34431612 0.34463225 0.34494838
 0.34526451 0.34558065 0.34589678 0.34621291 0.34652904 0.34684517
 0.34716131 0.34747744 0.34779357 0.3481097  0.34842583 0.34874197
 0.3490581  0.34937423 0.34969036 0.3500065  0.35032263 0.35063876
 0.35095489 0.35127102 0.35158716 0.35190329 0.35221942 0.35253555
 0.35285168 0.35316782 0.35348395 0.35380008 0.35411621 0.35443235
 0.35474848 0.35506461 0.35538074 0.35569687 0.35601301 0.35632914
 0.35664527 0.3569614  0.35727753 0.35759367 0.3579098  0.35822593
 0.35854206 0.3588582  0.35917433 0.35949046 0.35980659 0.36012272
 0.36043886 0.36075499 0.36107112 0.36138725 0.36170338 0.36201952
 0.36233565 0.36265178 0.36296791 0.36328405 0.36360018 0.36391631
 0.36423244 0.36454857 0.36486471 0.36518084 0.36549697 0.3658131
 0.36612923 0.36644537 0.3667615  0.36707763 0.36739376 0.36770989
 0.36802603 0.36834216 0.36865829 0.36897442 0.36929056 0.36960669
 0.36992282 0.37023895 0.37055508 0.37087122 0.37118735 0.37150348
 0.37181961 0.37213574 0.37245188 0.37276801 0.37308414 0.37340027
 0.37371641 0.37403254 0.37434867 0.3746648  0.37498093 0.37529707
 0.3756132  0.37592933 0.37624546 0.37656159 0.37687773 0.37719386
 0.37750999 0.37782612 0.37814226 0.37845839 0.37877452 0.37909065
 0.37940678 0.37972292 0.38003905 0.38035518 0.38067131 0.38098744
 0.38130358 0.38161971 0.38193584 0.38225197 0.38256811 0.38288424
 0.38320037 0.3835165  0.38383263 0.38414877 0.3844649  0.38478103
 0.38509716 0.38541329 0.38572943 0.38604556 0.38636169 0.38667782
 0.38699395 0.38731009 0.38762622 0.38794235 0.38825848 0.38857462
 0.38889075 0.38920688 0.38952301 0.38983914 0.39015528 0.39047141
 0.39078754 0.39110367 0.3914198  0.39173594 0.39205207 0.3923682
 0.39268433 0.39300047 0.3933166  0.39363273 0.39394886 0.39426499
 0.39458113 0.39489726 0.39521339 0.39552952 0.39584565 0.39616179
 0.39647792 0.39679405 0.39711018 0.39742632 0.39774245 0.39805858
 0.39837471 0.39869084 0.39900698 0.39932311 0.39963924 0.39995537
 0.4002715  0.40058764 0.40090377 0.4012199  0.40153603 0.40185217
 0.4021683  0.40248443 0.40280056 0.40311669 0.40343283 0.40374896
 0.40406509 0.40438122 0.40469735 0.40501349 0.40532962 0.40564575
 0.40596188 0.40627802 0.40659415 0.40691028 0.40722641 0.40754254
 0.40785868 0.40817481 0.40849094 0.40880707 0.4091232  0.40943934
 0.40975547 0.4100716  0.41038773 0.41070386 0.41102    0.41133613
 0.41165226 0.41196839 0.41228453 0.41260066 0.41291679 0.41323292
 0.41354905 0.41386519 0.41418132 0.41449745 0.41481358 0.41512971
 0.41544585 0.41576198 0.41607811 0.41639424 0.41671038 0.41702651
 0.41734264 0.41765877 0.4179749  0.41829104 0.41860717 0.4189233
 0.41923943 0.41955556 0.4198717  0.42018783 0.42050396 0.42082009
 0.42113623 0.42145236 0.42176849 0.42208462 0.42240075 0.42271689
 0.42303302 0.42334915 0.42366528 0.42398141 0.42429755 0.42461368
 0.42492981 0.42524594 0.42556208 0.42587821 0.42619434 0.42651047
 0.4268266  0.42714274 0.42745887 0.427775   0.42809113 0.42840726
 0.4287234  0.42903953 0.42935566 0.42967179 0.42998792 0.43030406
 0.43062019 0.43093632 0.43125245 0.43156859 0.43188472 0.43220085
 0.43251698 0.43283311 0.43314925 0.43346538 0.43378151 0.43409764
 0.43441377 0.43472991 0.43504604 0.43536217 0.4356783  0.43599444
 0.43631057 0.4366267  0.43694283 0.43725896 0.4375751  0.43789123
 0.43820736 0.43852349 0.43883962 0.43915576 0.43947189 0.43978802
 0.44010415 0.44042029 0.44073642 0.44105255 0.44136868 0.44168481
 0.44200095 0.44231708 0.44263321 0.44294934 0.44326547 0.44358161
 0.44389774 0.44421387 0.44453    0.44484614 0.44516227 0.4454784
 0.44579453 0.44611066 0.4464268  0.44674293 0.44705906 0.44737519
 0.44769132 0.44800746 0.44832359 0.44863972 0.44895585 0.44927198
 0.44958812 0.44990425 0.45022038 0.45053651 0.45085265 0.45116878
 0.45148491 0.45180104 0.45211717 0.45243331 0.45274944 0.45306557
 0.4533817  0.45369783 0.45401397 0.4543301  0.45464623 0.45496236
 0.4552785  0.45559463 0.45591076 0.45622689 0.45654302 0.45685916
 0.45717529 0.45749142 0.45780755 0.45812368 0.45843982 0.45875595
 0.45907208 0.45938821 0.45970435 0.46002048 0.46033661 0.46065274
 0.46096887 0.46128501 0.46160114 0.46191727 0.4622334  0.46254953
 0.46286567 0.4631818  0.46349793 0.46381406 0.4641302  0.46444633
 0.46476246 0.46507859 0.46539472 0.46571086 0.46602699 0.46634312
 0.46665925 0.46697538 0.46729152 0.46760765 0.46792378 0.46823991
 0.46855605 0.46887218 0.46918831 0.46950444 0.46982057 0.47013671
 0.47045284 0.47076897 0.4710851  0.47140123 0.47171737 0.4720335
 0.47234963 0.47266576 0.47298189 0.47329803 0.47361416 0.47393029
 0.47424642 0.47456256 0.47487869 0.47519482 0.47551095 0.47582708
 0.47614322 0.47645935 0.47677548 0.47709161 0.47740774 0.47772388
 0.47804001 0.47835614 0.47867227 0.47898841 0.47930454 0.47962067
 0.4799368  0.48025293 0.48056907 0.4808852  0.48120133 0.48151746
 0.48183359 0.48214973 0.48246586 0.48278199 0.48309812 0.48341426
 0.48373039 0.48404652 0.48436265 0.48467878 0.48499492 0.48531105
 0.48562718 0.48594331 0.48625944 0.48657558 0.48689171 0.48720784
 0.48752397 0.48784011 0.48815624 0.48847237 0.4887885  0.48910463
 0.48942077 0.4897369  0.49005303 0.49036916 0.49068529 0.49100143
 0.49131756 0.49163369 0.49194982 0.49226595 0.49258209 0.49289822
 0.49321435 0.49353048 0.49384662 0.49416275 0.49447888 0.49479501
 0.49511114 0.49542728 0.49574341 0.49605954 0.49637567 0.4966918
 0.49700794 0.49732407 0.4976402  0.49795633 0.49827247 0.4985886
 0.49890473 0.49922086 0.49953699 0.49985313 0.50016926 0.50048539
 0.50080152 0.50111765 0.50143379 0.50174992 0.50206605 0.50238218
 0.50269832 0.50301445 0.50333058 0.50364671 0.50396284 0.50427898
 0.50459511 0.50491124 0.50522737 0.5055435  0.50585964 0.50617577
 0.5064919  0.50680803 0.50712417 0.5074403  0.50775643 0.50807256
 0.50838869 0.50870483 0.50902096 0.50933709 0.50965322 0.50996935
 0.51028549 0.51060162 0.51091775 0.51123388 0.51155002 0.51186615
 0.51218228 0.51249841 0.51281454 0.51313068 0.51344681 0.51376294
 0.51407907 0.5143952  0.51471134 0.51502747 0.5153436  0.51565973
 0.51597586 0.516292   0.51660813 0.51692426 0.51724039 0.51755653
 0.51787266 0.51818879 0.51850492 0.51882105 0.51913719 0.51945332
 0.51976945 0.52008558 0.52040171 0.52071785 0.52103398 0.52135011
 0.52166624 0.52198238 0.52229851 0.52261464 0.52293077 0.5232469
 0.52356304 0.52387917 0.5241953  0.52451143 0.52482756 0.5251437
 0.52545983 0.52577596 0.52609209 0.52640823 0.52672436 0.52704049
 0.52735662 0.52767275 0.52798889 0.52830502 0.52862115 0.52893728
 0.52925341 0.52956955 0.52988568 0.53020181 0.53051794 0.53083408
 0.53115021 0.53146634 0.53178247 0.5320986  0.53241474 0.53273087
 0.533047   0.53336313 0.53367926 0.5339954  0.53431153 0.53462766
 0.53494379 0.53525992 0.53557606 0.53589219 0.53620832 0.53652445
 0.53684059 0.53715672 0.53747285 0.53778898 0.53810511 0.53842125
 0.53873738 0.53905351 0.53936964 0.53968577 0.54000191 0.54031804
 0.54063417 0.5409503  0.54126644 0.54158257 0.5418987  0.54221483
 0.54253096 0.5428471  0.54316323 0.54347936 0.54379549 0.54411162
 0.54442776 0.54474389 0.54506002 0.54537615 0.54569229 0.54600842
 0.54632455 0.54664068 0.54695681 0.54727295 0.54758908 0.54790521
 0.54822134 0.54853747 0.54885361 0.54916974 0.54948587 0.549802
 0.55011814 0.55043427 0.5507504  0.55106653 0.55138266 0.5516988
 0.55201493 0.55233106 0.55264719 0.55296332 0.55327946 0.55359559
 0.55391172 0.55422785 0.55454398 0.55486012 0.55517625 0.55549238
 0.55580851 0.55612465 0.55644078 0.55675691 0.55707304 0.55738917
 0.55770531 0.55802144 0.55833757 0.5586537  0.55896983 0.55928597
 0.5596021  0.55991823 0.56023436 0.5605505  0.56086663 0.56118276
 0.56149889 0.56181502 0.56213116 0.56244729 0.56276342 0.56307955
 0.56339568 0.56371182 0.56402795 0.56434408 0.56466021 0.56497635
 0.56529248 0.56560861 0.56592474 0.56624087 0.56655701 0.56687314
 0.56718927 0.5675054  0.56782153 0.56813767 0.5684538  0.56876993
 0.56908606 0.5694022  0.56971833 0.57003446 0.57035059 0.57066672
 0.57098286 0.57129899 0.57161512 0.57193125 0.57224738 0.57256352
 0.57287965 0.57319578 0.57351191 0.57382805 0.57414418 0.57446031
 0.57477644 0.57509257 0.57540871 0.57572484 0.57604097 0.5763571
 0.57667323 0.57698937 0.5773055  0.57762163 0.57793776 0.57825389
 0.57857003 0.57888616 0.57920229 0.57951842 0.57983456 0.58015069
 0.58046682 0.58078295 0.58109908 0.58141522 0.58173135 0.58204748
 0.58236361 0.58267974 0.58299588 0.58331201 0.58362814 0.58394427
 0.58426041 0.58457654 0.58489267 0.5852088  0.58552493 0.58584107
 0.5861572  0.58647333 0.58678946 0.58710559 0.58742173 0.58773786
 0.58805399 0.58837012 0.58868626 0.58900239 0.58931852 0.58963465
 0.58995078 0.59026692 0.59058305 0.59089918 0.59121531 0.59153144
 0.59184758 0.59216371 0.59247984 0.59279597 0.59311211 0.59342824
 0.59374437 0.5940605  0.59437663 0.59469277 0.5950089  0.59532503
 0.59564116 0.59595729 0.59627343 0.59658956 0.59690569 0.59722182
 0.59753795 0.59785409 0.59817022 0.59848635 0.59880248 0.59911862
 0.59943475 0.59975088 0.60006701 0.60038314 0.60069928 0.60101541
 0.60133154 0.60164767 0.6019638  0.60227994 0.60259607 0.6029122
 0.60322833 0.60354447 0.6038606  0.60417673 0.60449286 0.60480899
 0.60512513 0.60544126 0.60575739 0.60607352 0.60638965 0.60670579
 0.60702192 0.60733805 0.60765418 0.60797032 0.60828645 0.60860258
 0.60891871 0.60923484 0.60955098 0.60986711 0.61018324 0.61049937
 0.6108155  0.61113164 0.61144777 0.6117639  0.61208003 0.61239617
 0.6127123  0.61302843 0.61334456 0.61366069 0.61397683 0.61429296
 0.61460909 0.61492522 0.61524135 0.61555749 0.61587362 0.61618975
 0.61650588 0.61682202 0.61713815 0.61745428 0.61777041 0.61808654
 0.61840268 0.61871881 0.61903494 0.61935107 0.6196672  0.61998334
 0.62029947 0.6206156  0.62093173 0.62124786 0.621564   0.62188013
 0.62219626 0.62251239 0.62282853 0.62314466 0.62346079 0.62377692
 0.62409305 0.62440919 0.62472532 0.62504145 0.62535758 0.62567371
 0.62598985 0.62630598 0.62662211 0.62693824 0.62725438 0.62757051
 0.62788664 0.62820277 0.6285189  0.62883504 0.62915117 0.6294673
 0.62978343 0.63009956 0.6304157  0.63073183 0.63104796 0.63136409
 0.63168023 0.63199636 0.63231249 0.63262862 0.63294475 0.63326089
 0.63357702 0.63389315 0.63420928 0.63452541 0.63484155 0.63515768
 0.63547381 0.63578994 0.63610608 0.63642221 0.63673834 0.63705447
 0.6373706  0.63768674 0.63800287 0.638319  ]","[ 1.11200336  1.12561371  1.13935906  1.15324029  1.16725828  1.18141391
  1.19570806  1.21014161  1.22471543  1.23943041  1.25428741  1.26928732
  1.284431    1.29971933  1.31515317  1.33073339  1.34646086  1.36233644
  1.37836099  1.39453536  1.41086042  1.42733702  1.44396601  1.46074824
  1.47768455  1.49477578  1.51202278  1.52942638  1.5469874   1.56470669
  1.58258506  1.60062333  1.61882233  1.63718286  1.65570573  1.67439175
  1.69324171  1.71225641  1.73143665  1.75078319  1.77029684  1.78997835
  1.8098285   1.82984805  1.85003776  1.87039838  1.89093066  1.91163534
  1.93251314  1.95356481  1.97479105  1.99619258  2.01777011  2.03952433
  2.06145595  2.08356564  2.10585408  2.12832194  2.15096989  2.17379857
  2.19680864  2.22000073  2.24337547  2.26693348  2.29067537  2.31460175
  2.3387132   2.36301031  2.38749367  2.41216382  2.43702133  2.46206674
  2.48730059  2.51272341  2.5383357   2.56413797  2.59013072  2.61631442
  2.64268956  2.66925658  2.69601594  2.72296807  2.75011341  2.77745235
  2.80498532  2.83271268  2.86063483  2.88875212  2.9170649   2.94557353
  2.97427831  3.00317956  3.03227759  3.06157267  3.09106508  3.12075508
  3.15064291  3.1807288   3.21101296  3.2414956   3.2721769   3.30305704
  3.33413616  3.36541442  3.39689193  3.4285688   3.46044514  3.49252102
  3.5247965   3.55727163  3.58994644  3.62282095  3.65589514  3.68916901
  3.72264252  3.75631561  3.79018822  3.82426025  3.8585316   3.89300215
  3.92767177  3.96254028  3.99760752  4.03287329  4.06833737  4.10399955
  4.13985956  4.17591714  4.21217201  4.24862385  4.28527234  4.32211714
  4.35915788  4.39639418  4.43382564  4.47145183  4.50927231  4.54728662
  4.58549428  4.62389479  4.66248761  4.70127222  4.74024803  4.77941448
  4.81877094  4.85831681  4.89805142  4.93797412  4.97808421  5.01838097
  5.05886369  5.0995316   5.14038394  5.18141989  5.22263866  5.26403938
  5.30562121  5.34738326  5.38932462  5.43144437  5.47374155  5.51621519
  5.5588643   5.60168786  5.64468483  5.68785414  5.73119473  5.77470546
  5.81838523  5.86223287  5.90624721  5.95042705  5.99477117  6.03927832
  6.08394725  6.12877666  6.17376524  6.21891165  6.26421454  6.30967252
  6.3552842   6.40104814  6.44696289  6.49302698  6.53923892  6.58559718
  6.63210023  6.67874649  6.72553439  6.7724623   6.8195286   6.86673163
  6.91406971  6.96154113  7.00914418  7.05687709  7.10473811  7.15272543
  7.20083725  7.24907171  7.29742697  7.34590113  7.39449229  7.44319852
  7.49201787  7.54094837  7.58998801  7.63913478  7.68838665  7.73774154
  7.78719738  7.83675205  7.88640344  7.9361494   7.98598774  8.03591629
  8.08593282  8.13603511  8.1862209   8.2364879   8.28683384  8.33725638
  8.3877532   8.43832192  8.48896018  8.53966558  8.59043569  8.64126808
  8.69216028  8.74310983  8.79411422  8.84517094  8.89627746  8.94743121
  8.99862963  9.04987012  9.10115008  9.15246688  9.20381787  9.25520039
  9.30661175  9.35804927  9.40951022  9.46099187  9.51249148  9.56400628
  9.61553348  9.66707029  9.7186139   9.77016147  9.82171017  9.87325712
  9.92479947  9.97633431 10.02785874 10.07936985 10.13086471 10.18234037
 10.23379386 10.28522223 10.33662247 10.38799161 10.43932662 10.49062448
 10.54188216 10.59309662 10.6442648  10.69538363 10.74645004 10.79746092
 10.8484132  10.89930375 10.95012946 11.00088721 11.05157386 11.10218625
 11.15272125 11.20317569 11.2535464  11.30383021 11.35402393 11.40412437
 11.45412835 11.50403265 11.55383407 11.60352941 11.65311543 11.70258892
 11.75194665 11.80118539 11.85030191 11.89929297 11.94815532 11.99688574
 12.04548096 12.09393774 12.14225284 12.190423   12.23844497 12.28631551
 12.33403135 12.38158925 12.42898595 12.47621822 12.52328279 12.57017642
 12.61689587 12.66343789 12.70979925 12.7559767  12.80196702 12.84776697
 12.89337333 12.93878288 12.9839924  13.02899869 13.07379854 13.11838876
 13.16276614 13.20692751 13.25086969 13.2945895  13.3380838  13.38134941
 13.42438321 13.46718206 13.50974282 13.55206238 13.59413764 13.6359655
 13.67754288 13.71886671 13.75993392 13.80074147 13.84128632 13.88156544
 13.92157584 13.9613145  14.00077845 14.03996473 14.07887037 14.11749245
 14.15582803 14.19387422 14.23162812 14.26908686 14.30624758 14.34310744
 14.37966363 14.41591334 14.45185377 14.48748218 14.52279581 14.55779192
 14.59246783 14.62682083 14.66084826 14.69454747 14.72791584 14.76095077
 14.79364967 14.82600999 14.85802919 14.88970474 14.92103418 14.95201501
 14.98264481 15.01292115 15.04284165 15.07240392 15.10160562 15.13044444
 15.15891809 15.18702428 15.21476079 15.2421254  15.26911592 15.2957302
 15.32196609 15.34782149 15.37329433 15.39838256 15.42308416 15.44739713
 15.47131952 15.4948494  15.51798486 15.54072402 15.56306505 15.58500614
 15.6065455  15.62768138 15.64841206 15.66873586 15.68865112 15.70815622
 15.72724956 15.74592958 15.76419476 15.78204361 15.79947465 15.81648647
 15.83307766 15.84924687 15.86499277 15.88031406 15.89520948 15.90967781
 15.92371786 15.93732847 15.95050851 15.96325691 15.97557261 15.98745458
 15.99890186 16.00991349 16.02048857 16.03062621 16.04032559 16.04958588
 16.05840634 16.06678623 16.07472485 16.08222155 16.0892757  16.09588671
 16.10205405 16.1077772  16.11305567 16.11788904 16.12227691 16.1262189
 16.12971469 16.13276399 16.13536655 16.13752214 16.1392306  16.14049178
 16.14130557 16.1416719  16.14159075 16.14106212 16.14008606 16.13866265
 16.136792   16.13447427 16.13170966 16.12849839 16.12484073 16.12073698
 16.11618749 16.11119264 16.10575283 16.09986852 16.09354021 16.0867684
 16.07955368 16.07189663 16.06379788 16.05525812 16.04627805 16.03685842
 16.02699999 16.0167036  16.00597008 15.99480034 15.98319529 15.97115589
 15.95868314 15.94577806 15.93244173 15.91867523 15.90447972 15.88985634
 15.87480632 15.85933088 15.8434313  15.82710889 15.81036498 15.79320095
 15.77561821 15.75761819 15.73920237 15.72037227 15.7011294  15.68147536
 15.66141174 15.64094017 15.62006233 15.59877991 15.57709464 15.55500829
 15.53252265 15.50963954 15.48636081 15.46268836 15.43862408 15.41416993
 15.38932787 15.36409991 15.33848808 15.31249443 15.28612106 15.25937008
 15.23224363 15.20474388 15.17687303 15.14863331 15.12002695 15.09105625
 15.0617235  15.03203104 15.0019812  14.97157639 14.94081899 14.90971144
 14.87825618 14.8464557  14.81431249 14.78182908 14.74900801 14.71585184
 14.68236317 14.64854461 14.6143988  14.57992837 14.54513602 14.51002443
 14.47459632 14.43885442 14.4028015  14.36644031 14.32977366 14.29280435
 14.25553521 14.21796909 14.18010885 14.14195736 14.10351753 14.06479227
 14.0257845  13.98649718 13.94693324 13.90709568 13.86698747 13.82661162
 13.78597115 13.74506907 13.70390843 13.66249229 13.62082371 13.57890576
 13.53674153 13.49433413 13.45168666 13.40880224 13.365684   13.32233508
 13.27875862 13.23495779 13.19093575 13.14669567 13.10224072 13.05757411
 13.01269902 12.96761864 12.9223362  12.8768549  12.83117795 12.78530858
 12.73925002 12.69300549 12.64657824 12.59997149 12.55318849 12.50623249
 12.45910672 12.41181444 12.36435889 12.31674333 12.26897101 12.22104517
 12.17296908 12.12474598 12.07637911 12.02787174 11.97922712 11.93044847
 11.88153906 11.83250213 11.78334091 11.73405863 11.68465854 11.63514387
 11.58551783 11.53578365 11.48594454 11.43600372 11.38596438 11.33582974
 11.28560298 11.23528728 11.18488584 11.13440181 11.08383838 11.03319869
 10.98248589 10.93170313 10.88085354 10.82994024 10.77896635 10.72793497
 10.6768492  10.62571211 10.5745268  10.52329631 10.4720237  10.42071201
 10.36936428 10.31798351 10.26657272 10.2151349  10.16367302 10.11219006
 10.06068897 10.00917269  9.95764414  9.90610624  9.85456189  9.80301398
  9.75146536  9.6999189   9.64837743  9.59684378  9.54532075  9.49381114
  9.44231773  9.39084327  9.3393905   9.28796216  9.23656094  9.18518955
  9.13385065  9.08254691  9.03128097  8.98005543  8.92887291  8.877736
  8.82664725  8.77560922  8.72462443  8.67369539  8.62282459  8.57201451
  8.52126759  8.47058627  8.41997295  8.36943003  8.31895988  8.26856485
  8.21824728  8.16800946  8.1178537   8.06778225  8.01779737  7.96790129
  7.9180962   7.8683843   7.81876774  7.76924866  7.7198292   7.67051143
  7.62129744  7.57218929  7.523189    7.47429859  7.42552004  7.37685532
  7.32830637  7.27987512  7.23156346  7.18337326  7.13530639  7.08736466
  7.0395499   6.99186389  6.94430838  6.89688512  6.84959583  6.8024422
  6.7554259   6.70854858  6.66181187  6.61521736  6.56876665  6.52246128
  6.47630279  6.43029269  6.38443247  6.33872359  6.29316749  6.2477656
  6.20251931  6.15742998  6.11249898  6.06772762  6.02311722  5.97866905
  5.93438437  5.89026442  5.8463104   5.80252351  5.75890492  5.71545577
  5.67217718  5.62907024  5.58613605  5.54337564  5.50079006  5.4583803
  5.41614736  5.37409221  5.33221578  5.29051899  5.24900274  5.20766791
  5.16651536  5.12554591  5.08476037  5.04415954  5.00374418  4.96351503
  4.92347283  4.88361827  4.84395204  4.80447479  4.76518717  4.7260898
  4.68718327  4.64846816  4.60994502  4.5716144   4.53347681  4.49553274
  4.45778267  4.42022706  4.38286634  4.34570092  4.3087312   4.27195756
  4.23538035  4.19899992  4.16281657  4.12683061  4.09104233  4.05545197
  4.02005978  3.984866    3.94987081  3.91507442  3.88047699  3.84607867
  3.81187959  3.77787988  3.74407963  3.71047892  3.67707781  3.64387636
  3.61087459  3.57807251  3.54547012  3.51306741  3.48086433  3.44886083
  3.41705684  3.38545229  3.35404706  3.32284104  3.29183411  3.26102611
  3.23041688  3.20000625  3.16979402  3.13977999  3.10996394  3.08034563
  3.05092482  3.02170124  2.99267462  2.96384466  2.93521106  2.9067735
  2.87853166  2.85048519  2.82263373  2.79497692  2.76751437  2.74024569
  2.71317047  2.68628831  2.65959876  2.63310139  2.60679573  2.58068134
  2.55475774  2.52902442  2.50348091  2.4781267   2.45296125  2.42798405
  2.40319456  2.37859222  2.35417648  2.32994677  2.30590251  2.28204311
  2.25836799  2.23487652  2.2115681   2.1884421   2.16549789  2.14273483
  2.12015227  2.09774956  2.07552603  2.05348101  2.03161381  2.00992375
  1.98841013  1.96707226  1.94590942  1.9249209   1.90410597  1.88346391
  1.86299397  1.84269543  1.82256752  1.80260949  1.7828206   1.76320006
  1.74374711  1.72446097  1.70534086  1.686386    1.66759559  1.64896884
  1.63050494  1.61220309  1.59406248  1.5760823   1.55826172  1.54059993
  1.5230961   1.5057494   1.48855899  1.47152404  1.45464372  1.43791716
  1.42134354  1.404922    1.38865169  1.37253176  1.35656134  1.34073958
  1.32506562  1.30953859  1.29415762  1.27892186  1.26383042  1.24888244
  1.23407705  1.21941337  1.20489052  1.19050764  1.17626383  1.16215822
  1.14818994  1.13435809  1.12066181  1.1071002   1.09367239  1.08037749
  1.06721462  1.05418289  1.04128143  1.02850935  1.01586576  1.00334979
  0.99096054  0.97869715  0.96655872  0.95454438  0.94265324  0.93088443
  0.91923706  0.90771027  0.89630317  0.88501488  0.87384454  0.86279126
  0.85185418  0.84103243  0.83032514  0.81973144  0.80925046  0.79888134
  0.78862322  0.77847524  0.76843655  0.75850627  0.74868357  0.73896758
  0.72935747  0.71985237  0.71045145  0.70115386  0.69195877  0.68286533
  0.67387271  0.66498008  0.65618661  0.64749147  0.63889384  0.63039289
  0.62198782  0.61367779  0.60546201  0.59733965  0.58930992  0.58137201
  0.57352513  0.56576847  0.55810125  0.55052266  0.54303194  0.53562829
  0.52831093  0.52107909  0.513932    0.50686888  0.49988898  0.49299153
  0.48617577  0.47944094  0.47278631  0.46621112  0.45971462  0.45329609
  0.44695478  0.44068997  0.43450092  0.42838691  0.42234723  0.41638115
  0.41048797  0.40466698  0.39891748  0.39323876  0.38763014  0.38209092
  0.37662041  0.37121793  0.36588281  0.36061437  0.35541193  0.35027484
  0.34520242  0.34019404  0.33524902  0.33036672  0.3255465   0.32078772
  0.31608973  0.31145192  0.30687364  0.30235429  0.29789323  0.29348985
  0.28914355  0.28485372  0.28061975  0.27644105  0.27231703  0.26824709
  0.26423065  0.26026714  0.25635598  0.25249659  0.2486884   0.24493086
  0.24122341  0.2375655   0.23395656  0.23039606  0.22688346  0.22341822
  0.2199998   0.21662768  0.21330134  0.21002025]",restricted_age_optimal,True,True,True,10,1,constraints_[1]_remained,29.77660132861466,27.803583182185577,31.749619475043744,1.006660409064657,1.2602344418185853,1.1767304382883517,1.343738445348819,0.04260486630820902,1.260205946703869,1.1767038312795948,1.3437080621281434,0.042603902971140424,0.81356228328978,0.797311122732823,0.8289807307165502,0.008080097890397467,large
0.355891,0.68426,0.558657,0.0643862285379031,3804,100.0,"[0.355891   0.37934593 0.40280086 0.42625579 0.44971071 0.47316564
 0.49662057 0.5200755  0.54353043 0.56698536 0.59044029 0.61389521
 0.63735014 0.66080507 0.68426   ]","[ 0.23659306  0.76235542  1.6298633   3.5488959   6.88748686  9.56887487
 11.59305994  8.83280757 11.0935857  13.77497371 11.96109359 11.85594111
  7.01892744  1.23554154]",0.025,14,normal,0.5514985520504732,"[0.355891   0.3562197  0.3565484  0.35687709 0.35720579 0.35753449
 0.35786319 0.35819188 0.35852058 0.35884928 0.35917798 0.35950667
 0.35983537 0.36016407 0.36049277 0.36082147 0.36115016 0.36147886
 0.36180756 0.36213626 0.36246495 0.36279365 0.36312235 0.36345105
 0.36377974 0.36410844 0.36443714 0.36476584 0.36509454 0.36542323
 0.36575193 0.36608063 0.36640933 0.36673802 0.36706672 0.36739542
 0.36772412 0.36805281 0.36838151 0.36871021 0.36903891 0.36936761
 0.3696963  0.370025   0.3703537  0.3706824  0.37101109 0.37133979
 0.37166849 0.37199719 0.37232588 0.37265458 0.37298328 0.37331198
 0.37364068 0.37396937 0.37429807 0.37462677 0.37495547 0.37528416
 0.37561286 0.37594156 0.37627026 0.37659895 0.37692765 0.37725635
 0.37758505 0.37791375 0.37824244 0.37857114 0.37889984 0.37922854
 0.37955723 0.37988593 0.38021463 0.38054333 0.38087203 0.38120072
 0.38152942 0.38185812 0.38218682 0.38251551 0.38284421 0.38317291
 0.38350161 0.3838303  0.384159   0.3844877  0.3848164  0.3851451
 0.38547379 0.38580249 0.38613119 0.38645989 0.38678858 0.38711728
 0.38744598 0.38777468 0.38810337 0.38843207 0.38876077 0.38908947
 0.38941817 0.38974686 0.39007556 0.39040426 0.39073296 0.39106165
 0.39139035 0.39171905 0.39204775 0.39237644 0.39270514 0.39303384
 0.39336254 0.39369124 0.39401993 0.39434863 0.39467733 0.39500603
 0.39533472 0.39566342 0.39599212 0.39632082 0.39664951 0.39697821
 0.39730691 0.39763561 0.39796431 0.398293   0.3986217  0.3989504
 0.3992791  0.39960779 0.39993649 0.40026519 0.40059389 0.40092258
 0.40125128 0.40157998 0.40190868 0.40223738 0.40256607 0.40289477
 0.40322347 0.40355217 0.40388086 0.40420956 0.40453826 0.40486696
 0.40519565 0.40552435 0.40585305 0.40618175 0.40651045 0.40683914
 0.40716784 0.40749654 0.40782524 0.40815393 0.40848263 0.40881133
 0.40914003 0.40946872 0.40979742 0.41012612 0.41045482 0.41078352
 0.41111221 0.41144091 0.41176961 0.41209831 0.412427   0.4127557
 0.4130844  0.4134131  0.41374179 0.41407049 0.41439919 0.41472789
 0.41505659 0.41538528 0.41571398 0.41604268 0.41637138 0.41670007
 0.41702877 0.41735747 0.41768617 0.41801486 0.41834356 0.41867226
 0.41900096 0.41932966 0.41965835 0.41998705 0.42031575 0.42064445
 0.42097314 0.42130184 0.42163054 0.42195924 0.42228793 0.42261663
 0.42294533 0.42327403 0.42360273 0.42393142 0.42426012 0.42458882
 0.42491752 0.42524621 0.42557491 0.42590361 0.42623231 0.42656101
 0.4268897  0.4272184  0.4275471  0.4278758  0.42820449 0.42853319
 0.42886189 0.42919059 0.42951928 0.42984798 0.43017668 0.43050538
 0.43083408 0.43116277 0.43149147 0.43182017 0.43214887 0.43247756
 0.43280626 0.43313496 0.43346366 0.43379235 0.43412105 0.43444975
 0.43477845 0.43510715 0.43543584 0.43576454 0.43609324 0.43642194
 0.43675063 0.43707933 0.43740803 0.43773673 0.43806542 0.43839412
 0.43872282 0.43905152 0.43938022 0.43970891 0.44003761 0.44036631
 0.44069501 0.4410237  0.4413524  0.4416811  0.4420098  0.44233849
 0.44266719 0.44299589 0.44332459 0.44365329 0.44398198 0.44431068
 0.44463938 0.44496808 0.44529677 0.44562547 0.44595417 0.44628287
 0.44661156 0.44694026 0.44726896 0.44759766 0.44792636 0.44825505
 0.44858375 0.44891245 0.44924115 0.44956984 0.44989854 0.45022724
 0.45055594 0.45088463 0.45121333 0.45154203 0.45187073 0.45219943
 0.45252812 0.45285682 0.45318552 0.45351422 0.45384291 0.45417161
 0.45450031 0.45482901 0.4551577  0.4554864  0.4558151  0.4561438
 0.4564725  0.45680119 0.45712989 0.45745859 0.45778729 0.45811598
 0.45844468 0.45877338 0.45910208 0.45943077 0.45975947 0.46008817
 0.46041687 0.46074557 0.46107426 0.46140296 0.46173166 0.46206036
 0.46238905 0.46271775 0.46304645 0.46337515 0.46370384 0.46403254
 0.46436124 0.46468994 0.46501864 0.46534733 0.46567603 0.46600473
 0.46633343 0.46666212 0.46699082 0.46731952 0.46764822 0.46797691
 0.46830561 0.46863431 0.46896301 0.46929171 0.4696204  0.4699491
 0.4702778  0.4706065  0.47093519 0.47126389 0.47159259 0.47192129
 0.47224998 0.47257868 0.47290738 0.47323608 0.47356478 0.47389347
 0.47422217 0.47455087 0.47487957 0.47520826 0.47553696 0.47586566
 0.47619436 0.47652306 0.47685175 0.47718045 0.47750915 0.47783785
 0.47816654 0.47849524 0.47882394 0.47915264 0.47948133 0.47981003
 0.48013873 0.48046743 0.48079613 0.48112482 0.48145352 0.48178222
 0.48211092 0.48243961 0.48276831 0.48309701 0.48342571 0.4837544
 0.4840831  0.4844118  0.4847405  0.4850692  0.48539789 0.48572659
 0.48605529 0.48638399 0.48671268 0.48704138 0.48737008 0.48769878
 0.48802747 0.48835617 0.48868487 0.48901357 0.48934227 0.48967096
 0.48999966 0.49032836 0.49065706 0.49098575 0.49131445 0.49164315
 0.49197185 0.49230054 0.49262924 0.49295794 0.49328664 0.49361534
 0.49394403 0.49427273 0.49460143 0.49493013 0.49525882 0.49558752
 0.49591622 0.49624492 0.49657361 0.49690231 0.49723101 0.49755971
 0.49788841 0.4982171  0.4985458  0.4988745  0.4992032  0.49953189
 0.49986059 0.50018929 0.50051799 0.50084668 0.50117538 0.50150408
 0.50183278 0.50216148 0.50249017 0.50281887 0.50314757 0.50347627
 0.50380496 0.50413366 0.50446236 0.50479106 0.50511975 0.50544845
 0.50577715 0.50610585 0.50643455 0.50676324 0.50709194 0.50742064
 0.50774934 0.50807803 0.50840673 0.50873543 0.50906413 0.50939282
 0.50972152 0.51005022 0.51037892 0.51070762 0.51103631 0.51136501
 0.51169371 0.51202241 0.5123511  0.5126798  0.5130085  0.5133372
 0.51366589 0.51399459 0.51432329 0.51465199 0.51498069 0.51530938
 0.51563808 0.51596678 0.51629548 0.51662417 0.51695287 0.51728157
 0.51761027 0.51793896 0.51826766 0.51859636 0.51892506 0.51925376
 0.51958245 0.51991115 0.52023985 0.52056855 0.52089724 0.52122594
 0.52155464 0.52188334 0.52221204 0.52254073 0.52286943 0.52319813
 0.52352683 0.52385552 0.52418422 0.52451292 0.52484162 0.52517031
 0.52549901 0.52582771 0.52615641 0.52648511 0.5268138  0.5271425
 0.5274712  0.5277999  0.52812859 0.52845729 0.52878599 0.52911469
 0.52944338 0.52977208 0.53010078 0.53042948 0.53075818 0.53108687
 0.53141557 0.53174427 0.53207297 0.53240166 0.53273036 0.53305906
 0.53338776 0.53371645 0.53404515 0.53437385 0.53470255 0.53503125
 0.53535994 0.53568864 0.53601734 0.53634604 0.53667473 0.53700343
 0.53733213 0.53766083 0.53798952 0.53831822 0.53864692 0.53897562
 0.53930432 0.53963301 0.53996171 0.54029041 0.54061911 0.5409478
 0.5412765  0.5416052  0.5419339  0.54226259 0.54259129 0.54291999
 0.54324869 0.54357739 0.54390608 0.54423478 0.54456348 0.54489218
 0.54522087 0.54554957 0.54587827 0.54620697 0.54653566 0.54686436
 0.54719306 0.54752176 0.54785046 0.54817915 0.54850785 0.54883655
 0.54916525 0.54949394 0.54982264 0.55015134 0.55048004 0.55080873
 0.55113743 0.55146613 0.55179483 0.55212353 0.55245222 0.55278092
 0.55310962 0.55343832 0.55376701 0.55409571 0.55442441 0.55475311
 0.5550818  0.5554105  0.5557392  0.5560679  0.5563966  0.55672529
 0.55705399 0.55738269 0.55771139 0.55804008 0.55836878 0.55869748
 0.55902618 0.55935487 0.55968357 0.56001227 0.56034097 0.56066967
 0.56099836 0.56132706 0.56165576 0.56198446 0.56231315 0.56264185
 0.56297055 0.56329925 0.56362794 0.56395664 0.56428534 0.56461404
 0.56494274 0.56527143 0.56560013 0.56592883 0.56625753 0.56658622
 0.56691492 0.56724362 0.56757232 0.56790102 0.56822971 0.56855841
 0.56888711 0.56921581 0.5695445  0.5698732  0.5702019  0.5705306
 0.57085929 0.57118799 0.57151669 0.57184539 0.57217409 0.57250278
 0.57283148 0.57316018 0.57348888 0.57381757 0.57414627 0.57447497
 0.57480367 0.57513236 0.57546106 0.57578976 0.57611846 0.57644716
 0.57677585 0.57710455 0.57743325 0.57776195 0.57809064 0.57841934
 0.57874804 0.57907674 0.57940543 0.57973413 0.58006283 0.58039153
 0.58072023 0.58104892 0.58137762 0.58170632 0.58203502 0.58236371
 0.58269241 0.58302111 0.58334981 0.5836785  0.5840072  0.5843359
 0.5846646  0.5849933  0.58532199 0.58565069 0.58597939 0.58630809
 0.58663678 0.58696548 0.58729418 0.58762288 0.58795157 0.58828027
 0.58860897 0.58893767 0.58926637 0.58959506 0.58992376 0.59025246
 0.59058116 0.59090985 0.59123855 0.59156725 0.59189595 0.59222464
 0.59255334 0.59288204 0.59321074 0.59353944 0.59386813 0.59419683
 0.59452553 0.59485423 0.59518292 0.59551162 0.59584032 0.59616902
 0.59649771 0.59682641 0.59715511 0.59748381 0.59781251 0.5981412
 0.5984699  0.5987986  0.5991273  0.59945599 0.59978469 0.60011339
 0.60044209 0.60077078 0.60109948 0.60142818 0.60175688 0.60208558
 0.60241427 0.60274297 0.60307167 0.60340037 0.60372906 0.60405776
 0.60438646 0.60471516 0.60504385 0.60537255 0.60570125 0.60602995
 0.60635865 0.60668734 0.60701604 0.60734474 0.60767344 0.60800213
 0.60833083 0.60865953 0.60898823 0.60931692 0.60964562 0.60997432
 0.61030302 0.61063172 0.61096041 0.61128911 0.61161781 0.61194651
 0.6122752  0.6126039  0.6129326  0.6132613  0.61358999 0.61391869
 0.61424739 0.61457609 0.61490479 0.61523348 0.61556218 0.61589088
 0.61621958 0.61654827 0.61687697 0.61720567 0.61753437 0.61786307
 0.61819176 0.61852046 0.61884916 0.61917786 0.61950655 0.61983525
 0.62016395 0.62049265 0.62082134 0.62115004 0.62147874 0.62180744
 0.62213614 0.62246483 0.62279353 0.62312223 0.62345093 0.62377962
 0.62410832 0.62443702 0.62476572 0.62509441 0.62542311 0.62575181
 0.62608051 0.62640921 0.6267379  0.6270666  0.6273953  0.627724
 0.62805269 0.62838139 0.62871009 0.62903879 0.62936748 0.62969618
 0.63002488 0.63035358 0.63068228 0.63101097 0.63133967 0.63166837
 0.63199707 0.63232576 0.63265446 0.63298316 0.63331186 0.63364055
 0.63396925 0.63429795 0.63462665 0.63495535 0.63528404 0.63561274
 0.63594144 0.63627014 0.63659883 0.63692753 0.63725623 0.63758493
 0.63791362 0.63824232 0.63857102 0.63889972 0.63922842 0.63955711
 0.63988581 0.64021451 0.64054321 0.6408719  0.6412006  0.6415293
 0.641858   0.64218669 0.64251539 0.64284409 0.64317279 0.64350149
 0.64383018 0.64415888 0.64448758 0.64481628 0.64514497 0.64547367
 0.64580237 0.64613107 0.64645976 0.64678846 0.64711716 0.64744586
 0.64777456 0.64810325 0.64843195 0.64876065 0.64908935 0.64941804
 0.64974674 0.65007544 0.65040414 0.65073283 0.65106153 0.65139023
 0.65171893 0.65204763 0.65237632 0.65270502 0.65303372 0.65336242
 0.65369111 0.65401981 0.65434851 0.65467721 0.6550059  0.6553346
 0.6556633  0.655992   0.6563207  0.65664939 0.65697809 0.65730679
 0.65763549 0.65796418 0.65829288 0.65862158 0.65895028 0.65927897
 0.65960767 0.65993637 0.66026507 0.66059377 0.66092246 0.66125116
 0.66157986 0.66190856 0.66223725 0.66256595 0.66289465 0.66322335
 0.66355205 0.66388074 0.66420944 0.66453814 0.66486684 0.66519553
 0.66552423 0.66585293 0.66618163 0.66651032 0.66683902 0.66716772
 0.66749642 0.66782512 0.66815381 0.66848251 0.66881121 0.66913991
 0.6694686  0.6697973  0.670126   0.6704547  0.67078339 0.67111209
 0.67144079 0.67176949 0.67209819 0.67242688 0.67275558 0.67308428
 0.67341298 0.67374167 0.67407037 0.67439907 0.67472777 0.67505646
 0.67538516 0.67571386 0.67604256 0.67637126 0.67669995 0.67702865
 0.67735735 0.67768605 0.67801474 0.67834344 0.67867214 0.67900084
 0.67932953 0.67965823 0.67998693 0.68031563 0.68064433 0.68097302
 0.68130172 0.68163042 0.68195912 0.68228781 0.68261651 0.68294521
 0.68327391 0.6836026  0.6839313  0.68426   ]","[ 0.14393222  0.14618002  0.14845906  0.15076971  0.15311232  0.15548728
  0.15789497  0.16033576  0.16281003  0.16531818  0.1678606   0.17043767
  0.1730498   0.17569738  0.17838081  0.18110052  0.18385689  0.18665036
  0.18948133  0.19235022  0.19525747  0.19820349  0.20118871  0.20421357
  0.20727851  0.21038397  0.21353039  0.21671821  0.2199479   0.2232199
  0.22653467  0.22989267  0.23329437  0.23674024  0.24023073  0.24376635
  0.24734754  0.25097482  0.25464864  0.25836951  0.26213792  0.26595436
  0.26981933  0.27373334  0.27769688  0.28171047  0.28577462  0.28988985
  0.29405668  0.29827563  0.30254722  0.30687198  0.31125046  0.31568318
  0.32017069  0.32471352  0.32931223  0.33396736  0.33867947  0.34344912
  0.34827686  0.35316326  0.35810888  0.36311429  0.36818008  0.3733068
  0.37849505  0.3837454   0.38905845  0.39443477  0.39987497  0.40537963
  0.41094937  0.41658477  0.42228644  0.428055    0.43389105  0.4397952
  0.44576807  0.45181029  0.45792248  0.46410525  0.47035925  0.47668509
  0.48308343  0.48955488  0.4961001   0.50271972  0.5094144   0.51618478
  0.5230315   0.52995523  0.53695662  0.54403633  0.55119501  0.55843334
  0.56575198  0.5731516   0.58063287  0.58819646  0.59584304  0.60357331
  0.61138792  0.61928758  0.62727296  0.63534474  0.64350363  0.6517503
  0.66008545  0.66850977  0.67702397  0.68562873  0.69432476  0.70311277
  0.71199344  0.72096749  0.73003563  0.73919855  0.74845698  0.75781162
  0.76726318  0.77681238  0.78645992  0.79620654  0.80605293  0.81599983
  0.82604794  0.83619799  0.8464507   0.85680679  0.86726698  0.877832
  0.88850255  0.89927938  0.91016321  0.92115475  0.93225473  0.94346388
  0.95478292  0.96621257  0.97775357  0.98940664  1.00117249  1.01305186
  1.02504547  1.03715404  1.0493783   1.06171896  1.07417676  1.08675241
  1.09944663  1.11226014  1.12519366  1.13824791  1.15142361  1.16472146
  1.17814218  1.19168649  1.20535509  1.2191487   1.23306802  1.24711376
  1.26128662  1.27558731  1.29001651  1.30457494  1.31926328  1.33408223
  1.34903248  1.36411471  1.37932962  1.39467788  1.41016017  1.42577718
  1.44152956  1.457418    1.47344316  1.4896057   1.50590629  1.52234557
  1.53892421  1.55564285  1.57250213  1.5895027   1.6066452   1.62393024
  1.64135848  1.65893051  1.67664698  1.69450848  1.71251563  1.73066903
  1.74896929  1.76741699  1.78601273  1.80475708  1.82365063  1.84269394
  1.86188759  1.88123213  1.90072812  1.9203761   1.94017662  1.96013022
  1.98023741  2.00049873  2.02091469  2.0414858   2.06221255  2.08309545
  2.10413498  2.12533162  2.14668585  2.16819812  2.1898689   2.21169863
  2.23368776  2.25583671  2.27814592  2.30061579  2.32324674  2.34603917
  2.36899346  2.39211     2.41538916  2.4388313   2.46243678  2.48620594
  2.51013912  2.53423664  2.55849882  2.58292596  2.60751835  2.6322763
  2.65720006  2.68228991  2.70754609  2.73296886  2.75855844  2.78431506
  2.81023893  2.83633025  2.8625892   2.88901596  2.91561071  2.94237358
  2.96930473  2.99640428  3.02367236  3.05110906  3.07871448  3.10648871
  3.13443181  3.16254383  3.19082482  3.21927482  3.24789383  3.27668187
  3.30563891  3.33476495  3.36405994  3.39352384  3.42315658  3.45295809
  3.48292827  3.51306702  3.54337422  3.57384974  3.60449343  3.63530512
  3.66628465  3.69743181  3.72874641  3.76022822  3.791877    3.82369251
  3.85567448  3.88782262  3.92013665  3.95261624  3.98526107  4.01807079
  4.05104505  4.08418347  4.11748566  4.15095121  4.18457969  4.21837068
  4.2523237   4.28643829  4.32071396  4.35515021  4.3897465   4.42450231
  4.45941707  4.49449022  4.52972116  4.56510929  4.60065398  4.63635459
  4.67221047  4.70822094  4.74438531  4.78070286  4.81717287  4.85379459
  4.89056726  4.92749011  4.96456232  5.0017831   5.03915159  5.07666696
  5.11432833  5.15213482  5.19008551  5.2281795   5.26641582  5.30479354
  5.34331166  5.3819692   5.42076514  5.45969844  5.49876807  5.53797294
  5.57731198  5.61678407  5.65638811  5.69612293  5.73598739  5.77598031
  5.81610049  5.85634672  5.89671776  5.93721236  5.97782925  6.01856715
  6.05942475  6.10040072  6.14149373  6.18270241  6.22402538  6.26546125
  6.30700859  6.34866599  6.39043197  6.43230509  6.47428384  6.51636672
  6.55855221  6.60083877  6.64322483  6.68570882  6.72828915  6.7709642
  6.81373234  6.85659192  6.89954127  6.94257872  6.98570256  7.02891108
  7.07220253  7.11557517  7.15902723  7.20255692  7.24616243  7.28984195
  7.33359363  7.37741563  7.42130607  7.46526307  7.50928471  7.55336909
  7.59751427  7.64171828  7.68597918  7.73029496  7.77466363  7.81908317
  7.86355156  7.90806675  7.95262667  7.99722924  8.04187238  8.08655398
  8.13127192  8.17602406  8.22080824  8.26562231  8.31046409  8.35533138
  8.40022197  8.44513364  8.49006416  8.53501129  8.57997275  8.62494628
  8.66992959  8.71492038  8.75991633  8.80491513  8.84991443  8.89491189
  8.93990514  8.98489182  9.02986953  9.07483589  9.11978848  9.1647249
  9.20964271  9.25453948  9.29941275  9.34426006  9.38907896  9.43386696
  9.47862158  9.52334031  9.56802065  9.61266009  9.6572561   9.70180616
  9.74630772  9.79075823  9.83515515  9.8794959   9.92377792  9.96799864
 10.01215547 10.05624581 10.10026708 10.14421667 10.18809197 10.23189038
 10.27560926 10.31924601 10.36279798 10.40626256 10.44963709 10.49291895
 10.53610548 10.57919404 10.62218198 10.66506664 10.70784536 10.75051549
 10.79307437 10.83551933 10.87784771 10.92005684 10.96214405 11.00410668
 11.04594206 11.08764751 11.12922038 11.170658   11.21195768 11.25311678
 11.29413262 11.33500254 11.37572388 11.41629398 11.45671018 11.49696982
 11.53707025 11.57700883 11.6167829  11.65638983 11.69582698 11.73509171
 11.7741814  11.81309341 11.85182515 11.89037398 11.9287373  11.96691251
 12.00489702 12.04268824 12.08028358 12.11768047 12.15487635 12.19186866
 12.22865484 12.26523236 12.30159867 12.33775126 12.37368761 12.40940522
 12.44490158 12.48017422 12.51522066 12.55003842 12.58462507 12.61897816
 12.65309525 12.68697393 12.72061179 12.75400644 12.7871555  12.82005659
 12.85270736 12.88510548 12.91724861 12.94913444 12.98076067 13.01212502
 13.04322521 13.07405899 13.10462413 13.1349184  13.16493959 13.19468552
 13.224154   13.25334288 13.28225002 13.3108733  13.33921062 13.36725988
 13.39501901 13.42248597 13.44965872 13.47653526 13.50311357 13.5293917
 13.55536768 13.58103958 13.60640549 13.63146351 13.65621176 13.68064839
 13.70477157 13.72857949 13.75207036 13.77524241 13.79809389 13.82062308
 13.84282829 13.86470782 13.88626003 13.90748327 13.92837595 13.94893647
 13.96916328 13.98905483 14.0086096  14.02782611 14.0467029  14.06523851
 14.08343154 14.10128058 14.11878428 14.13594129 14.1527503  14.16921001
 14.18531916 14.20107651 14.21648086 14.231531   14.24622579 14.26056409
 14.27454479 14.28816681 14.30142911 14.31433065 14.32687044 14.3390475
 14.3508609  14.36230972 14.37339306 14.38411008 14.39445993 14.40444182
 14.41405497 14.42329862 14.43217207 14.44067462 14.44880561 14.45656441
 14.46395041 14.47096303 14.47760174 14.48386601 14.48975535 14.49526931
 14.50040745 14.50516937 14.50955471 14.51356311 14.51719427 14.5204479
 14.52332375 14.52582159 14.52794123 14.5296825  14.53104527 14.53202943
 14.5326349  14.53286163 14.53270962 14.53217886 14.5312694  14.52998132
 14.5283147  14.52626969 14.52384645 14.52104515 14.51786603 14.51430933
 14.51037532 14.50606432 14.50137666 14.4963127  14.49087285 14.48505753
 14.47886719 14.47230231 14.4653634  14.45805102 14.45036572 14.4423081
 14.4338788  14.42507847 14.41590779 14.40636747 14.39645827 14.38618094
 14.3755363  14.36452515 14.35314836 14.34140682 14.32930142 14.31683311
 14.30400286 14.29081165 14.27726051 14.26335048 14.24908264 14.23445809
 14.21947795 14.20414339 14.18845559 14.17241574 14.15602508 14.13928488
 14.12219642 14.10476101 14.08697999 14.06885471 14.05038657 14.03157698
 14.01242737 13.99293921 13.97311398 13.95295319 13.93245838 13.9116311
 13.89047294 13.8689855  13.84717041 13.82502932 13.80256391 13.77977587
 13.75666693 13.73323881 13.7094933  13.68543217 13.66105723 13.6363703
 13.61137325 13.58606793 13.56045624 13.5345401  13.50832142 13.48180217
 13.45498431 13.42786984 13.40046076 13.3727591  13.34476691 13.31648626
 13.28791922 13.25906791 13.22993444 13.20052095 13.17082958 13.14086252
 13.11062195 13.08011007 13.04932911 13.01828129 12.98696888 12.95539413
 12.92355933 12.89146678 12.85911878 12.82651767 12.79366577 12.76056544
 12.72721905 12.69362898 12.65979762 12.62572737 12.59142065 12.55687988
 12.52210751 12.48710599 12.45187779 12.41642536 12.3807512  12.34485781
 12.30874768 12.27242332 12.23588727 12.19914206 12.16219021 12.12503429
 12.08767685 12.05012045 12.01236767 11.97442109 11.93628329 11.89795687
 11.85944443 11.82074857 11.78187191 11.74281707 11.70358666 11.66418332
 11.62460968 11.58486837 11.54496203 11.50489332 11.46466488 11.42427936
 11.38373941 11.3430477  11.30220688 11.26121961 11.22008856 11.1788164
 11.13740578 11.09585938 11.05417987 11.01236991 10.97043218 10.92836933
 10.88618404 10.84387898 10.8014568  10.75892019 10.71627179 10.67351428
 10.63065031 10.58768254 10.54461362 10.5014462  10.45818294 10.41482648
 10.37137946 10.32784452 10.28422429 10.2405214  10.19673847 10.15287813
 10.10894299 10.06493566 10.02085873  9.97671482  9.9325065   9.88823637
  9.843907    9.79952096  9.75508081  9.71058912  9.66604843  9.62146128
  9.57683021  9.53215774  9.48744638  9.44269865  9.39791704  9.35310404
  9.30826213  9.26339379  9.21850146  9.17358761  9.12865467  9.08370508
  9.03874124  8.99376558  8.94878048  8.90378834  8.85879153  8.8137924
  8.76879332  8.72379662  8.67880463  8.63381966  8.58884402  8.54388
  8.49892986  8.45399589  8.40908032  8.36418539  8.31931333  8.27446635
  8.22964664  8.18485639  8.14009776  8.09537291  8.05068397  8.00603307
  7.96142233  7.91685383  7.87232965  7.82785187  7.78342253  7.73904366
  7.69471729  7.65044541  7.60623002  7.56207308  7.51797655  7.47394238
  7.42997248  7.38606876  7.34223311  7.29846741  7.25477351  7.21115325
  7.16760846  7.12414095  7.0807525   7.03744489  6.99421987  6.95107919
  6.90802456  6.8650577   6.82218027  6.77939396  6.73670042  6.69410128
  6.65159816  6.60919265  6.56688634  6.52468079  6.48257754  6.44057813
  6.39868406  6.35689682  6.31521789  6.27364872  6.23219075  6.19084539
  6.14961406  6.10849812  6.06749896  6.0266179   5.98585628  5.94521541
  5.90469658  5.86430107  5.82403012  5.78388498  5.74386686  5.70397697
  5.66421647  5.62458655  5.58508834  5.54572296  5.50649153  5.46739514
  5.42843486  5.38961174  5.35092682  5.31238112  5.27397562  5.23571133
  5.19758919  5.15961015  5.12177515  5.08408508  5.04654084  5.0091433
  4.97189332  4.93479173  4.89783935  4.86103699  4.82438543  4.78788543
  4.75153774  4.7153431   4.67930222  4.64341579  4.60768449  4.57210899
  4.53668993  4.50142793  4.4663236   4.43137755  4.39659034  4.36196253
  4.32749467  4.29318729  4.25904088  4.22505594  4.19123296  4.15757238
  4.12407466  4.09074021  4.05756945  4.02456278  3.99172056  3.95904318
  3.92653096  3.89418425  3.86200336  3.82998858  3.79814021  3.76645852
  3.73494375  3.70359615  3.67241594  3.64140332  3.61055851  3.57988166
  3.54937296  3.51903254  3.48886055  3.45885711  3.42902232  3.39935628
  3.36985906  3.34053075  3.31137137  3.28238099  3.25355961  3.22490725
  3.19642391  3.16810958  3.13996423  3.11198781  3.08418028  3.05654156
  3.02907158  3.00177025  2.97463746  2.9476731   2.92087704  2.89424914
  2.86778925  2.8414972   2.81537283  2.78941595  2.76362635  2.73800383
  2.71254817  2.68725914  2.6621365   2.63717999  2.61238936  2.58776433
  2.56330461  2.53900991  2.51487994  2.49091436  2.46711287  2.44347513
  2.42000079  2.39668951  2.37354092  2.35055465  2.32773032  2.30506755
  2.28256593  2.26022506  2.23804452  2.2160239   2.19416276  2.17246066
  2.15091715  2.12953179  2.1083041   2.08723361  2.06631985  2.04556233
  2.02496055  2.00451403  1.98422224  1.96408468  1.94410083  1.92427015
  1.90459212  1.88506619  1.86569182  1.84646845  1.82739552  1.80847247
  1.78969873  1.77107373  1.75259687  1.73426757]",restricted_age_optimal,True,True,True,10,1,constraints_[2]_remained,116.62833728547744,114.49313468398135,118.76353988697353,1.0894091005438373,1.9982360925609997,1.961652883003652,2.034819302118347,0.018665245813653364,1.9981949266168997,1.9616124707154212,2.0347773825183775,0.0186648612882869,0.9211629024827657,0.9172897113269429,0.924897094076503,0.001940478934414869,large
0.355891,0.68426,0.546818,0.0631209720343432,3557,100.0,"[0.355891   0.37934593 0.40280086 0.42625579 0.44971071 0.47316564
 0.49662057 0.5200755  0.54353043 0.56698536 0.59044029 0.61389521
 0.63735014 0.66080507 0.68426   ]","[ 0.25302221  0.9277481   1.82738263  3.87967388  7.50632556 11.27354512
 14.08490301  9.16502671 10.87995502 14.25358448 10.40202418  9.50238965
  5.22912567  0.81529379]",0.025,14,normal,0.5430770157436041,"[0.355891   0.3562197  0.3565484  0.35687709 0.35720579 0.35753449
 0.35786319 0.35819188 0.35852058 0.35884928 0.35917798 0.35950667
 0.35983537 0.36016407 0.36049277 0.36082147 0.36115016 0.36147886
 0.36180756 0.36213626 0.36246495 0.36279365 0.36312235 0.36345105
 0.36377974 0.36410844 0.36443714 0.36476584 0.36509454 0.36542323
 0.36575193 0.36608063 0.36640933 0.36673802 0.36706672 0.36739542
 0.36772412 0.36805281 0.36838151 0.36871021 0.36903891 0.36936761
 0.3696963  0.370025   0.3703537  0.3706824  0.37101109 0.37133979
 0.37166849 0.37199719 0.37232588 0.37265458 0.37298328 0.37331198
 0.37364068 0.37396937 0.37429807 0.37462677 0.37495547 0.37528416
 0.37561286 0.37594156 0.37627026 0.37659895 0.37692765 0.37725635
 0.37758505 0.37791375 0.37824244 0.37857114 0.37889984 0.37922854
 0.37955723 0.37988593 0.38021463 0.38054333 0.38087203 0.38120072
 0.38152942 0.38185812 0.38218682 0.38251551 0.38284421 0.38317291
 0.38350161 0.3838303  0.384159   0.3844877  0.3848164  0.3851451
 0.38547379 0.38580249 0.38613119 0.38645989 0.38678858 0.38711728
 0.38744598 0.38777468 0.38810337 0.38843207 0.38876077 0.38908947
 0.38941817 0.38974686 0.39007556 0.39040426 0.39073296 0.39106165
 0.39139035 0.39171905 0.39204775 0.39237644 0.39270514 0.39303384
 0.39336254 0.39369124 0.39401993 0.39434863 0.39467733 0.39500603
 0.39533472 0.39566342 0.39599212 0.39632082 0.39664951 0.39697821
 0.39730691 0.39763561 0.39796431 0.398293   0.3986217  0.3989504
 0.3992791  0.39960779 0.39993649 0.40026519 0.40059389 0.40092258
 0.40125128 0.40157998 0.40190868 0.40223738 0.40256607 0.40289477
 0.40322347 0.40355217 0.40388086 0.40420956 0.40453826 0.40486696
 0.40519565 0.40552435 0.40585305 0.40618175 0.40651045 0.40683914
 0.40716784 0.40749654 0.40782524 0.40815393 0.40848263 0.40881133
 0.40914003 0.40946872 0.40979742 0.41012612 0.41045482 0.41078352
 0.41111221 0.41144091 0.41176961 0.41209831 0.412427   0.4127557
 0.4130844  0.4134131  0.41374179 0.41407049 0.41439919 0.41472789
 0.41505659 0.41538528 0.41571398 0.41604268 0.41637138 0.41670007
 0.41702877 0.41735747 0.41768617 0.41801486 0.41834356 0.41867226
 0.41900096 0.41932966 0.41965835 0.41998705 0.42031575 0.42064445
 0.42097314 0.42130184 0.42163054 0.42195924 0.42228793 0.42261663
 0.42294533 0.42327403 0.42360273 0.42393142 0.42426012 0.42458882
 0.42491752 0.42524621 0.42557491 0.42590361 0.42623231 0.42656101
 0.4268897  0.4272184  0.4275471  0.4278758  0.42820449 0.42853319
 0.42886189 0.42919059 0.42951928 0.42984798 0.43017668 0.43050538
 0.43083408 0.43116277 0.43149147 0.43182017 0.43214887 0.43247756
 0.43280626 0.43313496 0.43346366 0.43379235 0.43412105 0.43444975
 0.43477845 0.43510715 0.43543584 0.43576454 0.43609324 0.43642194
 0.43675063 0.43707933 0.43740803 0.43773673 0.43806542 0.43839412
 0.43872282 0.43905152 0.43938022 0.43970891 0.44003761 0.44036631
 0.44069501 0.4410237  0.4413524  0.4416811  0.4420098  0.44233849
 0.44266719 0.44299589 0.44332459 0.44365329 0.44398198 0.44431068
 0.44463938 0.44496808 0.44529677 0.44562547 0.44595417 0.44628287
 0.44661156 0.44694026 0.44726896 0.44759766 0.44792636 0.44825505
 0.44858375 0.44891245 0.44924115 0.44956984 0.44989854 0.45022724
 0.45055594 0.45088463 0.45121333 0.45154203 0.45187073 0.45219943
 0.45252812 0.45285682 0.45318552 0.45351422 0.45384291 0.45417161
 0.45450031 0.45482901 0.4551577  0.4554864  0.4558151  0.4561438
 0.4564725  0.45680119 0.45712989 0.45745859 0.45778729 0.45811598
 0.45844468 0.45877338 0.45910208 0.45943077 0.45975947 0.46008817
 0.46041687 0.46074557 0.46107426 0.46140296 0.46173166 0.46206036
 0.46238905 0.46271775 0.46304645 0.46337515 0.46370384 0.46403254
 0.46436124 0.46468994 0.46501864 0.46534733 0.46567603 0.46600473
 0.46633343 0.46666212 0.46699082 0.46731952 0.46764822 0.46797691
 0.46830561 0.46863431 0.46896301 0.46929171 0.4696204  0.4699491
 0.4702778  0.4706065  0.47093519 0.47126389 0.47159259 0.47192129
 0.47224998 0.47257868 0.47290738 0.47323608 0.47356478 0.47389347
 0.47422217 0.47455087 0.47487957 0.47520826 0.47553696 0.47586566
 0.47619436 0.47652306 0.47685175 0.47718045 0.47750915 0.47783785
 0.47816654 0.47849524 0.47882394 0.47915264 0.47948133 0.47981003
 0.48013873 0.48046743 0.48079613 0.48112482 0.48145352 0.48178222
 0.48211092 0.48243961 0.48276831 0.48309701 0.48342571 0.4837544
 0.4840831  0.4844118  0.4847405  0.4850692  0.48539789 0.48572659
 0.48605529 0.48638399 0.48671268 0.48704138 0.48737008 0.48769878
 0.48802747 0.48835617 0.48868487 0.48901357 0.48934227 0.48967096
 0.48999966 0.49032836 0.49065706 0.49098575 0.49131445 0.49164315
 0.49197185 0.49230054 0.49262924 0.49295794 0.49328664 0.49361534
 0.49394403 0.49427273 0.49460143 0.49493013 0.49525882 0.49558752
 0.49591622 0.49624492 0.49657361 0.49690231 0.49723101 0.49755971
 0.49788841 0.4982171  0.4985458  0.4988745  0.4992032  0.49953189
 0.49986059 0.50018929 0.50051799 0.50084668 0.50117538 0.50150408
 0.50183278 0.50216148 0.50249017 0.50281887 0.50314757 0.50347627
 0.50380496 0.50413366 0.50446236 0.50479106 0.50511975 0.50544845
 0.50577715 0.50610585 0.50643455 0.50676324 0.50709194 0.50742064
 0.50774934 0.50807803 0.50840673 0.50873543 0.50906413 0.50939282
 0.50972152 0.51005022 0.51037892 0.51070762 0.51103631 0.51136501
 0.51169371 0.51202241 0.5123511  0.5126798  0.5130085  0.5133372
 0.51366589 0.51399459 0.51432329 0.51465199 0.51498069 0.51530938
 0.51563808 0.51596678 0.51629548 0.51662417 0.51695287 0.51728157
 0.51761027 0.51793896 0.51826766 0.51859636 0.51892506 0.51925376
 0.51958245 0.51991115 0.52023985 0.52056855 0.52089724 0.52122594
 0.52155464 0.52188334 0.52221204 0.52254073 0.52286943 0.52319813
 0.52352683 0.52385552 0.52418422 0.52451292 0.52484162 0.52517031
 0.52549901 0.52582771 0.52615641 0.52648511 0.5268138  0.5271425
 0.5274712  0.5277999  0.52812859 0.52845729 0.52878599 0.52911469
 0.52944338 0.52977208 0.53010078 0.53042948 0.53075818 0.53108687
 0.53141557 0.53174427 0.53207297 0.53240166 0.53273036 0.53305906
 0.53338776 0.53371645 0.53404515 0.53437385 0.53470255 0.53503125
 0.53535994 0.53568864 0.53601734 0.53634604 0.53667473 0.53700343
 0.53733213 0.53766083 0.53798952 0.53831822 0.53864692 0.53897562
 0.53930432 0.53963301 0.53996171 0.54029041 0.54061911 0.5409478
 0.5412765  0.5416052  0.5419339  0.54226259 0.54259129 0.54291999
 0.54324869 0.54357739 0.54390608 0.54423478 0.54456348 0.54489218
 0.54522087 0.54554957 0.54587827 0.54620697 0.54653566 0.54686436
 0.54719306 0.54752176 0.54785046 0.54817915 0.54850785 0.54883655
 0.54916525 0.54949394 0.54982264 0.55015134 0.55048004 0.55080873
 0.55113743 0.55146613 0.55179483 0.55212353 0.55245222 0.55278092
 0.55310962 0.55343832 0.55376701 0.55409571 0.55442441 0.55475311
 0.5550818  0.5554105  0.5557392  0.5560679  0.5563966  0.55672529
 0.55705399 0.55738269 0.55771139 0.55804008 0.55836878 0.55869748
 0.55902618 0.55935487 0.55968357 0.56001227 0.56034097 0.56066967
 0.56099836 0.56132706 0.56165576 0.56198446 0.56231315 0.56264185
 0.56297055 0.56329925 0.56362794 0.56395664 0.56428534 0.56461404
 0.56494274 0.56527143 0.56560013 0.56592883 0.56625753 0.56658622
 0.56691492 0.56724362 0.56757232 0.56790102 0.56822971 0.56855841
 0.56888711 0.56921581 0.5695445  0.5698732  0.5702019  0.5705306
 0.57085929 0.57118799 0.57151669 0.57184539 0.57217409 0.57250278
 0.57283148 0.57316018 0.57348888 0.57381757 0.57414627 0.57447497
 0.57480367 0.57513236 0.57546106 0.57578976 0.57611846 0.57644716
 0.57677585 0.57710455 0.57743325 0.57776195 0.57809064 0.57841934
 0.57874804 0.57907674 0.57940543 0.57973413 0.58006283 0.58039153
 0.58072023 0.58104892 0.58137762 0.58170632 0.58203502 0.58236371
 0.58269241 0.58302111 0.58334981 0.5836785  0.5840072  0.5843359
 0.5846646  0.5849933  0.58532199 0.58565069 0.58597939 0.58630809
 0.58663678 0.58696548 0.58729418 0.58762288 0.58795157 0.58828027
 0.58860897 0.58893767 0.58926637 0.58959506 0.58992376 0.59025246
 0.59058116 0.59090985 0.59123855 0.59156725 0.59189595 0.59222464
 0.59255334 0.59288204 0.59321074 0.59353944 0.59386813 0.59419683
 0.59452553 0.59485423 0.59518292 0.59551162 0.59584032 0.59616902
 0.59649771 0.59682641 0.59715511 0.59748381 0.59781251 0.5981412
 0.5984699  0.5987986  0.5991273  0.59945599 0.59978469 0.60011339
 0.60044209 0.60077078 0.60109948 0.60142818 0.60175688 0.60208558
 0.60241427 0.60274297 0.60307167 0.60340037 0.60372906 0.60405776
 0.60438646 0.60471516 0.60504385 0.60537255 0.60570125 0.60602995
 0.60635865 0.60668734 0.60701604 0.60734474 0.60767344 0.60800213
 0.60833083 0.60865953 0.60898823 0.60931692 0.60964562 0.60997432
 0.61030302 0.61063172 0.61096041 0.61128911 0.61161781 0.61194651
 0.6122752  0.6126039  0.6129326  0.6132613  0.61358999 0.61391869
 0.61424739 0.61457609 0.61490479 0.61523348 0.61556218 0.61589088
 0.61621958 0.61654827 0.61687697 0.61720567 0.61753437 0.61786307
 0.61819176 0.61852046 0.61884916 0.61917786 0.61950655 0.61983525
 0.62016395 0.62049265 0.62082134 0.62115004 0.62147874 0.62180744
 0.62213614 0.62246483 0.62279353 0.62312223 0.62345093 0.62377962
 0.62410832 0.62443702 0.62476572 0.62509441 0.62542311 0.62575181
 0.62608051 0.62640921 0.6267379  0.6270666  0.6273953  0.627724
 0.62805269 0.62838139 0.62871009 0.62903879 0.62936748 0.62969618
 0.63002488 0.63035358 0.63068228 0.63101097 0.63133967 0.63166837
 0.63199707 0.63232576 0.63265446 0.63298316 0.63331186 0.63364055
 0.63396925 0.63429795 0.63462665 0.63495535 0.63528404 0.63561274
 0.63594144 0.63627014 0.63659883 0.63692753 0.63725623 0.63758493
 0.63791362 0.63824232 0.63857102 0.63889972 0.63922842 0.63955711
 0.63988581 0.64021451 0.64054321 0.6408719  0.6412006  0.6415293
 0.641858   0.64218669 0.64251539 0.64284409 0.64317279 0.64350149
 0.64383018 0.64415888 0.64448758 0.64481628 0.64514497 0.64547367
 0.64580237 0.64613107 0.64645976 0.64678846 0.64711716 0.64744586
 0.64777456 0.64810325 0.64843195 0.64876065 0.64908935 0.64941804
 0.64974674 0.65007544 0.65040414 0.65073283 0.65106153 0.65139023
 0.65171893 0.65204763 0.65237632 0.65270502 0.65303372 0.65336242
 0.65369111 0.65401981 0.65434851 0.65467721 0.6550059  0.6553346
 0.6556633  0.655992   0.6563207  0.65664939 0.65697809 0.65730679
 0.65763549 0.65796418 0.65829288 0.65862158 0.65895028 0.65927897
 0.65960767 0.65993637 0.66026507 0.66059377 0.66092246 0.66125116
 0.66157986 0.66190856 0.66223725 0.66256595 0.66289465 0.66322335
 0.66355205 0.66388074 0.66420944 0.66453814 0.66486684 0.66519553
 0.66552423 0.66585293 0.66618163 0.66651032 0.66683902 0.66716772
 0.66749642 0.66782512 0.66815381 0.66848251 0.66881121 0.66913991
 0.6694686  0.6697973  0.670126   0.6704547  0.67078339 0.67111209
 0.67144079 0.67176949 0.67209819 0.67242688 0.67275558 0.67308428
 0.67341298 0.67374167 0.67407037 0.67439907 0.67472777 0.67505646
 0.67538516 0.67571386 0.67604256 0.67637126 0.67669995 0.67702865
 0.67735735 0.67768605 0.67801474 0.67834344 0.67867214 0.67900084
 0.67932953 0.67965823 0.67998693 0.68031563 0.68064433 0.68097302
 0.68130172 0.68163042 0.68195912 0.68228781 0.68261651 0.68294521
 0.68327391 0.6836026  0.6839313  0.68426   ]","[ 0.18252425  0.18536228  0.18823933  0.19115585  0.1941123   0.19710912
  0.20014679  0.20322575  0.20634649  0.20950947  0.21271516  0.21596405
  0.21925661  0.22259334  0.22597471  0.22940123  0.2328734   0.2363917
  0.23995666  0.24356877  0.24722855  0.25093652  0.25469319  0.2584991
  0.26235476  0.26626071  0.27021748  0.27422562  0.27828566  0.28239816
  0.28656366  0.29078272  0.29505589  0.29938374  0.30376684  0.30820575
  0.31270104  0.31725329  0.32186309  0.32653101  0.33125765  0.3360436
  0.34088945  0.3457958   0.35076325  0.35579242  0.36088391  0.36603833
  0.3712563   0.37653844  0.38188539  0.38729775  0.39277618  0.39832129
  0.40393374  0.40961416  0.4153632   0.42118151  0.42706974  0.43302854
  0.43905858  0.44516051  0.45133502  0.45758275  0.46390439  0.47030062
  0.4767721   0.48331953  0.48994358  0.49664495  0.50342434  0.51028242
  0.51721991  0.52423749  0.53133589  0.53851579  0.54577792  0.55312298
  0.56055169  0.56806476  0.57566292  0.58334689  0.5911174   0.59897518
  0.60692095  0.61495544  0.62307941  0.63129358  0.63959869  0.64799549
  0.65648472  0.66506713  0.67374347  0.6825145   0.69138096  0.70034361
  0.70940321  0.71856052  0.7278163   0.73717131  0.74662632  0.7561821
  0.76583941  0.77559902  0.7854617   0.79542823  0.80549938  0.81567593
  0.82595864  0.83634831  0.8468457   0.85745159  0.86816677  0.87899202
  0.88992811  0.90097584  0.91213598  0.92340932  0.93479663  0.94629871
  0.95791635  0.96965031  0.9815014   0.99347038  1.00555806  1.01776521
  1.03009261  1.04254106  1.05511133  1.06780421  1.08062048  1.09356092
  1.10662632  1.11981745  1.13313509  1.14658002  1.16015301  1.17385485
  1.18768631  1.20164815  1.21574116  1.22996609  1.24432372  1.25881482
  1.27344014  1.28820045  1.30309651  1.31812908  1.3332989   1.34860674
  1.36405334  1.37963945  1.39536581  1.41123317  1.42724226  1.44339381
  1.45968856  1.47612724  1.49271056  1.50943926  1.52631405  1.54333563
  1.56050472  1.57782203  1.59528825  1.61290408  1.63067022  1.64858734
  1.66665613  1.68487726  1.70325142  1.72177926  1.74046145  1.75929865
  1.77829149  1.79744064  1.81674672  1.83621037  1.85583223  1.87561289
  1.895553    1.91565314  1.93591392  1.95633594  1.97691978  1.99766602
  2.01857525  2.03964801  2.06088488  2.08228639  2.10385311  2.12558555
  2.14748425  2.16954973  2.1917825   2.21418305  2.23675189  2.2594895
  2.28239635  2.30547292  2.32871965  2.35213701  2.37572542  2.39948532
  2.42341713  2.44752126  2.47179811  2.49624806  2.5208715   2.5456688
  2.57064032  2.5957864   2.62110739  2.6466036   2.67227535  2.69812295
  2.72414669  2.75034684  2.77672369  2.80327748  2.83000846  2.85691687
  2.88400292  2.91126682  2.93870877  2.96632895  2.99412753  3.02210467
  3.05026052  3.0785952   3.10710883  3.13580151  3.16467334  3.19372439
  3.22295472  3.25236439  3.28195342  3.31172184  3.34166964  3.37179684
  3.40210338  3.43258925  3.46325439  3.49409872  3.52512216  3.55632461
  3.58770596  3.61926608  3.65100481  3.68292201  3.71501748  3.74729103
  3.77974246  3.81237154  3.84517801  3.87816163  3.91132212  3.94465917
  3.97817249  4.01186173  4.04572657  4.07976663  4.11398154  4.14837089
  4.18293428  4.21767127  4.25258142  4.28766425  4.32291927  4.35834599
  4.39394388  4.4297124   4.465651    4.50175909  4.53803608  4.57448136
  4.61109429  4.64787422  4.68482047  4.72193237  4.75920921  4.79665024
  4.83425474  4.87202192  4.90995102  4.94804121  4.98629168  5.02470159
  5.06327007  5.10199624  5.14087919  5.17991801  5.21911175  5.25845945
  5.29796014  5.3376128   5.37741642  5.41736996  5.45747235  5.49772252
  5.53811937  5.57866176  5.61934857  5.66017863  5.70115075  5.74226375
  5.78351639  5.82490743  5.86643561  5.90809965  5.94989824  5.99183007
  6.03389378  6.07608802  6.11841141  6.16086253  6.20343996  6.24614227
  6.28896798  6.33191561  6.37498366  6.4181706   6.46147489  6.50489496
  6.54842923  6.59207609  6.63583392  6.67970108  6.7236759   6.76775669
  6.81194175  6.85622937  6.90061778  6.94510525  6.98968997  7.03437016
  7.07914398  7.1240096   7.16896517  7.21400879  7.25913858  7.30435262
  7.34964897  7.39502568  7.44048078  7.48601228  7.53161816  7.57729641
  7.62304496  7.66886177  7.71474474  7.76069178  7.80670077  7.85276957
  7.89889604  7.94507799  7.99131325  8.03759961  8.08393484  8.13031672
  8.17674298  8.22321135  8.26971954  8.31626525  8.36284617  8.40945994
  8.45610423  8.50277666  8.54947486  8.59619642  8.64293892  8.68969995
  8.73647706  8.78326779  8.83006967  8.87688022  8.92369693  8.97051729
  9.01733878  9.06415886  9.11097497  9.15778454  9.204585    9.25137376
  9.29814821  9.34490574  9.39164372  9.4383595   9.48505045  9.5317139
  9.57834718  9.6249476   9.67151247  9.71803909  9.76452475  9.81096671
  9.85736226  9.90370864  9.9500031   9.9962429  10.04242525 10.08854739
 10.13460652 10.18059987 10.22652462 10.27237798 10.31815714 10.36385926
 10.40948153 10.45502112 10.50047519 10.54584089 10.59111538 10.63629581
 10.68137933 10.72636306 10.77124414 10.81601971 10.8606869  10.90524282
 10.94968461 10.99400937 11.03821424 11.08229631 11.12625272 11.17008056
 11.21377696 11.25733903 11.30076386 11.34404859 11.38719031 11.43018614
 11.4730332  11.51572859 11.55826943 11.60065284 11.64287594 11.68493586
 11.72682971 11.76855463 11.81010775 11.8514862  11.89268712 11.93370767
 11.97454498 12.01519621 12.05565852 12.09592909 12.13600507 12.17588365
 12.21556201 12.25503735 12.29430686 12.33336775 12.37221724 12.41085255
 12.44927092 12.48746958 12.52544578 12.5631968  12.60071989 12.63801234
 12.67507144 12.71189449 12.74847882 12.78482173 12.82092058 12.85677271
 12.89237549 12.92772628 12.96282249 12.99766151 13.03224077 13.06655768
 13.1006097  13.13439428 13.16790891 13.20115108 13.23411828 13.26680805
 13.29921793 13.33134546 13.36318823 13.39474382 13.42600985 13.45698393
 13.48766372 13.51804688 13.54813109 13.57791404 13.60739347 13.63656711
 13.66543273 13.6939881  13.72223102 13.75015932 13.77777084 13.80506345
 13.83203503 13.85868349 13.88500676 13.9110028  13.93666957 13.96200509
 13.98700737 14.01167446 14.03600443 14.05999537 14.08364541 14.10695267
 14.12991534 14.1525316  14.17479968 14.19671781 14.21828427 14.23949734
 14.26035536 14.28085667 14.30099964 14.32078268 14.34020422 14.3592627
 14.37795661 14.39628447 14.41424481 14.4318362  14.44905724 14.46590654
 14.48238277 14.49848459 14.51421073 14.52955992 14.54453092 14.55912254
 14.57333361 14.58716298 14.60060954 14.6136722  14.62634992 14.63864168
 14.65054647 14.66206335 14.67319137 14.68392965 14.69427731 14.70423353
 14.71379748 14.7229684  14.73174555 14.74012821 14.74811571 14.7557074
 14.76290266 14.76970091 14.77610159 14.7821042  14.78770824 14.79291325
 14.79771881 14.80212454 14.80613007 14.80973508 14.81293928 14.8157424
 14.81814422 14.82014454 14.8217432  14.82294007 14.82373505 14.82412808
 14.82411912 14.82370818 14.82289529 14.82168051 14.82006395 14.81804574
 14.81562604 14.81280504 14.80958298 14.80596011 14.80193674 14.79751319
 14.79268982 14.78746702 14.78184521 14.77582486 14.76940645 14.7625905
 14.75537756 14.74776822 14.7397631  14.73136285 14.72256814 14.71337969
 14.70379824 14.69382457 14.68345948 14.67270382 14.66155844 14.65002426
 14.63810221 14.62579323 14.61309834 14.60001855 14.58655491 14.57270851
 14.55848046 14.54387191 14.52888402 14.51351801 14.49777511 14.48165658
 14.4651637  14.4482978  14.43106024 14.41345238 14.39547563 14.37713143
 14.35842123 14.33934654 14.31990887 14.30010976 14.27995079 14.25943355
 14.23855967 14.21733081 14.19574865 14.17381489 14.15153126 14.12889953
 14.10592146 14.08259888 14.05893362 14.03492753 14.0105825  13.98590044
 13.96088326 13.93553294 13.90985145 13.88384079 13.85750299 13.83084008
 13.80385416 13.77654729 13.74892161 13.72097925 13.69272236 13.66415312
 13.63527373 13.60608641 13.57659341 13.54679698 13.51669941 13.48630298
 13.45561003 13.42462288 13.39334391 13.36177547 13.32991996 13.29777979
 13.26535739 13.23265521 13.1996757  13.16642134 13.13289463 13.09909807
 13.0650342  13.03070554 12.99611466 12.96126412 12.92615652 12.89079443
 12.85518049 12.81931731 12.78320753 12.7468538  12.71025878 12.67342515
 12.6363556  12.59905281 12.56151951 12.5237584  12.48577223 12.44756372
 12.40913563 12.37049072 12.33163175 12.2925615  12.25328276 12.21379831
 12.17411097 12.13422353 12.09413882 12.05385965 12.01338886 11.97272928
 11.93188374 11.8908551  11.8496462  11.80825991 11.76669908 11.72496657
 11.68306526 11.64099801 11.5987677  11.55637721 11.51382942 11.47112721
 11.42827347 11.38527108 11.34212292 11.29883189 11.25540088 11.21183277
 11.16813045 11.12429681 11.08033475 11.03624714 10.99203687 10.94770683
 10.9032599  10.85869895 10.81402688 10.76924654 10.72436082 10.67937259
 10.6342847  10.58910001 10.54382139 10.49845169 10.45299375 10.40745042
 10.36182453 10.31611892 10.2703364  10.2244798  10.17855193 10.13255559
 10.08649359 10.04036871  9.99418374  9.94794145  9.90164461  9.85529598
  9.80889831  9.76245434  9.7159668   9.66943842  9.62287191  9.57626996
  9.52963529  9.48297055  9.43627844  9.38956161  9.3428227   9.29606436
  9.24928922  9.20249988  9.15569896  9.10888904  9.0620727   9.01525251
  8.96843102  8.92161076  8.87479427  8.82798406  8.78118262  8.73439245
  8.687616    8.64085575  8.59411412  8.54739355  8.50069646  8.45402523
  8.40738225  8.36076989  8.31419049  8.2676464   8.22113993  8.17467339
  8.12824906  8.08186922  8.03553611  7.98925199  7.94301905  7.89683953
  7.85071558  7.8046494   7.75864313  7.7126989   7.66681883  7.62100502
  7.57525955  7.52958449  7.48398188  7.43845374  7.39300209  7.34762892
  7.3023362   7.25712587  7.21199988  7.16696014  7.12200854  7.07714697
  7.03237728  6.98770131  6.94312088  6.89863779  6.85425383  6.80997075
  6.76579029  6.72171419  6.67774413  6.63388181  6.59012889  6.54648701
  6.5029578   6.45954285  6.41624376  6.37306208  6.32999937  6.28705713
  6.24423689  6.20154012  6.15896828  6.11652282  6.07420516  6.03201671
  5.98995884  5.94803292  5.9062403   5.86458228  5.82306019  5.78167528
  5.74042884  5.6993221   5.65835628  5.61753258  5.57685218  5.53631625
  5.49592592  5.45568231  5.41558652  5.37563964  5.33584273  5.29619681
  5.25670293  5.21736206  5.1781752   5.13914331  5.10026732  5.06154816
  5.02298673  4.98458391  4.94634056  4.90825753  4.87033563  4.83257568
  4.79497845  4.75754472  4.72027522  4.68317068  4.64623182  4.60945932
  4.57285385  4.53641606  4.50014658  4.46404603  4.428115    4.39235407
  4.35676379  4.32134471  4.28609735  4.2510222   4.21611977  4.1813905
  4.14683486  4.11245327  4.07824614  4.04421388  4.01035686  3.97667545
  3.94316998  3.90984078  3.87668817  3.84371244  3.81091387  3.7782927
  3.74584919  3.71358357  3.68149604  3.64958679  3.61785601  3.58630386
  3.55493048  3.523736    3.49272053  3.46188419  3.43122704  3.40074916
  3.3704506   3.3403314   3.31039159  3.28063116  3.25105012  3.22164845
  3.19242611  3.16338304  3.1345192   3.1058345   3.07732884  3.04900214
  3.02085426  2.99288508  2.96509445  2.93748221  2.9100482   2.88279222
  2.8557141   2.8288136   2.80209052  2.77554462  2.74917565  2.72298336
  2.69696748  2.67112772  2.64546379  2.6199754   2.59466222  2.56952392
  2.54456017  2.51977063  2.49515492  2.47071269  2.44644355  2.42234711
  2.39842297  2.37467072  2.35108993  2.32768019  2.30444105  2.28137205
  2.25847275  2.23574267  2.21318134  2.19078828  2.16856297  2.14650494
  2.12461366  2.10288861  2.08132927  2.0599351   2.03870556  2.01764009
  1.99673814  1.97599915  1.95542253  1.93500771  1.9147541   1.8946611
  1.87472811  1.85495453  1.83533975  1.81588313  1.79658405  1.77744188
  1.75845599  1.73962571  1.72095041  1.70242943  1.68406211  1.66584778
  1.64778576  1.62987538  1.61211596  1.59450681  1.57704724  1.55973655
  1.54257404  1.52555902  1.50869076  1.49196855  1.47539169  1.45895944
  1.44267108  1.42652589  1.41052314  1.39466208  1.37894198  1.3633621
  1.3479217   1.33262003  1.31745634  1.30242987  1.28753987  1.27278559
  1.25816627  1.24368114  1.22932943  1.21511039]",restricted_age_optimal,True,True,True,10,1,constraints_[3]_remained,109.37348944084978,107.25762132430343,111.48935755739613,1.07954438613977,1.9313229852595417,1.8939608717514622,1.9686850987676217,0.01906265309096863,1.93128292601416,1.8939215874660869,1.9686442645622335,0.01906225769594479,0.9139713779419552,0.9097479944736508,0.918045115989526,0.0021164386302472576,large
0.378188,0.674911,0.548236,0.0611085415245346,2252,100.0,"[0.378188   0.40291492 0.42764183 0.45236875 0.47709567 0.50182258
 0.5265495  0.55127642 0.57600333 0.60073025 0.62545717 0.65018408
 0.674911  ]","[ 0.88809947  1.73179396  4.21847247  7.54884547 14.74245115 14.43161634
  7.77087034 15.6749556  12.21136767 11.14564831  7.81527531  1.82060391]",0.025,12,normal,0.543133268206039,"[0.378188   0.37848502 0.37878204 0.37907906 0.37937608 0.3796731
 0.37997012 0.38026714 0.38056416 0.38086118 0.3811582  0.38145522
 0.38175224 0.38204926 0.38234628 0.3826433  0.38294032 0.38323734
 0.38353436 0.38383138 0.3841284  0.38442542 0.38472244 0.38501946
 0.38531648 0.3856135  0.38591052 0.38620754 0.38650456 0.38680158
 0.3870986  0.38739562 0.38769264 0.38798966 0.38828668 0.3885837
 0.38888072 0.38917774 0.38947476 0.38977178 0.3900688  0.39036582
 0.39066284 0.39095986 0.39125688 0.3915539  0.39185092 0.39214794
 0.39244496 0.39274198 0.393039   0.39333602 0.39363304 0.39393006
 0.39422708 0.3945241  0.39482112 0.39511814 0.39541516 0.39571218
 0.3960092  0.39630622 0.39660324 0.39690026 0.39719728 0.3974943
 0.39779132 0.39808834 0.39838536 0.39868238 0.3989794  0.39927642
 0.39957344 0.39987046 0.40016748 0.4004645  0.40076152 0.40105854
 0.40135556 0.40165258 0.4019496  0.40224662 0.40254364 0.40284066
 0.40313768 0.4034347  0.40373172 0.40402874 0.40432576 0.40462278
 0.4049198  0.40521682 0.40551384 0.40581086 0.40610788 0.4064049
 0.40670192 0.40699894 0.40729596 0.40759298 0.40789    0.40818702
 0.40848404 0.40878106 0.40907808 0.4093751  0.40967212 0.40996914
 0.41026616 0.41056318 0.4108602  0.41115722 0.41145424 0.41175126
 0.41204828 0.4123453  0.41264232 0.41293934 0.41323636 0.41353338
 0.4138304  0.41412742 0.41442444 0.41472146 0.41501848 0.4153155
 0.41561252 0.41590954 0.41620656 0.41650358 0.4168006  0.41709762
 0.41739464 0.41769166 0.41798868 0.4182857  0.41858272 0.41887974
 0.41917676 0.41947378 0.4197708  0.42006782 0.42036484 0.42066186
 0.42095888 0.4212559  0.42155292 0.42184994 0.42214696 0.42244398
 0.422741   0.42303802 0.42333504 0.42363206 0.42392908 0.4242261
 0.42452312 0.42482014 0.42511716 0.42541418 0.4257112  0.42600822
 0.42630524 0.42660226 0.42689928 0.4271963  0.42749332 0.42779034
 0.42808736 0.42838438 0.4286814  0.42897842 0.42927544 0.42957246
 0.42986948 0.4301665  0.43046352 0.43076054 0.43105756 0.43135458
 0.4316516  0.43194862 0.43224564 0.43254266 0.43283968 0.4331367
 0.43343372 0.43373074 0.43402776 0.43432478 0.4346218  0.43491882
 0.43521584 0.43551286 0.43580988 0.4361069  0.43640392 0.43670094
 0.43699796 0.43729498 0.437592   0.43788902 0.43818604 0.43848306
 0.43878008 0.4390771  0.43937412 0.43967114 0.43996816 0.44026518
 0.4405622  0.44085922 0.44115624 0.44145326 0.44175028 0.4420473
 0.44234432 0.44264134 0.44293836 0.44323538 0.4435324  0.44382942
 0.44412644 0.44442346 0.44472048 0.4450175  0.44531452 0.44561154
 0.44590856 0.44620558 0.4465026  0.44679962 0.44709664 0.44739366
 0.44769068 0.4479877  0.44828472 0.44858174 0.44887876 0.44917578
 0.4494728  0.44976982 0.45006684 0.45036386 0.45066088 0.4509579
 0.45125492 0.45155194 0.45184896 0.45214598 0.45244301 0.45274003
 0.45303705 0.45333407 0.45363109 0.45392811 0.45422513 0.45452215
 0.45481917 0.45511619 0.45541321 0.45571023 0.45600725 0.45630427
 0.45660129 0.45689831 0.45719533 0.45749235 0.45778937 0.45808639
 0.45838341 0.45868043 0.45897745 0.45927447 0.45957149 0.45986851
 0.46016553 0.46046255 0.46075957 0.46105659 0.46135361 0.46165063
 0.46194765 0.46224467 0.46254169 0.46283871 0.46313573 0.46343275
 0.46372977 0.46402679 0.46432381 0.46462083 0.46491785 0.46521487
 0.46551189 0.46580891 0.46610593 0.46640295 0.46669997 0.46699699
 0.46729401 0.46759103 0.46788805 0.46818507 0.46848209 0.46877911
 0.46907613 0.46937315 0.46967017 0.46996719 0.47026421 0.47056123
 0.47085825 0.47115527 0.47145229 0.47174931 0.47204633 0.47234335
 0.47264037 0.47293739 0.47323441 0.47353143 0.47382845 0.47412547
 0.47442249 0.47471951 0.47501653 0.47531355 0.47561057 0.47590759
 0.47620461 0.47650163 0.47679865 0.47709567 0.47739269 0.47768971
 0.47798673 0.47828375 0.47858077 0.47887779 0.47917481 0.47947183
 0.47976885 0.48006587 0.48036289 0.48065991 0.48095693 0.48125395
 0.48155097 0.48184799 0.48214501 0.48244203 0.48273905 0.48303607
 0.48333309 0.48363011 0.48392713 0.48422415 0.48452117 0.48481819
 0.48511521 0.48541223 0.48570925 0.48600627 0.48630329 0.48660031
 0.48689733 0.48719435 0.48749137 0.48778839 0.48808541 0.48838243
 0.48867945 0.48897647 0.48927349 0.48957051 0.48986753 0.49016455
 0.49046157 0.49075859 0.49105561 0.49135263 0.49164965 0.49194667
 0.49224369 0.49254071 0.49283773 0.49313475 0.49343177 0.49372879
 0.49402581 0.49432283 0.49461985 0.49491687 0.49521389 0.49551091
 0.49580793 0.49610495 0.49640197 0.49669899 0.49699601 0.49729303
 0.49759005 0.49788707 0.49818409 0.49848111 0.49877813 0.49907515
 0.49937217 0.49966919 0.49996621 0.50026323 0.50056025 0.50085727
 0.50115429 0.50145131 0.50174833 0.50204535 0.50234237 0.50263939
 0.50293641 0.50323343 0.50353045 0.50382747 0.50412449 0.50442151
 0.50471853 0.50501555 0.50531257 0.50560959 0.50590661 0.50620363
 0.50650065 0.50679767 0.50709469 0.50739171 0.50768873 0.50798575
 0.50828277 0.50857979 0.50887681 0.50917383 0.50947085 0.50976787
 0.51006489 0.51036191 0.51065893 0.51095595 0.51125297 0.51154999
 0.51184701 0.51214403 0.51244105 0.51273807 0.51303509 0.51333211
 0.51362913 0.51392615 0.51422317 0.51452019 0.51481721 0.51511423
 0.51541125 0.51570827 0.51600529 0.51630231 0.51659933 0.51689635
 0.51719337 0.51749039 0.51778741 0.51808443 0.51838145 0.51867847
 0.51897549 0.51927251 0.51956953 0.51986655 0.52016357 0.52046059
 0.52075761 0.52105463 0.52135165 0.52164867 0.52194569 0.52224271
 0.52253973 0.52283675 0.52313377 0.52343079 0.52372781 0.52402483
 0.52432185 0.52461887 0.52491589 0.52521291 0.52550993 0.52580695
 0.52610397 0.52640099 0.52669801 0.52699503 0.52729205 0.52758907
 0.52788609 0.52818311 0.52848013 0.52877715 0.52907417 0.52937119
 0.52966821 0.52996523 0.53026225 0.53055927 0.53085629 0.53115331
 0.53145033 0.53174735 0.53204437 0.53234139 0.53263841 0.53293543
 0.53323245 0.53352947 0.53382649 0.53412351 0.53442053 0.53471755
 0.53501457 0.53531159 0.53560861 0.53590563 0.53620265 0.53649967
 0.53679669 0.53709371 0.53739073 0.53768775 0.53798477 0.53828179
 0.53857881 0.53887583 0.53917285 0.53946987 0.53976689 0.54006391
 0.54036093 0.54065795 0.54095497 0.54125199 0.54154901 0.54184603
 0.54214305 0.54244007 0.54273709 0.54303411 0.54333113 0.54362815
 0.54392517 0.54422219 0.54451921 0.54481623 0.54511325 0.54541027
 0.54570729 0.54600431 0.54630133 0.54659835 0.54689537 0.54719239
 0.54748941 0.54778643 0.54808345 0.54838047 0.54867749 0.54897451
 0.54927153 0.54956855 0.54986557 0.55016259 0.55045961 0.55075663
 0.55105365 0.55135067 0.55164769 0.55194471 0.55224173 0.55253875
 0.55283577 0.55313279 0.55342981 0.55372683 0.55402385 0.55432087
 0.55461789 0.55491491 0.55521193 0.55550895 0.55580597 0.55610299
 0.55640001 0.55669703 0.55699405 0.55729107 0.55758809 0.55788511
 0.55818213 0.55847915 0.55877617 0.55907319 0.55937021 0.55966723
 0.55996425 0.56026127 0.56055829 0.56085531 0.56115233 0.56144935
 0.56174637 0.56204339 0.56234041 0.56263743 0.56293445 0.56323147
 0.56352849 0.56382551 0.56412253 0.56441955 0.56471657 0.56501359
 0.56531061 0.56560763 0.56590465 0.56620167 0.56649869 0.56679571
 0.56709273 0.56738975 0.56768677 0.56798379 0.56828081 0.56857783
 0.56887485 0.56917187 0.56946889 0.56976591 0.57006293 0.57035995
 0.57065697 0.57095399 0.57125101 0.57154803 0.57184505 0.57214207
 0.57243909 0.57273611 0.57303313 0.57333015 0.57362717 0.57392419
 0.57422121 0.57451823 0.57481525 0.57511227 0.57540929 0.57570631
 0.57600333 0.57630035 0.57659737 0.57689439 0.57719141 0.57748843
 0.57778545 0.57808247 0.57837949 0.57867651 0.57897353 0.57927055
 0.57956757 0.57986459 0.58016161 0.58045863 0.58075565 0.58105267
 0.58134969 0.58164671 0.58194373 0.58224075 0.58253777 0.58283479
 0.58313181 0.58342883 0.58372585 0.58402287 0.58431989 0.58461691
 0.58491393 0.58521095 0.58550797 0.58580499 0.58610201 0.58639903
 0.58669605 0.58699307 0.58729009 0.58758711 0.58788413 0.58818115
 0.58847817 0.58877519 0.58907221 0.58936923 0.58966625 0.58996327
 0.59026029 0.59055731 0.59085433 0.59115135 0.59144837 0.59174539
 0.59204241 0.59233943 0.59263645 0.59293347 0.59323049 0.59352751
 0.59382453 0.59412155 0.59441857 0.59471559 0.59501261 0.59530963
 0.59560665 0.59590367 0.59620069 0.59649771 0.59679473 0.59709175
 0.59738877 0.59768579 0.59798281 0.59827983 0.59857685 0.59887387
 0.59917089 0.59946791 0.59976493 0.60006195 0.60035897 0.60065599
 0.60095302 0.60125004 0.60154706 0.60184408 0.6021411  0.60243812
 0.60273514 0.60303216 0.60332918 0.6036262  0.60392322 0.60422024
 0.60451726 0.60481428 0.6051113  0.60540832 0.60570534 0.60600236
 0.60629938 0.6065964  0.60689342 0.60719044 0.60748746 0.60778448
 0.6080815  0.60837852 0.60867554 0.60897256 0.60926958 0.6095666
 0.60986362 0.61016064 0.61045766 0.61075468 0.6110517  0.61134872
 0.61164574 0.61194276 0.61223978 0.6125368  0.61283382 0.61313084
 0.61342786 0.61372488 0.6140219  0.61431892 0.61461594 0.61491296
 0.61520998 0.615507   0.61580402 0.61610104 0.61639806 0.61669508
 0.6169921  0.61728912 0.61758614 0.61788316 0.61818018 0.6184772
 0.61877422 0.61907124 0.61936826 0.61966528 0.6199623  0.62025932
 0.62055634 0.62085336 0.62115038 0.6214474  0.62174442 0.62204144
 0.62233846 0.62263548 0.6229325  0.62322952 0.62352654 0.62382356
 0.62412058 0.6244176  0.62471462 0.62501164 0.62530866 0.62560568
 0.6259027  0.62619972 0.62649674 0.62679376 0.62709078 0.6273878
 0.62768482 0.62798184 0.62827886 0.62857588 0.6288729  0.62916992
 0.62946694 0.62976396 0.63006098 0.630358   0.63065502 0.63095204
 0.63124906 0.63154608 0.6318431  0.63214012 0.63243714 0.63273416
 0.63303118 0.6333282  0.63362522 0.63392224 0.63421926 0.63451628
 0.6348133  0.63511032 0.63540734 0.63570436 0.63600138 0.6362984
 0.63659542 0.63689244 0.63718946 0.63748648 0.6377835  0.63808052
 0.63837754 0.63867456 0.63897158 0.6392686  0.63956562 0.63986264
 0.64015966 0.64045668 0.6407537  0.64105072 0.64134774 0.64164476
 0.64194178 0.6422388  0.64253582 0.64283284 0.64312986 0.64342688
 0.6437239  0.64402092 0.64431794 0.64461496 0.64491198 0.645209
 0.64550602 0.64580304 0.64610006 0.64639708 0.6466941  0.64699112
 0.64728814 0.64758516 0.64788218 0.6481792  0.64847622 0.64877324
 0.64907026 0.64936728 0.6496643  0.64996132 0.65025834 0.65055536
 0.65085238 0.6511494  0.65144642 0.65174344 0.65204046 0.65233748
 0.6526345  0.65293152 0.65322854 0.65352556 0.65382258 0.6541196
 0.65441662 0.65471364 0.65501066 0.65530768 0.6556047  0.65590172
 0.65619874 0.65649576 0.65679278 0.6570898  0.65738682 0.65768384
 0.65798086 0.65827788 0.6585749  0.65887192 0.65916894 0.65946596
 0.65976298 0.66006    0.66035702 0.66065404 0.66095106 0.66124808
 0.6615451  0.66184212 0.66213914 0.66243616 0.66273318 0.6630302
 0.66332722 0.66362424 0.66392126 0.66421828 0.6645153  0.66481232
 0.66510934 0.66540636 0.66570338 0.6660004  0.66629742 0.66659444
 0.66689146 0.66718848 0.6674855  0.66778252 0.66807954 0.66837656
 0.66867358 0.6689706  0.66926762 0.66956464 0.66986166 0.67015868
 0.6704557  0.67075272 0.67104974 0.67134676 0.67164378 0.6719408
 0.67223782 0.67253484 0.67283186 0.67312888 0.6734259  0.67372292
 0.67401994 0.67431696 0.67461398 0.674911  ]","[ 0.42256322  0.42813857  0.43377723  0.43947976  0.44524675  0.45107875
  0.45697635  0.46294012  0.46897064  0.47506849  0.48123426  0.48746854
  0.49377192  0.50014499  0.50658835  0.51310259  0.51968833  0.52634616
  0.53307669  0.53988053  0.54675829  0.55371059  0.56073804  0.56784127
  0.5750209   0.58227754  0.58961183  0.5970244   0.60451588  0.6120869
  0.6197381   0.62747012  0.6352836   0.64317917  0.6511575   0.65921921
  0.66736497  0.67559542  0.68391122  0.69231302  0.70080148  0.70937726
  0.71804102  0.72679341  0.73563512  0.74456679  0.75358911  0.76270274
  0.77190834  0.7812066   0.79059819  0.80008377  0.80966404  0.81933967
  0.82911133  0.83897971  0.8489455   0.85900936  0.869172    0.87943409
  0.88979632  0.90025938  0.91082395  0.92149073  0.9322604   0.94313366
  0.9541112   0.96519371  0.97638188  0.9876764   0.99907797  1.01058729
  1.02220504  1.03393193  1.04576864  1.05771587  1.06977432  1.08194468
  1.09422764  1.1066239   1.11913416  1.13175911  1.14449945  1.15735585
  1.17032903  1.18341967  1.19662847  1.20995611  1.22340328  1.23697068
  1.250659    1.26446892  1.27840112  1.2924563   1.30663514  1.32093832
  1.33536652  1.34992042  1.36460071  1.37940805  1.39434313  1.40940661
  1.42459918  1.43992149  1.45537422  1.47095803  1.48667358  1.50252154
  1.51850257  1.53461732  1.55086644  1.56725058  1.58377041  1.60042655
  1.61721965  1.63415035  1.65121929  1.66842711  1.68577442  1.70326186
  1.72089005  1.73865961  1.75657116  1.7746253   1.79282265  1.81116381
  1.82964939  1.84827996  1.86705614  1.8859785   1.90504763  1.92426411
  1.94362851  1.9631414   1.98280334  2.0026149   2.02257662  2.04268906
  2.06295276  2.08336826  2.10393609  2.12465678  2.14553085  2.16655881
  2.18774119  2.20907847  2.23057115  2.25221974  2.27402471  2.29598655
  2.31810572  2.34038269  2.36281792  2.38541186  2.40816496  2.43107765
  2.45415037  2.47738354  2.50077757  2.52433287  2.54804985  2.5719289
  2.5959704   2.62017473  2.64454226  2.66907335  2.69376835  2.71862761
  2.74365146  2.76884023  2.79419424  2.8197138   2.84539921  2.87125076
  2.89726873  2.9234534   2.94980503  2.97632387  3.00301017  3.02986417
  3.05688608  3.08407613  3.11143452  3.13896144  3.16665709  3.19452162
  3.22255521  3.25075801  3.27913017  3.3076718   3.33638305  3.36526401
  3.39431478  3.42353545  3.4529261   3.48248679  3.51221757  3.54211849
  3.57218958  3.60243084  3.6328423   3.66342394  3.69417575  3.72509768
  3.75618971  3.78745178  3.81888381  3.85048572  3.88225743  3.91419883
  3.94630979  3.97859019  4.01103988  4.0436587   4.07644647  4.10940302
  4.14252814  4.17582163  4.20928325  4.24291276  4.27670992  4.31067445
  4.34480607  4.37910448  4.41356938  4.44820044  4.48299733  4.51795968
  4.55308713  4.58837929  4.62383578  4.65945618  4.69524006  4.73118698
  4.76729648  4.80356809  4.84000133  4.87659569  4.91335066  4.95026569
  4.98734026  5.02457378  5.06196568  5.09951538  5.13722224  5.17508566
  5.21310499  5.25127957  5.28960873  5.32809177  5.366728    5.40551669
  5.44445711  5.4835485   5.52279008  5.56218109  5.6017207   5.64140811
  5.68124248  5.72122297  5.76134869  5.80161877  5.8420323   5.88258838
  5.92328607  5.96412441  6.00510244  6.04621918  6.08747363  6.12886477
  6.17039157  6.21205298  6.25384793  6.29577534  6.33783411  6.38002313
  6.42234126  6.46478735  6.50736023  6.55005873  6.59288164  6.63582774
  6.67889581  6.72208459  6.76539281  6.8088192   6.85236244  6.89602124
  6.93979424  6.98368011  7.02767748  7.07178496  7.11600115  7.16032464
  7.20475399  7.24928776  7.29392449  7.33866268  7.38350084  7.42843747
  7.47347101  7.51859994  7.56382269  7.60913768  7.65454331  7.70003797
  7.74562004  7.79128787  7.83703981  7.88287417  7.92878928  7.97478343
  8.02085489  8.06700192  8.11322279  8.15951571  8.20587891  8.25231059
  8.29880893  8.34537211  8.39199829  8.43868561  8.4854322   8.53223617
  8.57909562  8.62600863  8.67297328  8.71998761  8.76704969  8.81415752
  8.86130912  8.9085025   8.95573565  9.00300652  9.0503131   9.09765331
  9.1450251   9.19242638  9.23985507  9.28730905  9.33478622  9.38228443
  9.42980154  9.47733541  9.52488386  9.57244472  9.62001579  9.66759487
  9.71517974  9.76276819  9.81035797  9.85794684  9.90553254  9.95311281
 10.00068535 10.04824788 10.0957981  10.1433337  10.19085236 10.23835175
 10.28582953 10.33328336 10.38071087 10.42810969 10.47547746 10.52281178
 10.57011027 10.61737052 10.66459013 10.71176668 10.75889774 10.80598088
 10.85301366 10.89999364 10.94691836 10.99378537 11.04059219 11.08733636
 11.13401539 11.18062681 11.22716811 11.27363682 11.32003041 11.3663464
 11.41258227 11.4587355  11.50480358 11.55078398 11.59667417 11.64247162
 11.68817381 11.73377819 11.77928221 11.82468335 11.86997905 11.91516676
 11.96024393 12.00520802 12.05005646 12.0947867  12.1393962  12.18388238
 12.22824269 12.27247458 12.31657548 12.36054284 12.4043741  12.4480667
 12.49161809 12.5350257  12.578287   12.62139941 12.6643604  12.70716742
 12.74981791 12.79230933 12.83463915 12.87680482 12.91880382 12.9606336
 13.00229164 13.04377541 13.08508241 13.12621011 13.167156   13.20791759
 13.24849236 13.28887782 13.3290715  13.3690709  13.40887355 13.44847698
 13.48787873 13.52707633 13.56606736 13.60484936 13.6434199  13.68177656
 13.71991691 13.75783856 13.79553911 13.83301616 13.87026734 13.90729027
 13.94408259 13.98064195 14.01696602 14.05305246 14.08889895 14.12450319
 14.15986287 14.19497572 14.22983946 14.26445183 14.29881058 14.33291347
 14.36675828 14.40034281 14.43366484 14.46672221 14.49951273 14.53203426
 14.56428465 14.59626177 14.62796352 14.65938779 14.69053251 14.72139559
 14.75197501 14.78226871 14.81227467 14.84199091 14.87141542 14.90054624
 14.92938142 14.95791901 14.98615711 15.01409381 15.04172722 15.06905549
 15.09607676 15.12278921 15.14919102 15.17528041 15.20105561 15.22651486
 15.25165642 15.2764786  15.30097968 15.325158   15.34901191 15.37253977
 15.39573997 15.41861092 15.44115104 15.4633588  15.48523265 15.5067711
 15.52797265 15.54883585 15.56935926 15.58954145 15.60938103 15.62887663
 15.64802689 15.66683049 15.68528611 15.70339249 15.72114835 15.73855246
 15.75560362 15.77230062 15.78864232 15.80462756 15.82025523 15.83552424
 15.85043351 15.86498202 15.87916873 15.89299265 15.90645282 15.91954829
 15.93227814 15.94464147 15.95663742 15.96826515 15.97952383 15.99041268
 16.00093092 16.01107782 16.02085266 16.03025475 16.03928343 16.04793806
 16.05621804 16.06412277 16.0716517  16.07880429 16.08558005 16.09197848
 16.09799915 16.10364162 16.10890549 16.1137904  16.11829599 16.12242195
 16.12616798 16.12953382 16.13251923 16.135124   16.13734795 16.13919091
 16.14065276 16.1417334  16.14243274 16.14275073 16.14268737 16.14224264
 16.14141658 16.14020925 16.13862073 16.13665115 16.13430062 16.13156934
 16.12845747 16.12496526 16.12109294 16.11684079 16.11220911 16.10719823
 16.10180849 16.0960403  16.08989404 16.08337016 16.07646912 16.06919141
 16.06153753 16.05350804 16.04510349 16.03632448 16.02717164 16.0176456
 16.00774704 15.99747665 15.98683517 15.97582333 15.96444192 15.95269173
 15.9405736  15.92808836 15.91523691 15.90202014 15.88843899 15.87449439
 15.86018734 15.84551883 15.83048989 15.81510157 15.79935495 15.78325113
 15.76679123 15.7499764  15.73280782 15.71528668 15.69741419 15.67919162
 15.66062021 15.64170126 15.62243609 15.60282603 15.58287244 15.5625767
 15.54194021 15.52096441 15.49965073 15.47800066 15.45601567 15.4336973
 15.41104706 15.38806652 15.36475725 15.34112086 15.31715896 15.29287319
 15.26826522 15.24333672 15.21808939 15.19252495 15.16664514 15.14045173
 15.11394649 15.08713121 15.06000771 15.03257783 15.00484342 14.97680636
 14.94846852 14.91983182 14.89089818 14.86166954 14.83214786 14.80233512
 14.77223331 14.74184444 14.71117053 14.68021362 14.64897578 14.61745906
 14.58566557 14.5535974  14.52125667 14.48864551 14.45576606 14.4226205
 14.38921099 14.35553973 14.3216089  14.28742074 14.25297746 14.2182813
 14.18333453 14.1481394  14.11269819 14.07701319 14.0410867  14.00492104
 13.96851852 13.93188148 13.89501226 13.85791321 13.82058671 13.78303513
 13.74526084 13.70726624 13.66905373 13.63062573 13.59198465 13.55313291
 13.51407297 13.47480724 13.4353382  13.39566829 13.35579999 13.31573575
 13.27547806 13.23502941 13.19439228 13.15356917 13.11256258 13.07137502
 13.03000899 12.98846703 12.94675163 12.90486534 12.86281067 12.82059017
 12.77820637 12.7356618  12.69295901 12.65010054 12.60708895 12.56392677
 12.52061657 12.47716089 12.43356229 12.38982333 12.34594656 12.30193454
 12.25778982 12.21351497 12.16911255 12.1245851  12.0799352  12.03516539
 11.99027823 11.94527628 11.90016209 11.85493821 11.8096072  11.76417158
 11.71863393 11.67299676 11.62726264 11.58143408 11.53551363 11.48950381
 11.44340716 11.39722619 11.35096342 11.30462136 11.25820252 11.21170942
 11.16514454 11.11851037 11.07180942 11.02504416 10.97821706 10.9313306
 10.88438724 10.83738944 10.79033965 10.74324032 10.69609387 10.64890275
 10.60166936 10.55439614 10.50708548 10.45973977 10.41236142 10.3649528
 10.31751628 10.27005424 10.22256902 10.17506296 10.12753841 10.0799977
 10.03244313  9.98487701  9.93730166  9.88971933  9.84213233  9.79454291
  9.74695332  9.69936581  9.65178261  9.60420595  9.55663803  9.50908106
  9.46153721  9.41400867  9.3664976   9.31900614  9.27153645  9.22409064
  9.17667082  9.12927911  9.08191759  9.03458832  8.98729338  8.94003482
  8.89281467  8.84563495  8.79849767  8.75140482  8.7043584   8.65736035
  8.61041265  8.56351723  8.516676    8.46989089  8.42316379  8.37649659
  8.32989114  8.28334929  8.2368729   8.19046378  8.14412374  8.09785457
  8.05165804  8.00553593  7.95948997  7.9135219   7.86763343  7.82182627
  7.7761021   7.73046259  7.68490938  7.63944413  7.59406844  7.54878394
  7.50359219  7.45849479  7.41349328  7.36858921  7.3237841   7.27907946
  7.23447679  7.18997755  7.14558322  7.10129523  7.05711501  7.01304397
  6.9690835   6.92523499  6.88149979  6.83787925  6.79437469  6.75098743
  6.70771876  6.66456995  6.62154228  6.57863698  6.53585528  6.4931984
  6.45066752  6.40826383  6.36598848  6.32384262  6.28182738  6.23994386
  6.19819317  6.15657638  6.11509455  6.07374872  6.03253992  5.99146916
  5.95053745  5.90974574  5.86909501  5.8285862   5.78822024  5.74799803
  5.70792048  5.66798846  5.62820283  5.58856444  5.54907412  5.50973268
  5.47054093  5.43149963  5.39260955  5.35387144  5.31528604  5.27685406
  5.23857619  5.20045313  5.16248555  5.12467408  5.08701938  5.04952205
  5.01218272  4.97500196  4.93798035  4.90111844  4.86441679  4.82787592
  4.79149634  4.75527854  4.71922302  4.68333023  4.64760064  4.61203466
  4.57663273  4.54139526  4.50632264  4.47141523  4.43667342  4.40209754
  4.36768793  4.33344491  4.29936879  4.26545985  4.23171838  4.19814463
  4.16473886  4.1315013   4.09843217  4.06553169  4.03280004  4.00023741
  3.96784397  3.93561986  3.90356523  3.87168021  3.83996492  3.80841945
  3.77704389  3.74583833  3.71480282  3.68393742  3.65324216  3.62271707
  3.59236217  3.56217746  3.53216293  3.50231855  3.4726443   3.44314012
  3.41380597  3.38464177  3.35564744  3.32682289  3.29816802  3.26968272
  3.24136686  3.21322031  3.18524292  3.15743453  3.12979498  3.10232408
  3.07502166  3.04788751  3.02092142  2.99412318  2.96749255  2.9410293
  2.91473319  2.88860395  2.86264131  2.836845    2.81121474  2.78575023
  2.76045117  2.73531724  2.71034812  2.68554349  2.660903    2.6364263
  2.61211305  2.58796287  2.5639754   2.54015026  2.51648705  2.49298538
  2.46964485  2.44646505  2.42344556  2.40058595  2.37788579  2.35534464
  2.33296206  2.31073758  2.28867075  2.26676109  2.24500815  2.22341142
  2.20197043  2.18068469  2.15955369  2.13857692  2.11775388  2.09708405
  2.0765669   2.05620191  2.03598853  2.01592624  1.99601448  1.97625271
  1.95664036  1.93717688  1.9178617   1.89869425  1.87967396  1.86080024
  1.84207252  1.82349019  1.80505268  1.78675938  1.76860968  1.75060299
  1.7327387   1.71501619  1.69743484  1.67999404  1.66269315  1.64553156
  1.62850863  1.61162372  1.59487621  1.57826544]",restricted_age_optimal,True,True,True,10,1,constraints_[4]_remained,87.32478614317547,85.26039995409337,89.38917233225757,1.0532776139590916,1.9026402015739121,1.857661171811598,1.9476192313362257,0.02294890626414698,1.9025992596336279,1.8576211977520247,1.9475773215152306,0.022948412438383664,0.9107424044408992,0.9054988926855242,0.9157663090855548,0.0026189295095577964,large
0.41177,0.68426,0.60607,0.0493432810839772,2144,100.0,"[0.41177    0.43654182 0.46131364 0.48608545 0.51085727 0.53562909
 0.56040091 0.58517273 0.60994455 0.63471636 0.65948818 0.68426   ]","[ 0.37313433  0.65298507  1.5858209   4.61753731  9.65485075  9.84141791
  9.56156716 18.33022388 25.41977612 16.74440299  3.21828358]",0.025,11,normal,0.5920054911380597,"[0.41177    0.41204276 0.41231553 0.41258829 0.41286105 0.41313381
 0.41340658 0.41367934 0.4139521  0.41422486 0.41449763 0.41477039
 0.41504315 0.41531592 0.41558868 0.41586144 0.4161342  0.41640697
 0.41667973 0.41695249 0.41722526 0.41749802 0.41777078 0.41804354
 0.41831631 0.41858907 0.41886183 0.41913459 0.41940736 0.41968012
 0.41995288 0.42022565 0.42049841 0.42077117 0.42104393 0.4213167
 0.42158946 0.42186222 0.42213498 0.42240775 0.42268051 0.42295327
 0.42322604 0.4234988  0.42377156 0.42404432 0.42431709 0.42458985
 0.42486261 0.42513538 0.42540814 0.4256809  0.42595366 0.42622643
 0.42649919 0.42677195 0.42704471 0.42731748 0.42759024 0.427863
 0.42813577 0.42840853 0.42868129 0.42895405 0.42922682 0.42949958
 0.42977234 0.43004511 0.43031787 0.43059063 0.43086339 0.43113616
 0.43140892 0.43168168 0.43195444 0.43222721 0.43249997 0.43277273
 0.4330455  0.43331826 0.43359102 0.43386378 0.43413655 0.43440931
 0.43468207 0.43495483 0.4352276  0.43550036 0.43577312 0.43604589
 0.43631865 0.43659141 0.43686417 0.43713694 0.4374097  0.43768246
 0.43795523 0.43822799 0.43850075 0.43877351 0.43904628 0.43931904
 0.4395918  0.43986456 0.44013733 0.44041009 0.44068285 0.44095562
 0.44122838 0.44150114 0.4417739  0.44204667 0.44231943 0.44259219
 0.44286495 0.44313772 0.44341048 0.44368324 0.44395601 0.44422877
 0.44450153 0.44477429 0.44504706 0.44531982 0.44559258 0.44586535
 0.44613811 0.44641087 0.44668363 0.4469564  0.44722916 0.44750192
 0.44777468 0.44804745 0.44832021 0.44859297 0.44886574 0.4491385
 0.44941126 0.44968402 0.44995679 0.45022955 0.45050231 0.45077508
 0.45104784 0.4513206  0.45159336 0.45186613 0.45213889 0.45241165
 0.45268441 0.45295718 0.45322994 0.4535027  0.45377547 0.45404823
 0.45432099 0.45459375 0.45486652 0.45513928 0.45541204 0.4556848
 0.45595757 0.45623033 0.45650309 0.45677586 0.45704862 0.45732138
 0.45759414 0.45786691 0.45813967 0.45841243 0.4586852  0.45895796
 0.45923072 0.45950348 0.45977625 0.46004901 0.46032177 0.46059453
 0.4608673  0.46114006 0.46141282 0.46168559 0.46195835 0.46223111
 0.46250387 0.46277664 0.4630494  0.46332216 0.46359492 0.46386769
 0.46414045 0.46441321 0.46468598 0.46495874 0.4652315  0.46550426
 0.46577703 0.46604979 0.46632255 0.46659532 0.46686808 0.46714084
 0.4674136  0.46768637 0.46795913 0.46823189 0.46850465 0.46877742
 0.46905018 0.46932294 0.46959571 0.46986847 0.47014123 0.47041399
 0.47068676 0.47095952 0.47123228 0.47150505 0.47177781 0.47205057
 0.47232333 0.4725961  0.47286886 0.47314162 0.47341438 0.47368715
 0.47395991 0.47423267 0.47450544 0.4747782  0.47505096 0.47532372
 0.47559649 0.47586925 0.47614201 0.47641477 0.47668754 0.4769603
 0.47723306 0.47750583 0.47777859 0.47805135 0.47832411 0.47859688
 0.47886964 0.4791424  0.47941517 0.47968793 0.47996069 0.48023345
 0.48050622 0.48077898 0.48105174 0.4813245  0.48159727 0.48187003
 0.48214279 0.48241556 0.48268832 0.48296108 0.48323384 0.48350661
 0.48377937 0.48405213 0.48432489 0.48459766 0.48487042 0.48514318
 0.48541595 0.48568871 0.48596147 0.48623423 0.486507   0.48677976
 0.48705252 0.48732529 0.48759805 0.48787081 0.48814357 0.48841634
 0.4886891  0.48896186 0.48923462 0.48950739 0.48978015 0.49005291
 0.49032568 0.49059844 0.4908712  0.49114396 0.49141673 0.49168949
 0.49196225 0.49223502 0.49250778 0.49278054 0.4930533  0.49332607
 0.49359883 0.49387159 0.49414435 0.49441712 0.49468988 0.49496264
 0.49523541 0.49550817 0.49578093 0.49605369 0.49632646 0.49659922
 0.49687198 0.49714474 0.49741751 0.49769027 0.49796303 0.4982358
 0.49850856 0.49878132 0.49905408 0.49932685 0.49959961 0.49987237
 0.50014514 0.5004179  0.50069066 0.50096342 0.50123619 0.50150895
 0.50178171 0.50205447 0.50232724 0.5026     0.50287276 0.50314553
 0.50341829 0.50369105 0.50396381 0.50423658 0.50450934 0.5047821
 0.50505486 0.50532763 0.50560039 0.50587315 0.50614592 0.50641868
 0.50669144 0.5069642  0.50723697 0.50750973 0.50778249 0.50805526
 0.50832802 0.50860078 0.50887354 0.50914631 0.50941907 0.50969183
 0.50996459 0.51023736 0.51051012 0.51078288 0.51105565 0.51132841
 0.51160117 0.51187393 0.5121467  0.51241946 0.51269222 0.51296498
 0.51323775 0.51351051 0.51378327 0.51405604 0.5143288  0.51460156
 0.51487432 0.51514709 0.51541985 0.51569261 0.51596538 0.51623814
 0.5165109  0.51678366 0.51705643 0.51732919 0.51760195 0.51787471
 0.51814748 0.51842024 0.518693   0.51896577 0.51923853 0.51951129
 0.51978405 0.52005682 0.52032958 0.52060234 0.52087511 0.52114787
 0.52142063 0.52169339 0.52196616 0.52223892 0.52251168 0.52278444
 0.52305721 0.52332997 0.52360273 0.5238755  0.52414826 0.52442102
 0.52469378 0.52496655 0.52523931 0.52551207 0.52578483 0.5260576
 0.52633036 0.52660312 0.52687589 0.52714865 0.52742141 0.52769417
 0.52796694 0.5282397  0.52851246 0.52878523 0.52905799 0.52933075
 0.52960351 0.52987628 0.53014904 0.5304218  0.53069456 0.53096733
 0.53124009 0.53151285 0.53178562 0.53205838 0.53233114 0.5326039
 0.53287667 0.53314943 0.53342219 0.53369495 0.53396772 0.53424048
 0.53451324 0.53478601 0.53505877 0.53533153 0.53560429 0.53587706
 0.53614982 0.53642258 0.53669535 0.53696811 0.53724087 0.53751363
 0.5377864  0.53805916 0.53833192 0.53860468 0.53887745 0.53915021
 0.53942297 0.53969574 0.5399685  0.54024126 0.54051402 0.54078679
 0.54105955 0.54133231 0.54160508 0.54187784 0.5421506  0.54242336
 0.54269613 0.54296889 0.54324165 0.54351441 0.54378718 0.54405994
 0.5443327  0.54460547 0.54487823 0.54515099 0.54542375 0.54569652
 0.54596928 0.54624204 0.5465148  0.54678757 0.54706033 0.54733309
 0.54760586 0.54787862 0.54815138 0.54842414 0.54869691 0.54896967
 0.54924243 0.5495152  0.54978796 0.55006072 0.55033348 0.55060625
 0.55087901 0.55115177 0.55142453 0.5516973  0.55197006 0.55224282
 0.55251559 0.55278835 0.55306111 0.55333387 0.55360664 0.5538794
 0.55415216 0.55442492 0.55469769 0.55497045 0.55524321 0.55551598
 0.55578874 0.5560615  0.55633426 0.55660703 0.55687979 0.55715255
 0.55742532 0.55769808 0.55797084 0.5582436  0.55851637 0.55878913
 0.55906189 0.55933465 0.55960742 0.55988018 0.56015294 0.56042571
 0.56069847 0.56097123 0.56124399 0.56151676 0.56178952 0.56206228
 0.56233505 0.56260781 0.56288057 0.56315333 0.5634261  0.56369886
 0.56397162 0.56424438 0.56451715 0.56478991 0.56506267 0.56533544
 0.5656082  0.56588096 0.56615372 0.56642649 0.56669925 0.56697201
 0.56724477 0.56751754 0.5677903  0.56806306 0.56833583 0.56860859
 0.56888135 0.56915411 0.56942688 0.56969964 0.5699724  0.57024517
 0.57051793 0.57079069 0.57106345 0.57133622 0.57160898 0.57188174
 0.5721545  0.57242727 0.57270003 0.57297279 0.57324556 0.57351832
 0.57379108 0.57406384 0.57433661 0.57460937 0.57488213 0.57515489
 0.57542766 0.57570042 0.57597318 0.57624595 0.57651871 0.57679147
 0.57706423 0.577337   0.57760976 0.57788252 0.57815529 0.57842805
 0.57870081 0.57897357 0.57924634 0.5795191  0.57979186 0.58006462
 0.58033739 0.58061015 0.58088291 0.58115568 0.58142844 0.5817012
 0.58197396 0.58224673 0.58251949 0.58279225 0.58306502 0.58333778
 0.58361054 0.5838833  0.58415607 0.58442883 0.58470159 0.58497435
 0.58524712 0.58551988 0.58579264 0.58606541 0.58633817 0.58661093
 0.58688369 0.58715646 0.58742922 0.58770198 0.58797474 0.58824751
 0.58852027 0.58879303 0.5890658  0.58933856 0.58961132 0.58988408
 0.59015685 0.59042961 0.59070237 0.59097514 0.5912479  0.59152066
 0.59179342 0.59206619 0.59233895 0.59261171 0.59288447 0.59315724
 0.59343    0.59370276 0.59397553 0.59424829 0.59452105 0.59479381
 0.59506658 0.59533934 0.5956121  0.59588486 0.59615763 0.59643039
 0.59670315 0.59697592 0.59724868 0.59752144 0.5977942  0.59806697
 0.59833973 0.59861249 0.59888526 0.59915802 0.59943078 0.59970354
 0.59997631 0.60024907 0.60052183 0.60079459 0.60106736 0.60134012
 0.60161288 0.60188565 0.60215841 0.60243117 0.60270393 0.6029767
 0.60324946 0.60352222 0.60379498 0.60406775 0.60434051 0.60461327
 0.60488604 0.6051588  0.60543156 0.60570432 0.60597709 0.60624985
 0.60652261 0.60679538 0.60706814 0.6073409  0.60761366 0.60788643
 0.60815919 0.60843195 0.60870471 0.60897748 0.60925024 0.609523
 0.60979577 0.61006853 0.61034129 0.61061405 0.61088682 0.61115958
 0.61143234 0.61170511 0.61197787 0.61225063 0.61252339 0.61279616
 0.61306892 0.61334168 0.61361444 0.61388721 0.61415997 0.61443273
 0.6147055  0.61497826 0.61525102 0.61552378 0.61579655 0.61606931
 0.61634207 0.61661483 0.6168876  0.61716036 0.61743312 0.61770589
 0.61797865 0.61825141 0.61852417 0.61879694 0.6190697  0.61934246
 0.61961523 0.61988799 0.62016075 0.62043351 0.62070628 0.62097904
 0.6212518  0.62152456 0.62179733 0.62207009 0.62234285 0.62261562
 0.62288838 0.62316114 0.6234339  0.62370667 0.62397943 0.62425219
 0.62452495 0.62479772 0.62507048 0.62534324 0.62561601 0.62588877
 0.62616153 0.62643429 0.62670706 0.62697982 0.62725258 0.62752535
 0.62779811 0.62807087 0.62834363 0.6286164  0.62888916 0.62916192
 0.62943468 0.62970745 0.62998021 0.63025297 0.63052574 0.6307985
 0.63107126 0.63134402 0.63161679 0.63188955 0.63216231 0.63243508
 0.63270784 0.6329806  0.63325336 0.63352613 0.63379889 0.63407165
 0.63434441 0.63461718 0.63488994 0.6351627  0.63543547 0.63570823
 0.63598099 0.63625375 0.63652652 0.63679928 0.63707204 0.6373448
 0.63761757 0.63789033 0.63816309 0.63843586 0.63870862 0.63898138
 0.63925414 0.63952691 0.63979967 0.64007243 0.6403452  0.64061796
 0.64089072 0.64116348 0.64143625 0.64170901 0.64198177 0.64225453
 0.6425273  0.64280006 0.64307282 0.64334559 0.64361835 0.64389111
 0.64416387 0.64443664 0.6447094  0.64498216 0.64525492 0.64552769
 0.64580045 0.64607321 0.64634598 0.64661874 0.6468915  0.64716426
 0.64743703 0.64770979 0.64798255 0.64825532 0.64852808 0.64880084
 0.6490736  0.64934637 0.64961913 0.64989189 0.65016465 0.65043742
 0.65071018 0.65098294 0.65125571 0.65152847 0.65180123 0.65207399
 0.65234676 0.65261952 0.65289228 0.65316505 0.65343781 0.65371057
 0.65398333 0.6542561  0.65452886 0.65480162 0.65507438 0.65534715
 0.65561991 0.65589267 0.65616544 0.6564382  0.65671096 0.65698372
 0.65725649 0.65752925 0.65780201 0.65807477 0.65834754 0.6586203
 0.65889306 0.65916583 0.65943859 0.65971135 0.65998411 0.66025688
 0.66052964 0.6608024  0.66107517 0.66134793 0.66162069 0.66189345
 0.66216622 0.66243898 0.66271174 0.6629845  0.66325727 0.66353003
 0.66380279 0.66407556 0.66434832 0.66462108 0.66489384 0.66516661
 0.66543937 0.66571213 0.66598489 0.66625766 0.66653042 0.66680318
 0.66707595 0.66734871 0.66762147 0.66789423 0.668167   0.66843976
 0.66871252 0.66898529 0.66925805 0.66953081 0.66980357 0.67007634
 0.6703491  0.67062186 0.67089462 0.67116739 0.67144015 0.67171291
 0.67198568 0.67225844 0.6725312  0.67280396 0.67307673 0.67334949
 0.67362225 0.67389502 0.67416778 0.67444054 0.6747133  0.67498607
 0.67525883 0.67553159 0.67580435 0.67607712 0.67634988 0.67662264
 0.67689541 0.67716817 0.67744093 0.67771369 0.67798646 0.67825922
 0.67853198 0.67880474 0.67907751 0.67935027 0.67962303 0.6798958
 0.68016856 0.68044132 0.68071408 0.68098685 0.68125961 0.68153237
 0.68180514 0.6820779  0.68235066 0.68262342 0.68289619 0.68316895
 0.68344171 0.68371447 0.68398724 0.68426   ]","[ 0.02537682  0.02589403  0.02642097  0.02695781  0.02750472  0.02806187
  0.02862943  0.02920758  0.02979649  0.03039634  0.03100733  0.03162963
  0.03226343  0.03290892  0.03356631  0.03423578  0.03491754  0.03561178
  0.03631872  0.03703856  0.03777152  0.0385178   0.03927762  0.04005121
  0.04083879  0.04164058  0.04245682  0.04328774  0.04413356  0.04499454
  0.04587092  0.04676293  0.04767084  0.04859488  0.04953533  0.05049243
  0.05146645  0.05245766  0.05346633  0.05449272  0.05553712  0.05659981
  0.05768107  0.05878119  0.05990046  0.06103918  0.06219764  0.06337616
  0.06457503  0.06579457  0.06703509  0.06829692  0.06958037  0.07088577
  0.07221346  0.07356377  0.07493704  0.07633361  0.07775383  0.07919805
  0.08066664  0.08215995  0.08367834  0.08522219  0.08679188  0.08838777
  0.09001026  0.09165973  0.09333658  0.0950412   0.09677399  0.09853536
  0.10032573  0.10214551  0.10399511  0.10587498  0.10778553  0.1097272
  0.11170044  0.11370569  0.1157434   0.11781403  0.11991804  0.12205589
  0.12422806  0.12643502  0.12867726  0.13095526  0.13326951  0.13562052
  0.13800879  0.14043482  0.14289913  0.14540225  0.14794469  0.15052698
  0.15314967  0.15581329  0.15851839  0.16126553  0.16405527  0.16688816
  0.16976479  0.17268572  0.17565154  0.17866284  0.18172021  0.18482425
  0.18797557  0.19117478  0.1944225   0.19771934  0.20106595  0.20446296
  0.207911    0.21141073  0.2149628   0.21856788  0.22222662  0.22593971
  0.22970782  0.23353163  0.23741184  0.24134915  0.24534426  0.24939787
  0.25351072  0.25768352  0.26191699  0.26621189  0.27056894  0.27498891
  0.27947253  0.28402059  0.28863383  0.29331304  0.29805901  0.30287251
  0.30775434  0.3127053   0.31772621  0.32281786  0.32798109  0.33321672
  0.33852558  0.34390851  0.34936636  0.35489999  0.36051024  0.36619799
  0.37196411  0.37780948  0.38373498  0.38974151  0.39582996  0.40200124
  0.40825625  0.41459593  0.42102118  0.42753295  0.43413217  0.44081977
  0.44759672  0.45446397  0.46142248  0.46847322  0.47561716  0.48285529
  0.49018859  0.49761806  0.5051447   0.51276951  0.52049351  0.52831771
  0.53624315  0.54427084  0.55240183  0.56063715  0.56897787  0.57742502
  0.58597968  0.59464291  0.60341577  0.61229935  0.62129474  0.63040301
  0.63962526  0.6489626   0.65841613  0.66798695  0.67767619  0.68748496
  0.6974144   0.70746563  0.71763979  0.72793802  0.73836147  0.74891129
  0.75958864  0.77039467  0.78133056  0.79239747  0.80359658  0.81492906
  0.82639611  0.8379989   0.84973863  0.8616165   0.8736337   0.88579145
  0.89809094  0.91053338  0.92312001  0.93585202  0.94873065  0.96175711
  0.97493265  0.98825848  1.00173584  1.01536598  1.02915012  1.04308952
  1.05718542  1.07143906  1.0858517   1.10042458  1.11515897  1.13005611
  1.14511727  1.1603437   1.17573667  1.19129744  1.20702727  1.22292742
  1.23899917  1.25524377  1.2716625   1.28825662  1.3050274   1.32197611
  1.33910402  1.35641239  1.3739025   1.39157561  1.40943298  1.42747589
  1.4457056   1.46412337  1.48273047  1.50152816  1.5205177   1.53970034
  1.55907735  1.57864998  1.59841947  1.61838709  1.63855408  1.65892167
  1.67949112  1.70026366  1.72124052  1.74242294  1.76381214  1.78540935
  1.80721578  1.82923265  1.85146118  1.87390255  1.89655799  1.91942867
  1.94251579  1.96582054  1.98934409  2.01308761  2.03705227  2.06123924
  2.08564965  2.11028466  2.1351454   2.16023302  2.18554862  2.21109333
  2.23686825  2.26287448  2.28911312  2.31558524  2.34229192  2.36923422
  2.39641319  2.42382989  2.45148534  2.47938058  2.5075166   2.53589442
  2.56451503  2.59337942  2.62248854  2.65184336  2.68144482  2.71129386
  2.7413914   2.77173835  2.80233561  2.83318405  2.86428456  2.89563797
  2.92724514  2.95910689  2.99122404  3.02359738  3.0562277   3.08911577
  3.12226234  3.15566814  3.1893339   3.22326032  3.2574481   3.29189789
  3.32661037  3.36158615  3.39682588  3.43233013  3.46809951  3.50413458
  3.54043587  3.57700393  3.61383926  3.65094234  3.68831366  3.72595365
  3.76386275  3.80204137  3.8404899   3.8792087   3.91819812  3.95745849
  3.99699011  4.03679327  4.07686821  4.11721518  4.1578344   4.19872604
  4.23989029  4.28132729  4.32303715  4.36501998  4.40727584  4.44980479
  4.49260685  4.53568201  4.57903025  4.62265153  4.66654575  4.71071282
  4.75515261  4.79986496  4.84484969  4.89010659  4.93563542  4.98143593
  5.02750781  5.07385076  5.12046441  5.16734841  5.21450234  5.26192578
  5.30961826  5.3575793   5.40580837  5.45430493  5.5030684   5.55209818
  5.60139362  5.65095406  5.70077881  5.75086712  5.80121826  5.85183142
  5.90270578  5.9538405   6.00523468  6.05688743  6.10879778  6.16096476
  6.21338737  6.26606455  6.31899523  6.37217832  6.42561266  6.47929708
  6.53323039  6.58741133  6.64183865  6.69651103  6.75142714  6.80658561
  6.86198503  6.91762397  6.97350095  7.02961446  7.08596297  7.1425449
  7.19935865  7.25640257  7.31367499  7.37117419  7.42889844  7.48684595
  7.5450149   7.60340346  7.66200973  7.72083181  7.77986773  7.83911552
  7.89857314  7.95823856  8.01810966  8.07818434  8.13846042  8.19893572
  8.259608    8.32047501  8.38153444  8.44278395  8.50422119  8.56584375
  8.6276492   8.68963505  8.75179881  8.81413794  8.87664986  8.93933196
  9.0021816   9.06519611  9.12837277  9.19170884  9.25520155  9.31884807
  9.38264557  9.44659116  9.51068194  9.57491496  9.63928724  9.70379577
  9.7684375   9.83320937  9.89810825  9.96313102 10.02827449 10.09353547
 10.15891071 10.22439695 10.28999088 10.35568919 10.4214885  10.48738542
 10.55337654 10.61945839 10.6856275  10.75188035 10.8182134  10.88462307
 10.95110578 11.01765789 11.08427573 11.15095563 11.21769387 11.28448671
 11.35133038 11.41822109 11.485155   11.55212828 11.61913704 11.68617739
 11.7532454  11.82033711 11.88744856 11.95457573 12.02171461 12.08886114
 12.15601125 12.22316086 12.29030583 12.35744203 12.4245653  12.49167146
 12.55875629 12.62581558 12.69284508 12.75984051 12.82679761 12.89371206
 12.96057955 13.02739572 13.09415623 13.16085669 13.22749272 13.2940599
 13.36055382 13.42697002 13.49330406 13.55955147 13.62570775 13.69176842
 13.75772896 13.82358486 13.88933156 13.95496454 14.02047923 14.08587105
 14.15113544 14.21626781 14.28126355 14.34611806 14.41082673 14.47538494
 14.53978805 14.60403144 14.66811046 14.73202046 14.79575681 14.85931483
 14.92268988 14.98587728 15.04887239 15.11167052 15.17426702 15.23665721
 15.29883642 15.36079999 15.42254325 15.48406153 15.54535017 15.60640451
 15.66721988 15.72779163 15.78811511 15.84818568 15.90799869 15.96754951
 16.02683351 16.08584608 16.14458259 16.20303845 16.26120906 16.31908984
 16.3766762  16.43396359 16.49094745 16.54762325 16.60398644 16.66003252
 16.71575699 16.77115536 16.82622315 16.88095592 16.93534922 16.98939862
 17.04309972 17.09644814 17.14943951 17.20206946 17.25433368 17.30622785
 17.35774769 17.40888893 17.45964731 17.51001862 17.55999866 17.60958326
 17.65876825 17.70754952 17.75592297 17.80388452 17.85143012 17.89855575
 17.94525742 17.99153117 18.03737306 18.08277919 18.12774567 18.17226867
 18.21634438 18.259969   18.30313879 18.34585004 18.38809906 18.4298822
 18.47119584 18.51203642 18.55240037 18.59228419 18.63168442 18.67059761
 18.70902037 18.74694933 18.78438119 18.82131264 18.85774046 18.89366143
 18.9290724  18.96397024 18.99835188 19.03221426 19.06555441 19.09836935
 19.13065619 19.16241204 19.1936341  19.22431958 19.25446575 19.28406991
 19.31312942 19.34164168 19.36960415 19.39701432 19.42386973 19.45016796
 19.47590666 19.50108352 19.52569625 19.54974266 19.57322057 19.59612787
 19.61846247 19.64022237 19.6614056  19.68201024 19.70203443 19.72147634
 19.74033422 19.75860635 19.77629108 19.7933868  19.80989195 19.82580503
 19.8411246  19.85584925 19.86997765 19.88350851 19.8964406  19.90877273
 19.92050377 19.93163267 19.94215839 19.95207999 19.96139655 19.97010721
 19.97821119 19.98570774 19.99259617 19.99887586 20.00454623 20.00960676
 20.01405699 20.0178965  20.02112495 20.02374204 20.02574754 20.02714125
 20.02792305 20.02809287 20.02765069 20.02659655 20.02493055 20.02265285
 20.01976365 20.01626321 20.01215186 20.00742997 20.00209798 19.99615637
 19.98960569 19.98244654 19.97467957 19.9663055  19.95732509 19.94773915
 19.93754858 19.9267543  19.9153573  19.90335861 19.89075933 19.87756062
 19.86376368 19.84936976 19.83438018 19.8187963  19.80261954 19.78585137
 19.76849333 19.75054698 19.73201396 19.71289595 19.69319468 19.67291194
 19.65204957 19.63060946 19.60859355 19.58600382 19.56284233 19.53911115
 19.51481243 19.48994836 19.46452118 19.43853317 19.41198668 19.38488409
 19.35722782 19.32902035 19.30026422 19.270962   19.2411163  19.21072978
 19.17980516 19.1483452  19.11635268 19.08383046 19.05078142 19.01720849
 18.98311465 18.9485029  18.91337632 18.87773799 18.84159106 18.8049387
 18.76778415 18.73013065 18.69198152 18.65334008 18.61420972 18.57459385
 18.53449591 18.49391941 18.45286786 18.41134483 18.36935391 18.32689873
 18.28398295 18.24061028 18.19678445 18.15250921 18.10778837 18.06262575
 18.01702521 17.97099064 17.92452596 17.87763512 17.83032209 17.78259088
 17.73444552 17.68589007 17.63692862 17.58756527 17.53780418 17.48764949
 17.43710539 17.3861761  17.33486585 17.28317889 17.2311195  17.17869198
 17.12590065 17.07274984 17.01924393 16.96538727 16.91118428 16.85663936
 16.80175694 16.74654148 16.69099743 16.63512927 16.57894151 16.52243864
 16.46562518 16.40850568 16.35108467 16.29336672 16.23535639 16.17705826
 16.11847693 16.05961699 16.00048306 15.94107974 15.88141166 15.82148346
 15.76129976 15.70086521 15.64018447 15.57926217 15.51810299 15.45671157
 15.39509259 15.33325071 15.27119059 15.20891691 15.14643433 15.08374752
 15.02086115 14.95777989 14.8945084  14.83105134 14.76741338 14.70359918
 14.63961338 14.57546064 14.51114559 14.44667289 14.38204715 14.317273
 14.25235507 14.18729795 14.12210627 14.0567846  13.99133753 13.92576964
 13.86008548 13.79428962 13.7283866  13.66238094 13.59627716 13.53007977
 13.46379325 13.39742209 13.33097076 13.26444369 13.19784532 13.13118007
 13.06445235 12.99766652 12.93082698 12.86393806 12.79700409 12.7300294
 12.66301828 12.595975   12.52890382 12.46180898 12.39469469 12.32756515
 12.26042453 12.19327699 12.12612665 12.05897762 11.99183399 11.92469983
 11.85757916 11.790476   11.72339435 11.65633816 11.58931139 11.52231794
 11.4553617  11.38844654 11.3215763  11.25475479 11.18798578 11.12127304
 11.0546203  10.98803126 10.92150959 10.85505894 10.78868292 10.72238512
 10.6561691  10.5900384  10.5239965  10.45804688 10.39219297 10.3264382
 10.26078593 10.19523951 10.12980227 10.06447748  9.9992684   9.93417825
  9.86921022  9.80436748  9.73965315  9.67507032  9.61062205  9.54631138
  9.4821413   9.41811477  9.35423473  9.29050407  9.22692565  9.16350231
  9.10023684  9.037132    8.97419053  8.91141512  8.84880844  8.7863731
  8.7241117   8.6620268   8.60012093  8.53839657  8.47685619  8.4155022
  8.35433699  8.29336291  8.23258228  8.17199739  8.11161047  8.05142375
  7.99143941  7.93165959  7.87208639  7.8127219   7.75356816  7.69462716
  7.63590089  7.57739127  7.51910021  7.46102958  7.40318121  7.3455569
  7.28815841  7.23098748  7.17404579  7.11733501  7.06085676  7.00461264
  6.94860421  6.89283298  6.83730046  6.7820081   6.72695732  6.67214951
  6.61758602  6.56326819  6.5091973   6.45537461  6.40180133  6.34847867
  6.29540777  6.24258977  6.19002576  6.13771679  6.08566389  6.03386807
  5.98233028  5.93105145  5.8800325   5.82927428  5.77877763  5.72854336
  5.67857226  5.62886505  5.57942246  5.53024517  5.48133383  5.43268907
  5.38431148  5.33620163  5.28836005  5.24078724  5.19348369  5.14644984
  5.09968611  5.05319288  5.00697053  4.96101938  4.91533975  4.8699319
  4.8247961   4.77993257  4.7353415   4.69102306  4.6469774   4.60320464
  4.55970487  4.51647815  4.47352453  4.43084402  4.38843661  4.34630227
  4.30444093  4.26285252  4.22153692  4.18049401  4.13972363  4.09922559
  4.05899971  4.01904576  3.97936348  3.93995261  3.90081286  3.86194392
  3.82334544  3.78501708  3.74695846  3.70916917  3.67164881  3.63439692
  3.59741306  3.56069674  3.52424747  3.48806472]",restricted_age_optimal,True,True,True,10,2,"constraints_[1, 2]_remained",102.25830320450777,100.15604259354912,104.36056381546642,1.072601653673751,2.2798992503508817,2.2330283142922087,2.326770186409554,0.0239141823157897,2.279850037873449,2.232980113541449,2.326719962205448,0.02391366611922647,0.9465296291582602,0.9428268540757362,0.9500397808426604,0.001839527835205021,large
0.355891,0.68426,0.550022,0.0626941737906811,3952,100.0,"[0.355891   0.37934593 0.40280086 0.42625579 0.44971071 0.47316564
 0.49662057 0.5200755  0.54353043 0.56698536 0.59044029 0.61389521
 0.63735014 0.66080507 0.68426   ]","[ 0.22773279  0.83502024  1.72064777  3.84615385  7.38866397 10.7034413
 13.91700405  8.93218623 11.20951417 14.701417   10.7034413   9.91902834
  5.16194332  0.73380567]",0.025,14,normal,0.5444679349696356,"[0.355891   0.3562197  0.3565484  0.35687709 0.35720579 0.35753449
 0.35786319 0.35819188 0.35852058 0.35884928 0.35917798 0.35950667
 0.35983537 0.36016407 0.36049277 0.36082147 0.36115016 0.36147886
 0.36180756 0.36213626 0.36246495 0.36279365 0.36312235 0.36345105
 0.36377974 0.36410844 0.36443714 0.36476584 0.36509454 0.36542323
 0.36575193 0.36608063 0.36640933 0.36673802 0.36706672 0.36739542
 0.36772412 0.36805281 0.36838151 0.36871021 0.36903891 0.36936761
 0.3696963  0.370025   0.3703537  0.3706824  0.37101109 0.37133979
 0.37166849 0.37199719 0.37232588 0.37265458 0.37298328 0.37331198
 0.37364068 0.37396937 0.37429807 0.37462677 0.37495547 0.37528416
 0.37561286 0.37594156 0.37627026 0.37659895 0.37692765 0.37725635
 0.37758505 0.37791375 0.37824244 0.37857114 0.37889984 0.37922854
 0.37955723 0.37988593 0.38021463 0.38054333 0.38087203 0.38120072
 0.38152942 0.38185812 0.38218682 0.38251551 0.38284421 0.38317291
 0.38350161 0.3838303  0.384159   0.3844877  0.3848164  0.3851451
 0.38547379 0.38580249 0.38613119 0.38645989 0.38678858 0.38711728
 0.38744598 0.38777468 0.38810337 0.38843207 0.38876077 0.38908947
 0.38941817 0.38974686 0.39007556 0.39040426 0.39073296 0.39106165
 0.39139035 0.39171905 0.39204775 0.39237644 0.39270514 0.39303384
 0.39336254 0.39369124 0.39401993 0.39434863 0.39467733 0.39500603
 0.39533472 0.39566342 0.39599212 0.39632082 0.39664951 0.39697821
 0.39730691 0.39763561 0.39796431 0.398293   0.3986217  0.3989504
 0.3992791  0.39960779 0.39993649 0.40026519 0.40059389 0.40092258
 0.40125128 0.40157998 0.40190868 0.40223738 0.40256607 0.40289477
 0.40322347 0.40355217 0.40388086 0.40420956 0.40453826 0.40486696
 0.40519565 0.40552435 0.40585305 0.40618175 0.40651045 0.40683914
 0.40716784 0.40749654 0.40782524 0.40815393 0.40848263 0.40881133
 0.40914003 0.40946872 0.40979742 0.41012612 0.41045482 0.41078352
 0.41111221 0.41144091 0.41176961 0.41209831 0.412427   0.4127557
 0.4130844  0.4134131  0.41374179 0.41407049 0.41439919 0.41472789
 0.41505659 0.41538528 0.41571398 0.41604268 0.41637138 0.41670007
 0.41702877 0.41735747 0.41768617 0.41801486 0.41834356 0.41867226
 0.41900096 0.41932966 0.41965835 0.41998705 0.42031575 0.42064445
 0.42097314 0.42130184 0.42163054 0.42195924 0.42228793 0.42261663
 0.42294533 0.42327403 0.42360273 0.42393142 0.42426012 0.42458882
 0.42491752 0.42524621 0.42557491 0.42590361 0.42623231 0.42656101
 0.4268897  0.4272184  0.4275471  0.4278758  0.42820449 0.42853319
 0.42886189 0.42919059 0.42951928 0.42984798 0.43017668 0.43050538
 0.43083408 0.43116277 0.43149147 0.43182017 0.43214887 0.43247756
 0.43280626 0.43313496 0.43346366 0.43379235 0.43412105 0.43444975
 0.43477845 0.43510715 0.43543584 0.43576454 0.43609324 0.43642194
 0.43675063 0.43707933 0.43740803 0.43773673 0.43806542 0.43839412
 0.43872282 0.43905152 0.43938022 0.43970891 0.44003761 0.44036631
 0.44069501 0.4410237  0.4413524  0.4416811  0.4420098  0.44233849
 0.44266719 0.44299589 0.44332459 0.44365329 0.44398198 0.44431068
 0.44463938 0.44496808 0.44529677 0.44562547 0.44595417 0.44628287
 0.44661156 0.44694026 0.44726896 0.44759766 0.44792636 0.44825505
 0.44858375 0.44891245 0.44924115 0.44956984 0.44989854 0.45022724
 0.45055594 0.45088463 0.45121333 0.45154203 0.45187073 0.45219943
 0.45252812 0.45285682 0.45318552 0.45351422 0.45384291 0.45417161
 0.45450031 0.45482901 0.4551577  0.4554864  0.4558151  0.4561438
 0.4564725  0.45680119 0.45712989 0.45745859 0.45778729 0.45811598
 0.45844468 0.45877338 0.45910208 0.45943077 0.45975947 0.46008817
 0.46041687 0.46074557 0.46107426 0.46140296 0.46173166 0.46206036
 0.46238905 0.46271775 0.46304645 0.46337515 0.46370384 0.46403254
 0.46436124 0.46468994 0.46501864 0.46534733 0.46567603 0.46600473
 0.46633343 0.46666212 0.46699082 0.46731952 0.46764822 0.46797691
 0.46830561 0.46863431 0.46896301 0.46929171 0.4696204  0.4699491
 0.4702778  0.4706065  0.47093519 0.47126389 0.47159259 0.47192129
 0.47224998 0.47257868 0.47290738 0.47323608 0.47356478 0.47389347
 0.47422217 0.47455087 0.47487957 0.47520826 0.47553696 0.47586566
 0.47619436 0.47652306 0.47685175 0.47718045 0.47750915 0.47783785
 0.47816654 0.47849524 0.47882394 0.47915264 0.47948133 0.47981003
 0.48013873 0.48046743 0.48079613 0.48112482 0.48145352 0.48178222
 0.48211092 0.48243961 0.48276831 0.48309701 0.48342571 0.4837544
 0.4840831  0.4844118  0.4847405  0.4850692  0.48539789 0.48572659
 0.48605529 0.48638399 0.48671268 0.48704138 0.48737008 0.48769878
 0.48802747 0.48835617 0.48868487 0.48901357 0.48934227 0.48967096
 0.48999966 0.49032836 0.49065706 0.49098575 0.49131445 0.49164315
 0.49197185 0.49230054 0.49262924 0.49295794 0.49328664 0.49361534
 0.49394403 0.49427273 0.49460143 0.49493013 0.49525882 0.49558752
 0.49591622 0.49624492 0.49657361 0.49690231 0.49723101 0.49755971
 0.49788841 0.4982171  0.4985458  0.4988745  0.4992032  0.49953189
 0.49986059 0.50018929 0.50051799 0.50084668 0.50117538 0.50150408
 0.50183278 0.50216148 0.50249017 0.50281887 0.50314757 0.50347627
 0.50380496 0.50413366 0.50446236 0.50479106 0.50511975 0.50544845
 0.50577715 0.50610585 0.50643455 0.50676324 0.50709194 0.50742064
 0.50774934 0.50807803 0.50840673 0.50873543 0.50906413 0.50939282
 0.50972152 0.51005022 0.51037892 0.51070762 0.51103631 0.51136501
 0.51169371 0.51202241 0.5123511  0.5126798  0.5130085  0.5133372
 0.51366589 0.51399459 0.51432329 0.51465199 0.51498069 0.51530938
 0.51563808 0.51596678 0.51629548 0.51662417 0.51695287 0.51728157
 0.51761027 0.51793896 0.51826766 0.51859636 0.51892506 0.51925376
 0.51958245 0.51991115 0.52023985 0.52056855 0.52089724 0.52122594
 0.52155464 0.52188334 0.52221204 0.52254073 0.52286943 0.52319813
 0.52352683 0.52385552 0.52418422 0.52451292 0.52484162 0.52517031
 0.52549901 0.52582771 0.52615641 0.52648511 0.5268138  0.5271425
 0.5274712  0.5277999  0.52812859 0.52845729 0.52878599 0.52911469
 0.52944338 0.52977208 0.53010078 0.53042948 0.53075818 0.53108687
 0.53141557 0.53174427 0.53207297 0.53240166 0.53273036 0.53305906
 0.53338776 0.53371645 0.53404515 0.53437385 0.53470255 0.53503125
 0.53535994 0.53568864 0.53601734 0.53634604 0.53667473 0.53700343
 0.53733213 0.53766083 0.53798952 0.53831822 0.53864692 0.53897562
 0.53930432 0.53963301 0.53996171 0.54029041 0.54061911 0.5409478
 0.5412765  0.5416052  0.5419339  0.54226259 0.54259129 0.54291999
 0.54324869 0.54357739 0.54390608 0.54423478 0.54456348 0.54489218
 0.54522087 0.54554957 0.54587827 0.54620697 0.54653566 0.54686436
 0.54719306 0.54752176 0.54785046 0.54817915 0.54850785 0.54883655
 0.54916525 0.54949394 0.54982264 0.55015134 0.55048004 0.55080873
 0.55113743 0.55146613 0.55179483 0.55212353 0.55245222 0.55278092
 0.55310962 0.55343832 0.55376701 0.55409571 0.55442441 0.55475311
 0.5550818  0.5554105  0.5557392  0.5560679  0.5563966  0.55672529
 0.55705399 0.55738269 0.55771139 0.55804008 0.55836878 0.55869748
 0.55902618 0.55935487 0.55968357 0.56001227 0.56034097 0.56066967
 0.56099836 0.56132706 0.56165576 0.56198446 0.56231315 0.56264185
 0.56297055 0.56329925 0.56362794 0.56395664 0.56428534 0.56461404
 0.56494274 0.56527143 0.56560013 0.56592883 0.56625753 0.56658622
 0.56691492 0.56724362 0.56757232 0.56790102 0.56822971 0.56855841
 0.56888711 0.56921581 0.5695445  0.5698732  0.5702019  0.5705306
 0.57085929 0.57118799 0.57151669 0.57184539 0.57217409 0.57250278
 0.57283148 0.57316018 0.57348888 0.57381757 0.57414627 0.57447497
 0.57480367 0.57513236 0.57546106 0.57578976 0.57611846 0.57644716
 0.57677585 0.57710455 0.57743325 0.57776195 0.57809064 0.57841934
 0.57874804 0.57907674 0.57940543 0.57973413 0.58006283 0.58039153
 0.58072023 0.58104892 0.58137762 0.58170632 0.58203502 0.58236371
 0.58269241 0.58302111 0.58334981 0.5836785  0.5840072  0.5843359
 0.5846646  0.5849933  0.58532199 0.58565069 0.58597939 0.58630809
 0.58663678 0.58696548 0.58729418 0.58762288 0.58795157 0.58828027
 0.58860897 0.58893767 0.58926637 0.58959506 0.58992376 0.59025246
 0.59058116 0.59090985 0.59123855 0.59156725 0.59189595 0.59222464
 0.59255334 0.59288204 0.59321074 0.59353944 0.59386813 0.59419683
 0.59452553 0.59485423 0.59518292 0.59551162 0.59584032 0.59616902
 0.59649771 0.59682641 0.59715511 0.59748381 0.59781251 0.5981412
 0.5984699  0.5987986  0.5991273  0.59945599 0.59978469 0.60011339
 0.60044209 0.60077078 0.60109948 0.60142818 0.60175688 0.60208558
 0.60241427 0.60274297 0.60307167 0.60340037 0.60372906 0.60405776
 0.60438646 0.60471516 0.60504385 0.60537255 0.60570125 0.60602995
 0.60635865 0.60668734 0.60701604 0.60734474 0.60767344 0.60800213
 0.60833083 0.60865953 0.60898823 0.60931692 0.60964562 0.60997432
 0.61030302 0.61063172 0.61096041 0.61128911 0.61161781 0.61194651
 0.6122752  0.6126039  0.6129326  0.6132613  0.61358999 0.61391869
 0.61424739 0.61457609 0.61490479 0.61523348 0.61556218 0.61589088
 0.61621958 0.61654827 0.61687697 0.61720567 0.61753437 0.61786307
 0.61819176 0.61852046 0.61884916 0.61917786 0.61950655 0.61983525
 0.62016395 0.62049265 0.62082134 0.62115004 0.62147874 0.62180744
 0.62213614 0.62246483 0.62279353 0.62312223 0.62345093 0.62377962
 0.62410832 0.62443702 0.62476572 0.62509441 0.62542311 0.62575181
 0.62608051 0.62640921 0.6267379  0.6270666  0.6273953  0.627724
 0.62805269 0.62838139 0.62871009 0.62903879 0.62936748 0.62969618
 0.63002488 0.63035358 0.63068228 0.63101097 0.63133967 0.63166837
 0.63199707 0.63232576 0.63265446 0.63298316 0.63331186 0.63364055
 0.63396925 0.63429795 0.63462665 0.63495535 0.63528404 0.63561274
 0.63594144 0.63627014 0.63659883 0.63692753 0.63725623 0.63758493
 0.63791362 0.63824232 0.63857102 0.63889972 0.63922842 0.63955711
 0.63988581 0.64021451 0.64054321 0.6408719  0.6412006  0.6415293
 0.641858   0.64218669 0.64251539 0.64284409 0.64317279 0.64350149
 0.64383018 0.64415888 0.64448758 0.64481628 0.64514497 0.64547367
 0.64580237 0.64613107 0.64645976 0.64678846 0.64711716 0.64744586
 0.64777456 0.64810325 0.64843195 0.64876065 0.64908935 0.64941804
 0.64974674 0.65007544 0.65040414 0.65073283 0.65106153 0.65139023
 0.65171893 0.65204763 0.65237632 0.65270502 0.65303372 0.65336242
 0.65369111 0.65401981 0.65434851 0.65467721 0.6550059  0.6553346
 0.6556633  0.655992   0.6563207  0.65664939 0.65697809 0.65730679
 0.65763549 0.65796418 0.65829288 0.65862158 0.65895028 0.65927897
 0.65960767 0.65993637 0.66026507 0.66059377 0.66092246 0.66125116
 0.66157986 0.66190856 0.66223725 0.66256595 0.66289465 0.66322335
 0.66355205 0.66388074 0.66420944 0.66453814 0.66486684 0.66519553
 0.66552423 0.66585293 0.66618163 0.66651032 0.66683902 0.66716772
 0.66749642 0.66782512 0.66815381 0.66848251 0.66881121 0.66913991
 0.6694686  0.6697973  0.670126   0.6704547  0.67078339 0.67111209
 0.67144079 0.67176949 0.67209819 0.67242688 0.67275558 0.67308428
 0.67341298 0.67374167 0.67407037 0.67439907 0.67472777 0.67505646
 0.67538516 0.67571386 0.67604256 0.67637126 0.67669995 0.67702865
 0.67735735 0.67768605 0.67801474 0.67834344 0.67867214 0.67900084
 0.67932953 0.67965823 0.67998693 0.68031563 0.68064433 0.68097302
 0.68130172 0.68163042 0.68195912 0.68228781 0.68261651 0.68294521
 0.68327391 0.6836026  0.6839313  0.68426   ]","[ 0.16192117  0.16449264  0.16710036  0.16974475  0.17242625  0.17514529
  0.17790232  0.18069779  0.18353213  0.18640581  0.18931928  0.19227301
  0.19526745  0.19830307  0.20138035  0.20449976  0.20766178  0.2108669
  0.2141156   0.21740838  0.22074572  0.22412814  0.22755613  0.23103019
  0.23455085  0.23811862  0.24173401  0.24539754  0.24910975  0.25287117
  0.25668232  0.26054376  0.26445601  0.26841963  0.27243517  0.27650318
  0.28062422  0.28479885  0.28902764  0.29331116  0.29764998  0.30204468
  0.30649584  0.31100404  0.31556989  0.32019396  0.32487686  0.32961918
  0.33442154  0.33928454  0.3442088   0.34919492  0.35424354  0.35935527
  0.36453074  0.36977058  0.37507543  0.38044593  0.38588272  0.39138645
  0.39695776  0.40259732  0.40830577  0.41408378  0.41993201  0.42585113
  0.43184181  0.43790473  0.44404057  0.45025     0.45653372  0.46289241
  0.46932676  0.47583747  0.48242524  0.48909078  0.49583477  0.50265795
  0.50956101  0.51654467  0.52360965  0.53075667  0.53798646  0.54529974
  0.55269724  0.5601797   0.56774785  0.57540243  0.58314418  0.59097385
  0.59889218  0.60689993  0.61499784  0.62318667  0.63146719  0.63984014
  0.64830629  0.6568664   0.66552125  0.6742716   0.68311822  0.69206189
  0.70110338  0.71024347  0.71948294  0.72882258  0.73826315  0.74780546
  0.75745028  0.76719841  0.77705064  0.78700775  0.79707054  0.8072398
  0.81751634  0.82790094  0.83839441  0.84899755  0.85971115  0.87053602
  0.88147295  0.89252276  0.90368625  0.91496421  0.92635746  0.9378668
  0.94949303  0.96123697  0.97309941  0.98508117  0.99718305  1.00940585
  1.02175039  1.03421747  1.04680789  1.05952246  1.07236199  1.08532727
  1.09841912  1.11163833  1.12498571  1.13846205  1.15206816  1.16580484
  1.17967288  1.19367307  1.20780622  1.22207311  1.23647454  1.2510113
  1.26568416  1.28049392  1.29544136  1.31052727  1.32575241  1.34111756
  1.3566235   1.372271    1.38806083  1.40399374  1.42007051  1.43629189
  1.45265863  1.46917149  1.48583121  1.50263854  1.51959422  1.53669899
  1.55395358  1.57135871  1.58891511  1.6066235   1.6244846   1.64249912
  1.66066775  1.67899121  1.69747018  1.71610536  1.73489743  1.75384708
  1.77295497  1.79222177  1.81164814  1.83123475  1.85098223  1.87089124
  1.89096242  1.91119638  1.93159375  1.95215516  1.97288121  1.9937725
  2.01482963  2.03605319  2.05744376  2.0790019   2.10072819  2.12262317
  2.14468741  2.16692144  2.18932578  2.21190097  2.23464752  2.25756592
  2.28065669  2.3039203   2.32735724  2.35096797  2.37475295  2.39871263
  2.42284744  2.44715782  2.47164419  2.49630695  2.5211465   2.54616323
  2.57135751  2.5967297   2.62228017  2.64800926  2.67391729  2.70000459
  2.72627145  2.75271819  2.77934508  2.8061524   2.8331404   2.86030933
  2.88765942  2.91519091  2.94290398  2.97079885  2.99887569  3.02713468
  3.05557596  3.08419968  3.11300597  3.14199494  3.1711667   3.20052132
  3.23005888  3.25977944  3.28968303  3.3197697   3.35003944  3.38049226
  3.41112814  3.44194704  3.47294892  3.50413372  3.53550135  3.56705173
  3.59878473  3.63070023  3.66279808  3.69507813  3.7275402   3.7601841
  3.79300962  3.82601652  3.85920456  3.8925735   3.92612303  3.95985288
  3.99376272  4.02785223  4.06212106  4.09656883  4.13119518  4.16599969
  4.20098194  4.2361415   4.2714779   4.30699068  4.34267934  4.37854337
  4.41458222  4.45079537  4.48718222  4.52374221  4.56047471  4.59737911
  4.63445475  4.67170097  4.70911709  4.7467024   4.78445618  4.82237768
  4.86046614  4.89872078  4.93714079  4.97572535  5.01447362  5.05338473
  5.0924578   5.13169192  5.17108618  5.21063962  5.25035128  5.29022017
  5.33024529  5.37042562  5.4107601   5.45124767  5.49188723  5.53267769
  5.5736179   5.61470672  5.65594298  5.69732548  5.73885301  5.78052434
  5.82233821  5.86429335  5.90638845  5.94862221  5.99099327  6.03350029
  6.07614189  6.11891665  6.16182316  6.20485998  6.24802563  6.29131865
  6.33473751  6.3782807   6.42194667  6.46573384  6.50964063  6.55366543
  6.59780661  6.64206252  6.68643149  6.73091182  6.7755018   6.8201997
  6.86500377  6.90991222  6.95492328  7.00003512  7.04524591  7.09055379
  7.13595689  7.18145332  7.22704117  7.27271849  7.31848333  7.36433373
  7.41026768  7.45628318  7.5023782   7.54855069  7.59479857  7.64111976
  7.68751215  7.73397361  7.780502    7.82709517  7.87375092  7.92046705
  7.96724136  8.0140716   8.06095552  8.10789085  8.1548753   8.20190656
  8.24898232  8.29610023  8.34325794  8.39045307  8.43768323  8.48494601
  8.532239    8.57955975  8.62690581  8.67427471  8.72166396  8.76907106
  8.8164935   8.86392874  8.91137424  8.95882744  9.00628576  9.05374661
  9.1012074   9.1486655   9.19611829  9.24356312  9.29099734  9.33841827
  9.38582324  9.43320956  9.48057451  9.52791537  9.57522943  9.62251394
  9.66976615  9.71698329  9.76416259  9.81130127  9.85839653  9.90544557
  9.95244558  9.99939374 10.0462872  10.09312314 10.1398987  10.18661103
 10.23325726 10.27983451 10.32633992 10.37277058 10.41912361 10.46539611
 10.51158516 10.55768785 10.60370128 10.6496225  10.6954486  10.74117663
 10.78680366 10.83232676 10.87774296 10.92304932 10.96824289 11.01332071
 11.05827982 11.10311726 11.14783007 11.19241529 11.23686993 11.28119105
 11.32537567 11.36942082 11.41332353 11.45708084 11.50068978 11.54414738
 11.58745067 11.6305967  11.6735825  11.7164051  11.75906156 11.80154892
 11.84386423 11.88600454 11.9279669  11.96974839 12.01134605 12.05275697
 12.09397823 12.13500689 12.17584005 12.2164748  12.25690825 12.29713749
 12.33715965 12.37697184 12.4165712  12.45595487 12.49511998 12.53406371
 12.57278321 12.61127566 12.64953825 12.68756817 12.72536262 12.76291883
 12.80023403 12.83730545 12.87413035 12.910706   12.94702966 12.98309865
 13.01891025 13.05446179 13.08975059 13.12477402 13.15952943 13.19401419
 13.2282257  13.26216137 13.29581862 13.32919489 13.36228764 13.39509434
 13.4276125  13.45983961 13.4917732  13.52341082 13.55475004 13.58578843
 13.6165236  13.64695318 13.67707481 13.70688614 13.73638486 13.76556868
 13.79443532 13.82298252 13.85120806 13.87910972 13.90668532 13.93393269
 13.96084969 13.98743419 14.01368411 14.03959737 14.06517193 14.09040575
 14.11529683 14.13984322 14.16404294 14.18789408 14.21139475 14.23454305
 14.25733716 14.27977524 14.30185551 14.32357618 14.34493554 14.36593184
 14.38656343 14.40682862 14.4267258  14.44625336 14.46540972 14.48419334
 14.5026027  14.52063632 14.53829273 14.5555705  14.57246824 14.58898458
 14.60511816 14.62086768 14.63623187 14.65120947 14.66579926 14.68000005
 14.69381069 14.70723005 14.72025703 14.73289057 14.74512964 14.75697323
 14.76842038 14.77947015 14.79012163 14.80037396 14.81022629 14.81967781
 14.82872775 14.83737536 14.84561994 14.85346081 14.86089732 14.86792886
 14.87455486 14.88077476 14.88658807 14.89199429 14.89699298 14.90158373
 14.90576617 14.90953995 14.91290475 14.9158603  14.91840636 14.92054272
 14.9222692  14.92358566 14.92449199 14.92498811 14.92507399 14.92474961
 14.92401501 14.92287025 14.92131541 14.91935063 14.91697607 14.91419192
 14.91099842 14.90739583 14.90338444 14.89896458 14.89413663 14.88890097
 14.88325804 14.8772083  14.87075225 14.86389042 14.85662338 14.84895172
 14.84087608 14.83239711 14.82351552 14.81423203 14.8045474  14.79446243
 14.78397796 14.77309482 14.76181392 14.75013619 14.73806257 14.72559405
 14.71273166 14.69947644 14.68582948 14.67179189 14.65736481 14.64254942
 14.62734693 14.61175858 14.59578562 14.57942937 14.56269114 14.5455723
 14.52807424 14.51019836 14.49194613 14.47331901 14.45431851 14.43494616
 14.41520354 14.39509222 14.37461382 14.35377001 14.33256244 14.31099282
 14.28906288 14.26677439 14.24412911 14.22112887 14.1977755  14.17407085
 14.15001683 14.12561534 14.10086833 14.07577775 14.0503456  14.0245739
 13.99846467 13.97201999 13.94524193 13.91813261 13.89069417 13.86292875
 13.83483853 13.80642573 13.77769255 13.74864124 13.71927408 13.68959334
 13.65960134 13.6293004  13.59869288 13.56778114 13.53656757 13.50505458
 13.4732446  13.44114007 13.40874346 13.37605726 13.34308396 13.30982607
 13.27628614 13.24246673 13.20837038 13.1739997  13.13935728 13.10444575
 13.06926772 13.03382585 12.9981228  12.96216124 12.92594387 12.88947339
 12.85275251 12.81578396 12.77857049 12.74111484 12.70341979 12.66548811
 12.62732259 12.58892603 12.55030124 12.51145104 12.47237827 12.43308575
 12.39357635 12.35385291 12.3139183  12.2737754  12.2334271  12.19287627
 12.15212582 12.11117865 12.07003767 12.0287058  11.98718596 11.94548108
 11.90359408 11.86152791 11.81928551 11.77686982 11.7342838  11.69153039
 11.64861255 11.60553325 11.56229543 11.51890207 11.47535613 11.43166058
 11.38781838 11.3438325  11.29970591 11.25544158 11.21104247 11.16651156
 11.12185181 11.07706618 11.03215765 10.98712917 10.94198369 10.89672419
 10.85135362 10.80587492 10.76029104 10.71460493 10.66881953 10.62293778
 10.5769626  10.53089692 10.48474367 10.43850575 10.39218609 10.34578757
 10.29931311 10.25276558 10.20614788 10.15946288 10.11271344 10.06590243
 10.0190327   9.9721071   9.92512845  9.8780996   9.83102334  9.7839025
  9.73673987  9.68953823  9.64230037  9.59502905  9.54772703  9.50039705
  9.45304185  9.40566415  9.35826666  9.31085208  9.2634231   9.21598239
  9.16853261  9.12107641  9.07361643  9.02615529  8.97869559  8.93123993
  8.8837909   8.83635105  8.78892294  8.74150911  8.69411208  8.64673436
  8.59937844  8.55204679  8.50474188  8.45746616  8.41022205  8.36301196
  8.3158383   8.26870344  8.22160975  8.17455957  8.12755524  8.08059906
  8.03369335  7.98684036  7.94004236  7.8933016   7.8466203   7.80000067
  7.7534449   7.70695515  7.66053358  7.61418233  7.5679035   7.5216992
  7.4755715   7.42952246  7.38355412  7.3376685   7.29186759  7.24615339
  7.20052785  7.15499292  7.10955051  7.06420254  7.01895087  6.97379738
  6.92874391  6.88379228  6.83894429  6.79420173  6.74956636  6.70503991
  6.66062411  6.61632067  6.57213126  6.52805753  6.48410114  6.44026369
  6.39654679  6.35295201  6.30948091  6.26613503  6.22291587  6.17982493
  6.13686369  6.0940336   6.05133608  6.00877255  5.9663444   5.92405299
  5.88189968  5.83988579  5.79801262  5.75628146  5.71469358  5.67325021
  5.63195258  5.59080189  5.54979932  5.50894603  5.46824316  5.42769182
  5.38729312  5.34704813  5.3069579   5.26702348  5.22724587  5.18762607
  5.14816506  5.10886379  5.06972318  5.03074416  4.99192761  4.95327441
  4.9147854   4.87646143  4.8383033   4.80031181  4.76248772  4.72483179
  4.68734475  4.65002732  4.61288018  4.57590401  4.53909947  4.50246718
  4.46600777  4.42972183  4.39360994  4.35767266  4.32191052  4.28632404
  4.25091374  4.21568009  4.18062355  4.14574458  4.11104359  4.07652101
  4.04217722  4.00801259  3.97402749  3.94022225  3.90659719  3.87315261
  3.8398888   3.80680603  3.77390455  3.74118459  3.70864638  3.6762901
  3.64411595  3.61212408  3.58031466  3.54868782  3.51724367  3.48598232
  3.45490385  3.42400833  3.39329582  3.36276636  3.33241997  3.30225666
  3.27227643  3.24247924  3.21286508  3.18343388  3.15418557  3.12512009
  3.09623733  3.06753719  3.03901955  3.01068426  2.98253119  2.95456015
  2.92677099  2.89916351  2.8717375   2.84449275  2.81742904  2.79054611
  2.76384371  2.73732159  2.71097945  2.68481701  2.65883397  2.63303001
  2.6074048   2.58195801  2.55668929  2.53159827  2.5066846   2.48194787
  2.4573877   2.4330037   2.40879543  2.38476248  2.36090442  2.3372208
  2.31371116  2.29037504  2.26721197  2.24422146  2.22140303  2.19875616
  2.17628035  2.15397509  2.13183983  2.10987405  2.08807721  2.06644874
  2.04498808  2.02369468  2.00256794  1.98160729  1.96081214  1.94018188
  1.9197159   1.8994136   1.87927436  1.85929753  1.8394825   1.81982862
  1.80033524  1.78100172  1.76182738  1.74281157  1.72395361  1.70525283
  1.68670854  1.66832006  1.6500867   1.63200774  1.6140825   1.59631027
  1.57869032  1.56122195  1.54390442  1.52673702  1.50971901  1.49284967
  1.47612824  1.45955398  1.44312616  1.42684402  1.4107068   1.39471375
  1.37886412  1.36315712  1.34759201  1.33216801  1.31688435  1.30174025
  1.28673493  1.27186763  1.25713754  1.2425439 ]",restricted_age_optimal,True,True,True,10,2,"constraints_[1, 3]_remained",115.79300965395066,113.66087853744261,117.92514077045871,1.0878419875701912,1.9503734046133294,1.9144605991925754,1.9862862100340835,0.018323196601585323,1.950333387376973,1.9144213188054908,1.9862454559484553,0.018322820651171176,0.9160671076455578,0.9120839932555947,0.9199131538162375,0.0019970779937032042,large
0.378188,0.674911,0.5490935,0.0607092035985682,2492,100.0,"[0.378188   0.40291492 0.42764183 0.45236875 0.47709567 0.50182258
 0.5265495  0.55127642 0.57600333 0.60073025 0.62545717 0.65018408
 0.674911  ]","[ 0.80256822  1.56500803  3.97271268  8.06581059 14.60674157 14.00481541
  7.98555377 15.77046549 12.52006421 11.07544141  7.90529695  1.72552167]",0.025,12,normal,0.5435566797752809,"[0.378188   0.37848502 0.37878204 0.37907906 0.37937608 0.3796731
 0.37997012 0.38026714 0.38056416 0.38086118 0.3811582  0.38145522
 0.38175224 0.38204926 0.38234628 0.3826433  0.38294032 0.38323734
 0.38353436 0.38383138 0.3841284  0.38442542 0.38472244 0.38501946
 0.38531648 0.3856135  0.38591052 0.38620754 0.38650456 0.38680158
 0.3870986  0.38739562 0.38769264 0.38798966 0.38828668 0.3885837
 0.38888072 0.38917774 0.38947476 0.38977178 0.3900688  0.39036582
 0.39066284 0.39095986 0.39125688 0.3915539  0.39185092 0.39214794
 0.39244496 0.39274198 0.393039   0.39333602 0.39363304 0.39393006
 0.39422708 0.3945241  0.39482112 0.39511814 0.39541516 0.39571218
 0.3960092  0.39630622 0.39660324 0.39690026 0.39719728 0.3974943
 0.39779132 0.39808834 0.39838536 0.39868238 0.3989794  0.39927642
 0.39957344 0.39987046 0.40016748 0.4004645  0.40076152 0.40105854
 0.40135556 0.40165258 0.4019496  0.40224662 0.40254364 0.40284066
 0.40313768 0.4034347  0.40373172 0.40402874 0.40432576 0.40462278
 0.4049198  0.40521682 0.40551384 0.40581086 0.40610788 0.4064049
 0.40670192 0.40699894 0.40729596 0.40759298 0.40789    0.40818702
 0.40848404 0.40878106 0.40907808 0.4093751  0.40967212 0.40996914
 0.41026616 0.41056318 0.4108602  0.41115722 0.41145424 0.41175126
 0.41204828 0.4123453  0.41264232 0.41293934 0.41323636 0.41353338
 0.4138304  0.41412742 0.41442444 0.41472146 0.41501848 0.4153155
 0.41561252 0.41590954 0.41620656 0.41650358 0.4168006  0.41709762
 0.41739464 0.41769166 0.41798868 0.4182857  0.41858272 0.41887974
 0.41917676 0.41947378 0.4197708  0.42006782 0.42036484 0.42066186
 0.42095888 0.4212559  0.42155292 0.42184994 0.42214696 0.42244398
 0.422741   0.42303802 0.42333504 0.42363206 0.42392908 0.4242261
 0.42452312 0.42482014 0.42511716 0.42541418 0.4257112  0.42600822
 0.42630524 0.42660226 0.42689928 0.4271963  0.42749332 0.42779034
 0.42808736 0.42838438 0.4286814  0.42897842 0.42927544 0.42957246
 0.42986948 0.4301665  0.43046352 0.43076054 0.43105756 0.43135458
 0.4316516  0.43194862 0.43224564 0.43254266 0.43283968 0.4331367
 0.43343372 0.43373074 0.43402776 0.43432478 0.4346218  0.43491882
 0.43521584 0.43551286 0.43580988 0.4361069  0.43640392 0.43670094
 0.43699796 0.43729498 0.437592   0.43788902 0.43818604 0.43848306
 0.43878008 0.4390771  0.43937412 0.43967114 0.43996816 0.44026518
 0.4405622  0.44085922 0.44115624 0.44145326 0.44175028 0.4420473
 0.44234432 0.44264134 0.44293836 0.44323538 0.4435324  0.44382942
 0.44412644 0.44442346 0.44472048 0.4450175  0.44531452 0.44561154
 0.44590856 0.44620558 0.4465026  0.44679962 0.44709664 0.44739366
 0.44769068 0.4479877  0.44828472 0.44858174 0.44887876 0.44917578
 0.4494728  0.44976982 0.45006684 0.45036386 0.45066088 0.4509579
 0.45125492 0.45155194 0.45184896 0.45214598 0.45244301 0.45274003
 0.45303705 0.45333407 0.45363109 0.45392811 0.45422513 0.45452215
 0.45481917 0.45511619 0.45541321 0.45571023 0.45600725 0.45630427
 0.45660129 0.45689831 0.45719533 0.45749235 0.45778937 0.45808639
 0.45838341 0.45868043 0.45897745 0.45927447 0.45957149 0.45986851
 0.46016553 0.46046255 0.46075957 0.46105659 0.46135361 0.46165063
 0.46194765 0.46224467 0.46254169 0.46283871 0.46313573 0.46343275
 0.46372977 0.46402679 0.46432381 0.46462083 0.46491785 0.46521487
 0.46551189 0.46580891 0.46610593 0.46640295 0.46669997 0.46699699
 0.46729401 0.46759103 0.46788805 0.46818507 0.46848209 0.46877911
 0.46907613 0.46937315 0.46967017 0.46996719 0.47026421 0.47056123
 0.47085825 0.47115527 0.47145229 0.47174931 0.47204633 0.47234335
 0.47264037 0.47293739 0.47323441 0.47353143 0.47382845 0.47412547
 0.47442249 0.47471951 0.47501653 0.47531355 0.47561057 0.47590759
 0.47620461 0.47650163 0.47679865 0.47709567 0.47739269 0.47768971
 0.47798673 0.47828375 0.47858077 0.47887779 0.47917481 0.47947183
 0.47976885 0.48006587 0.48036289 0.48065991 0.48095693 0.48125395
 0.48155097 0.48184799 0.48214501 0.48244203 0.48273905 0.48303607
 0.48333309 0.48363011 0.48392713 0.48422415 0.48452117 0.48481819
 0.48511521 0.48541223 0.48570925 0.48600627 0.48630329 0.48660031
 0.48689733 0.48719435 0.48749137 0.48778839 0.48808541 0.48838243
 0.48867945 0.48897647 0.48927349 0.48957051 0.48986753 0.49016455
 0.49046157 0.49075859 0.49105561 0.49135263 0.49164965 0.49194667
 0.49224369 0.49254071 0.49283773 0.49313475 0.49343177 0.49372879
 0.49402581 0.49432283 0.49461985 0.49491687 0.49521389 0.49551091
 0.49580793 0.49610495 0.49640197 0.49669899 0.49699601 0.49729303
 0.49759005 0.49788707 0.49818409 0.49848111 0.49877813 0.49907515
 0.49937217 0.49966919 0.49996621 0.50026323 0.50056025 0.50085727
 0.50115429 0.50145131 0.50174833 0.50204535 0.50234237 0.50263939
 0.50293641 0.50323343 0.50353045 0.50382747 0.50412449 0.50442151
 0.50471853 0.50501555 0.50531257 0.50560959 0.50590661 0.50620363
 0.50650065 0.50679767 0.50709469 0.50739171 0.50768873 0.50798575
 0.50828277 0.50857979 0.50887681 0.50917383 0.50947085 0.50976787
 0.51006489 0.51036191 0.51065893 0.51095595 0.51125297 0.51154999
 0.51184701 0.51214403 0.51244105 0.51273807 0.51303509 0.51333211
 0.51362913 0.51392615 0.51422317 0.51452019 0.51481721 0.51511423
 0.51541125 0.51570827 0.51600529 0.51630231 0.51659933 0.51689635
 0.51719337 0.51749039 0.51778741 0.51808443 0.51838145 0.51867847
 0.51897549 0.51927251 0.51956953 0.51986655 0.52016357 0.52046059
 0.52075761 0.52105463 0.52135165 0.52164867 0.52194569 0.52224271
 0.52253973 0.52283675 0.52313377 0.52343079 0.52372781 0.52402483
 0.52432185 0.52461887 0.52491589 0.52521291 0.52550993 0.52580695
 0.52610397 0.52640099 0.52669801 0.52699503 0.52729205 0.52758907
 0.52788609 0.52818311 0.52848013 0.52877715 0.52907417 0.52937119
 0.52966821 0.52996523 0.53026225 0.53055927 0.53085629 0.53115331
 0.53145033 0.53174735 0.53204437 0.53234139 0.53263841 0.53293543
 0.53323245 0.53352947 0.53382649 0.53412351 0.53442053 0.53471755
 0.53501457 0.53531159 0.53560861 0.53590563 0.53620265 0.53649967
 0.53679669 0.53709371 0.53739073 0.53768775 0.53798477 0.53828179
 0.53857881 0.53887583 0.53917285 0.53946987 0.53976689 0.54006391
 0.54036093 0.54065795 0.54095497 0.54125199 0.54154901 0.54184603
 0.54214305 0.54244007 0.54273709 0.54303411 0.54333113 0.54362815
 0.54392517 0.54422219 0.54451921 0.54481623 0.54511325 0.54541027
 0.54570729 0.54600431 0.54630133 0.54659835 0.54689537 0.54719239
 0.54748941 0.54778643 0.54808345 0.54838047 0.54867749 0.54897451
 0.54927153 0.54956855 0.54986557 0.55016259 0.55045961 0.55075663
 0.55105365 0.55135067 0.55164769 0.55194471 0.55224173 0.55253875
 0.55283577 0.55313279 0.55342981 0.55372683 0.55402385 0.55432087
 0.55461789 0.55491491 0.55521193 0.55550895 0.55580597 0.55610299
 0.55640001 0.55669703 0.55699405 0.55729107 0.55758809 0.55788511
 0.55818213 0.55847915 0.55877617 0.55907319 0.55937021 0.55966723
 0.55996425 0.56026127 0.56055829 0.56085531 0.56115233 0.56144935
 0.56174637 0.56204339 0.56234041 0.56263743 0.56293445 0.56323147
 0.56352849 0.56382551 0.56412253 0.56441955 0.56471657 0.56501359
 0.56531061 0.56560763 0.56590465 0.56620167 0.56649869 0.56679571
 0.56709273 0.56738975 0.56768677 0.56798379 0.56828081 0.56857783
 0.56887485 0.56917187 0.56946889 0.56976591 0.57006293 0.57035995
 0.57065697 0.57095399 0.57125101 0.57154803 0.57184505 0.57214207
 0.57243909 0.57273611 0.57303313 0.57333015 0.57362717 0.57392419
 0.57422121 0.57451823 0.57481525 0.57511227 0.57540929 0.57570631
 0.57600333 0.57630035 0.57659737 0.57689439 0.57719141 0.57748843
 0.57778545 0.57808247 0.57837949 0.57867651 0.57897353 0.57927055
 0.57956757 0.57986459 0.58016161 0.58045863 0.58075565 0.58105267
 0.58134969 0.58164671 0.58194373 0.58224075 0.58253777 0.58283479
 0.58313181 0.58342883 0.58372585 0.58402287 0.58431989 0.58461691
 0.58491393 0.58521095 0.58550797 0.58580499 0.58610201 0.58639903
 0.58669605 0.58699307 0.58729009 0.58758711 0.58788413 0.58818115
 0.58847817 0.58877519 0.58907221 0.58936923 0.58966625 0.58996327
 0.59026029 0.59055731 0.59085433 0.59115135 0.59144837 0.59174539
 0.59204241 0.59233943 0.59263645 0.59293347 0.59323049 0.59352751
 0.59382453 0.59412155 0.59441857 0.59471559 0.59501261 0.59530963
 0.59560665 0.59590367 0.59620069 0.59649771 0.59679473 0.59709175
 0.59738877 0.59768579 0.59798281 0.59827983 0.59857685 0.59887387
 0.59917089 0.59946791 0.59976493 0.60006195 0.60035897 0.60065599
 0.60095302 0.60125004 0.60154706 0.60184408 0.6021411  0.60243812
 0.60273514 0.60303216 0.60332918 0.6036262  0.60392322 0.60422024
 0.60451726 0.60481428 0.6051113  0.60540832 0.60570534 0.60600236
 0.60629938 0.6065964  0.60689342 0.60719044 0.60748746 0.60778448
 0.6080815  0.60837852 0.60867554 0.60897256 0.60926958 0.6095666
 0.60986362 0.61016064 0.61045766 0.61075468 0.6110517  0.61134872
 0.61164574 0.61194276 0.61223978 0.6125368  0.61283382 0.61313084
 0.61342786 0.61372488 0.6140219  0.61431892 0.61461594 0.61491296
 0.61520998 0.615507   0.61580402 0.61610104 0.61639806 0.61669508
 0.6169921  0.61728912 0.61758614 0.61788316 0.61818018 0.6184772
 0.61877422 0.61907124 0.61936826 0.61966528 0.6199623  0.62025932
 0.62055634 0.62085336 0.62115038 0.6214474  0.62174442 0.62204144
 0.62233846 0.62263548 0.6229325  0.62322952 0.62352654 0.62382356
 0.62412058 0.6244176  0.62471462 0.62501164 0.62530866 0.62560568
 0.6259027  0.62619972 0.62649674 0.62679376 0.62709078 0.6273878
 0.62768482 0.62798184 0.62827886 0.62857588 0.6288729  0.62916992
 0.62946694 0.62976396 0.63006098 0.630358   0.63065502 0.63095204
 0.63124906 0.63154608 0.6318431  0.63214012 0.63243714 0.63273416
 0.63303118 0.6333282  0.63362522 0.63392224 0.63421926 0.63451628
 0.6348133  0.63511032 0.63540734 0.63570436 0.63600138 0.6362984
 0.63659542 0.63689244 0.63718946 0.63748648 0.6377835  0.63808052
 0.63837754 0.63867456 0.63897158 0.6392686  0.63956562 0.63986264
 0.64015966 0.64045668 0.6407537  0.64105072 0.64134774 0.64164476
 0.64194178 0.6422388  0.64253582 0.64283284 0.64312986 0.64342688
 0.6437239  0.64402092 0.64431794 0.64461496 0.64491198 0.645209
 0.64550602 0.64580304 0.64610006 0.64639708 0.6466941  0.64699112
 0.64728814 0.64758516 0.64788218 0.6481792  0.64847622 0.64877324
 0.64907026 0.64936728 0.6496643  0.64996132 0.65025834 0.65055536
 0.65085238 0.6511494  0.65144642 0.65174344 0.65204046 0.65233748
 0.6526345  0.65293152 0.65322854 0.65352556 0.65382258 0.6541196
 0.65441662 0.65471364 0.65501066 0.65530768 0.6556047  0.65590172
 0.65619874 0.65649576 0.65679278 0.6570898  0.65738682 0.65768384
 0.65798086 0.65827788 0.6585749  0.65887192 0.65916894 0.65946596
 0.65976298 0.66006    0.66035702 0.66065404 0.66095106 0.66124808
 0.6615451  0.66184212 0.66213914 0.66243616 0.66273318 0.6630302
 0.66332722 0.66362424 0.66392126 0.66421828 0.6645153  0.66481232
 0.66510934 0.66540636 0.66570338 0.6660004  0.66629742 0.66659444
 0.66689146 0.66718848 0.6674855  0.66778252 0.66807954 0.66837656
 0.66867358 0.6689706  0.66926762 0.66956464 0.66986166 0.67015868
 0.6704557  0.67075272 0.67104974 0.67134676 0.67164378 0.6719408
 0.67223782 0.67253484 0.67283186 0.67312888 0.6734259  0.67372292
 0.67401994 0.67431696 0.67461398 0.674911  ]","[ 0.39775617  0.40308769  0.4084809   0.41393636  0.41945464  0.42503631
  0.43068194  0.43639212  0.44216743  0.44800844  0.45391574  0.45988993
  0.4659316   0.47204133  0.47821974  0.48446741  0.49078497  0.497173
  0.50363212  0.51016295  0.51676609  0.52344217  0.53019181  0.53701563
  0.54391425  0.55088831  0.55793844  0.56506526  0.57226942  0.57955156
  0.58691231  0.59435233  0.60187225  0.60947272  0.6171544   0.62491794
  0.632764    0.64069323  0.64870629  0.65680386  0.66498658  0.67325513
  0.68161017  0.69005239  0.69858244  0.70720102  0.71590878  0.72470642
  0.7335946   0.74257403  0.75164537  0.76080931  0.77006655  0.77941777
  0.78886366  0.79840492  0.80804224  0.81777631  0.82760783  0.8375375
  0.84756602  0.85769409  0.86792241  0.87825168  0.88868261  0.8992159
  0.90985227  0.92059241  0.93143703  0.94238685  0.95344256  0.96460489
  0.97587454  0.98725223  0.99873866  1.01033454  1.0220406   1.03385754
  1.04578608  1.05782692  1.06998079  1.08224839  1.09463045  1.10712766
  1.11974075  1.13247043  1.14531741  1.1582824   1.17136612  1.18456928
  1.19789258  1.21133673  1.22490246  1.23859045  1.25240143  1.2663361
  1.28039516  1.29457932  1.30888928  1.32332574  1.3378894   1.35258097
  1.36740113  1.38235059  1.39743004  1.41264017  1.42798167  1.44345522
  1.45906153  1.47480126  1.49067511  1.50668374  1.52282785  1.5391081
  1.55552516  1.5720797   1.5887724   1.60560391  1.62257489  1.639686
  1.6569379   1.67433124  1.69186666  1.70954481  1.72736634  1.74533186
  1.76344203  1.78169747  1.8000988   1.81864664  1.83734162  1.85618435
  1.87517543  1.89431546  1.91360506  1.93304481  1.9526353   1.97237712
  1.99227084  2.01231705  2.03251631  2.05286919  2.07337625  2.09403803
  2.1148551   2.13582798  2.15695722  2.17824334  2.19968688  2.22128834
  2.24304824  2.26496709  2.28704538  2.30928361  2.33168226  2.35424181
  2.37696273  2.39984549  2.42289054  2.44609834  2.46946932  2.49300392
  2.51670257  2.54056569  2.56459368  2.58878696  2.61314592  2.63767095
  2.66236241  2.6872207   2.71224616  2.73743915  2.76280002  2.78832909
  2.81402671  2.83989318  2.86592881  2.8921339   2.91850874  2.94505362
  2.97176879  2.99865452  3.02571107  3.05293866  3.08033754  3.10790791
  3.13565     3.16356399  3.19165008  3.21990844  3.24833924  3.27694264
  3.30571878  3.33466779  3.36378979  3.3930849   3.42255322  3.45219483
  3.4820098   3.51199821  3.5421601   3.57249552  3.60300448  3.63368701
  3.66454311  3.69557277  3.72677597  3.75815267  3.78970283  3.82142637
  3.85332324  3.88539335  3.91763659  3.95005285  3.982642    4.01540391
  4.04833842  4.08144536  4.11472455  4.14817581  4.1817989   4.21559363
  4.24955974  4.28369698  4.31800509  4.3524838   4.38713279  4.42195177
  4.45694041  4.49209837  4.5274253   4.56292082  4.59858456  4.63441611
  4.67041506  4.70658098  4.74291342  4.77941193  4.81607603  4.85290522
  4.889899    4.92705685  4.96437823  5.00186257  5.03950932  5.07731788
  5.11528766  5.15341803  5.19170835  5.23015799  5.26876626  5.30753248
  5.34645597  5.38553598  5.42477181  5.46416268  5.50370785  5.54340651
  5.58325789  5.62326114  5.66341546  5.70371997  5.74417382  5.78477612
  5.82552597  5.86642245  5.90746463  5.94865155  5.98998225  6.03145573
  6.073071    6.11482703  6.15672278  6.19875721  6.24092923  6.28323776
  6.32568169  6.3682599   6.41097125  6.45381457  6.49678869  6.53989242
  6.58312455  6.62648385  6.66996907  6.71357896  6.75731222  6.80116758
  6.84514371  6.88923927  6.93345293  6.97778332  7.02222906  7.06678873
  7.11146094  7.15624424  7.20113718  7.2461383   7.29124611  7.33645911
  7.38177577  7.42719457  7.47271395  7.51833234  7.56404815  7.60985979
  7.65576563  7.70176404  7.74785336  7.79403193  7.84029805  7.88665004
  7.93308617  7.9796047   8.02620389  8.07288196  8.11963715  8.16646764
  8.21337163  8.26034729  8.30739276  8.3545062   8.40168572  8.44892942
  8.49623542  8.54360177  8.59102655  8.6385078   8.68604355  8.73363182
  8.78127063  8.82895794  8.87669175  8.92447     8.97229065  9.02015163
  9.06805085  9.11598622  9.16395563  9.21195695  9.25998805  9.30804678
  9.35613098  9.40423846  9.45236705  9.50051453  9.54867869  9.59685731
  9.64504815  9.69324895  9.74145745  9.78967138  9.83788845  9.88610636
  9.9343228   9.98253545 10.03074198 10.07894005 10.1271273  10.17530136
 10.22345987 10.27160043 10.31972066 10.36781815 10.41589048 10.46393524
 10.51194999 10.55993228 10.60787968 10.65578971 10.70365991 10.75148781
 10.79927092 10.84700675 10.8946928  10.94232657 10.98990554 11.03742718
 11.08488898 11.13228839 11.17962288 11.2268899  11.2740869  11.32121131
 11.36826058 11.41523214 11.4621234  11.5089318  11.55565474 11.60228964
 11.64883391 11.69528495 11.74164015 11.78789693 11.83405267 11.88010475
 11.92605058 11.97188753 12.01761299 12.06322433 12.10871895 12.1540942
 12.19934748 12.24447616 12.2894776  12.3343492  12.37908831 12.42369231
 12.46815858 12.5124845  12.55666743 12.60070475 12.64459385 12.68833209
 12.73191686 12.77534555 12.81861553 12.8617242  12.90466895 12.94744716
 12.99005625 13.03249359 13.07475661 13.1168427  13.15874929 13.20047378
 13.24201361 13.28336619 13.32452896 13.36549936 13.40627483 13.44685282
 13.48723079 13.5274062  13.56737653 13.60713924 13.64669184 13.6860318
 13.72515663 13.76406384 13.80275094 13.84121547 13.87945496 13.91746695
 13.95524901 13.99279868 14.03011356 14.06719122 14.10402926 14.14062528
 14.17697691 14.21308177 14.2489375  14.28454177 14.31989222 14.35498654
 14.38982243 14.42439757 14.4587097  14.49275653 14.52653582 14.56004531
 14.59328279 14.62624603 14.65893284 14.69134104 14.72346845 14.75531292
 14.78687232 14.81814451 14.8491274  14.87981889 14.91021692 14.94031942
 14.97012436 14.99962971 15.02883347 15.05773366 15.0863283  15.11461545
 15.14259317 15.17025954 15.19761268 15.22465071 15.25137178 15.27777404
 15.30385568 15.3296149  15.35504993 15.380159   15.40494039 15.42939238
 15.45351327 15.47730139 15.50075509 15.52387274 15.54665272 15.56909346
 15.59119338 15.61295095 15.63436465 15.65543297 15.67615444 15.69652762
 15.71655107 15.73622338 15.75554318 15.77450911 15.79311983 15.81137403
 15.82927043 15.84680776 15.86398478 15.88080029 15.89725309 15.91334202
 15.92906594 15.94442374 15.95941433 15.97403664 15.98828964 16.00217231
 16.01568368 16.02882277 16.04158865 16.05398042 16.06599719 16.07763811
 16.08890235 16.0997891  16.11029758 16.12042705 16.13017679 16.13954609
 16.14853428 16.15714074 16.16536482 16.17320596 16.18066359 16.18773717
 16.19442621 16.20073021 16.20664872 16.21218133 16.21732764 16.22208728
 16.2264599  16.23044519 16.23404287 16.23725268 16.24007438 16.24250778
 16.2445527  16.246209   16.24747655 16.24835527 16.24884508 16.24894596
 16.2486579  16.24798092 16.24691507 16.24546042 16.24361707 16.24138518
 16.23876488 16.23575637 16.23235986 16.22857561 16.22440387 16.21984496
 16.21489919 16.20956693 16.20384854 16.19774446 16.1912551  16.18438094
 16.17712247 16.1694802  16.1614547  16.15304652 16.14425627 16.13508458
 16.12553211 16.11559954 16.10528757 16.09459695 16.08352844 16.07208282
 16.06026091 16.04806356 16.03549163 16.02254603 16.00922766 15.99553748
 15.98147646 15.9670456  15.95224592 15.93707847 15.92154434 15.90564461
 15.88938043 15.87275292 15.85576328 15.83841271 15.82070242 15.80263367
 15.78420773 15.7654259  15.7462895  15.72679988 15.7069584  15.68676647
 15.66622549 15.64533691 15.62410219 15.60252282 15.5806003  15.55833616
 15.53573196 15.51278927 15.4895097  15.46589485 15.44194638 15.41766593
 15.39305521 15.3681159  15.34284974 15.31725847 15.29134386 15.26510769
 15.23855178 15.21167794 15.18448803 15.15698391 15.12916746 15.10104059
 15.07260521 15.04386328 15.01481675 14.9854676  14.95581782 14.92586942
 14.89562444 14.86508492 14.83425293 14.80313055 14.77171988 14.74002302
 14.70804212 14.67577931 14.64323675 14.61041663 14.57732114 14.54395247
 14.51031286 14.47640454 14.44222975 14.40779076 14.37308984 14.3381293
 14.30291142 14.26743853 14.23171295 14.19573703 14.15951312 14.12304357
 14.08633078 14.04937712 14.012185   13.97475683 13.93709501 13.899202
 13.86108021 13.82273211 13.78416016 13.74536682 13.70635457 13.66712589
 13.62768329 13.58802926 13.54816632 13.50809698 13.46782377 13.42734922
 13.38667587 13.34580627 13.30474297 13.26348853 13.22204552 13.1804165
 13.13860405 13.09661075 13.05443919 13.01209195 12.96957163 12.92688083
 12.88402215 12.84099819 12.79781156 12.75446487 12.71096074 12.66730178
 12.62349061 12.57952985 12.53542213 12.49117006 12.44677627 12.40224339
 12.35757403 12.31277084 12.26783642 12.22277342 12.17758445 12.13227214
 12.08683911 12.041288   11.99562141 11.94984197 11.90395229 11.857955
 11.81185271 11.76564802 11.71934355 11.67294189 11.62644566 11.57985745
 11.53317986 11.48641547 11.43956687 11.39263664 11.34562737 11.29854162
 11.25138195 11.20415094 11.15685113 11.10948507 11.06205532 11.0145644
 10.96701486 10.9194092  10.87174996 10.82403964 10.77628075 10.72847577
 10.6806272  10.63273752 10.5848092  10.53684471 10.48884649 10.44081699
 10.39275866 10.34467392 10.29656519 10.24843487 10.20028537 10.15211908
 10.10393838 10.05574563 10.0075432   9.95933343  9.91111867  9.86290123
  9.81468344  9.76646759  9.71825599  9.67005091  9.62185462  9.57366938
  9.52549744  9.47734103  9.42920237  9.38108366  9.33298712  9.28491491
  9.2368692   9.18885216  9.14086594  9.09291264  9.04499441  8.99711333
  8.9492715   8.901471    8.85371388  8.80600219  8.75833797  8.71072324
  8.66315999  8.61565022  8.5681959   8.520799    8.47346146  8.4261852
  8.37897215  8.3318242   8.28474324  8.23773113  8.19078974  8.14392089
  8.09712641  8.05040811  8.00376778  7.95720719  7.9107281   7.86433225
  7.81802137  7.77179717  7.72566134  7.67961557  7.6336615   7.58780079
  7.54203507  7.49636594  7.45079501  7.40532384  7.359954    7.31468703
  7.26952447  7.22446782  7.17951858  7.13467822  7.08994821  7.04532998
  7.00082496  6.95643456  6.91216018  6.86800318  6.82396493  6.78004676
  6.73624999  6.69257594  6.64902589  6.60560112  6.56230287  6.51913238
  6.47609087  6.43317955  6.3903996   6.34775218  6.30523845  6.26285955
  6.22061657  6.17851063  6.13654281  6.09471417  6.05302575  6.01147859
  5.9700737   5.92881208  5.8876947   5.84672252  5.80589649  5.76521753
  5.72468656  5.68430447  5.64407214  5.60399042  5.56406015  5.52428217
  5.48465728  5.44518627  5.40586992  5.36670899  5.32770421  5.28885632
  5.25016602  5.21163401  5.17326097  5.13504754  5.09699438  5.05910211
  5.02137135  4.98380269  4.9463967   4.90915396  4.872075    4.83516037
  4.79841056  4.7618261   4.72540745  4.68915509  4.65306947  4.61715103
  4.58140019  4.54581736  4.51040293  4.47515727  4.44008075  4.40517372
  4.37043651  4.33586943  4.30147279  4.26724687  4.23319195  4.1993083
  4.16559614  4.13205572  4.09868724  4.06549092  4.03246694  3.99961548
  3.96693669  3.93443073  3.90209772  3.86993779  3.83795105  3.80613758
  3.77449747  3.74303078  3.71173758  3.68061789  3.64967176  3.61889919
  3.58830019  3.55787475  3.52762285  3.49754445  3.46763952  3.43790798
  3.40834978  3.37896483  3.34975304  3.32071431  3.29184851  3.26315552
  3.23463521  3.20628741  3.17811198  3.15010873  3.1222775   3.09461808
  3.06713026  3.03981384  3.0126686   2.98569429  2.95889067  2.93225749
  2.90579448  2.87950136  2.85337786  2.82742368  2.80163851  2.77602205
  2.75057396  2.72529393  2.70018161  2.67523665  2.65045869  2.62584737
  2.60140231  2.57712314  2.55300945  2.52906086  2.50527694  2.4816573
  2.45820149  2.4349091   2.41177968  2.38881279  2.36600798  2.34336477
  2.32088272  2.29856133  2.27640013  2.25439863  2.23255634  2.21087275
  2.18934736  2.16797964  2.14676909  2.12571516  2.10481734  2.08407507
  2.06348782  2.04305503  2.02277615  2.00265062  1.98267786  1.96285732
  1.9431884   1.92367053  1.90430311  1.88508557  1.86601729  1.84709769
  1.82832614  1.80970205  1.79122479  1.77289375  1.7547083   1.73666782
  1.71877168  1.70101924  1.68340986  1.66594289  1.6486177   1.63143364
  1.61439005  1.59748627  1.58072165  1.56409552]",restricted_age_optimal,True,True,True,10,2,"constraints_[1, 4]_remained",92.08814575023965,90.01315417707825,94.16313732340105,1.0586886236322033,1.9139169019927482,1.870791248728568,1.9570425552569284,0.02200328863405136,1.9138759990491614,1.8707512674374107,1.957000730660912,0.022002818394579213,0.9120224420806926,0.9070525286134195,0.9167914482462719,0.0024841439060331962,large
0.355891,0.68426,0.549455,0.0631236505793431,4020,100.0,"[0.355891   0.37934593 0.40280086 0.42625579 0.44971071 0.47316564
 0.49662057 0.5200755  0.54353043 0.56698536 0.59044029 0.61389521
 0.63735014 0.66080507 0.68426   ]","[ 0.2238806   0.72139303  1.64179104  3.55721393  7.43781095 10.04975124
 13.15920398 10.82089552 10.82089552 13.08457711 10.82089552 10.54726368
  6.09452736  1.0199005 ]",0.025,14,normal,0.546810711442786,"[0.355891   0.3562197  0.3565484  0.35687709 0.35720579 0.35753449
 0.35786319 0.35819188 0.35852058 0.35884928 0.35917798 0.35950667
 0.35983537 0.36016407 0.36049277 0.36082147 0.36115016 0.36147886
 0.36180756 0.36213626 0.36246495 0.36279365 0.36312235 0.36345105
 0.36377974 0.36410844 0.36443714 0.36476584 0.36509454 0.36542323
 0.36575193 0.36608063 0.36640933 0.36673802 0.36706672 0.36739542
 0.36772412 0.36805281 0.36838151 0.36871021 0.36903891 0.36936761
 0.3696963  0.370025   0.3703537  0.3706824  0.37101109 0.37133979
 0.37166849 0.37199719 0.37232588 0.37265458 0.37298328 0.37331198
 0.37364068 0.37396937 0.37429807 0.37462677 0.37495547 0.37528416
 0.37561286 0.37594156 0.37627026 0.37659895 0.37692765 0.37725635
 0.37758505 0.37791375 0.37824244 0.37857114 0.37889984 0.37922854
 0.37955723 0.37988593 0.38021463 0.38054333 0.38087203 0.38120072
 0.38152942 0.38185812 0.38218682 0.38251551 0.38284421 0.38317291
 0.38350161 0.3838303  0.384159   0.3844877  0.3848164  0.3851451
 0.38547379 0.38580249 0.38613119 0.38645989 0.38678858 0.38711728
 0.38744598 0.38777468 0.38810337 0.38843207 0.38876077 0.38908947
 0.38941817 0.38974686 0.39007556 0.39040426 0.39073296 0.39106165
 0.39139035 0.39171905 0.39204775 0.39237644 0.39270514 0.39303384
 0.39336254 0.39369124 0.39401993 0.39434863 0.39467733 0.39500603
 0.39533472 0.39566342 0.39599212 0.39632082 0.39664951 0.39697821
 0.39730691 0.39763561 0.39796431 0.398293   0.3986217  0.3989504
 0.3992791  0.39960779 0.39993649 0.40026519 0.40059389 0.40092258
 0.40125128 0.40157998 0.40190868 0.40223738 0.40256607 0.40289477
 0.40322347 0.40355217 0.40388086 0.40420956 0.40453826 0.40486696
 0.40519565 0.40552435 0.40585305 0.40618175 0.40651045 0.40683914
 0.40716784 0.40749654 0.40782524 0.40815393 0.40848263 0.40881133
 0.40914003 0.40946872 0.40979742 0.41012612 0.41045482 0.41078352
 0.41111221 0.41144091 0.41176961 0.41209831 0.412427   0.4127557
 0.4130844  0.4134131  0.41374179 0.41407049 0.41439919 0.41472789
 0.41505659 0.41538528 0.41571398 0.41604268 0.41637138 0.41670007
 0.41702877 0.41735747 0.41768617 0.41801486 0.41834356 0.41867226
 0.41900096 0.41932966 0.41965835 0.41998705 0.42031575 0.42064445
 0.42097314 0.42130184 0.42163054 0.42195924 0.42228793 0.42261663
 0.42294533 0.42327403 0.42360273 0.42393142 0.42426012 0.42458882
 0.42491752 0.42524621 0.42557491 0.42590361 0.42623231 0.42656101
 0.4268897  0.4272184  0.4275471  0.4278758  0.42820449 0.42853319
 0.42886189 0.42919059 0.42951928 0.42984798 0.43017668 0.43050538
 0.43083408 0.43116277 0.43149147 0.43182017 0.43214887 0.43247756
 0.43280626 0.43313496 0.43346366 0.43379235 0.43412105 0.43444975
 0.43477845 0.43510715 0.43543584 0.43576454 0.43609324 0.43642194
 0.43675063 0.43707933 0.43740803 0.43773673 0.43806542 0.43839412
 0.43872282 0.43905152 0.43938022 0.43970891 0.44003761 0.44036631
 0.44069501 0.4410237  0.4413524  0.4416811  0.4420098  0.44233849
 0.44266719 0.44299589 0.44332459 0.44365329 0.44398198 0.44431068
 0.44463938 0.44496808 0.44529677 0.44562547 0.44595417 0.44628287
 0.44661156 0.44694026 0.44726896 0.44759766 0.44792636 0.44825505
 0.44858375 0.44891245 0.44924115 0.44956984 0.44989854 0.45022724
 0.45055594 0.45088463 0.45121333 0.45154203 0.45187073 0.45219943
 0.45252812 0.45285682 0.45318552 0.45351422 0.45384291 0.45417161
 0.45450031 0.45482901 0.4551577  0.4554864  0.4558151  0.4561438
 0.4564725  0.45680119 0.45712989 0.45745859 0.45778729 0.45811598
 0.45844468 0.45877338 0.45910208 0.45943077 0.45975947 0.46008817
 0.46041687 0.46074557 0.46107426 0.46140296 0.46173166 0.46206036
 0.46238905 0.46271775 0.46304645 0.46337515 0.46370384 0.46403254
 0.46436124 0.46468994 0.46501864 0.46534733 0.46567603 0.46600473
 0.46633343 0.46666212 0.46699082 0.46731952 0.46764822 0.46797691
 0.46830561 0.46863431 0.46896301 0.46929171 0.4696204  0.4699491
 0.4702778  0.4706065  0.47093519 0.47126389 0.47159259 0.47192129
 0.47224998 0.47257868 0.47290738 0.47323608 0.47356478 0.47389347
 0.47422217 0.47455087 0.47487957 0.47520826 0.47553696 0.47586566
 0.47619436 0.47652306 0.47685175 0.47718045 0.47750915 0.47783785
 0.47816654 0.47849524 0.47882394 0.47915264 0.47948133 0.47981003
 0.48013873 0.48046743 0.48079613 0.48112482 0.48145352 0.48178222
 0.48211092 0.48243961 0.48276831 0.48309701 0.48342571 0.4837544
 0.4840831  0.4844118  0.4847405  0.4850692  0.48539789 0.48572659
 0.48605529 0.48638399 0.48671268 0.48704138 0.48737008 0.48769878
 0.48802747 0.48835617 0.48868487 0.48901357 0.48934227 0.48967096
 0.48999966 0.49032836 0.49065706 0.49098575 0.49131445 0.49164315
 0.49197185 0.49230054 0.49262924 0.49295794 0.49328664 0.49361534
 0.49394403 0.49427273 0.49460143 0.49493013 0.49525882 0.49558752
 0.49591622 0.49624492 0.49657361 0.49690231 0.49723101 0.49755971
 0.49788841 0.4982171  0.4985458  0.4988745  0.4992032  0.49953189
 0.49986059 0.50018929 0.50051799 0.50084668 0.50117538 0.50150408
 0.50183278 0.50216148 0.50249017 0.50281887 0.50314757 0.50347627
 0.50380496 0.50413366 0.50446236 0.50479106 0.50511975 0.50544845
 0.50577715 0.50610585 0.50643455 0.50676324 0.50709194 0.50742064
 0.50774934 0.50807803 0.50840673 0.50873543 0.50906413 0.50939282
 0.50972152 0.51005022 0.51037892 0.51070762 0.51103631 0.51136501
 0.51169371 0.51202241 0.5123511  0.5126798  0.5130085  0.5133372
 0.51366589 0.51399459 0.51432329 0.51465199 0.51498069 0.51530938
 0.51563808 0.51596678 0.51629548 0.51662417 0.51695287 0.51728157
 0.51761027 0.51793896 0.51826766 0.51859636 0.51892506 0.51925376
 0.51958245 0.51991115 0.52023985 0.52056855 0.52089724 0.52122594
 0.52155464 0.52188334 0.52221204 0.52254073 0.52286943 0.52319813
 0.52352683 0.52385552 0.52418422 0.52451292 0.52484162 0.52517031
 0.52549901 0.52582771 0.52615641 0.52648511 0.5268138  0.5271425
 0.5274712  0.5277999  0.52812859 0.52845729 0.52878599 0.52911469
 0.52944338 0.52977208 0.53010078 0.53042948 0.53075818 0.53108687
 0.53141557 0.53174427 0.53207297 0.53240166 0.53273036 0.53305906
 0.53338776 0.53371645 0.53404515 0.53437385 0.53470255 0.53503125
 0.53535994 0.53568864 0.53601734 0.53634604 0.53667473 0.53700343
 0.53733213 0.53766083 0.53798952 0.53831822 0.53864692 0.53897562
 0.53930432 0.53963301 0.53996171 0.54029041 0.54061911 0.5409478
 0.5412765  0.5416052  0.5419339  0.54226259 0.54259129 0.54291999
 0.54324869 0.54357739 0.54390608 0.54423478 0.54456348 0.54489218
 0.54522087 0.54554957 0.54587827 0.54620697 0.54653566 0.54686436
 0.54719306 0.54752176 0.54785046 0.54817915 0.54850785 0.54883655
 0.54916525 0.54949394 0.54982264 0.55015134 0.55048004 0.55080873
 0.55113743 0.55146613 0.55179483 0.55212353 0.55245222 0.55278092
 0.55310962 0.55343832 0.55376701 0.55409571 0.55442441 0.55475311
 0.5550818  0.5554105  0.5557392  0.5560679  0.5563966  0.55672529
 0.55705399 0.55738269 0.55771139 0.55804008 0.55836878 0.55869748
 0.55902618 0.55935487 0.55968357 0.56001227 0.56034097 0.56066967
 0.56099836 0.56132706 0.56165576 0.56198446 0.56231315 0.56264185
 0.56297055 0.56329925 0.56362794 0.56395664 0.56428534 0.56461404
 0.56494274 0.56527143 0.56560013 0.56592883 0.56625753 0.56658622
 0.56691492 0.56724362 0.56757232 0.56790102 0.56822971 0.56855841
 0.56888711 0.56921581 0.5695445  0.5698732  0.5702019  0.5705306
 0.57085929 0.57118799 0.57151669 0.57184539 0.57217409 0.57250278
 0.57283148 0.57316018 0.57348888 0.57381757 0.57414627 0.57447497
 0.57480367 0.57513236 0.57546106 0.57578976 0.57611846 0.57644716
 0.57677585 0.57710455 0.57743325 0.57776195 0.57809064 0.57841934
 0.57874804 0.57907674 0.57940543 0.57973413 0.58006283 0.58039153
 0.58072023 0.58104892 0.58137762 0.58170632 0.58203502 0.58236371
 0.58269241 0.58302111 0.58334981 0.5836785  0.5840072  0.5843359
 0.5846646  0.5849933  0.58532199 0.58565069 0.58597939 0.58630809
 0.58663678 0.58696548 0.58729418 0.58762288 0.58795157 0.58828027
 0.58860897 0.58893767 0.58926637 0.58959506 0.58992376 0.59025246
 0.59058116 0.59090985 0.59123855 0.59156725 0.59189595 0.59222464
 0.59255334 0.59288204 0.59321074 0.59353944 0.59386813 0.59419683
 0.59452553 0.59485423 0.59518292 0.59551162 0.59584032 0.59616902
 0.59649771 0.59682641 0.59715511 0.59748381 0.59781251 0.5981412
 0.5984699  0.5987986  0.5991273  0.59945599 0.59978469 0.60011339
 0.60044209 0.60077078 0.60109948 0.60142818 0.60175688 0.60208558
 0.60241427 0.60274297 0.60307167 0.60340037 0.60372906 0.60405776
 0.60438646 0.60471516 0.60504385 0.60537255 0.60570125 0.60602995
 0.60635865 0.60668734 0.60701604 0.60734474 0.60767344 0.60800213
 0.60833083 0.60865953 0.60898823 0.60931692 0.60964562 0.60997432
 0.61030302 0.61063172 0.61096041 0.61128911 0.61161781 0.61194651
 0.6122752  0.6126039  0.6129326  0.6132613  0.61358999 0.61391869
 0.61424739 0.61457609 0.61490479 0.61523348 0.61556218 0.61589088
 0.61621958 0.61654827 0.61687697 0.61720567 0.61753437 0.61786307
 0.61819176 0.61852046 0.61884916 0.61917786 0.61950655 0.61983525
 0.62016395 0.62049265 0.62082134 0.62115004 0.62147874 0.62180744
 0.62213614 0.62246483 0.62279353 0.62312223 0.62345093 0.62377962
 0.62410832 0.62443702 0.62476572 0.62509441 0.62542311 0.62575181
 0.62608051 0.62640921 0.6267379  0.6270666  0.6273953  0.627724
 0.62805269 0.62838139 0.62871009 0.62903879 0.62936748 0.62969618
 0.63002488 0.63035358 0.63068228 0.63101097 0.63133967 0.63166837
 0.63199707 0.63232576 0.63265446 0.63298316 0.63331186 0.63364055
 0.63396925 0.63429795 0.63462665 0.63495535 0.63528404 0.63561274
 0.63594144 0.63627014 0.63659883 0.63692753 0.63725623 0.63758493
 0.63791362 0.63824232 0.63857102 0.63889972 0.63922842 0.63955711
 0.63988581 0.64021451 0.64054321 0.6408719  0.6412006  0.6415293
 0.641858   0.64218669 0.64251539 0.64284409 0.64317279 0.64350149
 0.64383018 0.64415888 0.64448758 0.64481628 0.64514497 0.64547367
 0.64580237 0.64613107 0.64645976 0.64678846 0.64711716 0.64744586
 0.64777456 0.64810325 0.64843195 0.64876065 0.64908935 0.64941804
 0.64974674 0.65007544 0.65040414 0.65073283 0.65106153 0.65139023
 0.65171893 0.65204763 0.65237632 0.65270502 0.65303372 0.65336242
 0.65369111 0.65401981 0.65434851 0.65467721 0.6550059  0.6553346
 0.6556633  0.655992   0.6563207  0.65664939 0.65697809 0.65730679
 0.65763549 0.65796418 0.65829288 0.65862158 0.65895028 0.65927897
 0.65960767 0.65993637 0.66026507 0.66059377 0.66092246 0.66125116
 0.66157986 0.66190856 0.66223725 0.66256595 0.66289465 0.66322335
 0.66355205 0.66388074 0.66420944 0.66453814 0.66486684 0.66519553
 0.66552423 0.66585293 0.66618163 0.66651032 0.66683902 0.66716772
 0.66749642 0.66782512 0.66815381 0.66848251 0.66881121 0.66913991
 0.6694686  0.6697973  0.670126   0.6704547  0.67078339 0.67111209
 0.67144079 0.67176949 0.67209819 0.67242688 0.67275558 0.67308428
 0.67341298 0.67374167 0.67407037 0.67439907 0.67472777 0.67505646
 0.67538516 0.67571386 0.67604256 0.67637126 0.67669995 0.67702865
 0.67735735 0.67768605 0.67801474 0.67834344 0.67867214 0.67900084
 0.67932953 0.67965823 0.67998693 0.68031563 0.68064433 0.68097302
 0.68130172 0.68163042 0.68195912 0.68228781 0.68261651 0.68294521
 0.68327391 0.6836026  0.6839313  0.68426   ]","[ 0.15294297  0.15536868  0.15782859  0.1603231   0.16285262  0.16541757
  0.16801836  0.17065541  0.17332915  0.17604     0.17878841  0.1815748
  0.18439962  0.18726331  0.19016631  0.19310908  0.19609207  0.19911574
  0.20218056  0.20528698  0.20843547  0.21162652  0.2148606   0.21813818
  0.22145975  0.22482581  0.22823684  0.23169334  0.23519581  0.23874475
  0.24234067  0.24598409  0.2496755   0.25341545  0.25720444  0.261043
  0.26493167  0.26887097  0.27286146  0.27690365  0.28099811  0.28514538
  0.28934602  0.29360057  0.29790961  0.30227369  0.30669339  0.31116927
  0.31570191  0.32029189  0.3249398   0.32964621  0.33441172  0.33923693
  0.34412243  0.34906882  0.35407671  0.35914671  0.36427943  0.36947548
  0.37473549  0.38006007  0.38544986  0.39090549  0.39642758  0.40201678
  0.40767373  0.41339907  0.41919345  0.42505752  0.43099194  0.43699736
  0.44307445  0.44922386  0.45544627  0.46174236  0.46811278  0.47455823
  0.48107938  0.48767692  0.49435153  0.50110391  0.50793475  0.51484474
  0.52183458  0.52890498  0.53605665  0.54329028  0.5506066   0.55800631
  0.56549014  0.5730588   0.58071301  0.5884535   0.596281    0.60419624
  0.61219994  0.62029285  0.62847571  0.63674924  0.6451142   0.65357132
  0.66212136  0.67076507  0.67950319  0.68833648  0.69726569  0.70629158
  0.71541491  0.72463644  0.73395693  0.74337714  0.75289785  0.76251982
  0.77224382  0.78207061  0.79200097  0.80203568  0.81217551  0.82242123
  0.83277362  0.84323346  0.85380153  0.8644786   0.87526546  0.88616289
  0.89717167  0.90829258  0.91952641  0.93087393  0.94233595  0.95391323
  0.96560656  0.97741673  0.98934452  1.00139072  1.01355611  1.02584147
  1.03824759  1.05077526  1.06342525  1.07619835  1.08909534  1.102117
  1.11526411  1.12853745  1.14193781  1.15546594  1.16912264  1.18290868
  1.19682483  1.21087185  1.22505053  1.23936163  1.25380591  1.26838415
  1.28309709  1.29794551  1.31293016  1.32805179  1.34331116  1.35870902
  1.37424612  1.3899232   1.405741    1.42170027  1.43780173  1.45404612
  1.47043417  1.48696661  1.50364415  1.52046752  1.53743742  1.55455457
  1.57181968  1.58923344  1.60679656  1.62450973  1.64237362  1.66038894
  1.67855635  1.69687654  1.71535016  1.73397788  1.75276037  1.77169826
  1.79079222  1.81004287  1.82945086  1.84901681  1.86874135  1.88862509
  1.90866864  1.92887261  1.94923759  1.96976418  1.99045294  2.01130447
  2.03231933  2.05349807  2.07484126  2.09634944  2.11802315  2.13986291
  2.16186925  2.18404268  2.20638371  2.22889284  2.25157054  2.27441731
  2.29743361  2.3206199   2.34397663  2.36750425  2.39120319  2.41507388
  2.43911672  2.46333212  2.48772047  2.51228217  2.53701757  2.56192704
  2.58701094  2.6122696   2.63770335  2.66331252  2.68909741  2.71505832
  2.74119553  2.76750931  2.79399993  2.82066764  2.84751266  2.87453523
  2.90173557  2.92911386  2.9566703   2.98440506  3.01231831  3.04041018
  3.06868083  3.09713036  3.12575889  3.15456651  3.18355331  3.21271935
  3.24206468  3.27158934  3.30129337  3.33117676  3.36123951  3.39148161
  3.42190302  3.4525037   3.48328357  3.51424257  3.54538058  3.57669752
  3.60819324  3.63986762  3.67172048  3.70375167  3.73596099  3.76834823
  3.80091317  3.83365558  3.8665752   3.89967177  3.93294498  3.96639454
  4.00002013  4.0338214   4.067798    4.10194956  4.13627569  4.17077597
  4.20544999  4.24029729  4.27531742  4.3105099   4.34587422  4.38140988
  4.41711633  4.45299303  4.48903941  4.52525488  4.56163882  4.59819062
  4.63490962  4.67179517  4.70884658  4.74606314  4.78344415  4.82098885
  4.85869649  4.8965663   4.93459746  4.97278917  5.01114059  5.04965086
  5.08831911  5.12714445  5.16612595  5.20526268  5.24455369  5.283998
  5.32359462  5.36334254  5.40324072  5.44328811  5.48348364  5.5238262
  5.56431469  5.60494797  5.64572489  5.68664428  5.72770493  5.76890564
  5.81024516  5.85172225  5.89333563  5.93508401  5.97696606  6.01898045
  6.06112583  6.10340082  6.14580402  6.18833402  6.23098938  6.27376864
  6.31667032  6.35969293  6.40283496  6.44609485  6.48947106  6.53296201
  6.5765661   6.62028172  6.66410722  6.70804094  6.75208122  6.79622636
  6.84047464  6.88482431  6.92927364  6.97382084  7.01846412  7.06320166
  7.10803164  7.1529522   7.19796146  7.24305755  7.28823854  7.33350251
  7.37884752  7.4242716   7.46977276  7.515349    7.56099831  7.60671863
  7.65250792  7.6983641   7.74428508  7.79026874  7.83631295  7.88241558
  7.92857444  7.97478738  8.02105217  8.06736662  8.11372849  8.16013553
  8.20658547  8.25307603  8.29960492  8.34616981  8.39276839  8.4393983
  8.48605718  8.53274265  8.57945233  8.6261838   8.67293465  8.71970243
  8.76648469  8.81327897  8.86008279  8.90689365  8.95370905  9.00052646
  9.04734335  9.09415716  9.14096535  9.18776534  9.23455453  9.28133033
  9.32809013  9.37483131  9.42155123  9.46824724  9.5149167   9.56155692
  9.60816524  9.65473897  9.70127539  9.74777181  9.79422551  9.84063375
  9.8869938   9.93330291  9.97955833 10.02575728 10.07189701 10.11797472
 10.16398764 10.20993296 10.25580788 10.30160959 10.34733528 10.39298212
 10.43854729 10.48402794 10.52942125 10.57472436 10.61993442 10.66504859
 10.710064   10.75497778 10.79978707 10.84448901 10.88908071 10.9335593
 10.97792191 11.02216564 11.06628762 11.11028497 11.15415479 11.1978942
 11.24150031 11.28497023 11.32830107 11.37148995 11.41453398 11.45743027
 11.50017593 11.54276809 11.58520385 11.62748034 11.66959468 11.71154399
 11.75332541 11.79493606 11.83637308 11.8776336  11.91871478 11.95961375
 12.00032767 12.04085371 12.08118902 12.12133077 12.16127615 12.20102232
 12.24056649 12.27990586 12.31903761 12.35795898 12.39666718 12.43515943
 12.47343299 12.51148509 12.549313   12.58691398 12.62428532 12.66142429
 12.69832819 12.73499435 12.77142008 12.80760272 12.8435396  12.8792281
 12.91466558 12.94984943 12.98477704 13.01944584 13.05385323 13.08799667
 13.12187362 13.15548153 13.1888179  13.22188024 13.25466605 13.28717287
 13.31939825 13.35133976 13.38299499 13.41436154 13.44543702 13.47621908
 13.50670538 13.53689358 13.56678139 13.59636652 13.6256467  13.65461969
 13.68328325 13.71163519 13.73967332 13.76739548 13.79479952 13.82188332
 13.84864479 13.87508185 13.90119243 13.92697452 13.9524261  13.97754519
 14.00232982 14.02677806 14.05088799 14.07465772 14.09808539 14.12116916
 14.14390721 14.16629774 14.188339   14.21002924 14.23136676 14.25234985
 14.27297687 14.29324617 14.31315616 14.33270524 14.35189186 14.3707145
 14.38917167 14.40726188 14.42498369 14.44233569 14.4593165  14.47592475
 14.49215913 14.50801831 14.52350104 14.53860608 14.55333221 14.56767825
 14.58164304 14.59522546 14.60842443 14.62123887 14.63366775 14.64571008
 14.65736487 14.6686312  14.67950814 14.68999483 14.70009041 14.70979407
 14.71910502 14.72802251 14.73654581 14.74467424 14.75240714 14.75974388
 14.76668386 14.77322653 14.77937134 14.78511781 14.79046547 14.79541387
 14.79996263 14.80411136 14.80785974 14.81120746 14.81415424 14.81669985
 14.81884408 14.82058675 14.82192773 14.8228669  14.82340419 14.82353955
 14.82327298 14.82260449 14.82153414 14.82006202 14.81818824 14.81591297
 14.81323637 14.81015868 14.80668013 14.80280103 14.79852167 14.79384241
 14.78876362 14.78328573 14.77740917 14.77113442 14.76446199 14.75739243
 14.7499263  14.74206421 14.7338068  14.72515474 14.71610873 14.70666949
 14.69683781 14.68661446 14.67600028 14.66499612 14.65360288 14.64182147
 14.62965285 14.61709799 14.60415791 14.59083365 14.57712628 14.56303691
 14.54856666 14.53371671 14.51848824 14.50288248 14.48690068 14.47054411
 14.45381409 14.43671195 14.41923907 14.40139684 14.38318668 14.36461005
 14.34566842 14.3263633  14.30669624 14.28666878 14.26628252 14.24553908
 14.22444011 14.20298726 14.18118224 14.15902677 14.13652259 14.11367149
 14.09047526 14.06693572 14.04305472 14.01883415 13.99427588 13.96938185
 13.94415401 13.91859432 13.89270477 13.86648738 13.8399442  13.81307728
 13.7858887  13.75838058 13.73055504 13.70241423 13.67396032 13.6451955
 13.61612199 13.58674201 13.55705782 13.5270717  13.49678593 13.46620283
 13.43532472 13.40415396 13.37269291 13.34094396 13.30890951 13.27659199
 13.24399382 13.21111747 13.17796541 13.14454012 13.1108441  13.07687988
 13.04264999 13.00815698 12.97340342 12.93839187 12.90312494 12.86760523
 12.83183535 12.79581795 12.75955567 12.72305116 12.68630709 12.64932615
 12.61211103 12.57466443 12.53698907 12.49908768 12.46096298 12.42261773
 12.38405467 12.34527658 12.30628623 12.26708639 12.22767986 12.18806944
 12.14825793 12.10824814 12.06804289 12.027645   11.98705732 11.94628268
 11.90532391 11.86418387 11.82286542 11.78137141 11.7397047  11.69786815
 11.65586465 11.61369706 11.57136826 11.52888113 11.48623855 11.4434434
 11.40049856 11.35740693 11.31417139 11.27079482 11.22728013 11.18363018
 11.13984789 11.09593612 11.05189777 11.00773573 10.96345287 10.91905209
 10.87453625 10.82990825 10.78517095 10.74032723 10.69537996 10.650332
 10.60518621 10.55994546 10.51461259 10.46919046 10.4236819  10.37808976
 10.33241687 10.28666605 10.24084013 10.19494192 10.14897423 10.10293986
 10.05684159 10.01068222  9.96446453  9.91819128  9.87186524  9.82548916
  9.77906578  9.73259784  9.68608806  9.63953916  9.59295385  9.54633482
  9.49968475  9.45300634  9.40630223  9.35957508  9.31282753  9.26606222
  9.21928176  9.17248876  9.12568581  9.0788755   9.0320604   8.98524306
  8.93842603  8.89161184  8.844803    8.79800203  8.7512114   8.70443359
  8.65767107  8.61092628  8.56420166  8.51749962  8.47082256  8.42417288
  8.37755294  8.3309651   8.28441171  8.23789508  8.19141752  8.14498134
  8.0985888   8.05224216  8.00594368  7.95969557  7.91350005  7.8673593
  7.82127551  7.77525082  7.7292874   7.68338734  7.63755277  7.59178576
  7.5460884   7.50046272  7.45491076  7.40943455  7.36403606  7.31871729
  7.2734802   7.22832671  7.18325876  7.13827824  7.09338705  7.04858705
  7.00388008  6.95926796  6.91475252  6.87033553  6.82601876  6.78180396
  6.73769287  6.69368719  6.6497886   6.6059988   6.56231941  6.51875208
  6.47529841  6.43196     6.38873841  6.3456352   6.3026519   6.25979001
  6.21705104  6.17443645  6.13194768  6.08958618  6.04735335  6.00525058
  5.96327924  5.92144068  5.87973623  5.8381672   5.79673488  5.75544053
  5.71428541  5.67327074  5.63239774  5.59166758  5.55108144  5.51064046
  5.47034578  5.43019849  5.39019969  5.35035045  5.31065181  5.27110479
  5.23171042  5.19246966  5.1533835   5.11445288  5.07567873  5.03706195
  4.99860344  4.96030407  4.92216467  4.8841861   4.84636914  4.80871461
  4.77122326  4.73389585  4.69673312  4.65973578  4.62290453  4.58624004
  4.54974297  4.51341395  4.47725362  4.44126257  4.40544138  4.36979062
  4.33431084  4.29900256  4.26386629  4.22890253  4.19411174  4.1594944
  4.12505092  4.09078173  4.05668725  4.02276784  3.98902388  3.95545572
  3.92206369  3.88884811  3.85580928  3.82294748  3.79026297  3.75775601
  3.72542683  3.69327564  3.66130265  3.62950803  3.59789196  3.56645459
  3.53519605  3.50411646  3.47321593  3.44249455  3.41195238  3.3815895
  3.35140595  3.32140174  3.29157691  3.26193143  3.23246532  3.20317852
  3.174071    3.1451427   3.11639355  3.08782347  3.05943234  3.03122007
  3.00318652  2.97533156  2.94765503  2.92015677  2.89283659  2.86569431
  2.83872972  2.8119426   2.78533273  2.75889987  2.73264376  2.70656413
  2.68066072  2.65493323  2.62938135  2.60400479  2.57880322  2.5537763
  2.52892369  2.50424504  2.47973997  2.45540812  2.43124909  2.4072625
  2.38344792  2.35980496  2.33633317  2.31303212  2.28990138  2.26694047
  2.24414895  2.22152633  2.19907213  2.17678587  2.15466704  2.13271513
  2.11092964  2.08931003  2.06785577  2.04656632  2.02544113  2.00447966
  1.98368132  1.96304557  1.9425718   1.92225945  1.90210791  1.8821166
  1.86228489  1.84261219  1.82309788  1.80374132  1.78454189  1.76549895
  1.74661186  1.72787997  1.70930262  1.69087916  1.67260892  1.65449124
  1.63652542  1.61871081  1.6010467   1.58353242  1.56616726  1.54895053
  1.53188152  1.51495953  1.49818385  1.48155375  1.46506853  1.44872746
  1.4325298   1.41647484  1.40056184  1.38479005]",restricted_age_optimal,True,True,True,10,2,"constraints_[2, 3]_remained",117.76842182735943,115.63092957528887,119.90591407942999,1.090577311078583,1.9686262608448086,1.9328957711729091,2.004356750516709,0.01823017665311067,1.9685859441014626,1.9328561861768787,2.004315702026047,0.0182298033057832,0.9180388722486149,0.9141459207466862,0.9217973008007818,0.0019517238754379771,large
0.355891,0.68426,0.547222,0.0625032038060171,3597,100.0,"[0.355891   0.37934593 0.40280086 0.42625579 0.44971071 0.47316564
 0.49662057 0.5200755  0.54353043 0.56698536 0.59044029 0.61389521
 0.63735014 0.66080507 0.68426   ]","[ 0.22240756  0.72282458  1.52905199  3.53072004  7.5618571  10.09174312
 13.37225466 11.45398944 11.20378093 12.98304142 10.39755352 10.17514595
  5.67139283  1.08423686]",0.025,14,normal,0.5457206052265777,"[0.355891   0.3562197  0.3565484  0.35687709 0.35720579 0.35753449
 0.35786319 0.35819188 0.35852058 0.35884928 0.35917798 0.35950667
 0.35983537 0.36016407 0.36049277 0.36082147 0.36115016 0.36147886
 0.36180756 0.36213626 0.36246495 0.36279365 0.36312235 0.36345105
 0.36377974 0.36410844 0.36443714 0.36476584 0.36509454 0.36542323
 0.36575193 0.36608063 0.36640933 0.36673802 0.36706672 0.36739542
 0.36772412 0.36805281 0.36838151 0.36871021 0.36903891 0.36936761
 0.3696963  0.370025   0.3703537  0.3706824  0.37101109 0.37133979
 0.37166849 0.37199719 0.37232588 0.37265458 0.37298328 0.37331198
 0.37364068 0.37396937 0.37429807 0.37462677 0.37495547 0.37528416
 0.37561286 0.37594156 0.37627026 0.37659895 0.37692765 0.37725635
 0.37758505 0.37791375 0.37824244 0.37857114 0.37889984 0.37922854
 0.37955723 0.37988593 0.38021463 0.38054333 0.38087203 0.38120072
 0.38152942 0.38185812 0.38218682 0.38251551 0.38284421 0.38317291
 0.38350161 0.3838303  0.384159   0.3844877  0.3848164  0.3851451
 0.38547379 0.38580249 0.38613119 0.38645989 0.38678858 0.38711728
 0.38744598 0.38777468 0.38810337 0.38843207 0.38876077 0.38908947
 0.38941817 0.38974686 0.39007556 0.39040426 0.39073296 0.39106165
 0.39139035 0.39171905 0.39204775 0.39237644 0.39270514 0.39303384
 0.39336254 0.39369124 0.39401993 0.39434863 0.39467733 0.39500603
 0.39533472 0.39566342 0.39599212 0.39632082 0.39664951 0.39697821
 0.39730691 0.39763561 0.39796431 0.398293   0.3986217  0.3989504
 0.3992791  0.39960779 0.39993649 0.40026519 0.40059389 0.40092258
 0.40125128 0.40157998 0.40190868 0.40223738 0.40256607 0.40289477
 0.40322347 0.40355217 0.40388086 0.40420956 0.40453826 0.40486696
 0.40519565 0.40552435 0.40585305 0.40618175 0.40651045 0.40683914
 0.40716784 0.40749654 0.40782524 0.40815393 0.40848263 0.40881133
 0.40914003 0.40946872 0.40979742 0.41012612 0.41045482 0.41078352
 0.41111221 0.41144091 0.41176961 0.41209831 0.412427   0.4127557
 0.4130844  0.4134131  0.41374179 0.41407049 0.41439919 0.41472789
 0.41505659 0.41538528 0.41571398 0.41604268 0.41637138 0.41670007
 0.41702877 0.41735747 0.41768617 0.41801486 0.41834356 0.41867226
 0.41900096 0.41932966 0.41965835 0.41998705 0.42031575 0.42064445
 0.42097314 0.42130184 0.42163054 0.42195924 0.42228793 0.42261663
 0.42294533 0.42327403 0.42360273 0.42393142 0.42426012 0.42458882
 0.42491752 0.42524621 0.42557491 0.42590361 0.42623231 0.42656101
 0.4268897  0.4272184  0.4275471  0.4278758  0.42820449 0.42853319
 0.42886189 0.42919059 0.42951928 0.42984798 0.43017668 0.43050538
 0.43083408 0.43116277 0.43149147 0.43182017 0.43214887 0.43247756
 0.43280626 0.43313496 0.43346366 0.43379235 0.43412105 0.43444975
 0.43477845 0.43510715 0.43543584 0.43576454 0.43609324 0.43642194
 0.43675063 0.43707933 0.43740803 0.43773673 0.43806542 0.43839412
 0.43872282 0.43905152 0.43938022 0.43970891 0.44003761 0.44036631
 0.44069501 0.4410237  0.4413524  0.4416811  0.4420098  0.44233849
 0.44266719 0.44299589 0.44332459 0.44365329 0.44398198 0.44431068
 0.44463938 0.44496808 0.44529677 0.44562547 0.44595417 0.44628287
 0.44661156 0.44694026 0.44726896 0.44759766 0.44792636 0.44825505
 0.44858375 0.44891245 0.44924115 0.44956984 0.44989854 0.45022724
 0.45055594 0.45088463 0.45121333 0.45154203 0.45187073 0.45219943
 0.45252812 0.45285682 0.45318552 0.45351422 0.45384291 0.45417161
 0.45450031 0.45482901 0.4551577  0.4554864  0.4558151  0.4561438
 0.4564725  0.45680119 0.45712989 0.45745859 0.45778729 0.45811598
 0.45844468 0.45877338 0.45910208 0.45943077 0.45975947 0.46008817
 0.46041687 0.46074557 0.46107426 0.46140296 0.46173166 0.46206036
 0.46238905 0.46271775 0.46304645 0.46337515 0.46370384 0.46403254
 0.46436124 0.46468994 0.46501864 0.46534733 0.46567603 0.46600473
 0.46633343 0.46666212 0.46699082 0.46731952 0.46764822 0.46797691
 0.46830561 0.46863431 0.46896301 0.46929171 0.4696204  0.4699491
 0.4702778  0.4706065  0.47093519 0.47126389 0.47159259 0.47192129
 0.47224998 0.47257868 0.47290738 0.47323608 0.47356478 0.47389347
 0.47422217 0.47455087 0.47487957 0.47520826 0.47553696 0.47586566
 0.47619436 0.47652306 0.47685175 0.47718045 0.47750915 0.47783785
 0.47816654 0.47849524 0.47882394 0.47915264 0.47948133 0.47981003
 0.48013873 0.48046743 0.48079613 0.48112482 0.48145352 0.48178222
 0.48211092 0.48243961 0.48276831 0.48309701 0.48342571 0.4837544
 0.4840831  0.4844118  0.4847405  0.4850692  0.48539789 0.48572659
 0.48605529 0.48638399 0.48671268 0.48704138 0.48737008 0.48769878
 0.48802747 0.48835617 0.48868487 0.48901357 0.48934227 0.48967096
 0.48999966 0.49032836 0.49065706 0.49098575 0.49131445 0.49164315
 0.49197185 0.49230054 0.49262924 0.49295794 0.49328664 0.49361534
 0.49394403 0.49427273 0.49460143 0.49493013 0.49525882 0.49558752
 0.49591622 0.49624492 0.49657361 0.49690231 0.49723101 0.49755971
 0.49788841 0.4982171  0.4985458  0.4988745  0.4992032  0.49953189
 0.49986059 0.50018929 0.50051799 0.50084668 0.50117538 0.50150408
 0.50183278 0.50216148 0.50249017 0.50281887 0.50314757 0.50347627
 0.50380496 0.50413366 0.50446236 0.50479106 0.50511975 0.50544845
 0.50577715 0.50610585 0.50643455 0.50676324 0.50709194 0.50742064
 0.50774934 0.50807803 0.50840673 0.50873543 0.50906413 0.50939282
 0.50972152 0.51005022 0.51037892 0.51070762 0.51103631 0.51136501
 0.51169371 0.51202241 0.5123511  0.5126798  0.5130085  0.5133372
 0.51366589 0.51399459 0.51432329 0.51465199 0.51498069 0.51530938
 0.51563808 0.51596678 0.51629548 0.51662417 0.51695287 0.51728157
 0.51761027 0.51793896 0.51826766 0.51859636 0.51892506 0.51925376
 0.51958245 0.51991115 0.52023985 0.52056855 0.52089724 0.52122594
 0.52155464 0.52188334 0.52221204 0.52254073 0.52286943 0.52319813
 0.52352683 0.52385552 0.52418422 0.52451292 0.52484162 0.52517031
 0.52549901 0.52582771 0.52615641 0.52648511 0.5268138  0.5271425
 0.5274712  0.5277999  0.52812859 0.52845729 0.52878599 0.52911469
 0.52944338 0.52977208 0.53010078 0.53042948 0.53075818 0.53108687
 0.53141557 0.53174427 0.53207297 0.53240166 0.53273036 0.53305906
 0.53338776 0.53371645 0.53404515 0.53437385 0.53470255 0.53503125
 0.53535994 0.53568864 0.53601734 0.53634604 0.53667473 0.53700343
 0.53733213 0.53766083 0.53798952 0.53831822 0.53864692 0.53897562
 0.53930432 0.53963301 0.53996171 0.54029041 0.54061911 0.5409478
 0.5412765  0.5416052  0.5419339  0.54226259 0.54259129 0.54291999
 0.54324869 0.54357739 0.54390608 0.54423478 0.54456348 0.54489218
 0.54522087 0.54554957 0.54587827 0.54620697 0.54653566 0.54686436
 0.54719306 0.54752176 0.54785046 0.54817915 0.54850785 0.54883655
 0.54916525 0.54949394 0.54982264 0.55015134 0.55048004 0.55080873
 0.55113743 0.55146613 0.55179483 0.55212353 0.55245222 0.55278092
 0.55310962 0.55343832 0.55376701 0.55409571 0.55442441 0.55475311
 0.5550818  0.5554105  0.5557392  0.5560679  0.5563966  0.55672529
 0.55705399 0.55738269 0.55771139 0.55804008 0.55836878 0.55869748
 0.55902618 0.55935487 0.55968357 0.56001227 0.56034097 0.56066967
 0.56099836 0.56132706 0.56165576 0.56198446 0.56231315 0.56264185
 0.56297055 0.56329925 0.56362794 0.56395664 0.56428534 0.56461404
 0.56494274 0.56527143 0.56560013 0.56592883 0.56625753 0.56658622
 0.56691492 0.56724362 0.56757232 0.56790102 0.56822971 0.56855841
 0.56888711 0.56921581 0.5695445  0.5698732  0.5702019  0.5705306
 0.57085929 0.57118799 0.57151669 0.57184539 0.57217409 0.57250278
 0.57283148 0.57316018 0.57348888 0.57381757 0.57414627 0.57447497
 0.57480367 0.57513236 0.57546106 0.57578976 0.57611846 0.57644716
 0.57677585 0.57710455 0.57743325 0.57776195 0.57809064 0.57841934
 0.57874804 0.57907674 0.57940543 0.57973413 0.58006283 0.58039153
 0.58072023 0.58104892 0.58137762 0.58170632 0.58203502 0.58236371
 0.58269241 0.58302111 0.58334981 0.5836785  0.5840072  0.5843359
 0.5846646  0.5849933  0.58532199 0.58565069 0.58597939 0.58630809
 0.58663678 0.58696548 0.58729418 0.58762288 0.58795157 0.58828027
 0.58860897 0.58893767 0.58926637 0.58959506 0.58992376 0.59025246
 0.59058116 0.59090985 0.59123855 0.59156725 0.59189595 0.59222464
 0.59255334 0.59288204 0.59321074 0.59353944 0.59386813 0.59419683
 0.59452553 0.59485423 0.59518292 0.59551162 0.59584032 0.59616902
 0.59649771 0.59682641 0.59715511 0.59748381 0.59781251 0.5981412
 0.5984699  0.5987986  0.5991273  0.59945599 0.59978469 0.60011339
 0.60044209 0.60077078 0.60109948 0.60142818 0.60175688 0.60208558
 0.60241427 0.60274297 0.60307167 0.60340037 0.60372906 0.60405776
 0.60438646 0.60471516 0.60504385 0.60537255 0.60570125 0.60602995
 0.60635865 0.60668734 0.60701604 0.60734474 0.60767344 0.60800213
 0.60833083 0.60865953 0.60898823 0.60931692 0.60964562 0.60997432
 0.61030302 0.61063172 0.61096041 0.61128911 0.61161781 0.61194651
 0.6122752  0.6126039  0.6129326  0.6132613  0.61358999 0.61391869
 0.61424739 0.61457609 0.61490479 0.61523348 0.61556218 0.61589088
 0.61621958 0.61654827 0.61687697 0.61720567 0.61753437 0.61786307
 0.61819176 0.61852046 0.61884916 0.61917786 0.61950655 0.61983525
 0.62016395 0.62049265 0.62082134 0.62115004 0.62147874 0.62180744
 0.62213614 0.62246483 0.62279353 0.62312223 0.62345093 0.62377962
 0.62410832 0.62443702 0.62476572 0.62509441 0.62542311 0.62575181
 0.62608051 0.62640921 0.6267379  0.6270666  0.6273953  0.627724
 0.62805269 0.62838139 0.62871009 0.62903879 0.62936748 0.62969618
 0.63002488 0.63035358 0.63068228 0.63101097 0.63133967 0.63166837
 0.63199707 0.63232576 0.63265446 0.63298316 0.63331186 0.63364055
 0.63396925 0.63429795 0.63462665 0.63495535 0.63528404 0.63561274
 0.63594144 0.63627014 0.63659883 0.63692753 0.63725623 0.63758493
 0.63791362 0.63824232 0.63857102 0.63889972 0.63922842 0.63955711
 0.63988581 0.64021451 0.64054321 0.6408719  0.6412006  0.6415293
 0.641858   0.64218669 0.64251539 0.64284409 0.64317279 0.64350149
 0.64383018 0.64415888 0.64448758 0.64481628 0.64514497 0.64547367
 0.64580237 0.64613107 0.64645976 0.64678846 0.64711716 0.64744586
 0.64777456 0.64810325 0.64843195 0.64876065 0.64908935 0.64941804
 0.64974674 0.65007544 0.65040414 0.65073283 0.65106153 0.65139023
 0.65171893 0.65204763 0.65237632 0.65270502 0.65303372 0.65336242
 0.65369111 0.65401981 0.65434851 0.65467721 0.6550059  0.6553346
 0.6556633  0.655992   0.6563207  0.65664939 0.65697809 0.65730679
 0.65763549 0.65796418 0.65829288 0.65862158 0.65895028 0.65927897
 0.65960767 0.65993637 0.66026507 0.66059377 0.66092246 0.66125116
 0.66157986 0.66190856 0.66223725 0.66256595 0.66289465 0.66322335
 0.66355205 0.66388074 0.66420944 0.66453814 0.66486684 0.66519553
 0.66552423 0.66585293 0.66618163 0.66651032 0.66683902 0.66716772
 0.66749642 0.66782512 0.66815381 0.66848251 0.66881121 0.66913991
 0.6694686  0.6697973  0.670126   0.6704547  0.67078339 0.67111209
 0.67144079 0.67176949 0.67209819 0.67242688 0.67275558 0.67308428
 0.67341298 0.67374167 0.67407037 0.67439907 0.67472777 0.67505646
 0.67538516 0.67571386 0.67604256 0.67637126 0.67669995 0.67702865
 0.67735735 0.67768605 0.67801474 0.67834344 0.67867214 0.67900084
 0.67932953 0.67965823 0.67998693 0.68031563 0.68064433 0.68097302
 0.68130172 0.68163042 0.68195912 0.68228781 0.68261651 0.68294521
 0.68327391 0.6836026  0.6839313  0.68426   ]","[ 0.14868157  0.15107327  0.1534992   0.15595977  0.1584554   0.16098651
  0.16355354  0.16615689  0.16879702  0.17147436  0.17418935  0.17694242
  0.17973404  0.18256466  0.18543473  0.1883447   0.19129505  0.19428625
  0.19731876  0.20039306  0.20350963  0.20666895  0.20987152  0.21311782
  0.21640834  0.2197436   0.22312409  0.22655032  0.23002279  0.23354204
  0.23710857  0.2407229   0.24438558  0.24809712  0.25185806  0.25566895
  0.25953032  0.26344272  0.26740671  0.27142283  0.27549166  0.27961374
  0.28378965  0.28801997  0.29230526  0.2966461   0.30104308  0.30549679
  0.31000781  0.31457674  0.31920418  0.32389073  0.328637    0.33344361
  0.33831115  0.34324026  0.34823156  0.35328566  0.35840321  0.36358483
  0.36883116  0.37414285  0.37952054  0.38496488  0.39047652  0.39605611
  0.40170433  0.40742182  0.41320927  0.41906734  0.4249967   0.43099804
  0.43707204  0.44321938  0.44944074  0.45573684  0.46210835  0.46855598
  0.47508044  0.48168242  0.48836264  0.49512181  0.50196066  0.50887988
  0.51588022  0.5229624   0.53012714  0.53737517  0.54470724  0.55212408
  0.55962644  0.56721504  0.57489066  0.58265402  0.59050589  0.59844702
  0.60647817  0.6146001   0.62281358  0.63111936  0.63951823  0.64801094
  0.65659828  0.66528101  0.67405992  0.68293579  0.6919094   0.70098153
  0.71015298  0.71942452  0.72879695  0.73827107  0.74784767  0.75752754
  0.76731148  0.77720029  0.78719477  0.79729573  0.80750397  0.81782029
  0.8282455   0.83878042  0.84942583  0.86018257  0.87105143  0.88203324
  0.89312879  0.90433892  0.91566442  0.92710612  0.93866482  0.95034136
  0.96213653  0.97405116  0.98608607  0.99824206  1.01051996  1.02292058
  1.03544474  1.04809326  1.06086694  1.07376661  1.08679307  1.09994714
  1.11322964  1.12664137  1.14018315  1.15385578  1.16766008  1.18159685
  1.19566689  1.20987102  1.22421003  1.23868472  1.25329589  1.26804435
  1.28293088  1.29795628  1.31312133  1.32842683  1.34387356  1.35946231
  1.37519385  1.39106896  1.40708842  1.423253    1.43956346  1.45602057
  1.47262509  1.48937778  1.50627939  1.52333067  1.54053237  1.55788523
  1.57538998  1.59304737  1.61085811  1.62882293  1.64694256  1.6652177
  1.68364907  1.70223736  1.72098328  1.73988753  1.75895078  1.77817372
  1.79755703  1.81710137  1.83680742  1.85667583  1.87670724  1.89690231
  1.91726168  1.93778596  1.9584758   1.9793318   2.00035458  2.02154473
  2.04290286  2.06442954  2.08612537  2.1079909   2.13002671  2.15223334
  2.17461135  2.19716127  2.21988363  2.24277895  2.26584774  2.2890905
  2.31250773  2.33609991  2.35986752  2.383811    2.40793083  2.43222744
  2.45670126  2.48135272  2.50618223  2.53119019  2.556377    2.58174302
  2.60728864  2.63301421  2.65892006  2.68500654  2.71127398  2.73772267
  2.76435291  2.79116501  2.81815921  2.8453358   2.87269501  2.90023708
  2.92796224  2.95587069  2.98396263  3.01223824  3.04069769  3.06934114
  3.09816873  3.12718058  3.15637681  3.18575752  3.21532279  3.2450727
  3.27500729  3.30512661  3.33543068  3.36591951  3.39659311  3.42745144
  3.45849447  3.48972215  3.52113441  3.55273117  3.58451233  3.61647777
  3.64862736  3.68096094  3.71347837  3.74617944  3.77906397  3.81213173
  3.84538249  3.87881601  3.91243201  3.9462302   3.98021029  4.01437195
  4.04871484  4.08323861  4.11794288  4.15282725  4.18789132  4.22313466
  4.2585568   4.2941573   4.32993566  4.36589137  4.40202392  4.43833275
  4.47481731  4.51147702  4.54831126  4.58531943  4.62250088  4.65985496
  4.69738098  4.73507824  4.77294602  4.81098359  4.84919019  4.88756503
  4.92610733  4.96481625  5.00369095  5.04273059  5.08193426  5.12130109
  5.16083014  5.20052046  5.2403711   5.28038108  5.32054938  5.36087498
  5.40135684  5.44199389  5.48278503  5.52372917  5.56482516  5.60607185
  5.64746809  5.68901266  5.73070435  5.77254194  5.81452415  5.85664972
  5.89891734  5.94132569  5.98387344  6.0265592   6.06938161  6.11233925
  6.1554307   6.19865451  6.2420092   6.2854933   6.32910528  6.37284361
  6.41670674  6.4606931   6.50480108  6.54902907  6.59337543  6.6378385
  6.6824166   6.72710803  6.77191106  6.81682396  6.86184496  6.90697227
  6.95220409  6.99753859  7.04297394  7.08850825  7.13413965  7.17986623
  7.22568606  7.27159719  7.31759766  7.36368547  7.40985863  7.4561151
  7.50245284  7.54886978  7.59536384  7.64193291  7.68857487  7.73528758
  7.78206887  7.82891656  7.87582846  7.92280235  7.96983598  8.01692711
  8.06407347  8.11127276  8.15852267  8.20582087  8.25316504  8.30055279
  8.34798176  8.39544956  8.44295375  8.49049193  8.53806164  8.58566042
  8.63328579  8.68093526  8.72860632  8.77629645  8.82400309  8.87172371
  8.91945572  8.96719654  9.01494357  9.06269419  9.11044578  9.15819569
  9.20594127  9.25367984  9.30140872  9.34912522  9.39682662  9.44451021
  9.49217324  9.53981298  9.58742666  9.63501151  9.68256476  9.7300836
  9.77756524  9.82500685  9.87240563  9.91975873  9.9670633  10.0143165
 10.06151545 10.1086573  10.15573915 10.20275811 10.2497113  10.29659579
 10.34340869 10.39014707 10.43680799 10.48338853 10.52988575 10.5762967
 10.62261842 10.66884796 10.71498235 10.76101863 10.80695382 10.85278494
 10.89850902 10.94412306 10.98962408 11.03500908 11.08027508 11.12541907
 11.17043805 11.21532903 11.260089   11.30471496 11.3492039  11.39355283
 11.43775872 11.48181859 11.52572942 11.56948822 11.61309197 11.65653768
 11.69982235 11.74294299 11.7858966  11.82868018 11.87129076 11.91372534
 11.95598095 11.99805461 12.03994334 12.08164419 12.12315419 12.16447039
 12.20558982 12.24650957 12.28722667 12.32773821 12.36804127 12.40813292
 12.44801027 12.48767041 12.52711046 12.56632754 12.60531877 12.64408129
 12.68261225 12.72090882 12.75896817 12.79678747 12.83436392 12.87169473
 12.90877711 12.94560829 12.98218552 13.01850605 13.05456715 13.09036612
 13.12590023 13.16116682 13.1961632  13.23088673 13.26533475 13.29950464
 13.3333938  13.36699963 13.40031956 13.43335103 13.46609149 13.49853844
 13.53068935 13.56254175 13.59409318 13.62534117 13.65628331 13.68691719
 13.71724042 13.74725063 13.77694548 13.80632263 13.83537979 13.86411468
 13.89252503 13.9206086  13.94836319 13.97578659 14.00287664 14.02963119
 14.05604812 14.08212533 14.10786075 14.13325233 14.15829804 14.18299588
 14.20734389 14.2313401  14.25498261 14.27826951 14.30119893 14.32376903
 14.34597799 14.36782402 14.38930537 14.41042029 14.43116709 14.45154408
 14.47154961 14.49118206 14.51043984 14.52932138 14.54782515 14.56594965
 14.5836934  14.60105495 14.61803288 14.63462582 14.65083241 14.66665131
 14.68208125 14.69712094 14.71176917 14.72602473 14.73988646 14.7533532
 14.76642387 14.77909738 14.79137269 14.8032488  14.81472472 14.8257995
 14.83647225 14.84674207 14.85660812 14.86606958 14.87512568 14.88377566
 14.89201882 14.89985447 14.90728195 14.91430067 14.92091003 14.92710949
 14.93289854 14.93827669 14.94324351 14.94779858 14.95194152 14.95567198
 14.95898967 14.9618943  14.96438564 14.96646347 14.96812763 14.96937798
 14.9702144  14.97063685 14.97064527 14.97023966 14.96942007 14.96818656
 14.96653923 14.96447822 14.9620037  14.95911588 14.95581498 14.9521013
 14.94797513 14.94343682 14.93848674 14.93312531 14.92735297 14.92117019
 14.91457749 14.90757541 14.90016454 14.89234549 14.88411889 14.87548544
 14.86644585 14.85700086 14.84715125 14.83689783 14.82624146 14.81518301
 14.80372339 14.79186354 14.77960445 14.76694712 14.75389258 14.74044192
 14.72659624 14.71235668 14.6977244  14.6827006  14.66728651 14.6514834
 14.63529256 14.61871531 14.60175301 14.58440704 14.56667881 14.54856977
 14.53008139 14.51121518 14.49197268 14.47235544 14.45236505 14.43200314
 14.41127135 14.39017137 14.36870489 14.34687366 14.32467942 14.30212398
 14.27920914 14.25593674 14.23230866 14.2083268  14.18399306 14.15930941
 14.13427781 14.10890026 14.08317879 14.05711544 14.03071228 14.00397142
 13.97689498 13.94948509 13.92174394 13.8936737  13.8652766  13.83655487
 13.80751078 13.77814659 13.74846462 13.71846719 13.68815665 13.65753536
 13.62660571 13.59537011 13.56383098 13.53199077 13.49985195 13.467417
 13.43468842 13.40166874 13.3683605  13.33476624 13.30088856 13.26673003
 13.23229327 13.19758091 13.16259557 13.12733992 13.09181663 13.05602839
 13.0199779  12.98366786 12.94710102 12.91028011 12.8732079  12.83588714
 12.79832063 12.76051115 12.72246152 12.68417454 12.64565305 12.60689989
 12.56791791 12.52870997 12.48927893 12.44962769 12.40975912 12.36967612
 12.32938161 12.28887849 12.24816969 12.20725813 12.16614676 12.12483851
 12.08333633 12.04164319 11.99976204 11.95769584 11.91544758 11.87302022
 11.83041674 11.78764014 11.74469339 11.70157949 11.65830143 11.61486221
 11.57126482 11.52751228 11.48360757 11.43955371 11.39535369 11.35101053
 11.30652722 11.26190677 11.21715219 11.17226649 11.12725265 11.08211368
 11.03685259 10.99147237 10.94597601 10.90036651 10.85464685 10.80882003
 10.76288901 10.71685679 10.67072633 10.6245006  10.57818257 10.5317752
 10.48528143 10.43870422 10.39204651 10.34531122 10.2985013  10.25161966
 10.20466921 10.15765287 10.11057352 10.06343406 10.01623737  9.96898632
  9.92168378  9.8743326   9.82693563  9.7794957   9.73201563  9.68449825
  9.63694635  9.58936273  9.54175017  9.49411144  9.4464493   9.3987665
  9.35106576  9.30334983  9.25562139  9.20788316  9.16013782  9.11238803
  9.06463646  9.01688575  8.96913852  8.9213974   8.87366498  8.82594385
  8.77823659  8.73054574  8.68287385  8.63522345  8.58759705  8.53999714
  8.4924262   8.4448867   8.39738107  8.34991175  8.30248116  8.25509168
  8.20774569  8.16044557  8.11319365  8.06599226  8.01884371  7.97175028
  7.92471427  7.87773791  7.83082344  7.7839731   7.73718906  7.69047352
  7.64382864  7.59725657  7.55075941  7.50433929  7.45799829  7.41173848
  7.36556189  7.31947056  7.27346651  7.2275517   7.18172812  7.13599771
  7.09036241  7.0448241   6.9993847   6.95404606  6.90881002  6.86367842
  6.81865307  6.77373574  6.7289282   6.6842322   6.63964946  6.59518168
  6.55083054  6.5065977   6.46248481  6.41849347  6.3746253   6.33088186
  6.28726471  6.24377538  6.20041539  6.15718623  6.11408937  6.07112626
  6.02829832  5.98560697  5.94305359  5.90063954  5.85836617  5.8162348
  5.77424673  5.73240324  5.69070558  5.649155    5.60775272  5.56649991
  5.52539777  5.48444744  5.44365005  5.40300671  5.36251852  5.32218654
  5.28201182  5.24199539  5.20213825  5.16244138  5.12290575  5.08353231
  5.04432198  5.00527566  4.96639423  4.92767855  4.88912946  4.85074779
  4.81253434  4.77448987  4.73661517  4.69891096  4.66137796  4.62401688
  4.58682839  4.54981316  4.51297183  4.47630501  4.43981332  4.40349733
  4.3673576   4.33139468  4.2956091   4.26000136  4.22457195  4.18932133
  4.15424996  4.11935827  4.08464667  4.05011555  4.0157653   3.98159626
  3.94760878  3.91380318  3.88017976  3.84673882  3.81348062  3.78040541
  3.74751343  3.71480489  3.68227999  3.64993892  3.61778184  3.58580891
  3.55402026  3.52241599  3.49099623  3.45976104  3.42871049  3.39784465
  3.36716354  3.33666719  3.3063556   3.27622877  3.24628667  3.21652925
  3.18695647  3.15756826  3.12836452  3.09934518  3.0705101   3.04185916
  3.01339223  2.98510914  2.95700973  2.92909382  2.90136122  2.8738117
  2.84644506  2.81926105  2.79225943  2.76543993  2.73880229  2.71234622
  2.68607143  2.65997759  2.63406439  2.6083315   2.58277857  2.55740525
  2.53221116  2.50719593  2.48235917  2.45770048  2.43321944  2.40891563
  2.38478862  2.36083797  2.33706322  2.31346392  2.29003958  2.26678973
  2.24371387  2.2208115   2.19808212  2.1755252   2.15314021  2.13092661
  2.10888387  2.08701142  2.0653087   2.04377515  2.02241018  2.00121321
  1.98018363  1.95932086  1.93862428  1.91809327  1.89772721  1.87752547
  1.85748741  1.83761239  1.81789975  1.79834884  1.77895899  1.75972954
  1.74065981  1.72174911  1.70299676  1.68440207  1.66596433  1.64768285
  1.62955691  1.61158581  1.59376881  1.57610521  1.55859426  1.54123523
  1.5240274   1.50697002  1.49006233  1.4733036   1.45669307  1.44022998
  1.42391357  1.40774307  1.39171773  1.37583676  1.36009939  1.34450485
  1.32905236  1.31374113  1.29857038  1.28353931]",restricted_age_optimal,True,True,True,10,2,"constraints_[2, 4]_remained",111.2371424976237,109.11629101272628,113.35799398252111,1.0820869677332934,1.9543594657083405,1.9170975756435236,1.991621355773158,0.019011517741516732,1.9543189734372184,1.9170578553995448,1.9915800914748925,0.019011123842879177,0.9165006690544659,0.9123811307259029,0.9204729209109318,0.002064052920967604,large
0.355891,0.68426,0.550684,0.0633451209295911,4384,100.0,"[0.355891   0.37934593 0.40280086 0.42625579 0.44971071 0.47316564
 0.49662057 0.5200755  0.54353043 0.56698536 0.59044029 0.61389521
 0.63735014 0.66080507 0.68426   ]","[ 0.20529197  0.68430657  1.4370438   3.55839416  6.88868613  9.8540146
 13.20711679 11.13138686 10.65237226 12.52281022 10.58394161 11.33667883
  6.63777372  1.30018248]",0.025,14,normal,0.5490273604014599,"[0.355891   0.3562197  0.3565484  0.35687709 0.35720579 0.35753449
 0.35786319 0.35819188 0.35852058 0.35884928 0.35917798 0.35950667
 0.35983537 0.36016407 0.36049277 0.36082147 0.36115016 0.36147886
 0.36180756 0.36213626 0.36246495 0.36279365 0.36312235 0.36345105
 0.36377974 0.36410844 0.36443714 0.36476584 0.36509454 0.36542323
 0.36575193 0.36608063 0.36640933 0.36673802 0.36706672 0.36739542
 0.36772412 0.36805281 0.36838151 0.36871021 0.36903891 0.36936761
 0.3696963  0.370025   0.3703537  0.3706824  0.37101109 0.37133979
 0.37166849 0.37199719 0.37232588 0.37265458 0.37298328 0.37331198
 0.37364068 0.37396937 0.37429807 0.37462677 0.37495547 0.37528416
 0.37561286 0.37594156 0.37627026 0.37659895 0.37692765 0.37725635
 0.37758505 0.37791375 0.37824244 0.37857114 0.37889984 0.37922854
 0.37955723 0.37988593 0.38021463 0.38054333 0.38087203 0.38120072
 0.38152942 0.38185812 0.38218682 0.38251551 0.38284421 0.38317291
 0.38350161 0.3838303  0.384159   0.3844877  0.3848164  0.3851451
 0.38547379 0.38580249 0.38613119 0.38645989 0.38678858 0.38711728
 0.38744598 0.38777468 0.38810337 0.38843207 0.38876077 0.38908947
 0.38941817 0.38974686 0.39007556 0.39040426 0.39073296 0.39106165
 0.39139035 0.39171905 0.39204775 0.39237644 0.39270514 0.39303384
 0.39336254 0.39369124 0.39401993 0.39434863 0.39467733 0.39500603
 0.39533472 0.39566342 0.39599212 0.39632082 0.39664951 0.39697821
 0.39730691 0.39763561 0.39796431 0.398293   0.3986217  0.3989504
 0.3992791  0.39960779 0.39993649 0.40026519 0.40059389 0.40092258
 0.40125128 0.40157998 0.40190868 0.40223738 0.40256607 0.40289477
 0.40322347 0.40355217 0.40388086 0.40420956 0.40453826 0.40486696
 0.40519565 0.40552435 0.40585305 0.40618175 0.40651045 0.40683914
 0.40716784 0.40749654 0.40782524 0.40815393 0.40848263 0.40881133
 0.40914003 0.40946872 0.40979742 0.41012612 0.41045482 0.41078352
 0.41111221 0.41144091 0.41176961 0.41209831 0.412427   0.4127557
 0.4130844  0.4134131  0.41374179 0.41407049 0.41439919 0.41472789
 0.41505659 0.41538528 0.41571398 0.41604268 0.41637138 0.41670007
 0.41702877 0.41735747 0.41768617 0.41801486 0.41834356 0.41867226
 0.41900096 0.41932966 0.41965835 0.41998705 0.42031575 0.42064445
 0.42097314 0.42130184 0.42163054 0.42195924 0.42228793 0.42261663
 0.42294533 0.42327403 0.42360273 0.42393142 0.42426012 0.42458882
 0.42491752 0.42524621 0.42557491 0.42590361 0.42623231 0.42656101
 0.4268897  0.4272184  0.4275471  0.4278758  0.42820449 0.42853319
 0.42886189 0.42919059 0.42951928 0.42984798 0.43017668 0.43050538
 0.43083408 0.43116277 0.43149147 0.43182017 0.43214887 0.43247756
 0.43280626 0.43313496 0.43346366 0.43379235 0.43412105 0.43444975
 0.43477845 0.43510715 0.43543584 0.43576454 0.43609324 0.43642194
 0.43675063 0.43707933 0.43740803 0.43773673 0.43806542 0.43839412
 0.43872282 0.43905152 0.43938022 0.43970891 0.44003761 0.44036631
 0.44069501 0.4410237  0.4413524  0.4416811  0.4420098  0.44233849
 0.44266719 0.44299589 0.44332459 0.44365329 0.44398198 0.44431068
 0.44463938 0.44496808 0.44529677 0.44562547 0.44595417 0.44628287
 0.44661156 0.44694026 0.44726896 0.44759766 0.44792636 0.44825505
 0.44858375 0.44891245 0.44924115 0.44956984 0.44989854 0.45022724
 0.45055594 0.45088463 0.45121333 0.45154203 0.45187073 0.45219943
 0.45252812 0.45285682 0.45318552 0.45351422 0.45384291 0.45417161
 0.45450031 0.45482901 0.4551577  0.4554864  0.4558151  0.4561438
 0.4564725  0.45680119 0.45712989 0.45745859 0.45778729 0.45811598
 0.45844468 0.45877338 0.45910208 0.45943077 0.45975947 0.46008817
 0.46041687 0.46074557 0.46107426 0.46140296 0.46173166 0.46206036
 0.46238905 0.46271775 0.46304645 0.46337515 0.46370384 0.46403254
 0.46436124 0.46468994 0.46501864 0.46534733 0.46567603 0.46600473
 0.46633343 0.46666212 0.46699082 0.46731952 0.46764822 0.46797691
 0.46830561 0.46863431 0.46896301 0.46929171 0.4696204  0.4699491
 0.4702778  0.4706065  0.47093519 0.47126389 0.47159259 0.47192129
 0.47224998 0.47257868 0.47290738 0.47323608 0.47356478 0.47389347
 0.47422217 0.47455087 0.47487957 0.47520826 0.47553696 0.47586566
 0.47619436 0.47652306 0.47685175 0.47718045 0.47750915 0.47783785
 0.47816654 0.47849524 0.47882394 0.47915264 0.47948133 0.47981003
 0.48013873 0.48046743 0.48079613 0.48112482 0.48145352 0.48178222
 0.48211092 0.48243961 0.48276831 0.48309701 0.48342571 0.4837544
 0.4840831  0.4844118  0.4847405  0.4850692  0.48539789 0.48572659
 0.48605529 0.48638399 0.48671268 0.48704138 0.48737008 0.48769878
 0.48802747 0.48835617 0.48868487 0.48901357 0.48934227 0.48967096
 0.48999966 0.49032836 0.49065706 0.49098575 0.49131445 0.49164315
 0.49197185 0.49230054 0.49262924 0.49295794 0.49328664 0.49361534
 0.49394403 0.49427273 0.49460143 0.49493013 0.49525882 0.49558752
 0.49591622 0.49624492 0.49657361 0.49690231 0.49723101 0.49755971
 0.49788841 0.4982171  0.4985458  0.4988745  0.4992032  0.49953189
 0.49986059 0.50018929 0.50051799 0.50084668 0.50117538 0.50150408
 0.50183278 0.50216148 0.50249017 0.50281887 0.50314757 0.50347627
 0.50380496 0.50413366 0.50446236 0.50479106 0.50511975 0.50544845
 0.50577715 0.50610585 0.50643455 0.50676324 0.50709194 0.50742064
 0.50774934 0.50807803 0.50840673 0.50873543 0.50906413 0.50939282
 0.50972152 0.51005022 0.51037892 0.51070762 0.51103631 0.51136501
 0.51169371 0.51202241 0.5123511  0.5126798  0.5130085  0.5133372
 0.51366589 0.51399459 0.51432329 0.51465199 0.51498069 0.51530938
 0.51563808 0.51596678 0.51629548 0.51662417 0.51695287 0.51728157
 0.51761027 0.51793896 0.51826766 0.51859636 0.51892506 0.51925376
 0.51958245 0.51991115 0.52023985 0.52056855 0.52089724 0.52122594
 0.52155464 0.52188334 0.52221204 0.52254073 0.52286943 0.52319813
 0.52352683 0.52385552 0.52418422 0.52451292 0.52484162 0.52517031
 0.52549901 0.52582771 0.52615641 0.52648511 0.5268138  0.5271425
 0.5274712  0.5277999  0.52812859 0.52845729 0.52878599 0.52911469
 0.52944338 0.52977208 0.53010078 0.53042948 0.53075818 0.53108687
 0.53141557 0.53174427 0.53207297 0.53240166 0.53273036 0.53305906
 0.53338776 0.53371645 0.53404515 0.53437385 0.53470255 0.53503125
 0.53535994 0.53568864 0.53601734 0.53634604 0.53667473 0.53700343
 0.53733213 0.53766083 0.53798952 0.53831822 0.53864692 0.53897562
 0.53930432 0.53963301 0.53996171 0.54029041 0.54061911 0.5409478
 0.5412765  0.5416052  0.5419339  0.54226259 0.54259129 0.54291999
 0.54324869 0.54357739 0.54390608 0.54423478 0.54456348 0.54489218
 0.54522087 0.54554957 0.54587827 0.54620697 0.54653566 0.54686436
 0.54719306 0.54752176 0.54785046 0.54817915 0.54850785 0.54883655
 0.54916525 0.54949394 0.54982264 0.55015134 0.55048004 0.55080873
 0.55113743 0.55146613 0.55179483 0.55212353 0.55245222 0.55278092
 0.55310962 0.55343832 0.55376701 0.55409571 0.55442441 0.55475311
 0.5550818  0.5554105  0.5557392  0.5560679  0.5563966  0.55672529
 0.55705399 0.55738269 0.55771139 0.55804008 0.55836878 0.55869748
 0.55902618 0.55935487 0.55968357 0.56001227 0.56034097 0.56066967
 0.56099836 0.56132706 0.56165576 0.56198446 0.56231315 0.56264185
 0.56297055 0.56329925 0.56362794 0.56395664 0.56428534 0.56461404
 0.56494274 0.56527143 0.56560013 0.56592883 0.56625753 0.56658622
 0.56691492 0.56724362 0.56757232 0.56790102 0.56822971 0.56855841
 0.56888711 0.56921581 0.5695445  0.5698732  0.5702019  0.5705306
 0.57085929 0.57118799 0.57151669 0.57184539 0.57217409 0.57250278
 0.57283148 0.57316018 0.57348888 0.57381757 0.57414627 0.57447497
 0.57480367 0.57513236 0.57546106 0.57578976 0.57611846 0.57644716
 0.57677585 0.57710455 0.57743325 0.57776195 0.57809064 0.57841934
 0.57874804 0.57907674 0.57940543 0.57973413 0.58006283 0.58039153
 0.58072023 0.58104892 0.58137762 0.58170632 0.58203502 0.58236371
 0.58269241 0.58302111 0.58334981 0.5836785  0.5840072  0.5843359
 0.5846646  0.5849933  0.58532199 0.58565069 0.58597939 0.58630809
 0.58663678 0.58696548 0.58729418 0.58762288 0.58795157 0.58828027
 0.58860897 0.58893767 0.58926637 0.58959506 0.58992376 0.59025246
 0.59058116 0.59090985 0.59123855 0.59156725 0.59189595 0.59222464
 0.59255334 0.59288204 0.59321074 0.59353944 0.59386813 0.59419683
 0.59452553 0.59485423 0.59518292 0.59551162 0.59584032 0.59616902
 0.59649771 0.59682641 0.59715511 0.59748381 0.59781251 0.5981412
 0.5984699  0.5987986  0.5991273  0.59945599 0.59978469 0.60011339
 0.60044209 0.60077078 0.60109948 0.60142818 0.60175688 0.60208558
 0.60241427 0.60274297 0.60307167 0.60340037 0.60372906 0.60405776
 0.60438646 0.60471516 0.60504385 0.60537255 0.60570125 0.60602995
 0.60635865 0.60668734 0.60701604 0.60734474 0.60767344 0.60800213
 0.60833083 0.60865953 0.60898823 0.60931692 0.60964562 0.60997432
 0.61030302 0.61063172 0.61096041 0.61128911 0.61161781 0.61194651
 0.6122752  0.6126039  0.6129326  0.6132613  0.61358999 0.61391869
 0.61424739 0.61457609 0.61490479 0.61523348 0.61556218 0.61589088
 0.61621958 0.61654827 0.61687697 0.61720567 0.61753437 0.61786307
 0.61819176 0.61852046 0.61884916 0.61917786 0.61950655 0.61983525
 0.62016395 0.62049265 0.62082134 0.62115004 0.62147874 0.62180744
 0.62213614 0.62246483 0.62279353 0.62312223 0.62345093 0.62377962
 0.62410832 0.62443702 0.62476572 0.62509441 0.62542311 0.62575181
 0.62608051 0.62640921 0.6267379  0.6270666  0.6273953  0.627724
 0.62805269 0.62838139 0.62871009 0.62903879 0.62936748 0.62969618
 0.63002488 0.63035358 0.63068228 0.63101097 0.63133967 0.63166837
 0.63199707 0.63232576 0.63265446 0.63298316 0.63331186 0.63364055
 0.63396925 0.63429795 0.63462665 0.63495535 0.63528404 0.63561274
 0.63594144 0.63627014 0.63659883 0.63692753 0.63725623 0.63758493
 0.63791362 0.63824232 0.63857102 0.63889972 0.63922842 0.63955711
 0.63988581 0.64021451 0.64054321 0.6408719  0.6412006  0.6415293
 0.641858   0.64218669 0.64251539 0.64284409 0.64317279 0.64350149
 0.64383018 0.64415888 0.64448758 0.64481628 0.64514497 0.64547367
 0.64580237 0.64613107 0.64645976 0.64678846 0.64711716 0.64744586
 0.64777456 0.64810325 0.64843195 0.64876065 0.64908935 0.64941804
 0.64974674 0.65007544 0.65040414 0.65073283 0.65106153 0.65139023
 0.65171893 0.65204763 0.65237632 0.65270502 0.65303372 0.65336242
 0.65369111 0.65401981 0.65434851 0.65467721 0.6550059  0.6553346
 0.6556633  0.655992   0.6563207  0.65664939 0.65697809 0.65730679
 0.65763549 0.65796418 0.65829288 0.65862158 0.65895028 0.65927897
 0.65960767 0.65993637 0.66026507 0.66059377 0.66092246 0.66125116
 0.66157986 0.66190856 0.66223725 0.66256595 0.66289465 0.66322335
 0.66355205 0.66388074 0.66420944 0.66453814 0.66486684 0.66519553
 0.66552423 0.66585293 0.66618163 0.66651032 0.66683902 0.66716772
 0.66749642 0.66782512 0.66815381 0.66848251 0.66881121 0.66913991
 0.6694686  0.6697973  0.670126   0.6704547  0.67078339 0.67111209
 0.67144079 0.67176949 0.67209819 0.67242688 0.67275558 0.67308428
 0.67341298 0.67374167 0.67407037 0.67439907 0.67472777 0.67505646
 0.67538516 0.67571386 0.67604256 0.67637126 0.67669995 0.67702865
 0.67735735 0.67768605 0.67801474 0.67834344 0.67867214 0.67900084
 0.67932953 0.67965823 0.67998693 0.68031563 0.68064433 0.68097302
 0.68130172 0.68163042 0.68195912 0.68228781 0.68261651 0.68294521
 0.68327391 0.6836026  0.6839313  0.68426   ]","[ 0.14151552  0.14377031  0.14605709  0.14837625  0.15072818  0.15311326
  0.1555319   0.15798449  0.16047143  0.16299313  0.16555     0.16814246
  0.17077091  0.17343578  0.1761375   0.17887648  0.18165317  0.18446798
  0.18732138  0.19021379  0.19314566  0.19611743  0.19912958  0.20218254
  0.20527678  0.20841276  0.21159095  0.21481183  0.21807586  0.22138353
  0.22473531  0.2281317   0.23157319  0.23506026  0.23859341  0.24217315
  0.24579999  0.24947441  0.25319696  0.25696812  0.26078844  0.26465842
  0.2685786   0.27254951  0.27657168  0.28064566  0.28477197  0.28895117
  0.29318382  0.29747045  0.30181163  0.30620792  0.31065989  0.31516809
  0.31973311  0.32435551  0.32903588  0.3337748   0.33857286  0.34343064
  0.34834874  0.35332776  0.35836829  0.36347095  0.36863633  0.37386505
  0.37915773  0.38451498  0.38993743  0.39542569  0.40098041  0.4066022
  0.41229172  0.41804959  0.42387645  0.42977296  0.43573977  0.44177752
  0.44788687  0.45406848  0.46032302  0.46665114  0.47305351  0.47953082
  0.48608373  0.49271291  0.49941906  0.50620286  0.51306498  0.52000613
  0.52702699  0.53412826  0.54131065  0.54857484  0.55592154  0.56335147
  0.57086532  0.57846382  0.58614768  0.59391761  0.60177433  0.60971857
  0.61775105  0.6258725   0.63408365  0.64238523  0.65077797  0.65926261
  0.66783989  0.67651054  0.68527532  0.69413496  0.70309021  0.71214183
  0.72129055  0.73053713  0.73988233  0.74932689  0.75887159  0.76851716
  0.77826438  0.78811401  0.7980668   0.80812352  0.81828494  0.82855182
  0.83892492  0.84940502  0.85999289  0.87068929  0.881495    0.89241077
  0.9034374   0.91457565  0.92582628  0.93719009  0.94866783  0.96026028
  0.97196821  0.98379241  0.99573364  1.00779267  1.01997029  1.03226725
  1.04468434  1.05722233  1.06988199  1.08266409  1.0955694   1.1085987
  1.12175274  1.13503229  1.14843814  1.16197103  1.17563173  1.18942101
  1.20333962  1.21738833  1.2315679   1.24587907  1.26032261  1.27489927
  1.28960979  1.30445493  1.31943543  1.33455203  1.34980548  1.36519651
  1.38072585  1.39639425  1.41220242  1.4281511   1.44424101  1.46047286
  1.47684738  1.49336528  1.51002726  1.52683404  1.54378631  1.56088477
  1.57813011  1.59552303  1.6130642   1.63075431  1.64859404  1.66658405
  1.68472501  1.70301758  1.72146241  1.74006017  1.75881148  1.777717
  1.79677736  1.81599317  1.83536508  1.85489368  1.8745796   1.89442344
  1.91442579  1.93458725  1.95490839  1.9753898   1.99603205  2.0168357
  2.0378013   2.05892941  2.08022056  2.1016753   2.12329413  2.1450776
  2.16702619  2.18914042  2.21142078  2.23386775  2.25648181  2.27926343
  2.30221306  2.32533116  2.34861816  2.3720745   2.3957006   2.41949687
  2.44346372  2.46760152  2.49191068  2.51639156  2.54104452  2.56586992
  2.59086809  2.61603937  2.64138408  2.66690252  2.69259499  2.71846179
  2.74450318  2.77071942  2.79711078  2.82367748  2.85041977  2.87733784
  2.90443192  2.93170218  2.95914881  2.98677197  3.01457182  3.0425485
  3.07070213  3.09903284  3.12754071  3.15622584  3.1850883   3.21412816
  3.24334545  3.27274022  3.30231247  3.33206222  3.36198945  3.39209414
  3.42237625  3.45283573  3.4834725   3.51428648  3.54527757  3.57644567
  3.60779063  3.63931232  3.67101056  3.7028852   3.73493603  3.76716284
  3.79956542  3.83214351  3.86489687  3.89782522  3.93092827  3.96420572
  3.99765723  4.03128247  4.06508109  4.09905271  4.13319693  4.16751336
  4.20200155  4.23666108  4.27149148  4.30649226  4.34166294  4.37700301
  4.41251191  4.44818912  4.48403406  4.52004613  4.55622475  4.59256928
  4.62907909  4.66575351  4.70259186  4.73959345  4.77675757  4.81408347
  4.8515704   4.8892176   4.92702426  4.96498958  5.00311274  5.04139287
  5.07982911  5.11842058  5.15716636  5.19606554  5.23511716  5.27432026
  5.31367386  5.35317694  5.3928285   5.43262748  5.47257282  5.51266344
  5.55289823  5.59327608  5.63379584  5.67445634  5.71525642  5.75619486
  5.79727045  5.83848194  5.87982807  5.92130756  5.96291912  6.00466141
  6.04653311  6.08853284  6.13065924  6.17291089  6.21528638  6.25778428
  6.30040311  6.3431414   6.38599766  6.42897036  6.47205796  6.51525891
  6.55857163  6.60199453  6.64552598  6.68916434  6.73290798  6.7767552
  6.82070432  6.86475362  6.90890136  6.95314581  6.99748517  7.04191768
  7.08644151  7.13105484  7.17575583  7.2205426   7.26541327  7.31036594
  7.3553987   7.40050959  7.44569667  7.49095796  7.53629146  7.58169516
  7.62716703  7.67270503  7.7183071   7.76397114  7.80969506  7.85547674
  7.90131405  7.94720484  7.99314693  8.03913816  8.0851763   8.13125915
  8.17738448  8.22355003  8.26975353  8.31599271  8.36226526  8.40856888
  8.45490123  8.50125998  8.54764276  8.5940472   8.64047091  8.6869115
  8.73336653  8.77983359  8.82631022  8.87279397  8.91928236  8.96577292
  9.01226314  9.0587505   9.10523249  9.15170657  9.19817018  9.24462078
  9.29105577  9.33747259  9.38386862  9.43024127  9.47658791  9.52290592
  9.56919265  9.61544545  9.66166167  9.70783863  9.75397366  9.80006405
  9.84610712  9.89210016  9.93804044  9.98392525 10.02975185 10.07551751
 10.12121947 10.16685497 10.21242127 10.25791557 10.30333512 10.34867713
 10.3939388  10.43911735 10.48420998 10.52921387 10.57412623 10.61894424
 10.66366507 10.70828591 10.75280393 10.7972163  10.84152019 10.88571276
 10.92979117 10.97375258 11.01759416 11.06131305 11.10490641 11.14837139
 11.19170514 11.23490483 11.27796759 11.32089058 11.36367095 11.40630586
 11.44879246 11.4911279  11.53330935 11.57533395 11.61719888 11.6589013
 11.70043836 11.74180725 11.78300514 11.8240292  11.86487662 11.90554458
 11.94603027 11.9863309  12.02644365 12.06636575 12.10609439 12.14562681
 12.18496023 12.22409189 12.26301902 12.30173887 12.34024871 12.37854579
 12.4166274  12.45449081 12.49213332 12.52955222 12.56674484 12.60370849
 12.64044051 12.67693824 12.71319904 12.74922026 12.78499931 12.82053355
 12.8558204  12.89085727 12.9256416  12.96017082 12.99444239 13.02845378
 13.06220248 13.09568599 13.12890181 13.16184749 13.19452057 13.22691861
 13.25903918 13.29087989 13.32243833 13.35371215 13.38469899 13.4153965
 13.44580238 13.47591432 13.50573003 13.53524727 13.56446378 13.59337733
 13.62198573 13.6502868  13.67827835 13.70595827 13.73332441 13.76037467
 13.78710699 13.8135193  13.83960956 13.86537575 13.89081589 13.91592801
 13.94071016 13.96516042 13.98927688 14.01305767 14.03650094 14.05960486
 14.08236763 14.10478746 14.1268626  14.14859133 14.16997194 14.19100275
 14.21168211 14.23200839 14.25198    14.27159535 14.2908529  14.30975113
 14.32828855 14.34646369 14.36427511 14.3817214  14.39880118 14.41551309
 14.4318558  14.44782802 14.46342847 14.47865591 14.49350913 14.50798695
 14.5220882  14.53581177 14.54915656 14.56212149 14.57470555 14.5869077
 14.59872699 14.61016246 14.6212132  14.63187831 14.64215695 14.65204829
 14.66155153 14.67066591 14.6793907  14.6877252  14.69566873 14.70322066
 14.71038038 14.7171473  14.7235209  14.72950064 14.73508606 14.7402767
 14.74507214 14.749472   14.75347591 14.75708356 14.76029466 14.76310894
 14.76552619 14.76754619 14.7691688  14.77039388 14.77122133 14.77165108
 14.7716831  14.77131739 14.77055397 14.76939291 14.76783431 14.76587828
 14.76352499 14.76077462 14.7576274  14.75408358 14.75014345 14.74580732
 14.74107555 14.73594852 14.73042664 14.72451036 14.71820014 14.71149651
 14.7044     14.69691119 14.68903067 14.68075908 14.67209709 14.66304539
 14.65360471 14.64377581 14.63355948 14.62295653 14.61196783 14.60059425
 14.5888367  14.57669612 14.5641735  14.55126982 14.53798613 14.52432347
 14.51028296 14.4958657  14.48107284 14.46590558 14.4503651  14.43445266
 14.41816952 14.40151697 14.38449633 14.36710897 14.34935624 14.33123957
 14.31276039 14.29392015 14.27472035 14.25516251 14.23524816 14.21497888
 14.19435627 14.17338194 14.15205754 14.13038475 14.10836527 14.08600082
 14.06329315 14.04024404 14.01685529 13.99312872 13.96906618 13.94466954
 13.91994071 13.89488159 13.86949413 13.8437803  13.81774209 13.7913815
 13.76470057 13.73770136 13.71038594 13.6827564  13.65481488 13.62656351
 13.59800445 13.56913988 13.539972   13.51050304 13.48073523 13.45067083
 13.42031213 13.38966142 13.35872101 13.32749325 13.29598047 13.26418505
 13.23210938 13.19975586 13.1671269  13.13422495 13.10105245 13.06761188
 13.03390571 12.99993645 12.9657066  12.9312187  12.89647528 12.86147889
 12.82623212 12.79073754 12.75499774 12.71901533 12.68279293 12.64633317
 12.6096387  12.57271216 12.53555623 12.49817358 12.46056689 12.42273887
 12.38469222 12.34642964 12.30795388 12.26926766 12.23037372 12.19127481
 12.15197369 12.11247312 12.07277588 12.03288475 11.9928025  11.95253194
 11.91207586 11.87143706 11.83061835 11.78962254 11.74845245 11.7071109
 11.66560072 11.62392474 11.58208579 11.5400867  11.49793032 11.45561948
 11.41315703 11.37054581 11.32778867 11.28488845 11.241848   11.19867017
 11.15535781 11.11191377 11.06834089 11.02464202 10.98082    10.93687769
 10.89281793 10.84864355 10.80435739 10.7599623  10.7154611  10.67085662
 10.6261517  10.58134915 10.5364518  10.49146245 10.44638392 10.40121902
 10.35597054 10.31064128 10.26523403 10.21975157 10.17419668 10.12857213
 10.08288069 10.0371251   9.99130813  9.94543251  9.89950097  9.85351624
  9.80748105  9.76139809  9.71527007  9.66909968  9.62288961  9.57664251
  9.53036106  9.48404791  9.4377057   9.39133707  9.34494462  9.29853098
  9.25209873  9.20565048  9.15918879  9.11271622  9.06623533  9.01974866
  8.97325874  8.92676807  8.88027915  8.83379449  8.78731654  8.74084778
  8.69439065  8.64794757  8.60152098  8.55511328  8.50872685  8.46236407
  8.41602731  8.36971891  8.32344119  8.27719649  8.23098708  8.18481527
  8.13868332  8.09259348  8.04654798  8.00054905  7.9545989   7.9086997
  7.86285364  7.81706285  7.77132949  7.72565566  7.68004348  7.63449502
  7.58901236  7.54359755  7.49825261  7.45297956  7.4077804   7.3626571
  7.31761164  7.27264594  7.22776193  7.18296152  7.1382466   7.09361903
  7.04908066  7.00463333  6.96027885  6.916019    6.87185556  6.82779029
  6.78382493  6.73996119  6.69620076  6.65254533  6.60899655  6.56555607
  6.5222255   6.47900645  6.43590048  6.39290918  6.35003407  6.30727668
  6.26463851  6.22212105  6.17972575  6.13745406  6.0953074   6.05328718
  6.01139478  5.96963155  5.92799886  5.88649801  5.84513032  5.80389706
  5.76279951  5.7218389   5.68101646  5.6403334   5.5997909   5.55939013
  5.51913222  5.47901832  5.43904951  5.39922689  5.35955153  5.32002446
  5.28064673  5.24141933  5.20234325  5.16341947  5.12464892  5.08603254
  5.04757125  5.00926592  4.97111743  4.93312664  4.89529437  4.85762145
  4.82010866  4.78275677  4.74556656  4.70853875  4.67167406  4.6349732
  4.59843685  4.56206566  4.52586028  4.48982135  4.45394946  4.41824521
  4.38270916  4.34734188  4.31214389  4.27711571  4.24225785  4.20757078
  4.17305496  4.13871085  4.10453887  4.07053943  4.03671293  4.00305975
  3.96958024  3.93627474  3.90314359  3.87018709  3.83740554  3.80479921
  3.77236835  3.74011322  3.70803404  3.67613102  3.64440436  3.61285423
  3.58148081  3.55028422  3.51926462  3.48842211  3.4577568   3.42726878
  3.3969581   3.36682484  3.33686904  3.30709071  3.27748987  3.24806653
  3.21882066  3.18975224  3.16086122  3.13214754  3.10361113  3.0752519
  3.04706977  3.0190646   2.99123629  2.96358469  2.93610964  2.90881099
  2.88168856  2.85474216  2.82797159  2.80137663  2.77495705  2.74871263
  2.7226431   2.69674821  2.67102769  2.64548124  2.62010858  2.5949094
  2.56988338  2.54503018  2.52034948  2.49584092  2.47150413  2.44733876
  2.42334442  2.39952071  2.37586724  2.35238359  2.32906935  2.30592408
  2.28294736  2.26013872  2.23749771  2.21502386  2.19271671  2.17057576
  2.14860053  2.12679052  2.1051452   2.08366408  2.06234662  2.0411923
  2.02020057  1.99937088  1.97870268  1.95819541  1.9378485   1.91766137
  1.89763344  1.87776412  1.85805282  1.83849892  1.81910183  1.79986092
  1.78077557  1.76184517  1.74306906  1.72444663  1.70597721  1.68766017
  1.66949484  1.65148057  1.63361669  1.61590254  1.59833743  1.58092068
  1.56365163  1.54652956  1.5295538   1.51272365]",restricted_age_optimal,True,True,True,10,2,"constraints_[3, 4]_remained",123.82763783067524,121.67409760542618,125.9811780559243,1.0987652029506214,1.9919447932922745,1.9573020163324473,2.0265875702521017,0.017675210990143173,1.9919044004762583,1.9572623260054363,2.0265464749470805,0.017674852570799433,0.9205068551787627,0.9168197718566636,0.9240689029378663,0.001849120206628888,large
0.355891,0.68426,0.547163,0.0624206030169647,4049,100.0,"[0.355891   0.37934593 0.40280086 0.42625579 0.44971071 0.47316564
 0.49662057 0.5200755  0.54353043 0.56698536 0.59044029 0.61389521
 0.63735014 0.66080507 0.68426   ]","[ 0.22227711  0.71622623  1.63003211  3.50703878  7.58211904 10.49641887
 13.50950852 11.08915782 10.8174858  13.2378365  10.66930106 10.10125957
  5.55692764  0.86441097]",0.025,14,normal,0.545151948135342,"[0.355891   0.3562197  0.3565484  0.35687709 0.35720579 0.35753449
 0.35786319 0.35819188 0.35852058 0.35884928 0.35917798 0.35950667
 0.35983537 0.36016407 0.36049277 0.36082147 0.36115016 0.36147886
 0.36180756 0.36213626 0.36246495 0.36279365 0.36312235 0.36345105
 0.36377974 0.36410844 0.36443714 0.36476584 0.36509454 0.36542323
 0.36575193 0.36608063 0.36640933 0.36673802 0.36706672 0.36739542
 0.36772412 0.36805281 0.36838151 0.36871021 0.36903891 0.36936761
 0.3696963  0.370025   0.3703537  0.3706824  0.37101109 0.37133979
 0.37166849 0.37199719 0.37232588 0.37265458 0.37298328 0.37331198
 0.37364068 0.37396937 0.37429807 0.37462677 0.37495547 0.37528416
 0.37561286 0.37594156 0.37627026 0.37659895 0.37692765 0.37725635
 0.37758505 0.37791375 0.37824244 0.37857114 0.37889984 0.37922854
 0.37955723 0.37988593 0.38021463 0.38054333 0.38087203 0.38120072
 0.38152942 0.38185812 0.38218682 0.38251551 0.38284421 0.38317291
 0.38350161 0.3838303  0.384159   0.3844877  0.3848164  0.3851451
 0.38547379 0.38580249 0.38613119 0.38645989 0.38678858 0.38711728
 0.38744598 0.38777468 0.38810337 0.38843207 0.38876077 0.38908947
 0.38941817 0.38974686 0.39007556 0.39040426 0.39073296 0.39106165
 0.39139035 0.39171905 0.39204775 0.39237644 0.39270514 0.39303384
 0.39336254 0.39369124 0.39401993 0.39434863 0.39467733 0.39500603
 0.39533472 0.39566342 0.39599212 0.39632082 0.39664951 0.39697821
 0.39730691 0.39763561 0.39796431 0.398293   0.3986217  0.3989504
 0.3992791  0.39960779 0.39993649 0.40026519 0.40059389 0.40092258
 0.40125128 0.40157998 0.40190868 0.40223738 0.40256607 0.40289477
 0.40322347 0.40355217 0.40388086 0.40420956 0.40453826 0.40486696
 0.40519565 0.40552435 0.40585305 0.40618175 0.40651045 0.40683914
 0.40716784 0.40749654 0.40782524 0.40815393 0.40848263 0.40881133
 0.40914003 0.40946872 0.40979742 0.41012612 0.41045482 0.41078352
 0.41111221 0.41144091 0.41176961 0.41209831 0.412427   0.4127557
 0.4130844  0.4134131  0.41374179 0.41407049 0.41439919 0.41472789
 0.41505659 0.41538528 0.41571398 0.41604268 0.41637138 0.41670007
 0.41702877 0.41735747 0.41768617 0.41801486 0.41834356 0.41867226
 0.41900096 0.41932966 0.41965835 0.41998705 0.42031575 0.42064445
 0.42097314 0.42130184 0.42163054 0.42195924 0.42228793 0.42261663
 0.42294533 0.42327403 0.42360273 0.42393142 0.42426012 0.42458882
 0.42491752 0.42524621 0.42557491 0.42590361 0.42623231 0.42656101
 0.4268897  0.4272184  0.4275471  0.4278758  0.42820449 0.42853319
 0.42886189 0.42919059 0.42951928 0.42984798 0.43017668 0.43050538
 0.43083408 0.43116277 0.43149147 0.43182017 0.43214887 0.43247756
 0.43280626 0.43313496 0.43346366 0.43379235 0.43412105 0.43444975
 0.43477845 0.43510715 0.43543584 0.43576454 0.43609324 0.43642194
 0.43675063 0.43707933 0.43740803 0.43773673 0.43806542 0.43839412
 0.43872282 0.43905152 0.43938022 0.43970891 0.44003761 0.44036631
 0.44069501 0.4410237  0.4413524  0.4416811  0.4420098  0.44233849
 0.44266719 0.44299589 0.44332459 0.44365329 0.44398198 0.44431068
 0.44463938 0.44496808 0.44529677 0.44562547 0.44595417 0.44628287
 0.44661156 0.44694026 0.44726896 0.44759766 0.44792636 0.44825505
 0.44858375 0.44891245 0.44924115 0.44956984 0.44989854 0.45022724
 0.45055594 0.45088463 0.45121333 0.45154203 0.45187073 0.45219943
 0.45252812 0.45285682 0.45318552 0.45351422 0.45384291 0.45417161
 0.45450031 0.45482901 0.4551577  0.4554864  0.4558151  0.4561438
 0.4564725  0.45680119 0.45712989 0.45745859 0.45778729 0.45811598
 0.45844468 0.45877338 0.45910208 0.45943077 0.45975947 0.46008817
 0.46041687 0.46074557 0.46107426 0.46140296 0.46173166 0.46206036
 0.46238905 0.46271775 0.46304645 0.46337515 0.46370384 0.46403254
 0.46436124 0.46468994 0.46501864 0.46534733 0.46567603 0.46600473
 0.46633343 0.46666212 0.46699082 0.46731952 0.46764822 0.46797691
 0.46830561 0.46863431 0.46896301 0.46929171 0.4696204  0.4699491
 0.4702778  0.4706065  0.47093519 0.47126389 0.47159259 0.47192129
 0.47224998 0.47257868 0.47290738 0.47323608 0.47356478 0.47389347
 0.47422217 0.47455087 0.47487957 0.47520826 0.47553696 0.47586566
 0.47619436 0.47652306 0.47685175 0.47718045 0.47750915 0.47783785
 0.47816654 0.47849524 0.47882394 0.47915264 0.47948133 0.47981003
 0.48013873 0.48046743 0.48079613 0.48112482 0.48145352 0.48178222
 0.48211092 0.48243961 0.48276831 0.48309701 0.48342571 0.4837544
 0.4840831  0.4844118  0.4847405  0.4850692  0.48539789 0.48572659
 0.48605529 0.48638399 0.48671268 0.48704138 0.48737008 0.48769878
 0.48802747 0.48835617 0.48868487 0.48901357 0.48934227 0.48967096
 0.48999966 0.49032836 0.49065706 0.49098575 0.49131445 0.49164315
 0.49197185 0.49230054 0.49262924 0.49295794 0.49328664 0.49361534
 0.49394403 0.49427273 0.49460143 0.49493013 0.49525882 0.49558752
 0.49591622 0.49624492 0.49657361 0.49690231 0.49723101 0.49755971
 0.49788841 0.4982171  0.4985458  0.4988745  0.4992032  0.49953189
 0.49986059 0.50018929 0.50051799 0.50084668 0.50117538 0.50150408
 0.50183278 0.50216148 0.50249017 0.50281887 0.50314757 0.50347627
 0.50380496 0.50413366 0.50446236 0.50479106 0.50511975 0.50544845
 0.50577715 0.50610585 0.50643455 0.50676324 0.50709194 0.50742064
 0.50774934 0.50807803 0.50840673 0.50873543 0.50906413 0.50939282
 0.50972152 0.51005022 0.51037892 0.51070762 0.51103631 0.51136501
 0.51169371 0.51202241 0.5123511  0.5126798  0.5130085  0.5133372
 0.51366589 0.51399459 0.51432329 0.51465199 0.51498069 0.51530938
 0.51563808 0.51596678 0.51629548 0.51662417 0.51695287 0.51728157
 0.51761027 0.51793896 0.51826766 0.51859636 0.51892506 0.51925376
 0.51958245 0.51991115 0.52023985 0.52056855 0.52089724 0.52122594
 0.52155464 0.52188334 0.52221204 0.52254073 0.52286943 0.52319813
 0.52352683 0.52385552 0.52418422 0.52451292 0.52484162 0.52517031
 0.52549901 0.52582771 0.52615641 0.52648511 0.5268138  0.5271425
 0.5274712  0.5277999  0.52812859 0.52845729 0.52878599 0.52911469
 0.52944338 0.52977208 0.53010078 0.53042948 0.53075818 0.53108687
 0.53141557 0.53174427 0.53207297 0.53240166 0.53273036 0.53305906
 0.53338776 0.53371645 0.53404515 0.53437385 0.53470255 0.53503125
 0.53535994 0.53568864 0.53601734 0.53634604 0.53667473 0.53700343
 0.53733213 0.53766083 0.53798952 0.53831822 0.53864692 0.53897562
 0.53930432 0.53963301 0.53996171 0.54029041 0.54061911 0.5409478
 0.5412765  0.5416052  0.5419339  0.54226259 0.54259129 0.54291999
 0.54324869 0.54357739 0.54390608 0.54423478 0.54456348 0.54489218
 0.54522087 0.54554957 0.54587827 0.54620697 0.54653566 0.54686436
 0.54719306 0.54752176 0.54785046 0.54817915 0.54850785 0.54883655
 0.54916525 0.54949394 0.54982264 0.55015134 0.55048004 0.55080873
 0.55113743 0.55146613 0.55179483 0.55212353 0.55245222 0.55278092
 0.55310962 0.55343832 0.55376701 0.55409571 0.55442441 0.55475311
 0.5550818  0.5554105  0.5557392  0.5560679  0.5563966  0.55672529
 0.55705399 0.55738269 0.55771139 0.55804008 0.55836878 0.55869748
 0.55902618 0.55935487 0.55968357 0.56001227 0.56034097 0.56066967
 0.56099836 0.56132706 0.56165576 0.56198446 0.56231315 0.56264185
 0.56297055 0.56329925 0.56362794 0.56395664 0.56428534 0.56461404
 0.56494274 0.56527143 0.56560013 0.56592883 0.56625753 0.56658622
 0.56691492 0.56724362 0.56757232 0.56790102 0.56822971 0.56855841
 0.56888711 0.56921581 0.5695445  0.5698732  0.5702019  0.5705306
 0.57085929 0.57118799 0.57151669 0.57184539 0.57217409 0.57250278
 0.57283148 0.57316018 0.57348888 0.57381757 0.57414627 0.57447497
 0.57480367 0.57513236 0.57546106 0.57578976 0.57611846 0.57644716
 0.57677585 0.57710455 0.57743325 0.57776195 0.57809064 0.57841934
 0.57874804 0.57907674 0.57940543 0.57973413 0.58006283 0.58039153
 0.58072023 0.58104892 0.58137762 0.58170632 0.58203502 0.58236371
 0.58269241 0.58302111 0.58334981 0.5836785  0.5840072  0.5843359
 0.5846646  0.5849933  0.58532199 0.58565069 0.58597939 0.58630809
 0.58663678 0.58696548 0.58729418 0.58762288 0.58795157 0.58828027
 0.58860897 0.58893767 0.58926637 0.58959506 0.58992376 0.59025246
 0.59058116 0.59090985 0.59123855 0.59156725 0.59189595 0.59222464
 0.59255334 0.59288204 0.59321074 0.59353944 0.59386813 0.59419683
 0.59452553 0.59485423 0.59518292 0.59551162 0.59584032 0.59616902
 0.59649771 0.59682641 0.59715511 0.59748381 0.59781251 0.5981412
 0.5984699  0.5987986  0.5991273  0.59945599 0.59978469 0.60011339
 0.60044209 0.60077078 0.60109948 0.60142818 0.60175688 0.60208558
 0.60241427 0.60274297 0.60307167 0.60340037 0.60372906 0.60405776
 0.60438646 0.60471516 0.60504385 0.60537255 0.60570125 0.60602995
 0.60635865 0.60668734 0.60701604 0.60734474 0.60767344 0.60800213
 0.60833083 0.60865953 0.60898823 0.60931692 0.60964562 0.60997432
 0.61030302 0.61063172 0.61096041 0.61128911 0.61161781 0.61194651
 0.6122752  0.6126039  0.6129326  0.6132613  0.61358999 0.61391869
 0.61424739 0.61457609 0.61490479 0.61523348 0.61556218 0.61589088
 0.61621958 0.61654827 0.61687697 0.61720567 0.61753437 0.61786307
 0.61819176 0.61852046 0.61884916 0.61917786 0.61950655 0.61983525
 0.62016395 0.62049265 0.62082134 0.62115004 0.62147874 0.62180744
 0.62213614 0.62246483 0.62279353 0.62312223 0.62345093 0.62377962
 0.62410832 0.62443702 0.62476572 0.62509441 0.62542311 0.62575181
 0.62608051 0.62640921 0.6267379  0.6270666  0.6273953  0.627724
 0.62805269 0.62838139 0.62871009 0.62903879 0.62936748 0.62969618
 0.63002488 0.63035358 0.63068228 0.63101097 0.63133967 0.63166837
 0.63199707 0.63232576 0.63265446 0.63298316 0.63331186 0.63364055
 0.63396925 0.63429795 0.63462665 0.63495535 0.63528404 0.63561274
 0.63594144 0.63627014 0.63659883 0.63692753 0.63725623 0.63758493
 0.63791362 0.63824232 0.63857102 0.63889972 0.63922842 0.63955711
 0.63988581 0.64021451 0.64054321 0.6408719  0.6412006  0.6415293
 0.641858   0.64218669 0.64251539 0.64284409 0.64317279 0.64350149
 0.64383018 0.64415888 0.64448758 0.64481628 0.64514497 0.64547367
 0.64580237 0.64613107 0.64645976 0.64678846 0.64711716 0.64744586
 0.64777456 0.64810325 0.64843195 0.64876065 0.64908935 0.64941804
 0.64974674 0.65007544 0.65040414 0.65073283 0.65106153 0.65139023
 0.65171893 0.65204763 0.65237632 0.65270502 0.65303372 0.65336242
 0.65369111 0.65401981 0.65434851 0.65467721 0.6550059  0.6553346
 0.6556633  0.655992   0.6563207  0.65664939 0.65697809 0.65730679
 0.65763549 0.65796418 0.65829288 0.65862158 0.65895028 0.65927897
 0.65960767 0.65993637 0.66026507 0.66059377 0.66092246 0.66125116
 0.66157986 0.66190856 0.66223725 0.66256595 0.66289465 0.66322335
 0.66355205 0.66388074 0.66420944 0.66453814 0.66486684 0.66519553
 0.66552423 0.66585293 0.66618163 0.66651032 0.66683902 0.66716772
 0.66749642 0.66782512 0.66815381 0.66848251 0.66881121 0.66913991
 0.6694686  0.6697973  0.670126   0.6704547  0.67078339 0.67111209
 0.67144079 0.67176949 0.67209819 0.67242688 0.67275558 0.67308428
 0.67341298 0.67374167 0.67407037 0.67439907 0.67472777 0.67505646
 0.67538516 0.67571386 0.67604256 0.67637126 0.67669995 0.67702865
 0.67735735 0.67768605 0.67801474 0.67834344 0.67867214 0.67900084
 0.67932953 0.67965823 0.67998693 0.68031563 0.68064433 0.68097302
 0.68130172 0.68163042 0.68195912 0.68228781 0.68261651 0.68294521
 0.68327391 0.6836026  0.6839313  0.68426   ]","[ 0.15119624  0.15362751  0.15609356  0.15859478  0.16113163  0.16370451
  0.16631386  0.16896011  0.17164372  0.17436511  0.17712473  0.17992305
  0.1827605   0.18563756  0.18855468  0.19151232  0.19451097  0.19755109
  0.20063316  0.20375767  0.2069251   0.21013594  0.21339068  0.21668983
  0.22003388  0.22342335  0.22685873  0.23034055  0.23386933  0.23744558
  0.24106983  0.24474262  0.24846447  0.25223593  0.25605753  0.25992983
  0.26385336  0.2678287   0.27185639  0.27593701  0.2800711   0.28425925
  0.28850203  0.29280002  0.29715379  0.30156394  0.30603106  0.31055574
  0.31513858  0.31978018  0.32448114  0.32924209  0.33406362  0.33894637
  0.34389094  0.34889798  0.3539681   0.35910194  0.36430013  0.36956333
  0.37489217  0.3802873   0.38574938  0.39127906  0.396877    0.40254387
  0.40828034  0.41408706  0.41996473  0.42591402  0.43193561  0.43803018
  0.44419844  0.45044106  0.45675874  0.4631522   0.46962212  0.47616922
  0.48279421  0.48949779  0.4962807   0.50314364  0.51008734  0.51711253
  0.52421994  0.53141031  0.53868435  0.54604283  0.55348648  0.56101604
  0.56863226  0.5763359   0.58412771  0.59200844  0.59997886  0.60803972
  0.6161918   0.62443586  0.63277267  0.64120301  0.64972764  0.65834735
  0.66706292  0.67587513  0.68478476  0.69379261  0.70289945  0.71210609
  0.72141331  0.73082191  0.74033269  0.74994644  0.75966397  0.76948608
  0.77941357  0.78944725  0.79958793  0.80983641  0.8201935   0.83066001
  0.84123677  0.85192457  0.86272423  0.87363658  0.88466242  0.89580257
  0.90705786  0.91842909  0.92991709  0.94152268  0.95324668  0.9650899
  0.97705317  0.98913731  1.00134314  1.01367148  1.02612315  1.03869897
  1.05139976  1.06422634  1.07717953  1.09026014  1.103469    1.11680692
  1.13027472  1.14387321  1.1576032   1.17146551  1.18546096  1.19959034
  1.21385446  1.22825414  1.24279018  1.25746338  1.27227454  1.28722446
  1.30231394  1.31754377  1.33291474  1.34842765  1.36408327  1.3798824
  1.39582581  1.41191428  1.42814858  1.4445295   1.46105779  1.47773422
  1.49455955  1.51153453  1.52865993  1.54593648  1.56336494  1.58094605
  1.59868053  1.61656913  1.63461257  1.65281157  1.67116684  1.68967911
  1.70834907  1.72717743  1.74616489  1.76531213  1.78461984  1.80408869
  1.82371937  1.84351253  1.86346884  1.88358894  1.90387349  1.92432313
  1.94493849  1.96572019  1.98666885  2.00778509  2.0290695   2.05052269
  2.07214525  2.09393775  2.11590076  2.13803485  2.16034058  2.1828185
  2.20546913  2.22829302  2.25129067  2.27446261  2.29780934  2.32133134
  2.34502911  2.36890311  2.3929538   2.41718165  2.4415871   2.46617057
  2.49093249  2.51587327  2.54099331  2.56629301  2.59177273  2.61743286
  2.64327374  2.66929571  2.69549912  2.72188428  2.7484515   2.77520107
  2.80213329  2.82924842  2.85654672  2.88402844  2.91169381  2.93954305
  2.96757637  2.99579395  3.02419599  3.05278265  3.08155408  3.11051041
  3.13965178  3.16897828  3.19849003  3.22818709  3.25806953  3.28813741
  3.31839077  3.34882961  3.37945395  3.41026378  3.44125907  3.47243979
  3.50380586  3.53535723  3.5670938   3.59901547  3.63112212  3.6634136
  3.69588976  3.72855043  3.76139543  3.79442454  3.82763754  3.86103419
  3.89461424  3.92837741  3.9623234   3.99645191  4.0307626   4.06525513
  4.09992914  4.13478424  4.16982003  4.20503609  4.24043197  4.27600724
  4.31176139  4.34769395  4.3838044   4.4200922   4.4565568   4.49319763
  4.53001409  4.56700559  4.60417147  4.64151111  4.67902382  4.71670891
  4.75456568  4.7925934   4.83079131  4.86915865  4.90769462  4.94639841
  4.9852692   5.02430613  5.06350832  5.10287489  5.14240493  5.18209748
  5.22195161  5.26196634  5.30214066  5.34247356  5.38296401  5.42361093
  5.46441326  5.50536988  5.54647968  5.58774151  5.62915421  5.67071658
  5.71242742  5.75428549  5.79628956  5.83843834  5.88073055  5.92316486
  5.96573995  6.00845444  6.05130697  6.09429614  6.13742051  6.18067866
  6.22406911  6.26759037  6.31124095  6.35501931  6.3989239   6.44295315
  6.48710547  6.53137925  6.57577284  6.6202846   6.66491285  6.70965589
  6.75451199  6.79947943  6.84455644  6.88974123  6.93503201  6.98042695
  7.0259242   7.07152191  7.11721819  7.16301113  7.20889881  7.25487928
  7.30095057  7.3471107   7.39335766  7.43968943  7.48610396  7.53259918
  7.57917301  7.62582335  7.67254806  7.71934501  7.76621203  7.81314695
  7.86014755  7.90721163  7.95433694  8.00152123  8.04876223  8.09605763
  8.14340514  8.19080241  8.23824711  8.28573687  8.33326931  8.38084203
  8.42845261  8.47609862  8.52377762  8.57148713  8.61922468  8.66698776
  8.71477386  8.76258045  8.81040498  8.8582449   8.90609762  8.95396055
  9.00183109  9.04970662  9.09758449  9.14546207  9.19333668  9.24120565
  9.28906629  9.33691589  9.38475174  9.43257111  9.48037125  9.5281494
  9.57590281  9.62362869  9.67132426  9.7189867   9.76661321  9.81420096
  9.86174712  9.90924885  9.95670329 10.00410757 10.05145882 10.09875416
 10.14599069 10.19316552 10.24027574 10.28731842 10.33429065 10.38118948
 10.42801199 10.47475522 10.52141623 10.56799204 10.6144797  10.66087623
 10.70717866 10.753384   10.79948927 10.84549147 10.89138762 10.9371747
 10.98284973 11.02840968 11.07385156 11.11917235 11.16436903 11.2094386
 11.25437803 11.2991843  11.34385439 11.38838529 11.43277397 11.47701741
 11.52111259 11.56505649 11.6088461  11.65247839 11.69595035 11.73925897
 11.78240123 11.82537413 11.86817466 11.91079982 11.95324662 11.99551205
 12.03759313 12.07948687 12.1211903  12.16270044 12.20401432 12.24512898
 12.28604147 12.32674884 12.36724814 12.40753645 12.44761084 12.48746839
 12.52710619 12.56652135 12.60571097 12.64467217 12.68340209 12.72189786
 12.76015664 12.79817559 12.83595188 12.8734827  12.91076524 12.94779672
 12.98457435 13.02109539 13.05735707 13.09335665 13.12909143 13.16455869
 13.19975573 13.23467989 13.26932849 13.3036989  13.33778849 13.37159464
 13.40511476 13.43834626 13.47128659 13.50393321 13.53628359 13.56833523
 13.60008563 13.63153233 13.66267289 13.69350487 13.72402586 13.75423349
 13.78412537 13.81369917 13.84295256 13.87188324 13.90048893 13.92876736
 13.95671631 13.98433357 14.01161693 14.03856424 14.06517336 14.09144216
 14.11736855 14.14295046 14.16818586 14.19307271 14.21760903 14.24179285
 14.26562222 14.28909524 14.31221    14.33496466 14.35735737 14.37938632
 14.40104974 14.42234587 14.44327299 14.46382939 14.48401342 14.50382343
 14.52325781 14.54231498 14.56099338 14.5792915  14.59720784 14.61474093
 14.63188935 14.64865168 14.66502657 14.68101266 14.69660865 14.71181325
 14.72662522 14.74104333 14.75506642 14.76869331 14.78192289 14.79475407
 14.80718579 14.81921702 14.83084678 14.8420741  14.85289806 14.86331775
 14.87333232 14.88294095 14.89214282 14.90093719 14.90932333 14.91730053
 14.92486814 14.93202553 14.93877211 14.94510731 14.95103062 14.95654153
 14.96163959 14.96632439 14.97059552 14.97445263 14.97789541 14.98092356
 14.98353684 14.98573502 14.98751794 14.98888542 14.98983737 14.99037371
 14.99049438 14.99019938 14.98948874 14.9883625  14.98682078 14.98486368
 14.98249139 14.97970409 14.97650202 14.97288544 14.96885465 14.96440999
 14.95955182 14.95428056 14.94859664 14.94250053 14.93599274 14.9290738
 14.92174429 14.91400483 14.90585604 14.89729861 14.88833325 14.87896069
 14.86918172 14.85899714 14.8484078  14.83741457 14.82601836 14.81422011
 14.80202079 14.78942142 14.77642302 14.76302668 14.74923349 14.73504459
 14.72046115 14.70548437 14.69011547 14.67435572 14.65820642 14.64166887
 14.62474445 14.60743453 14.58974054 14.57166391 14.55320612 14.53436868
 14.51515312 14.49556102 14.47559395 14.45525355 14.43454147 14.41345938
 14.39200901 14.37019207 14.34801035 14.32546562 14.30255971 14.27929447
 14.25567178 14.23169352 14.20736163 14.18267806 14.15764479 14.13226382
 14.10653718 14.08046694 14.05405516 14.02730395 14.00021544 13.97279178
 13.94503515 13.91694775 13.88853179 13.85978953 13.83072323 13.80133518
 13.7716277  13.74160311 13.71126378 13.68061207 13.64965038 13.61838113
 13.58680676 13.55492973 13.5227525  13.49027757 13.45750747 13.42444471
 13.39109185 13.35745146 13.32352613 13.28931845 13.25483104 13.22006655
 13.18502763 13.14971693 13.11413715 13.07829099 13.04218115 13.00581037
 12.96918138 12.93229695 12.89515984 12.85777283 12.82013873 12.78226033
 12.74414045 12.70578193 12.66718762 12.62836035 12.589303   12.55001844
 12.51050956 12.47077925 12.4308304  12.39066594 12.35028879 12.30970187
 12.26890812 12.22791048 12.18671191 12.14531536 12.10372379 12.06194019
 12.01996751 11.97780876 11.9354669  11.89294494 11.85024586 11.80737268
 11.76432838 11.72111599 11.6777385  11.63419893 11.5905003  11.54664561
 11.5026379  11.45848017 11.41417545 11.36972676 11.32513712 11.28040954
 11.23554706 11.19055269 11.14542944 11.10018035 11.05480841 11.00931664
 10.96370806 10.91798568 10.87215249 10.8262115  10.7801657  10.7340181
 10.68777168 10.64142942 10.59499431 10.54846932 10.50185742 10.45516157
 10.40838473 10.36152985 10.31459988 10.26759775 10.22052639 10.17338872
 10.12618766 10.07892611 10.03160697  9.98423313  9.93680746  9.88933285
  9.84181214  9.79424819  9.74664384  9.69900191  9.65132524  9.60361662
  9.55587885  9.50811473  9.46032702  9.41251848  9.36469187  9.31684992
  9.26899536  9.2211309   9.17325923  9.12538305  9.07750503  9.02962781
  8.98175406  8.93388639  8.88602742  8.83817976  8.79034598  8.74252866
  8.69473036  8.6469536   8.59920093  8.55147484  8.50377782  8.45611236
  8.40848091  8.36088591  8.31332979  8.26581496  8.21834381  8.17091871
  8.12354202  8.07621609  8.02894322  7.98172573  7.9345659   7.88746599
  7.84042826  7.79345494  7.74654823  7.69971033  7.65294341  7.60624963
  7.55963113  7.51309001  7.46662838  7.42024831  7.37395186  7.32774106
  7.28161795  7.2355845   7.18964271  7.14379453  7.0980419   7.05238672
  7.00683092  6.96137634  6.91602486  6.87077831  6.82563851  6.78060724
  6.73568628  6.69087738  6.64618228  6.60160268  6.55714027  6.51279673
  6.46857369  6.42447279  6.38049563  6.33664379  6.29291883  6.2493223
  6.20585571  6.16252057  6.11931835  6.07625051  6.03331847  5.99052366
  5.94786746  5.90535125  5.86297638  5.82074416  5.77865592  5.73671292
  5.69491644  5.65326772  5.61176798  5.57041841  5.5292202   5.4881745
  5.44728245  5.40654517  5.36596374  5.32553923  5.28527271  5.2451652
  5.20521771  5.16543122  5.12580671  5.08634512  5.04704738  5.00791438
  4.96894703  4.93014617  4.89151266  4.85304732  4.81475094  4.77662431
  4.7386682   4.70088334  4.66327045  4.62583025  4.5885634   4.55147057
  4.51455241  4.47780953  4.44124254  4.40485201  4.36863853  4.33260262
  4.29674482  4.26106563  4.22556554  4.19024502  4.15510451  4.12014445
  4.08536525  4.0507673   4.01635099  3.98211666  3.94806466  3.9141953
  3.8805089   3.84700573  3.81368607  3.78055016  3.74759824  3.71483053
  3.68224721  3.64984848  3.6176345   3.58560542  3.55376136  3.52210245
  3.49062878  3.45934043  3.42823748  3.39731996  3.36658792  3.33604138
  3.30568033  3.27550476  3.24551466  3.21570997  3.18609063  3.15665659
  3.12740774  3.09834399  3.06946522  3.0407713   3.01226209  2.98393742
  2.95579714  2.92784104  2.90006894  2.87248062  2.84507586  2.81785441
  2.79081602  2.76396043  2.73728737  2.71079654  2.68448765  2.65836037
  2.63241438  2.60664935  2.58106493  2.55566075  2.53043645  2.50539163
  2.48052591  2.45583888  2.43133012  2.40699922  2.38284572  2.35886918
  2.33506915  2.31144515  2.28799672  2.26472336  2.24162457  2.21869985
  2.19594869  2.17337056  2.15096492  2.12873124  2.10666897  2.08477753
  2.06305638  2.04150492  2.02012259  1.99890877  1.97786289  1.95698432
  1.93627246  1.91572668  1.89534636  1.87513085  1.85507952  1.83519171
  1.81546678  1.79590405  1.77650286  1.75726253  1.73818239  1.71926174
  1.70049989  1.68189615  1.66344981  1.64516016  1.62702649  1.60904808
  1.5912242   1.57355413  1.55603714  1.53867247  1.5214594   1.50439718
  1.48748505  1.47072226  1.45410805  1.43764166  1.42132232  1.40514927
  1.38912173  1.37323893  1.35750008  1.34190441  1.32645112  1.31113944
  1.29596857  1.28093771  1.26604609  1.25129288]",restricted_age_optimal,True,True,True,10,3,"constraints_[1, 2, 3]_remained",117.38144310749406,115.24520137737983,119.5176848376083,1.0899392779482915,1.9558920314227348,1.9202964716263122,1.991487591219157,0.018161333614900924,1.955852007166108,1.9202571757768763,1.9914468385553394,0.01816096197175007,0.9166669871151023,0.9127406867753252,0.9204589747345013,0.0019687975030110746,large
0.355891,0.68426,0.5466139999999999,0.0624131088475148,3910,100.0,"[0.355891   0.37934593 0.40280086 0.42625579 0.44971071 0.47316564
 0.49662057 0.5200755  0.54353043 0.56698536 0.59044029 0.61389521
 0.63735014 0.66080507 0.68426   ]","[ 0.23017903  0.66496164  1.5601023   3.40153453  7.8516624  10.61381074
 13.40153453 11.17647059 10.84398977 13.45268542 10.12787724  9.9488491
  5.7544757   0.97186701]",0.025,14,normal,0.5450555304347825,"[0.355891   0.3562197  0.3565484  0.35687709 0.35720579 0.35753449
 0.35786319 0.35819188 0.35852058 0.35884928 0.35917798 0.35950667
 0.35983537 0.36016407 0.36049277 0.36082147 0.36115016 0.36147886
 0.36180756 0.36213626 0.36246495 0.36279365 0.36312235 0.36345105
 0.36377974 0.36410844 0.36443714 0.36476584 0.36509454 0.36542323
 0.36575193 0.36608063 0.36640933 0.36673802 0.36706672 0.36739542
 0.36772412 0.36805281 0.36838151 0.36871021 0.36903891 0.36936761
 0.3696963  0.370025   0.3703537  0.3706824  0.37101109 0.37133979
 0.37166849 0.37199719 0.37232588 0.37265458 0.37298328 0.37331198
 0.37364068 0.37396937 0.37429807 0.37462677 0.37495547 0.37528416
 0.37561286 0.37594156 0.37627026 0.37659895 0.37692765 0.37725635
 0.37758505 0.37791375 0.37824244 0.37857114 0.37889984 0.37922854
 0.37955723 0.37988593 0.38021463 0.38054333 0.38087203 0.38120072
 0.38152942 0.38185812 0.38218682 0.38251551 0.38284421 0.38317291
 0.38350161 0.3838303  0.384159   0.3844877  0.3848164  0.3851451
 0.38547379 0.38580249 0.38613119 0.38645989 0.38678858 0.38711728
 0.38744598 0.38777468 0.38810337 0.38843207 0.38876077 0.38908947
 0.38941817 0.38974686 0.39007556 0.39040426 0.39073296 0.39106165
 0.39139035 0.39171905 0.39204775 0.39237644 0.39270514 0.39303384
 0.39336254 0.39369124 0.39401993 0.39434863 0.39467733 0.39500603
 0.39533472 0.39566342 0.39599212 0.39632082 0.39664951 0.39697821
 0.39730691 0.39763561 0.39796431 0.398293   0.3986217  0.3989504
 0.3992791  0.39960779 0.39993649 0.40026519 0.40059389 0.40092258
 0.40125128 0.40157998 0.40190868 0.40223738 0.40256607 0.40289477
 0.40322347 0.40355217 0.40388086 0.40420956 0.40453826 0.40486696
 0.40519565 0.40552435 0.40585305 0.40618175 0.40651045 0.40683914
 0.40716784 0.40749654 0.40782524 0.40815393 0.40848263 0.40881133
 0.40914003 0.40946872 0.40979742 0.41012612 0.41045482 0.41078352
 0.41111221 0.41144091 0.41176961 0.41209831 0.412427   0.4127557
 0.4130844  0.4134131  0.41374179 0.41407049 0.41439919 0.41472789
 0.41505659 0.41538528 0.41571398 0.41604268 0.41637138 0.41670007
 0.41702877 0.41735747 0.41768617 0.41801486 0.41834356 0.41867226
 0.41900096 0.41932966 0.41965835 0.41998705 0.42031575 0.42064445
 0.42097314 0.42130184 0.42163054 0.42195924 0.42228793 0.42261663
 0.42294533 0.42327403 0.42360273 0.42393142 0.42426012 0.42458882
 0.42491752 0.42524621 0.42557491 0.42590361 0.42623231 0.42656101
 0.4268897  0.4272184  0.4275471  0.4278758  0.42820449 0.42853319
 0.42886189 0.42919059 0.42951928 0.42984798 0.43017668 0.43050538
 0.43083408 0.43116277 0.43149147 0.43182017 0.43214887 0.43247756
 0.43280626 0.43313496 0.43346366 0.43379235 0.43412105 0.43444975
 0.43477845 0.43510715 0.43543584 0.43576454 0.43609324 0.43642194
 0.43675063 0.43707933 0.43740803 0.43773673 0.43806542 0.43839412
 0.43872282 0.43905152 0.43938022 0.43970891 0.44003761 0.44036631
 0.44069501 0.4410237  0.4413524  0.4416811  0.4420098  0.44233849
 0.44266719 0.44299589 0.44332459 0.44365329 0.44398198 0.44431068
 0.44463938 0.44496808 0.44529677 0.44562547 0.44595417 0.44628287
 0.44661156 0.44694026 0.44726896 0.44759766 0.44792636 0.44825505
 0.44858375 0.44891245 0.44924115 0.44956984 0.44989854 0.45022724
 0.45055594 0.45088463 0.45121333 0.45154203 0.45187073 0.45219943
 0.45252812 0.45285682 0.45318552 0.45351422 0.45384291 0.45417161
 0.45450031 0.45482901 0.4551577  0.4554864  0.4558151  0.4561438
 0.4564725  0.45680119 0.45712989 0.45745859 0.45778729 0.45811598
 0.45844468 0.45877338 0.45910208 0.45943077 0.45975947 0.46008817
 0.46041687 0.46074557 0.46107426 0.46140296 0.46173166 0.46206036
 0.46238905 0.46271775 0.46304645 0.46337515 0.46370384 0.46403254
 0.46436124 0.46468994 0.46501864 0.46534733 0.46567603 0.46600473
 0.46633343 0.46666212 0.46699082 0.46731952 0.46764822 0.46797691
 0.46830561 0.46863431 0.46896301 0.46929171 0.4696204  0.4699491
 0.4702778  0.4706065  0.47093519 0.47126389 0.47159259 0.47192129
 0.47224998 0.47257868 0.47290738 0.47323608 0.47356478 0.47389347
 0.47422217 0.47455087 0.47487957 0.47520826 0.47553696 0.47586566
 0.47619436 0.47652306 0.47685175 0.47718045 0.47750915 0.47783785
 0.47816654 0.47849524 0.47882394 0.47915264 0.47948133 0.47981003
 0.48013873 0.48046743 0.48079613 0.48112482 0.48145352 0.48178222
 0.48211092 0.48243961 0.48276831 0.48309701 0.48342571 0.4837544
 0.4840831  0.4844118  0.4847405  0.4850692  0.48539789 0.48572659
 0.48605529 0.48638399 0.48671268 0.48704138 0.48737008 0.48769878
 0.48802747 0.48835617 0.48868487 0.48901357 0.48934227 0.48967096
 0.48999966 0.49032836 0.49065706 0.49098575 0.49131445 0.49164315
 0.49197185 0.49230054 0.49262924 0.49295794 0.49328664 0.49361534
 0.49394403 0.49427273 0.49460143 0.49493013 0.49525882 0.49558752
 0.49591622 0.49624492 0.49657361 0.49690231 0.49723101 0.49755971
 0.49788841 0.4982171  0.4985458  0.4988745  0.4992032  0.49953189
 0.49986059 0.50018929 0.50051799 0.50084668 0.50117538 0.50150408
 0.50183278 0.50216148 0.50249017 0.50281887 0.50314757 0.50347627
 0.50380496 0.50413366 0.50446236 0.50479106 0.50511975 0.50544845
 0.50577715 0.50610585 0.50643455 0.50676324 0.50709194 0.50742064
 0.50774934 0.50807803 0.50840673 0.50873543 0.50906413 0.50939282
 0.50972152 0.51005022 0.51037892 0.51070762 0.51103631 0.51136501
 0.51169371 0.51202241 0.5123511  0.5126798  0.5130085  0.5133372
 0.51366589 0.51399459 0.51432329 0.51465199 0.51498069 0.51530938
 0.51563808 0.51596678 0.51629548 0.51662417 0.51695287 0.51728157
 0.51761027 0.51793896 0.51826766 0.51859636 0.51892506 0.51925376
 0.51958245 0.51991115 0.52023985 0.52056855 0.52089724 0.52122594
 0.52155464 0.52188334 0.52221204 0.52254073 0.52286943 0.52319813
 0.52352683 0.52385552 0.52418422 0.52451292 0.52484162 0.52517031
 0.52549901 0.52582771 0.52615641 0.52648511 0.5268138  0.5271425
 0.5274712  0.5277999  0.52812859 0.52845729 0.52878599 0.52911469
 0.52944338 0.52977208 0.53010078 0.53042948 0.53075818 0.53108687
 0.53141557 0.53174427 0.53207297 0.53240166 0.53273036 0.53305906
 0.53338776 0.53371645 0.53404515 0.53437385 0.53470255 0.53503125
 0.53535994 0.53568864 0.53601734 0.53634604 0.53667473 0.53700343
 0.53733213 0.53766083 0.53798952 0.53831822 0.53864692 0.53897562
 0.53930432 0.53963301 0.53996171 0.54029041 0.54061911 0.5409478
 0.5412765  0.5416052  0.5419339  0.54226259 0.54259129 0.54291999
 0.54324869 0.54357739 0.54390608 0.54423478 0.54456348 0.54489218
 0.54522087 0.54554957 0.54587827 0.54620697 0.54653566 0.54686436
 0.54719306 0.54752176 0.54785046 0.54817915 0.54850785 0.54883655
 0.54916525 0.54949394 0.54982264 0.55015134 0.55048004 0.55080873
 0.55113743 0.55146613 0.55179483 0.55212353 0.55245222 0.55278092
 0.55310962 0.55343832 0.55376701 0.55409571 0.55442441 0.55475311
 0.5550818  0.5554105  0.5557392  0.5560679  0.5563966  0.55672529
 0.55705399 0.55738269 0.55771139 0.55804008 0.55836878 0.55869748
 0.55902618 0.55935487 0.55968357 0.56001227 0.56034097 0.56066967
 0.56099836 0.56132706 0.56165576 0.56198446 0.56231315 0.56264185
 0.56297055 0.56329925 0.56362794 0.56395664 0.56428534 0.56461404
 0.56494274 0.56527143 0.56560013 0.56592883 0.56625753 0.56658622
 0.56691492 0.56724362 0.56757232 0.56790102 0.56822971 0.56855841
 0.56888711 0.56921581 0.5695445  0.5698732  0.5702019  0.5705306
 0.57085929 0.57118799 0.57151669 0.57184539 0.57217409 0.57250278
 0.57283148 0.57316018 0.57348888 0.57381757 0.57414627 0.57447497
 0.57480367 0.57513236 0.57546106 0.57578976 0.57611846 0.57644716
 0.57677585 0.57710455 0.57743325 0.57776195 0.57809064 0.57841934
 0.57874804 0.57907674 0.57940543 0.57973413 0.58006283 0.58039153
 0.58072023 0.58104892 0.58137762 0.58170632 0.58203502 0.58236371
 0.58269241 0.58302111 0.58334981 0.5836785  0.5840072  0.5843359
 0.5846646  0.5849933  0.58532199 0.58565069 0.58597939 0.58630809
 0.58663678 0.58696548 0.58729418 0.58762288 0.58795157 0.58828027
 0.58860897 0.58893767 0.58926637 0.58959506 0.58992376 0.59025246
 0.59058116 0.59090985 0.59123855 0.59156725 0.59189595 0.59222464
 0.59255334 0.59288204 0.59321074 0.59353944 0.59386813 0.59419683
 0.59452553 0.59485423 0.59518292 0.59551162 0.59584032 0.59616902
 0.59649771 0.59682641 0.59715511 0.59748381 0.59781251 0.5981412
 0.5984699  0.5987986  0.5991273  0.59945599 0.59978469 0.60011339
 0.60044209 0.60077078 0.60109948 0.60142818 0.60175688 0.60208558
 0.60241427 0.60274297 0.60307167 0.60340037 0.60372906 0.60405776
 0.60438646 0.60471516 0.60504385 0.60537255 0.60570125 0.60602995
 0.60635865 0.60668734 0.60701604 0.60734474 0.60767344 0.60800213
 0.60833083 0.60865953 0.60898823 0.60931692 0.60964562 0.60997432
 0.61030302 0.61063172 0.61096041 0.61128911 0.61161781 0.61194651
 0.6122752  0.6126039  0.6129326  0.6132613  0.61358999 0.61391869
 0.61424739 0.61457609 0.61490479 0.61523348 0.61556218 0.61589088
 0.61621958 0.61654827 0.61687697 0.61720567 0.61753437 0.61786307
 0.61819176 0.61852046 0.61884916 0.61917786 0.61950655 0.61983525
 0.62016395 0.62049265 0.62082134 0.62115004 0.62147874 0.62180744
 0.62213614 0.62246483 0.62279353 0.62312223 0.62345093 0.62377962
 0.62410832 0.62443702 0.62476572 0.62509441 0.62542311 0.62575181
 0.62608051 0.62640921 0.6267379  0.6270666  0.6273953  0.627724
 0.62805269 0.62838139 0.62871009 0.62903879 0.62936748 0.62969618
 0.63002488 0.63035358 0.63068228 0.63101097 0.63133967 0.63166837
 0.63199707 0.63232576 0.63265446 0.63298316 0.63331186 0.63364055
 0.63396925 0.63429795 0.63462665 0.63495535 0.63528404 0.63561274
 0.63594144 0.63627014 0.63659883 0.63692753 0.63725623 0.63758493
 0.63791362 0.63824232 0.63857102 0.63889972 0.63922842 0.63955711
 0.63988581 0.64021451 0.64054321 0.6408719  0.6412006  0.6415293
 0.641858   0.64218669 0.64251539 0.64284409 0.64317279 0.64350149
 0.64383018 0.64415888 0.64448758 0.64481628 0.64514497 0.64547367
 0.64580237 0.64613107 0.64645976 0.64678846 0.64711716 0.64744586
 0.64777456 0.64810325 0.64843195 0.64876065 0.64908935 0.64941804
 0.64974674 0.65007544 0.65040414 0.65073283 0.65106153 0.65139023
 0.65171893 0.65204763 0.65237632 0.65270502 0.65303372 0.65336242
 0.65369111 0.65401981 0.65434851 0.65467721 0.6550059  0.6553346
 0.6556633  0.655992   0.6563207  0.65664939 0.65697809 0.65730679
 0.65763549 0.65796418 0.65829288 0.65862158 0.65895028 0.65927897
 0.65960767 0.65993637 0.66026507 0.66059377 0.66092246 0.66125116
 0.66157986 0.66190856 0.66223725 0.66256595 0.66289465 0.66322335
 0.66355205 0.66388074 0.66420944 0.66453814 0.66486684 0.66519553
 0.66552423 0.66585293 0.66618163 0.66651032 0.66683902 0.66716772
 0.66749642 0.66782512 0.66815381 0.66848251 0.66881121 0.66913991
 0.6694686  0.6697973  0.670126   0.6704547  0.67078339 0.67111209
 0.67144079 0.67176949 0.67209819 0.67242688 0.67275558 0.67308428
 0.67341298 0.67374167 0.67407037 0.67439907 0.67472777 0.67505646
 0.67538516 0.67571386 0.67604256 0.67637126 0.67669995 0.67702865
 0.67735735 0.67768605 0.67801474 0.67834344 0.67867214 0.67900084
 0.67932953 0.67965823 0.67998693 0.68031563 0.68064433 0.68097302
 0.68130172 0.68163042 0.68195912 0.68228781 0.68261651 0.68294521
 0.68327391 0.6836026  0.6839313  0.68426   ]","[ 0.15175662  0.15419624  0.15667074  0.15918053  0.16172604  0.1643077
  0.16692594  0.1695812   0.17227392  0.17500454  0.17777351  0.18058128
  0.18342832  0.18631507  0.189242    0.19220958  0.19521829  0.19826859
  0.20136097  0.2044959   0.20767389  0.21089541  0.21416097  0.21747105
  0.22082618  0.22422685  0.22767357  0.23116686  0.23470724  0.23829524
  0.24193137  0.24561618  0.24935019  0.25313394  0.25696799  0.26085287
  0.26478914  0.26877736  0.27281808  0.27691186  0.28105928  0.2852609
  0.2895173   0.29382907  0.29819678  0.30262102  0.30710238  0.31164146
  0.31623886  0.32089518  0.32561103  0.33038702  0.33522377  0.34012189
  0.345082    0.35010474  0.35519074  0.36034063  0.36555504  0.37083463
  0.37618004  0.38159191  0.3870709   0.39261767  0.39823289  0.4039172
  0.4096713   0.41549584  0.4213915   0.42735896  0.43339892  0.43951204
  0.44569903  0.45196058  0.45829738  0.46471015  0.47119957  0.47776636
  0.48441123  0.4911349   0.49793809  0.50482151  0.51178589  0.51883196
  0.52596044  0.53317208  0.54046762  0.54784778  0.55531332  0.56286498
  0.57050351  0.57822966  0.58604419  0.59394786  0.60194143  0.61002565
  0.61820131  0.62646915  0.63482997  0.64328452  0.65183359  0.66047796
  0.66921841  0.67805571  0.68699066  0.69602404  0.70515665  0.71438927
  0.7237227   0.73315774  0.74269518  0.75233582  0.76208047  0.77192992
  0.78188499  0.79194648  0.80211519  0.81239193  0.82277752  0.83327277
  0.84387849  0.85459549  0.8654246   0.87636661  0.88742236  0.89859266
  0.90987833  0.92128018  0.93279904  0.94443572  0.95619106  0.96806586
  0.98006095  0.99217714  1.00441527  1.01677615  1.0292606   1.04186944
  1.0546035   1.06746358  1.08045052  1.09356513  1.10680823  1.12018063
  1.13368315  1.14731661  1.16108181  1.17497958  1.18901072  1.20317604
  1.21747636  1.23191247  1.24648518  1.2611953   1.27604363  1.29103096
  1.30615809  1.32142581  1.33683492  1.3523862   1.36808045  1.38391844
  1.39990096  1.41602877  1.43230267  1.44872341  1.46529177  1.48200851
  1.49887439  1.51589016  1.53305658  1.5503744   1.56784435  1.58546719
  1.60324364  1.62117444  1.63926032  1.65750198  1.67590016  1.69445555
  1.71316888  1.73204083  1.7510721   1.77026338  1.78961536  1.80912871
  1.8288041   1.8486422   1.86864366  1.88880915  1.90913929  1.92963474
  1.95029613  1.97112407  1.99211918  2.01328208  2.03461337  2.05611364
  2.07778348  2.09962347  2.12163418  2.14381616  2.16616999  2.18869619
  2.2113953   2.23426786  2.25731439  2.28053538  2.30393135  2.32750278
  2.35125015  2.37517394  2.3992746   2.42355259  2.44800835  2.47264231
  2.49745488  2.52244648  2.54761751  2.57296835  2.59849938  2.62421096
  2.65010344  2.67617718  2.70243249  2.7288697   2.75548911  2.78229102
  2.8092757   2.83644343  2.86379445  2.89132903  2.91904737  2.94694971
  2.97503623  3.00330715  3.03176262  3.06040282  3.08922789  3.11823797
  3.14743317  3.17681361  3.20637937  3.23613054  3.26606717  3.29618931
  3.326497    3.35699025  3.38766906  3.41853343  3.44958331  3.48081867
  3.51223944  3.54384555  3.57563691  3.60761339  3.63977489  3.67212125
  3.70465232  3.73736792  3.77026785  3.80335191  3.83661987  3.87007149
  3.90370649  3.93752461  3.97152554  4.00570897  4.04007456  4.07462197
  4.10935082  4.14426073  4.17935128  4.21462205  4.25007261  4.28570248
  4.32151119  4.35749823  4.39366309  4.43000523  4.46652408  4.50321908
  4.54008962  4.57713509  4.61435485  4.65174825  4.68931461  4.72705323
  4.76496341  4.8030444   4.84129545  4.87971579  4.91830461  4.9570611
  4.99598442  5.03507372  5.07432812  5.11374671  5.15332859  5.1930728
  5.23297839  5.27304438  5.31326976  5.35365351  5.39419458  5.43489191
  5.47574441  5.51675097  5.55791047  5.59922175  5.64068364  5.68229494
  5.72405445  5.76596093  5.80801311  5.85020973  5.89254947  5.93503103
  5.97765306  6.02041419  6.06331303  6.10634819  6.14951823  6.19282171
  6.23625714  6.27982305  6.32351792  6.3673402   6.41128835  6.45536079
  6.49955592  6.54387212  6.58830775  6.63286114  6.67753061  6.72231446
  6.76721097  6.81221838  6.85733493  6.90255883  6.94788827  6.99332143
  7.03885644  7.08449145  7.13022456  7.17605385  7.2219774   7.26799326
  7.31409944  7.36029396  7.40657481  7.45293995  7.49938734  7.54591489
  7.59252052  7.63920211  7.68595754  7.73278466  7.7796813   7.82664526
  7.87367435  7.92076634  7.96791898  8.01513001  8.06239715  8.10971811
  8.15709056  8.20451217  8.2519806   8.29949346  8.34704837  8.39464293
  8.44227471  8.48994128  8.53764019  8.58536895  8.63312508  8.68090609
  8.72870944  8.7765326   8.82437302  8.87222814  8.92009537  8.96797211
  9.01585575  9.06374367  9.11163323  9.15952176  9.20740661  9.25528509
  9.3031545   9.35101213  9.39885527  9.44668117  9.49448709  9.54227027
  9.59002795  9.63775732  9.68545561  9.73312     9.78074767  9.82833581
  9.87588156  9.92338209  9.97083452 10.018236   10.06558365 10.11287458
 10.16010588 10.20727467 10.25437802 10.30141302 10.34837673 10.39526622
 10.44207855 10.48881077 10.53545991 10.58202303 10.62849714 10.67487927
 10.72116645 10.76735569 10.813444   10.85942838 10.90530584 10.95107337
 10.99672798 11.04226664 11.08768636 11.13298411 11.17815688 11.22320166
 11.26811541 11.31289513 11.35753779 11.40204036 11.44639984 11.49061318
 11.53467738 11.5785894  11.62234624 11.66594487 11.70938228 11.75265545
 11.79576136 11.83869702 11.88145942 11.92404555 11.96645241 12.00867701
 12.05071637 12.09256749 12.1342274  12.17569312 12.21696169 12.25803014
 12.29889553 12.3395549  12.38000531 12.42024382 12.46026753 12.5000735
 12.53965884 12.57902064 12.61815602 12.65706209 12.69573599 12.73417487
 12.77237586 12.81033615 12.8480529  12.88552329 12.92274454 12.95971386
 12.99642846 13.03288559 13.06908251 13.10501647 13.14068476 13.17608467
 13.21121352 13.24606863 13.28064734 13.31494701 13.34896502 13.38269875
 13.41614562 13.44930305 13.48216847 13.51473937 13.5470132  13.57898748
 13.61065971 13.64202745 13.67308823 13.70383964 13.73427927 13.76440474
 13.7942137  13.82370379 13.8528727  13.88171813 13.91023781 13.93842948
 13.96629091 13.9938199  14.02101427 14.04787184 14.07439049 14.1005681
 14.12640259 14.15189189 14.17703397 14.20182681 14.22626842 14.25035684
 14.27409015 14.29746642 14.32048378 14.34314036 14.36543435 14.38736395
 14.40892736 14.43012286 14.45094872 14.47140326 14.49148481 14.51119174
 14.53052245 14.54947536 14.56804893 14.58624164 14.60405201 14.62147858
 14.63851993 14.65517466 14.6714414  14.68731884 14.70280565 14.71790058
 14.73260237 14.74690983 14.76082177 14.77433705 14.78745456 14.80017321
 14.81249196 14.82440979 14.83592572 14.84703879 14.85774808 14.86805272
 14.87795184 14.88744464 14.89653031 14.90520812 14.91347734 14.92133728
 14.9287873  14.93582678 14.94245512 14.94867179 14.95447626 14.95986806
 14.96484673 14.96941186 14.97356308 14.97730003 14.98062241 14.98352993
 14.98602237 14.98809951 14.98976117 14.99100723 14.99183757 14.99225213
 14.99225087 14.9918338  14.99100094 14.98975237 14.98808819 14.98600854
 14.98351359 14.98060355 14.97727866 14.9735392  14.96938548 14.96481784
 14.95983667 14.95444238 14.94863541 14.94241625 14.93578541 14.92874345
 14.92129095 14.91342853 14.90515683 14.89647656 14.88738841 14.87789316
 14.86799158 14.85768449 14.84697275 14.83585724 14.82433888 14.81241862
 14.80009744 14.78737637 14.77425646 14.76073877 14.74682443 14.73251458
 14.71781041 14.70271311 14.68722392 14.67134413 14.65507503 14.63841796
 14.62137427 14.60394538 14.58613269 14.56793767 14.5493618  14.5304066
 14.51107361 14.49136441 14.4712806  14.45082381 14.4299957  14.40879797
 14.38723233 14.36530053 14.34300434 14.32034557 14.29732603 14.27394759
 14.25021214 14.22612157 14.20167782 14.17688287 14.15173868 14.12624729
 14.10041072 14.07423103 14.04771032 14.02085071 13.99365431 13.9661233
 13.93825986 13.9100662  13.88154454 13.85269715 13.82352629 13.79403426
 13.76422338 13.734096   13.70365447 13.67290118 13.64183854 13.61046896
 13.57879489 13.54681879 13.51454315 13.48197047 13.44910326 13.41594408
 13.38249547 13.34876    13.31474028 13.28043892 13.24585852 13.21100175
 13.17587125 13.14046971 13.1047998  13.06886424 13.03266575 12.99620705
 12.95949089 12.92252005 12.88529728 12.84782538 12.81010715 12.7721454
 12.73394296 12.69550265 12.65682734 12.61791987 12.57878311 12.53941995
 12.49983327 12.46002597 12.42000096 12.37976115 12.33930946 12.29864884
 12.25778222 12.21671254 12.17544277 12.13397587 12.09231479 12.05046252
 12.00842204 11.96619632 11.92378836 11.88120116 11.83843771 11.79550101
 11.75239407 11.7091199  11.66568151 11.62208191 11.57832412 11.53441117
 11.49034606 11.44613182 11.40177148 11.35726804 11.31262455 11.26784401
 11.22292945 11.17788389 11.13271036 11.08741186 11.04199141 10.99645204
 10.95079674 10.90502853 10.85915041 10.81316539 10.76707647 10.72088663
 10.67459886 10.62821616 10.5817415  10.53517786 10.4885282  10.4417955
 10.39498269 10.34809274 10.30112859 10.25409317 10.20698941 10.15982024
 10.11258856 10.06529729 10.0179493   9.97054751  9.92309477  9.87559396
  9.82804794  9.78045956  9.73283165  9.68516705  9.63746857  9.58973901
  9.54198118  9.49419785  9.4463918   9.39856578  9.35072255  9.30286484
  9.25499536  9.20711684  9.15923196  9.11134341  9.06345386  9.01556596
  8.96768235  8.91980566  8.8719385   8.82408346  8.77624314  8.72842009
  8.68061686  8.632836    8.58508002  8.53735143  8.48965272  8.44198635
  8.39435479  8.34676046  8.29920579  8.2516932   8.20422505  8.15680373
  8.10943158  8.06211094  8.01484413  7.96763344  7.92048116  7.87338955
  7.82636085  7.77939729  7.73250107  7.68567438  7.63891939  7.59223824
  7.54563308  7.49910601  7.45265912  7.40629448  7.36001415  7.31382015
  7.26771451  7.22169921  7.17577622  7.1299475   7.08421498  7.03858057
  6.99304617  6.94761364  6.90228483  6.85706157  6.81194568  6.76693893
  6.7220431   6.67725994  6.63259116  6.58803848  6.54360357  6.4992881
  6.45509371  6.41102202  6.36707462  6.3232531   6.27955901  6.23599389
  6.19255925  6.14925658  6.10608735  6.06305301  6.02015499  5.9773947
  5.93477352  5.89229282  5.84995393  5.80775819  5.76570688  5.72380129
  5.68204268  5.64043227  5.59897129  5.55766093  5.51650235  5.47549672
  5.43464515  5.39394877  5.35340864  5.31302585  5.27280143  5.23273641
  5.1928318   5.15308856  5.11350767  5.07409007  5.03483667  4.99574837
  4.95682605  4.91807057  4.87948277  4.84106346  4.80281343  4.76473348
  4.72682433  4.68908675  4.65152143  4.61412908  4.57691037  4.53986596
  4.50299648  4.46630255  4.42978476  4.3934437   4.35727992  4.32129395
  4.28548632  4.24985753  4.21440807  4.17913838  4.14404892  4.10914011
  4.07441235  4.03986605  4.00550155  3.97131923  3.9373194   3.90350239
  3.8698685   3.83641799  3.80315115  3.7700682   3.73716938  3.7044549
  3.67192495  3.6395797   3.60741933  3.57544396  3.54365372  3.51204874
  3.48062908  3.44939485  3.41834609  3.38748285  3.35680516  3.32631303
  3.29600646  3.26588544  3.23594993  3.20619989  3.17663525  3.14725593
  3.11806185  3.08905289  3.06022894  3.03158986  3.00313551  2.97486571
  2.9467803   2.91887907  2.89116184  2.86362838  2.83627846  2.80911185
  2.78212827  2.75532747  2.72870916  2.70227306  2.67601884  2.64994621
  2.62405481  2.59834433  2.57281439  2.54746464  2.5222947   2.49730418
  2.47249269  2.44785982  2.42340514  2.39912822  2.37502863  2.35110591
  2.3273596   2.30378924  2.28039433  2.25717439  2.23412892  2.21125741
  2.18855934  2.16603419  2.14368141  2.12150046  2.09949079  2.07765183
  2.05598302  2.03448378  2.01315351  1.99199162  1.97099752  1.95017059
  1.92951021  1.90901577  1.88868662  1.86852213  1.84852165  1.82868454
  1.80901013  1.78949776  1.77014676  1.75095645  1.73192614  1.71305515
  1.69434279  1.67578835  1.65739112  1.6391504   1.62106547  1.6031356
  1.58536008  1.56773817  1.55026914  1.53295224  1.51578673  1.49877187
  1.4819069   1.46519106  1.4486236   1.43220374  1.41593074  1.3998038
  1.38382216  1.36798504  1.35229166  1.33674124  1.32133299  1.30606612
  1.29093984  1.27595335  1.26110587  1.24639658]",restricted_age_optimal,True,True,True,10,3,"constraints_[1, 2, 4]_remained",115.47415523650368,113.34274388169754,117.60556659130981,1.087474755464095,1.95429750909526,1.9182252651111085,1.9903697530794118,0.0184045443021836,1.9542573652201563,1.9181858622079655,1.9903288682323474,0.01840416624831802,0.9164939799997245,0.9125080278825575,0.9203418956784326,0.0019982753422377584,large
0.355891,0.68426,0.5533859999999999,0.063153556325127,4290,100.0,"[0.355891   0.37934593 0.40280086 0.42625579 0.44971071 0.47316564
 0.49662057 0.5200755  0.54353043 0.56698536 0.59044029 0.61389521
 0.63735014 0.66080507 0.68426   ]","[ 0.18648019  0.62937063  1.3986014   3.26340326  6.36363636  9.76689977
 13.54312354 10.79254079 10.34965035 12.86713287 10.97902098 11.44522145
  7.08624709  1.32867133]",0.025,14,normal,0.5507769631701632,"[0.355891   0.3562197  0.3565484  0.35687709 0.35720579 0.35753449
 0.35786319 0.35819188 0.35852058 0.35884928 0.35917798 0.35950667
 0.35983537 0.36016407 0.36049277 0.36082147 0.36115016 0.36147886
 0.36180756 0.36213626 0.36246495 0.36279365 0.36312235 0.36345105
 0.36377974 0.36410844 0.36443714 0.36476584 0.36509454 0.36542323
 0.36575193 0.36608063 0.36640933 0.36673802 0.36706672 0.36739542
 0.36772412 0.36805281 0.36838151 0.36871021 0.36903891 0.36936761
 0.3696963  0.370025   0.3703537  0.3706824  0.37101109 0.37133979
 0.37166849 0.37199719 0.37232588 0.37265458 0.37298328 0.37331198
 0.37364068 0.37396937 0.37429807 0.37462677 0.37495547 0.37528416
 0.37561286 0.37594156 0.37627026 0.37659895 0.37692765 0.37725635
 0.37758505 0.37791375 0.37824244 0.37857114 0.37889984 0.37922854
 0.37955723 0.37988593 0.38021463 0.38054333 0.38087203 0.38120072
 0.38152942 0.38185812 0.38218682 0.38251551 0.38284421 0.38317291
 0.38350161 0.3838303  0.384159   0.3844877  0.3848164  0.3851451
 0.38547379 0.38580249 0.38613119 0.38645989 0.38678858 0.38711728
 0.38744598 0.38777468 0.38810337 0.38843207 0.38876077 0.38908947
 0.38941817 0.38974686 0.39007556 0.39040426 0.39073296 0.39106165
 0.39139035 0.39171905 0.39204775 0.39237644 0.39270514 0.39303384
 0.39336254 0.39369124 0.39401993 0.39434863 0.39467733 0.39500603
 0.39533472 0.39566342 0.39599212 0.39632082 0.39664951 0.39697821
 0.39730691 0.39763561 0.39796431 0.398293   0.3986217  0.3989504
 0.3992791  0.39960779 0.39993649 0.40026519 0.40059389 0.40092258
 0.40125128 0.40157998 0.40190868 0.40223738 0.40256607 0.40289477
 0.40322347 0.40355217 0.40388086 0.40420956 0.40453826 0.40486696
 0.40519565 0.40552435 0.40585305 0.40618175 0.40651045 0.40683914
 0.40716784 0.40749654 0.40782524 0.40815393 0.40848263 0.40881133
 0.40914003 0.40946872 0.40979742 0.41012612 0.41045482 0.41078352
 0.41111221 0.41144091 0.41176961 0.41209831 0.412427   0.4127557
 0.4130844  0.4134131  0.41374179 0.41407049 0.41439919 0.41472789
 0.41505659 0.41538528 0.41571398 0.41604268 0.41637138 0.41670007
 0.41702877 0.41735747 0.41768617 0.41801486 0.41834356 0.41867226
 0.41900096 0.41932966 0.41965835 0.41998705 0.42031575 0.42064445
 0.42097314 0.42130184 0.42163054 0.42195924 0.42228793 0.42261663
 0.42294533 0.42327403 0.42360273 0.42393142 0.42426012 0.42458882
 0.42491752 0.42524621 0.42557491 0.42590361 0.42623231 0.42656101
 0.4268897  0.4272184  0.4275471  0.4278758  0.42820449 0.42853319
 0.42886189 0.42919059 0.42951928 0.42984798 0.43017668 0.43050538
 0.43083408 0.43116277 0.43149147 0.43182017 0.43214887 0.43247756
 0.43280626 0.43313496 0.43346366 0.43379235 0.43412105 0.43444975
 0.43477845 0.43510715 0.43543584 0.43576454 0.43609324 0.43642194
 0.43675063 0.43707933 0.43740803 0.43773673 0.43806542 0.43839412
 0.43872282 0.43905152 0.43938022 0.43970891 0.44003761 0.44036631
 0.44069501 0.4410237  0.4413524  0.4416811  0.4420098  0.44233849
 0.44266719 0.44299589 0.44332459 0.44365329 0.44398198 0.44431068
 0.44463938 0.44496808 0.44529677 0.44562547 0.44595417 0.44628287
 0.44661156 0.44694026 0.44726896 0.44759766 0.44792636 0.44825505
 0.44858375 0.44891245 0.44924115 0.44956984 0.44989854 0.45022724
 0.45055594 0.45088463 0.45121333 0.45154203 0.45187073 0.45219943
 0.45252812 0.45285682 0.45318552 0.45351422 0.45384291 0.45417161
 0.45450031 0.45482901 0.4551577  0.4554864  0.4558151  0.4561438
 0.4564725  0.45680119 0.45712989 0.45745859 0.45778729 0.45811598
 0.45844468 0.45877338 0.45910208 0.45943077 0.45975947 0.46008817
 0.46041687 0.46074557 0.46107426 0.46140296 0.46173166 0.46206036
 0.46238905 0.46271775 0.46304645 0.46337515 0.46370384 0.46403254
 0.46436124 0.46468994 0.46501864 0.46534733 0.46567603 0.46600473
 0.46633343 0.46666212 0.46699082 0.46731952 0.46764822 0.46797691
 0.46830561 0.46863431 0.46896301 0.46929171 0.4696204  0.4699491
 0.4702778  0.4706065  0.47093519 0.47126389 0.47159259 0.47192129
 0.47224998 0.47257868 0.47290738 0.47323608 0.47356478 0.47389347
 0.47422217 0.47455087 0.47487957 0.47520826 0.47553696 0.47586566
 0.47619436 0.47652306 0.47685175 0.47718045 0.47750915 0.47783785
 0.47816654 0.47849524 0.47882394 0.47915264 0.47948133 0.47981003
 0.48013873 0.48046743 0.48079613 0.48112482 0.48145352 0.48178222
 0.48211092 0.48243961 0.48276831 0.48309701 0.48342571 0.4837544
 0.4840831  0.4844118  0.4847405  0.4850692  0.48539789 0.48572659
 0.48605529 0.48638399 0.48671268 0.48704138 0.48737008 0.48769878
 0.48802747 0.48835617 0.48868487 0.48901357 0.48934227 0.48967096
 0.48999966 0.49032836 0.49065706 0.49098575 0.49131445 0.49164315
 0.49197185 0.49230054 0.49262924 0.49295794 0.49328664 0.49361534
 0.49394403 0.49427273 0.49460143 0.49493013 0.49525882 0.49558752
 0.49591622 0.49624492 0.49657361 0.49690231 0.49723101 0.49755971
 0.49788841 0.4982171  0.4985458  0.4988745  0.4992032  0.49953189
 0.49986059 0.50018929 0.50051799 0.50084668 0.50117538 0.50150408
 0.50183278 0.50216148 0.50249017 0.50281887 0.50314757 0.50347627
 0.50380496 0.50413366 0.50446236 0.50479106 0.50511975 0.50544845
 0.50577715 0.50610585 0.50643455 0.50676324 0.50709194 0.50742064
 0.50774934 0.50807803 0.50840673 0.50873543 0.50906413 0.50939282
 0.50972152 0.51005022 0.51037892 0.51070762 0.51103631 0.51136501
 0.51169371 0.51202241 0.5123511  0.5126798  0.5130085  0.5133372
 0.51366589 0.51399459 0.51432329 0.51465199 0.51498069 0.51530938
 0.51563808 0.51596678 0.51629548 0.51662417 0.51695287 0.51728157
 0.51761027 0.51793896 0.51826766 0.51859636 0.51892506 0.51925376
 0.51958245 0.51991115 0.52023985 0.52056855 0.52089724 0.52122594
 0.52155464 0.52188334 0.52221204 0.52254073 0.52286943 0.52319813
 0.52352683 0.52385552 0.52418422 0.52451292 0.52484162 0.52517031
 0.52549901 0.52582771 0.52615641 0.52648511 0.5268138  0.5271425
 0.5274712  0.5277999  0.52812859 0.52845729 0.52878599 0.52911469
 0.52944338 0.52977208 0.53010078 0.53042948 0.53075818 0.53108687
 0.53141557 0.53174427 0.53207297 0.53240166 0.53273036 0.53305906
 0.53338776 0.53371645 0.53404515 0.53437385 0.53470255 0.53503125
 0.53535994 0.53568864 0.53601734 0.53634604 0.53667473 0.53700343
 0.53733213 0.53766083 0.53798952 0.53831822 0.53864692 0.53897562
 0.53930432 0.53963301 0.53996171 0.54029041 0.54061911 0.5409478
 0.5412765  0.5416052  0.5419339  0.54226259 0.54259129 0.54291999
 0.54324869 0.54357739 0.54390608 0.54423478 0.54456348 0.54489218
 0.54522087 0.54554957 0.54587827 0.54620697 0.54653566 0.54686436
 0.54719306 0.54752176 0.54785046 0.54817915 0.54850785 0.54883655
 0.54916525 0.54949394 0.54982264 0.55015134 0.55048004 0.55080873
 0.55113743 0.55146613 0.55179483 0.55212353 0.55245222 0.55278092
 0.55310962 0.55343832 0.55376701 0.55409571 0.55442441 0.55475311
 0.5550818  0.5554105  0.5557392  0.5560679  0.5563966  0.55672529
 0.55705399 0.55738269 0.55771139 0.55804008 0.55836878 0.55869748
 0.55902618 0.55935487 0.55968357 0.56001227 0.56034097 0.56066967
 0.56099836 0.56132706 0.56165576 0.56198446 0.56231315 0.56264185
 0.56297055 0.56329925 0.56362794 0.56395664 0.56428534 0.56461404
 0.56494274 0.56527143 0.56560013 0.56592883 0.56625753 0.56658622
 0.56691492 0.56724362 0.56757232 0.56790102 0.56822971 0.56855841
 0.56888711 0.56921581 0.5695445  0.5698732  0.5702019  0.5705306
 0.57085929 0.57118799 0.57151669 0.57184539 0.57217409 0.57250278
 0.57283148 0.57316018 0.57348888 0.57381757 0.57414627 0.57447497
 0.57480367 0.57513236 0.57546106 0.57578976 0.57611846 0.57644716
 0.57677585 0.57710455 0.57743325 0.57776195 0.57809064 0.57841934
 0.57874804 0.57907674 0.57940543 0.57973413 0.58006283 0.58039153
 0.58072023 0.58104892 0.58137762 0.58170632 0.58203502 0.58236371
 0.58269241 0.58302111 0.58334981 0.5836785  0.5840072  0.5843359
 0.5846646  0.5849933  0.58532199 0.58565069 0.58597939 0.58630809
 0.58663678 0.58696548 0.58729418 0.58762288 0.58795157 0.58828027
 0.58860897 0.58893767 0.58926637 0.58959506 0.58992376 0.59025246
 0.59058116 0.59090985 0.59123855 0.59156725 0.59189595 0.59222464
 0.59255334 0.59288204 0.59321074 0.59353944 0.59386813 0.59419683
 0.59452553 0.59485423 0.59518292 0.59551162 0.59584032 0.59616902
 0.59649771 0.59682641 0.59715511 0.59748381 0.59781251 0.5981412
 0.5984699  0.5987986  0.5991273  0.59945599 0.59978469 0.60011339
 0.60044209 0.60077078 0.60109948 0.60142818 0.60175688 0.60208558
 0.60241427 0.60274297 0.60307167 0.60340037 0.60372906 0.60405776
 0.60438646 0.60471516 0.60504385 0.60537255 0.60570125 0.60602995
 0.60635865 0.60668734 0.60701604 0.60734474 0.60767344 0.60800213
 0.60833083 0.60865953 0.60898823 0.60931692 0.60964562 0.60997432
 0.61030302 0.61063172 0.61096041 0.61128911 0.61161781 0.61194651
 0.6122752  0.6126039  0.6129326  0.6132613  0.61358999 0.61391869
 0.61424739 0.61457609 0.61490479 0.61523348 0.61556218 0.61589088
 0.61621958 0.61654827 0.61687697 0.61720567 0.61753437 0.61786307
 0.61819176 0.61852046 0.61884916 0.61917786 0.61950655 0.61983525
 0.62016395 0.62049265 0.62082134 0.62115004 0.62147874 0.62180744
 0.62213614 0.62246483 0.62279353 0.62312223 0.62345093 0.62377962
 0.62410832 0.62443702 0.62476572 0.62509441 0.62542311 0.62575181
 0.62608051 0.62640921 0.6267379  0.6270666  0.6273953  0.627724
 0.62805269 0.62838139 0.62871009 0.62903879 0.62936748 0.62969618
 0.63002488 0.63035358 0.63068228 0.63101097 0.63133967 0.63166837
 0.63199707 0.63232576 0.63265446 0.63298316 0.63331186 0.63364055
 0.63396925 0.63429795 0.63462665 0.63495535 0.63528404 0.63561274
 0.63594144 0.63627014 0.63659883 0.63692753 0.63725623 0.63758493
 0.63791362 0.63824232 0.63857102 0.63889972 0.63922842 0.63955711
 0.63988581 0.64021451 0.64054321 0.6408719  0.6412006  0.6415293
 0.641858   0.64218669 0.64251539 0.64284409 0.64317279 0.64350149
 0.64383018 0.64415888 0.64448758 0.64481628 0.64514497 0.64547367
 0.64580237 0.64613107 0.64645976 0.64678846 0.64711716 0.64744586
 0.64777456 0.64810325 0.64843195 0.64876065 0.64908935 0.64941804
 0.64974674 0.65007544 0.65040414 0.65073283 0.65106153 0.65139023
 0.65171893 0.65204763 0.65237632 0.65270502 0.65303372 0.65336242
 0.65369111 0.65401981 0.65434851 0.65467721 0.6550059  0.6553346
 0.6556633  0.655992   0.6563207  0.65664939 0.65697809 0.65730679
 0.65763549 0.65796418 0.65829288 0.65862158 0.65895028 0.65927897
 0.65960767 0.65993637 0.66026507 0.66059377 0.66092246 0.66125116
 0.66157986 0.66190856 0.66223725 0.66256595 0.66289465 0.66322335
 0.66355205 0.66388074 0.66420944 0.66453814 0.66486684 0.66519553
 0.66552423 0.66585293 0.66618163 0.66651032 0.66683902 0.66716772
 0.66749642 0.66782512 0.66815381 0.66848251 0.66881121 0.66913991
 0.6694686  0.6697973  0.670126   0.6704547  0.67078339 0.67111209
 0.67144079 0.67176949 0.67209819 0.67242688 0.67275558 0.67308428
 0.67341298 0.67374167 0.67407037 0.67439907 0.67472777 0.67505646
 0.67538516 0.67571386 0.67604256 0.67637126 0.67669995 0.67702865
 0.67735735 0.67768605 0.67801474 0.67834344 0.67867214 0.67900084
 0.67932953 0.67965823 0.67998693 0.68031563 0.68064433 0.68097302
 0.68130172 0.68163042 0.68195912 0.68228781 0.68261651 0.68294521
 0.68327391 0.6836026  0.6839313  0.68426   ]","[ 0.12673386  0.12878406  0.13086389  0.1329737   0.13511387  0.13728476
  0.13948676  0.14172023  0.14398557  0.14628316  0.14861338  0.15097663
  0.15337331  0.15580381  0.15826854  0.1607679   0.16330232  0.16587219
  0.16847794  0.17111999  0.17379876  0.17651469  0.1792682   0.18205973
  0.18488973  0.18775862  0.19066687  0.19361492  0.19660323  0.19963225
  0.20270244  0.20581428  0.20896823  0.21216477  0.21540436  0.2186875
  0.22201466  0.22538634  0.22880303  0.23226521  0.2357734   0.2393281
  0.2429298   0.24657903  0.2502763   0.25402213  0.25781703  0.26166154
  0.26555618  0.26950149  0.27349801  0.27754627  0.28164683  0.28580022
  0.29000701  0.29426775  0.298583    0.30295332  0.30737928  0.31186146
  0.31640042  0.32099675  0.32565103  0.33036384  0.33513578  0.33996743
  0.3448594   0.34981229  0.3548267   0.35990324  0.36504252  0.37024516
  0.37551178  0.38084299  0.38623943  0.39170173  0.39723051  0.40282642
  0.40849009  0.41422217  0.42002331  0.42589416  0.43183537  0.43784759
  0.4439315   0.45008774  0.456317    0.46261994  0.46899724  0.47544956
  0.4819776   0.48858204  0.49526356  0.50202285  0.50886061  0.51577752
  0.5227743   0.52985164  0.53701024  0.54425082  0.55157408  0.55898074
  0.56647151  0.57404711  0.58170826  0.58945569  0.59729013  0.60521229
  0.61322292  0.62132275  0.62951251  0.63779295  0.6461648   0.6546288
  0.66318571  0.67183627  0.68058123  0.68942135  0.69835737  0.70739005
  0.71652015  0.72574844  0.73507566  0.74450259  0.75402998  0.76365861
  0.77338925  0.78322265  0.7931596   0.80320086  0.81334721  0.82359942
  0.83395827  0.84442453  0.85499898  0.8656824   0.87647557  0.88737927
  0.89839428  0.90952138  0.92076134  0.93211497  0.94358303  0.95516631
  0.96686559  0.97868166  0.9906153   1.00266729  1.01483841  1.02712945
  1.03954119  1.05207442  1.0647299   1.07750843  1.09041079  1.10343775
  1.11659009  1.1298686   1.14327404  1.15680719  1.17046883  1.18425974
  1.19818067  1.2122324   1.2264157   1.24073134  1.25518008  1.26976268
  1.28447991  1.29933251  1.31432126  1.3294469   1.34471018  1.36011185
  1.37565266  1.39133335  1.40715466  1.42311733  1.43922209  1.45546967
  1.4718608   1.4883962   1.50507659  1.5219027   1.53887522  1.55599488
  1.57326237  1.59067839  1.60824364  1.6259588   1.64382458  1.66184164
  1.68001067  1.69833233  1.7168073   1.73543622  1.75421977  1.77315859
  1.79225333  1.81150461  1.83091309  1.85047937  1.8702041   1.89008787
  1.91013129  1.93033498  1.95069952  1.9712255   1.9919135   2.0127641
  2.03377786  2.05495534  2.07629709  2.09780366  2.11947558  2.14131338
  2.16331758  2.18548869  2.20782722  2.23033365  2.25300848  2.27585219
  2.29886524  2.32204808  2.34540118  2.36892497  2.39261988  2.41648634
  2.44052475  2.46473552  2.48911904  2.51367569  2.53840584  2.56330985
  2.58838807  2.61364085  2.6390685   2.66467135  2.6904497   2.71640385
  2.74253408  2.76884066  2.79532385  2.82198389  2.84882103  2.87583549
  2.90302747  2.93039718  2.9579448   2.98567051  3.01357446  3.0416568
  3.06991767  3.09835718  3.12697545  3.15577256  3.1847486   3.21390363
  3.2432377   3.27275086  3.30244312  3.3323145   3.36236498  3.39259455
  3.42300317  3.4535908   3.48435737  3.51530279  3.54642698  3.57772981
  3.60921117  3.64087092  3.67270889  3.70472491  3.73691879  3.76929032
  3.80183929  3.83456545  3.86746854  3.90054831  3.93380445  3.96723666
  4.00084462  4.03462799  4.06858641  4.10271951  4.13702689  4.17150816
  4.20616287  4.24099059  4.27599086  4.31116318  4.34650708  4.38202202
  4.41770748  4.4535629   4.48958772  4.52578133  4.56214314  4.59867252
  4.63536882  4.67223138  4.70925952  4.74645253  4.78380969  4.82133026
  4.85901349  4.89685859  4.93486478  4.97303122  5.01135709  5.04984152
  5.08848366  5.12728259  5.1662374   5.20534716  5.24461093  5.28402771
  5.32359652  5.36331635  5.40318616  5.4432049   5.4833715   5.52368486
  5.56414387  5.6047474   5.64549429  5.68638338  5.72741346  5.76858332
  5.80989173  5.85133744  5.89291917  5.93463563  5.9764855   6.01846745
  6.06058012  6.10282215  6.14519212  6.18768864  6.23031026  6.27305553
  6.31592297  6.35891109  6.40201837  6.44524328  6.48858425  6.53203973
  6.5756081   6.61928776  6.66307706  6.70697437  6.75097799  6.79508623
  6.83929739  6.88360973  6.92802149  6.97253091  7.01713619  7.06183551
  7.10662706  7.15150897  7.19647939  7.24153642  7.28667816  7.33190269
  7.37720805  7.42259228  7.46805341  7.51358944  7.55919834  7.60487809
  7.65062662  7.69644186  7.74232173  7.78826412  7.8342669   7.88032793
  7.92644504  7.97261606  8.0188388   8.06511105  8.11143057  8.15779512
  8.20420244  8.25065024  8.29713625  8.34365814  8.39021359  8.43680025
  8.48341578  8.53005779  8.57672391  8.62341171  8.67011879  8.71684272
  8.76358104  8.8103313   8.85709102  8.9038577   8.95062885  8.99740195
  9.04417447  9.09094386  9.13770756  9.18446302  9.23120764  9.27793883
  9.32465399  9.3713505   9.41802572  9.46467702  9.51130175  9.55789724
  9.60446081  9.65098979  9.69748148  9.74393318  9.79034216  9.83670571
  9.88302109  9.92928557  9.97549638 10.02165078 10.06774599 10.11377924
 10.15974775 10.20564872 10.25147936 10.29723686 10.34291842 10.38852121
 10.43404241 10.4794792  10.52482873 10.57008817 10.61525468 10.6603254
 10.70529748 10.75016806 10.79493429 10.83959329 10.88414219 10.92857814
 10.97289825 11.01709964 11.06117945 11.10513479 11.14896277 11.19266053
 11.23622517 11.27965381 11.32294357 11.36609157 11.40909492 11.45195075
 11.49465616 11.53720829 11.57960426 11.62184119 11.66391621 11.70582644
 11.74756903 11.78914111 11.83053982 11.8717623  11.9128057  11.95366718
 11.99434389 12.034833   12.07513168 12.1152371  12.15514644 12.1948569
 12.23436567 12.27366994 12.31276694 12.35165387 12.39032797 12.42878647
 12.46702662 12.50504566 12.54284086 12.5804095  12.61774885 12.65485621
 12.69172889 12.72836419 12.76475945 12.80091201 12.83681921 12.87247843
 12.90788703 12.9430424  12.97794196 13.01258311 13.0469633  13.08107995
 13.11493054 13.14851253 13.18182343 13.21486072 13.24762195 13.28010464
 13.31230635 13.34422466 13.37585714 13.40720142 13.4382551  13.46901584
 13.4994813  13.52964916 13.55951711 13.58908287 13.61834418 13.6472988
 13.6759445  13.70427909 13.73230038 13.76000621 13.78739444 13.81446296
 13.84120967 13.86763249 13.89372938 13.9194983  13.94493726 13.97004426
 13.99481735 14.0192546  14.04335408 14.06711392 14.09053225 14.11360724
 14.13633706 14.15871994 14.1807541  14.20243782 14.22376937 14.24474708
 14.26536928 14.28563435 14.30554067 14.32508666 14.34427079 14.36309151
 14.38154733 14.39963679 14.41735844 14.43471087 14.45169269 14.46830255
 14.48453912 14.5004011  14.51588722 14.53099623 14.54572694 14.56007815
 14.57404871 14.58763751 14.60084344 14.61366545 14.6261025  14.63815359
 14.64981776 14.66109405 14.67198157 14.68247943 14.69258678 14.70230281
 14.71162673 14.72055779 14.72909526 14.73723846 14.74498673 14.75233943
 14.75929598 14.7658558  14.77201837 14.77778319 14.78314978 14.78811772
 14.7926866  14.79685605 14.80062574 14.80399534 14.8069646  14.80953327
 14.81170114 14.81346803 14.81483381 14.81579836 14.8163616  14.81652349
 14.81628401 14.81564318 14.81460106 14.81315773 14.81131331 14.80906794
 14.80642182 14.80337515 14.79992817 14.79608119 14.79183449 14.78718844
 14.7821434  14.77669978 14.77085803 14.76461863 14.75798207 14.75094889
 14.74351968 14.73569501 14.72747554 14.71886192 14.70985486 14.70045508
 14.69066334 14.68048043 14.66990717 14.65894443 14.64759308 14.63585404
 14.62372826 14.61121671 14.5983204  14.58504037 14.57137769 14.55733345
 14.54290878 14.52810485 14.51292284 14.49736396 14.48142947 14.46512063
 14.44843876 14.43138519 14.41396127 14.39616841 14.37800801 14.35948153
 14.34059044 14.32133624 14.30172047 14.28174467 14.26141044 14.24071938
 14.21967314 14.19827338 14.17652178 14.15442007 14.13196998 14.10917329
 14.08603179 14.06254729 14.03872165 14.01455672 13.9900544  13.9652166
 13.94004528 13.91454238 13.8887099  13.86254984 13.83606424 13.80925516
 13.78212467 13.75467488 13.72690789 13.69882587 13.67043097 13.64172537
 13.61271129 13.58339095 13.55376659 13.52384049 13.49361492 13.4630922
 13.43227464 13.40116459 13.36976442 13.33807649 13.30610321 13.27384699
 13.24131026 13.20849547 13.17540509 13.14204159 13.10840748 13.07450526
 13.04033746 13.00590663 12.97121532 12.93626611 12.90106158 12.86560432
 12.82989696 12.79394212 12.75774244 12.72130057 12.68461917 12.64770091
 12.61054849 12.5731646  12.53555196 12.49771327 12.45965127 12.4213687
 12.3828683  12.34415284 12.30522508 12.2660878  12.22674377 12.1871958
 12.14744668 12.10749921 12.06735621 12.0270205  11.9864949  11.94578225
 11.90488538 11.86380713 11.82255036 11.78111792 11.73951265 11.69773743
 11.65579512 11.61368857 11.57142068 11.52899429 11.48641231 11.44367759
 11.40079302 11.35776148 11.31458585 11.27126902 11.22781386 11.18422326
 11.14050011 11.09664728 11.05266765 11.00856412 10.96433955 10.91999682
 10.87553881 10.8309684  10.78628845 10.74150183 10.6966114  10.65162003
 10.60653057 10.56134588 10.5160688  10.47070217 10.42524885 10.37971165
 10.33409341 10.28839696 10.24262509 10.19678064 10.15086639 10.10488515
 10.05883971 10.01273284  9.96656732  9.92034592  9.87407139  9.82774648
  9.78137393  9.73495648  9.68849684  9.64199774  9.59546186  9.5488919
  9.50229056  9.45566048  9.40900435  9.36232481  9.31562449  9.26890603
  9.22217204  9.17542512  9.12866787  9.08190286  9.03513267  8.98835984
  8.94158693  8.89481644  8.84805091  8.80129283  8.75454469  8.70780895
  8.66108809  8.61438455  8.56770075  8.52103911  8.47440203  8.4277919
  8.38121108  8.33466194  8.2881468   8.241668    8.19522784  8.14882862
  8.1024726   8.05616204  8.0098992   7.96368628  7.91752551  7.87141907
  7.82536913  7.77937786  7.7334474   7.68757986  7.64177734  7.59604195
  7.55037574  7.50478077  7.45925906  7.41381264  7.3684435   7.32315362
  7.27794495  7.23281943  7.187779    7.14282554  7.09796095  7.05318709
  7.0085058   6.96391891  6.91942824  6.87503556  6.83074264  6.78655125
  6.74246309  6.69847989  6.65460334  6.6108351   6.56717683  6.52363016
  6.48019669  6.43687803  6.39367574  6.35059138  6.30762647  6.26478253
  6.22206105  6.17946351  6.13699134  6.09464599  6.05242886  6.01034135
  5.96838483  5.92656065  5.88487013  5.8433146   5.80189533  5.76061361
  5.71947067  5.67846776  5.63760607  5.5968868   5.55631112  5.51588018
  5.4755951   5.43545701  5.39546697  5.35562607  5.31593536  5.27639586
  5.23700858  5.19777451  5.15869463  5.11976988  5.08100119  5.04238947
  5.00393562  4.96564051  4.92750498  4.88952988  4.851716    4.81406416
  4.77657512  4.73924963  4.70208844  4.66509226  4.62826179  4.5915977
  4.55510067  4.51877133  4.4826103   4.44661818  4.41079557  4.37514304
  4.33966112  4.30435035  4.26921125  4.2342443   4.19944999  4.16482878
  4.13038109  4.09610737  4.06200801  4.0280834   3.99433391  3.9607599
  3.9273617   3.89413964  3.86109401  3.82822509  3.79553317  3.76301848
  3.73068128  3.69852176  3.66654015  3.63473662  3.60311135  3.57166449
  3.54039618  3.50930655  3.47839569  3.44766371  3.41711069  3.38673667
  3.35654172  3.32652586  3.29668911  3.26703147  3.23755294  3.20825348
  3.17913306  3.15019161  3.12142908  3.09284538  3.06444041  3.03621406
  3.00816622  2.98029674  2.95260547  2.92509226  2.89775692  2.87059928
  2.84361912  2.81681623  2.79019039  2.76374136  2.7374689   2.71137273
  2.68545259  2.65970819  2.63413923  2.60874541  2.5835264   2.55848189
  2.53361151  2.50891493  2.48439178  2.46004169  2.43586427  2.41185913
  2.38802587  2.36436407  2.34087332  2.31755316  2.29440318  2.2714229
  2.24861188  2.22596964  2.2034957   2.18118958  2.15905077  2.13707878
  2.11527309  2.09363318  2.07215851  2.05084856  2.02970277  2.0087206
  1.98790148  1.96724485  1.94675012  1.92641672  1.90624406  1.88623155
  1.86637857  1.84668453  1.8271488   1.80777076  1.78854979  1.76948524
  1.75057649  1.73182288  1.71322377  1.69477849  1.67648639  1.65834679
  1.64035903  1.62252242  1.60483629  1.58729994]",restricted_age_optimal,True,True,True,10,3,"constraints_[1, 3, 4]_remained",123.39851500858899,121.24578628614218,125.5512437310358,1.0983511633005798,2.004119975521664,1.969157426464776,2.0390825245785513,0.017838363017212446,2.0040792322665557,1.9691173939894977,2.039041070543613,0.01783800036777828,0.9217728636062236,0.9180957555922428,0.9253233876644718,0.001843628274057828,large
0.355891,0.68426,0.551609,0.0633473846993441,4244,100.0,"[0.355891   0.37934593 0.40280086 0.42625579 0.44971071 0.47316564
 0.49662057 0.5200755  0.54353043 0.56698536 0.59044029 0.61389521
 0.63735014 0.66080507 0.68426   ]","[ 0.21206409  0.68331762  1.55513666  3.48727615  7.28086711  9.96701225
 12.88878417 10.67389255 10.67389255 12.91234684 11.14514609 10.95664467
  6.43261074  1.13100848]",0.025,14,normal,0.5483269992931197,"[0.355891   0.3562197  0.3565484  0.35687709 0.35720579 0.35753449
 0.35786319 0.35819188 0.35852058 0.35884928 0.35917798 0.35950667
 0.35983537 0.36016407 0.36049277 0.36082147 0.36115016 0.36147886
 0.36180756 0.36213626 0.36246495 0.36279365 0.36312235 0.36345105
 0.36377974 0.36410844 0.36443714 0.36476584 0.36509454 0.36542323
 0.36575193 0.36608063 0.36640933 0.36673802 0.36706672 0.36739542
 0.36772412 0.36805281 0.36838151 0.36871021 0.36903891 0.36936761
 0.3696963  0.370025   0.3703537  0.3706824  0.37101109 0.37133979
 0.37166849 0.37199719 0.37232588 0.37265458 0.37298328 0.37331198
 0.37364068 0.37396937 0.37429807 0.37462677 0.37495547 0.37528416
 0.37561286 0.37594156 0.37627026 0.37659895 0.37692765 0.37725635
 0.37758505 0.37791375 0.37824244 0.37857114 0.37889984 0.37922854
 0.37955723 0.37988593 0.38021463 0.38054333 0.38087203 0.38120072
 0.38152942 0.38185812 0.38218682 0.38251551 0.38284421 0.38317291
 0.38350161 0.3838303  0.384159   0.3844877  0.3848164  0.3851451
 0.38547379 0.38580249 0.38613119 0.38645989 0.38678858 0.38711728
 0.38744598 0.38777468 0.38810337 0.38843207 0.38876077 0.38908947
 0.38941817 0.38974686 0.39007556 0.39040426 0.39073296 0.39106165
 0.39139035 0.39171905 0.39204775 0.39237644 0.39270514 0.39303384
 0.39336254 0.39369124 0.39401993 0.39434863 0.39467733 0.39500603
 0.39533472 0.39566342 0.39599212 0.39632082 0.39664951 0.39697821
 0.39730691 0.39763561 0.39796431 0.398293   0.3986217  0.3989504
 0.3992791  0.39960779 0.39993649 0.40026519 0.40059389 0.40092258
 0.40125128 0.40157998 0.40190868 0.40223738 0.40256607 0.40289477
 0.40322347 0.40355217 0.40388086 0.40420956 0.40453826 0.40486696
 0.40519565 0.40552435 0.40585305 0.40618175 0.40651045 0.40683914
 0.40716784 0.40749654 0.40782524 0.40815393 0.40848263 0.40881133
 0.40914003 0.40946872 0.40979742 0.41012612 0.41045482 0.41078352
 0.41111221 0.41144091 0.41176961 0.41209831 0.412427   0.4127557
 0.4130844  0.4134131  0.41374179 0.41407049 0.41439919 0.41472789
 0.41505659 0.41538528 0.41571398 0.41604268 0.41637138 0.41670007
 0.41702877 0.41735747 0.41768617 0.41801486 0.41834356 0.41867226
 0.41900096 0.41932966 0.41965835 0.41998705 0.42031575 0.42064445
 0.42097314 0.42130184 0.42163054 0.42195924 0.42228793 0.42261663
 0.42294533 0.42327403 0.42360273 0.42393142 0.42426012 0.42458882
 0.42491752 0.42524621 0.42557491 0.42590361 0.42623231 0.42656101
 0.4268897  0.4272184  0.4275471  0.4278758  0.42820449 0.42853319
 0.42886189 0.42919059 0.42951928 0.42984798 0.43017668 0.43050538
 0.43083408 0.43116277 0.43149147 0.43182017 0.43214887 0.43247756
 0.43280626 0.43313496 0.43346366 0.43379235 0.43412105 0.43444975
 0.43477845 0.43510715 0.43543584 0.43576454 0.43609324 0.43642194
 0.43675063 0.43707933 0.43740803 0.43773673 0.43806542 0.43839412
 0.43872282 0.43905152 0.43938022 0.43970891 0.44003761 0.44036631
 0.44069501 0.4410237  0.4413524  0.4416811  0.4420098  0.44233849
 0.44266719 0.44299589 0.44332459 0.44365329 0.44398198 0.44431068
 0.44463938 0.44496808 0.44529677 0.44562547 0.44595417 0.44628287
 0.44661156 0.44694026 0.44726896 0.44759766 0.44792636 0.44825505
 0.44858375 0.44891245 0.44924115 0.44956984 0.44989854 0.45022724
 0.45055594 0.45088463 0.45121333 0.45154203 0.45187073 0.45219943
 0.45252812 0.45285682 0.45318552 0.45351422 0.45384291 0.45417161
 0.45450031 0.45482901 0.4551577  0.4554864  0.4558151  0.4561438
 0.4564725  0.45680119 0.45712989 0.45745859 0.45778729 0.45811598
 0.45844468 0.45877338 0.45910208 0.45943077 0.45975947 0.46008817
 0.46041687 0.46074557 0.46107426 0.46140296 0.46173166 0.46206036
 0.46238905 0.46271775 0.46304645 0.46337515 0.46370384 0.46403254
 0.46436124 0.46468994 0.46501864 0.46534733 0.46567603 0.46600473
 0.46633343 0.46666212 0.46699082 0.46731952 0.46764822 0.46797691
 0.46830561 0.46863431 0.46896301 0.46929171 0.4696204  0.4699491
 0.4702778  0.4706065  0.47093519 0.47126389 0.47159259 0.47192129
 0.47224998 0.47257868 0.47290738 0.47323608 0.47356478 0.47389347
 0.47422217 0.47455087 0.47487957 0.47520826 0.47553696 0.47586566
 0.47619436 0.47652306 0.47685175 0.47718045 0.47750915 0.47783785
 0.47816654 0.47849524 0.47882394 0.47915264 0.47948133 0.47981003
 0.48013873 0.48046743 0.48079613 0.48112482 0.48145352 0.48178222
 0.48211092 0.48243961 0.48276831 0.48309701 0.48342571 0.4837544
 0.4840831  0.4844118  0.4847405  0.4850692  0.48539789 0.48572659
 0.48605529 0.48638399 0.48671268 0.48704138 0.48737008 0.48769878
 0.48802747 0.48835617 0.48868487 0.48901357 0.48934227 0.48967096
 0.48999966 0.49032836 0.49065706 0.49098575 0.49131445 0.49164315
 0.49197185 0.49230054 0.49262924 0.49295794 0.49328664 0.49361534
 0.49394403 0.49427273 0.49460143 0.49493013 0.49525882 0.49558752
 0.49591622 0.49624492 0.49657361 0.49690231 0.49723101 0.49755971
 0.49788841 0.4982171  0.4985458  0.4988745  0.4992032  0.49953189
 0.49986059 0.50018929 0.50051799 0.50084668 0.50117538 0.50150408
 0.50183278 0.50216148 0.50249017 0.50281887 0.50314757 0.50347627
 0.50380496 0.50413366 0.50446236 0.50479106 0.50511975 0.50544845
 0.50577715 0.50610585 0.50643455 0.50676324 0.50709194 0.50742064
 0.50774934 0.50807803 0.50840673 0.50873543 0.50906413 0.50939282
 0.50972152 0.51005022 0.51037892 0.51070762 0.51103631 0.51136501
 0.51169371 0.51202241 0.5123511  0.5126798  0.5130085  0.5133372
 0.51366589 0.51399459 0.51432329 0.51465199 0.51498069 0.51530938
 0.51563808 0.51596678 0.51629548 0.51662417 0.51695287 0.51728157
 0.51761027 0.51793896 0.51826766 0.51859636 0.51892506 0.51925376
 0.51958245 0.51991115 0.52023985 0.52056855 0.52089724 0.52122594
 0.52155464 0.52188334 0.52221204 0.52254073 0.52286943 0.52319813
 0.52352683 0.52385552 0.52418422 0.52451292 0.52484162 0.52517031
 0.52549901 0.52582771 0.52615641 0.52648511 0.5268138  0.5271425
 0.5274712  0.5277999  0.52812859 0.52845729 0.52878599 0.52911469
 0.52944338 0.52977208 0.53010078 0.53042948 0.53075818 0.53108687
 0.53141557 0.53174427 0.53207297 0.53240166 0.53273036 0.53305906
 0.53338776 0.53371645 0.53404515 0.53437385 0.53470255 0.53503125
 0.53535994 0.53568864 0.53601734 0.53634604 0.53667473 0.53700343
 0.53733213 0.53766083 0.53798952 0.53831822 0.53864692 0.53897562
 0.53930432 0.53963301 0.53996171 0.54029041 0.54061911 0.5409478
 0.5412765  0.5416052  0.5419339  0.54226259 0.54259129 0.54291999
 0.54324869 0.54357739 0.54390608 0.54423478 0.54456348 0.54489218
 0.54522087 0.54554957 0.54587827 0.54620697 0.54653566 0.54686436
 0.54719306 0.54752176 0.54785046 0.54817915 0.54850785 0.54883655
 0.54916525 0.54949394 0.54982264 0.55015134 0.55048004 0.55080873
 0.55113743 0.55146613 0.55179483 0.55212353 0.55245222 0.55278092
 0.55310962 0.55343832 0.55376701 0.55409571 0.55442441 0.55475311
 0.5550818  0.5554105  0.5557392  0.5560679  0.5563966  0.55672529
 0.55705399 0.55738269 0.55771139 0.55804008 0.55836878 0.55869748
 0.55902618 0.55935487 0.55968357 0.56001227 0.56034097 0.56066967
 0.56099836 0.56132706 0.56165576 0.56198446 0.56231315 0.56264185
 0.56297055 0.56329925 0.56362794 0.56395664 0.56428534 0.56461404
 0.56494274 0.56527143 0.56560013 0.56592883 0.56625753 0.56658622
 0.56691492 0.56724362 0.56757232 0.56790102 0.56822971 0.56855841
 0.56888711 0.56921581 0.5695445  0.5698732  0.5702019  0.5705306
 0.57085929 0.57118799 0.57151669 0.57184539 0.57217409 0.57250278
 0.57283148 0.57316018 0.57348888 0.57381757 0.57414627 0.57447497
 0.57480367 0.57513236 0.57546106 0.57578976 0.57611846 0.57644716
 0.57677585 0.57710455 0.57743325 0.57776195 0.57809064 0.57841934
 0.57874804 0.57907674 0.57940543 0.57973413 0.58006283 0.58039153
 0.58072023 0.58104892 0.58137762 0.58170632 0.58203502 0.58236371
 0.58269241 0.58302111 0.58334981 0.5836785  0.5840072  0.5843359
 0.5846646  0.5849933  0.58532199 0.58565069 0.58597939 0.58630809
 0.58663678 0.58696548 0.58729418 0.58762288 0.58795157 0.58828027
 0.58860897 0.58893767 0.58926637 0.58959506 0.58992376 0.59025246
 0.59058116 0.59090985 0.59123855 0.59156725 0.59189595 0.59222464
 0.59255334 0.59288204 0.59321074 0.59353944 0.59386813 0.59419683
 0.59452553 0.59485423 0.59518292 0.59551162 0.59584032 0.59616902
 0.59649771 0.59682641 0.59715511 0.59748381 0.59781251 0.5981412
 0.5984699  0.5987986  0.5991273  0.59945599 0.59978469 0.60011339
 0.60044209 0.60077078 0.60109948 0.60142818 0.60175688 0.60208558
 0.60241427 0.60274297 0.60307167 0.60340037 0.60372906 0.60405776
 0.60438646 0.60471516 0.60504385 0.60537255 0.60570125 0.60602995
 0.60635865 0.60668734 0.60701604 0.60734474 0.60767344 0.60800213
 0.60833083 0.60865953 0.60898823 0.60931692 0.60964562 0.60997432
 0.61030302 0.61063172 0.61096041 0.61128911 0.61161781 0.61194651
 0.6122752  0.6126039  0.6129326  0.6132613  0.61358999 0.61391869
 0.61424739 0.61457609 0.61490479 0.61523348 0.61556218 0.61589088
 0.61621958 0.61654827 0.61687697 0.61720567 0.61753437 0.61786307
 0.61819176 0.61852046 0.61884916 0.61917786 0.61950655 0.61983525
 0.62016395 0.62049265 0.62082134 0.62115004 0.62147874 0.62180744
 0.62213614 0.62246483 0.62279353 0.62312223 0.62345093 0.62377962
 0.62410832 0.62443702 0.62476572 0.62509441 0.62542311 0.62575181
 0.62608051 0.62640921 0.6267379  0.6270666  0.6273953  0.627724
 0.62805269 0.62838139 0.62871009 0.62903879 0.62936748 0.62969618
 0.63002488 0.63035358 0.63068228 0.63101097 0.63133967 0.63166837
 0.63199707 0.63232576 0.63265446 0.63298316 0.63331186 0.63364055
 0.63396925 0.63429795 0.63462665 0.63495535 0.63528404 0.63561274
 0.63594144 0.63627014 0.63659883 0.63692753 0.63725623 0.63758493
 0.63791362 0.63824232 0.63857102 0.63889972 0.63922842 0.63955711
 0.63988581 0.64021451 0.64054321 0.6408719  0.6412006  0.6415293
 0.641858   0.64218669 0.64251539 0.64284409 0.64317279 0.64350149
 0.64383018 0.64415888 0.64448758 0.64481628 0.64514497 0.64547367
 0.64580237 0.64613107 0.64645976 0.64678846 0.64711716 0.64744586
 0.64777456 0.64810325 0.64843195 0.64876065 0.64908935 0.64941804
 0.64974674 0.65007544 0.65040414 0.65073283 0.65106153 0.65139023
 0.65171893 0.65204763 0.65237632 0.65270502 0.65303372 0.65336242
 0.65369111 0.65401981 0.65434851 0.65467721 0.6550059  0.6553346
 0.6556633  0.655992   0.6563207  0.65664939 0.65697809 0.65730679
 0.65763549 0.65796418 0.65829288 0.65862158 0.65895028 0.65927897
 0.65960767 0.65993637 0.66026507 0.66059377 0.66092246 0.66125116
 0.66157986 0.66190856 0.66223725 0.66256595 0.66289465 0.66322335
 0.66355205 0.66388074 0.66420944 0.66453814 0.66486684 0.66519553
 0.66552423 0.66585293 0.66618163 0.66651032 0.66683902 0.66716772
 0.66749642 0.66782512 0.66815381 0.66848251 0.66881121 0.66913991
 0.6694686  0.6697973  0.670126   0.6704547  0.67078339 0.67111209
 0.67144079 0.67176949 0.67209819 0.67242688 0.67275558 0.67308428
 0.67341298 0.67374167 0.67407037 0.67439907 0.67472777 0.67505646
 0.67538516 0.67571386 0.67604256 0.67637126 0.67669995 0.67702865
 0.67735735 0.67768605 0.67801474 0.67834344 0.67867214 0.67900084
 0.67932953 0.67965823 0.67998693 0.68031563 0.68064433 0.68097302
 0.68130172 0.68163042 0.68195912 0.68228781 0.68261651 0.68294521
 0.68327391 0.6836026  0.6839313  0.68426   ]","[ 0.14640144  0.14872538  0.15108213  0.15347211  0.15589569  0.15835328
  0.16084528  0.1633721   0.16593415  0.16853184  0.17116559  0.17383581
  0.17654294  0.1792874   0.18206962  0.18489004  0.1877491   0.19064723
  0.19358489  0.19656252  0.19958058  0.20263952  0.2057398   0.2088819
  0.21206627  0.21529339  0.21856374  0.22187778  0.22523602  0.22863892
  0.23208699  0.23558072  0.2391206   0.24270714  0.24634084  0.25002221
  0.25375176  0.25753002  0.26135749  0.2652347   0.26916219  0.27314048
  0.27717011  0.28125161  0.28538553  0.28957242  0.29381283  0.2981073
  0.30245639  0.30686068  0.31132072  0.31583707  0.32041032  0.32504104
  0.32972981  0.3344772   0.33928382  0.34415024  0.34907706  0.35406488
  0.3591143   0.36422593  0.36940037  0.37463823  0.37994014  0.3853067
  0.39073854  0.3962363   0.40180058  0.40743204  0.4131313   0.418899
  0.4247358   0.43064232  0.43661923  0.44266717  0.44878681  0.45497879
  0.46124379  0.46758247  0.47399549  0.48048354  0.48704728  0.49368739
  0.50040456  0.50719946  0.5140728   0.52102524  0.5280575   0.53517026
  0.54236423  0.5496401   0.55699858  0.56444038  0.57196621  0.57957677
  0.58727279  0.59505498  0.60292406  0.61088076  0.61892579  0.62705989
  0.63528379  0.64359822  0.65200391  0.66050159  0.66909202  0.67777592
  0.68655404  0.69542713  0.70439593  0.71346119  0.72262366  0.73188409
  0.74124323  0.75070185  0.76026069  0.76992052  0.77968209  0.78954617
  0.79951352  0.8095849   0.81976107  0.83004281  0.84043088  0.85092605
  0.86152908  0.87224074  0.88306181  0.89399306  0.90503526  0.91618918
  0.92745559  0.93883527  0.95032899  0.96193752  0.97366163  0.98550211
  0.99745972  1.00953524  1.02172943  1.03404308  1.04647696  1.05903183
  1.07170848  1.08450766  1.09743016  1.11047673  1.12364815  1.13694519
  1.15036861  1.16391918  1.17759766  1.19140481  1.20534139  1.21940817
  1.2336059   1.24793534  1.26239723  1.27699234  1.29172141  1.30658519
  1.32158442  1.33671985  1.35199222  1.36740226  1.38295071  1.3986383
  1.41446577  1.43043382  1.4465432   1.46279461  1.47918878  1.49572641
  1.51240822  1.5292349   1.54620716  1.5633257   1.58059121  1.59800438
  1.61556588  1.63327641  1.65113663  1.66914722  1.68730883  1.70562214
  1.72408779  1.74270643  1.76147872  1.78040528  1.79948675  1.81872376
  1.83811693  1.85766688  1.8773742   1.89723952  1.91726342  1.93744649
  1.95778931  1.97829247  1.99895653  2.01978205  2.04076959  2.0619197
  2.08323291  2.10470976  2.12635078  2.14815647  2.17012735  2.19226393
  2.21456668  2.23703609  2.25967265  2.28247681  2.30544903  2.32858977
  2.35189945  2.37537852  2.39902738  2.42284646  2.44683614  2.47099684
  2.49532891  2.51983274  2.54450869  2.5693571   2.59437832  2.61957267
  2.64494048  2.67048205  2.69619767  2.72208763  2.74815221  2.77439167
  2.80080624  2.82739619  2.85416172  2.88110306  2.90822041  2.93551395
  2.96298386  2.99063031  3.01845346  3.04645342  3.07463035  3.10298433
  3.13151549  3.16022389  3.18910962  3.21817272  3.24741325  3.27683124
  3.3064267   3.33619963  3.36615002  3.39627785  3.42658308  3.45706564
  3.48772546  3.51856247  3.54957655  3.5807676   3.61213547  3.64368003
  3.67540111  3.70729853  3.73937209  3.77162159  3.8040468   3.83664748
  3.86942336  3.90237418  3.93549963  3.96879942  4.0022732   4.03592065
  4.06974141  4.10373509  4.1379013   4.17223963  4.20674966  4.24143093
  4.27628299  4.31130535  4.34649752  4.38185897  4.41738917  4.45308758
  4.48895362  4.52498669  4.5611862   4.59755152  4.634082    4.67077698
  4.70763579  4.74465771  4.78184204  4.81918803  4.85669493  4.89436196
  4.93218833  4.97017322  5.00831581  5.04661525  5.08507065  5.12368113
  5.16244579  5.20136368  5.24043388  5.2796554   5.31902725  5.35854844
  5.39821794  5.4380347   5.47799765  5.51810571  5.55835777  5.59875272
  5.6392894   5.67996664  5.72078327  5.76173809  5.80282986  5.84405734
  5.88541928  5.92691438  5.96854134  6.01029885  6.05218555  6.09420008
  6.13634107  6.1786071   6.22099676  6.26350861  6.30614117  6.34889298
  6.39176252  6.43474828  6.47784872  6.52106228  6.56438737  6.60782239
  6.65136574  6.69501576  6.7387708   6.78262919  6.82658922  6.87064918
  6.91480734  6.95906194  7.00341121  7.04785335  7.09238655  7.13700899
  7.18171882  7.22651416  7.27139313  7.31635383  7.36139433  7.40651269
  7.45170696  7.49697515  7.54231527  7.5877253   7.63320322  7.67874696
  7.72435448  7.77002368  7.81575246  7.8615387   7.90738026  7.953275
  7.99922074  8.0452153   8.09125647  8.13734203  8.18346975  8.22963738
  8.27584264  8.32208326  8.36835694  8.41466135  8.46099418  8.50735307
  8.55373566  8.60013959  8.64656245  8.69300185  8.73945536  8.78592056
  8.832395    8.87887621  8.92536173  8.97184906  9.01833572  9.06481917
  9.1112969   9.15776637  9.20422503  9.25067031  9.29709964  9.34351044
  9.3899001   9.43626602  9.48260558  9.52891614  9.57519507  9.62143971
  9.6676474   9.71381548  9.75994125  9.80602203  9.85205511  9.8980378
  9.94396737  9.9898411  10.03565626 10.08141009 10.12709986 10.17272281
 10.21827617 10.26375718 10.30916306 10.35449102 10.39973828 10.44490204
 10.4899795  10.53496786 10.57986431 10.62466604 10.66937021 10.71397402
 10.75847464 10.80286923 10.84715496 10.891329   10.93538851 10.97933065
 11.02315257 11.06685144 11.1104244  11.15386861 11.19718122 11.24035939
 11.28340026 11.32630099 11.36905874 11.41167064 11.45413387 11.49644557
 11.53860291 11.58060303 11.62244312 11.66412032 11.70563181 11.74697476
 11.78814634 11.82914373 11.86996411 11.91060468 11.95106262 11.99133513
 12.03141942 12.07131269 12.11101216 12.15051504 12.18981858 12.22892
 12.26781654 12.30650546 12.34498401 12.38324947 12.4212991  12.4591302
 12.49674005 12.53412596 12.57128525 12.60821524 12.64491326 12.68137666
 12.7176028  12.75358904 12.78933277 12.82483138 12.86008228 12.89508287
 12.92983061 12.96432292 12.99855727 13.03253113 13.06624199 13.09968735
 13.13286473 13.16577167 13.1984057  13.23076439 13.26284533 13.2946461
 13.32616434 13.35739765 13.3883437  13.41900015 13.44936469 13.47943501
 13.50920884 13.53868392 13.567858   13.59672887 13.62529433 13.65355219
 13.68150029 13.70913649 13.73645868 13.76346475 13.79015262 13.81652025
 13.84256559 13.86828664 13.89368141 13.91874792 13.94348425 13.96788846
 13.99195867 14.01569299 14.03908958 14.06214662 14.0848623  14.10723486
 14.12926253 14.15094359 14.17227635 14.19325912 14.21389027 14.23416816
 14.2540912  14.27365782 14.29286647 14.31171565 14.33020385 14.34832963
 14.36609153 14.38348816 14.40051813 14.4171801  14.43347274 14.44939475
 14.46494487 14.48012186 14.49492451 14.50935164 14.5234021  14.53707477
 14.55036855 14.56328239 14.57581524 14.58796612 14.59973404 14.61111805
 14.62211726 14.63273078 14.64295775 14.65279735 14.6622488  14.67131133
 14.67998421 14.68826676 14.69615829 14.70365819 14.71076583 14.71748066
 14.72380212 14.72972972 14.73526297 14.74040142 14.74514466 14.74949232
 14.75344403 14.75699948 14.76015838 14.76292048 14.76528556 14.76725342
 14.7688239  14.76999688 14.77077226 14.77114999 14.77113002 14.77071236
 14.76989705 14.76868415 14.76707376 14.76506601 14.76266106 14.75985911
 14.75666037 14.75306512 14.74907363 14.74468624 14.7399033  14.73472518
 14.72915232 14.72318515 14.71682416 14.71006987 14.70292281 14.69538356
 14.68745273 14.67913096 14.67041892 14.6613173  14.65182685 14.64194831
 14.63168249 14.62103021 14.60999232 14.59856971 14.5867633  14.57457402
 14.56200286 14.54905083 14.53571895 14.5220083  14.50791996 14.49345507
 14.47861478 14.46340027 14.44781275 14.43185347 14.41552369 14.39882471
 14.38175785 14.36432448 14.34652598 14.32836375 14.30983923 14.29095389
 14.27170922 14.25210674 14.232148   14.21183457 14.19116804 14.17015005
 14.14878224 14.12706629 14.10500391 14.08259683 14.05984679 14.03675557
 14.01332498 13.98955685 13.96545302 13.94101538 13.91624581 13.89114624
 13.86571862 13.83996492 13.81388713 13.78748725 13.76076733 13.73372943
 13.70637562 13.678708   13.6507287  13.62243985 13.59384363 13.56494221
 13.5357378  13.50623263 13.47642892 13.44632895 13.415935   13.38524937
 13.35427437 13.32301233 13.29146562 13.25963661 13.22752767 13.19514122
 13.16247968 13.12954548 13.09634108 13.06286894 13.02913156 12.99513143
 12.96087106 12.92635299 12.89157975 12.8565539  12.82127802 12.78575468
 12.74998648 12.71397603 12.67772595 12.64123887 12.60451743 12.5675643
 12.53038213 12.49297361 12.45534142 12.41748826 12.37941683 12.34112986
 12.30263005 12.26392016 12.22500292 12.18588109 12.14655741 12.10703466
 12.06731561 12.02740303 11.98729972 11.94700846 11.90653205 11.8658733
 11.82503502 11.78402001 11.74283109 11.70147109 11.65994284 11.61824915
 11.57639287 11.53437683 11.49220386 11.44987682 11.40739854 11.36477186
 11.32199963 11.27908469 11.23602991 11.19283811 11.14951216 11.10605489
 11.06246916 11.01875781 10.97492368 10.93096963 10.88689849 10.84271311
 10.79841632 10.75401095 10.70949985 10.66488583 10.62017173 10.57536037
 10.53045457 10.48545713 10.44037088 10.39519861 10.34994312 10.30460721
 10.25919366 10.21370526 10.16814479 10.122515   10.07681867 10.03105856
  9.9852374   9.93935794  9.89342291  9.84743504  9.80139704  9.75531162
  9.70918148  9.66300931  9.61679779  9.57054958  9.52426736  9.47795377
  9.43161144  9.38524302  9.33885112  9.29243834  9.24600729  9.19956055
  9.15310069  9.10663028  9.06015186  9.01366797  8.96718114  8.92069387
  8.87420867  8.82772803  8.78125441  8.73479027  8.68833806  8.64190022
  8.59547915  8.54907726  8.50269694  8.45634056  8.41001048  8.36370905
  8.31743859  8.27120141  8.22499983  8.1788361   8.13271251  8.08663131
  8.04059472  7.99460496  7.94866425  7.90277475  7.85693864  7.81115808
  7.76543518  7.71977209  7.67417088  7.62863365  7.58316246  7.53775935
  7.49242637  7.44716551  7.40197878  7.35686814  7.31183557  7.26688299
  7.22201233  7.17722549  7.13252436  7.08791079  7.04338665  6.99895375
  6.95461391  6.91036892  6.86622054  6.82217053  6.77822063  6.73437254
  6.69062797  6.64698859  6.60345605  6.56003199  6.51671802  6.47351576
  6.43042676  6.3874526   6.34459481  6.30185491  6.2592344   6.21673476
  6.17435745  6.13210391  6.08997556  6.0479738   6.00610001  5.96435555
  5.92274177  5.88125998  5.83991149  5.79869757  5.7576195   5.71667851
  5.67587582  5.63521263  5.59469013  5.55430949  5.51407183  5.47397829
  5.43402997  5.39422795  5.3545733   5.31506706  5.27571025  5.23650388
  5.19744894  5.15854639  5.11979717  5.08120222  5.04276244  5.00447872
  4.96635192  4.92838291  4.8905725   4.85292151  4.81543074  4.77810095
  4.74093289  4.70392732  4.66708493  4.63040644  4.59389251  4.55754381
  4.52136099  4.48534466  4.44949543  4.41381389  4.3783006   4.34295612
  4.30778098  4.2727757   4.23794077  4.20327667  4.16878387  4.1344628
  4.10031389  4.06633756  4.03253419  3.99890416  3.96544783  3.93216554
  3.89905761  3.86612434  3.83336604  3.80078297  3.7683754   3.73614355
  3.70408766  3.67220794  3.64050458  3.60897776  3.57762763  3.54645435
  3.51545804  3.48463882  3.45399679  3.42353204  3.39324462  3.36313461
  3.33320204  3.30344692  3.27386928  3.24446912  3.2152464   3.18620111
  3.15733319  3.12864259  3.10012923  3.07179303  3.04363388  3.01565168
  2.98784628  2.96021756  2.93276537  2.90548953  2.87838986  2.85146619
  2.82471829  2.79814597  2.77174899  2.7455271   2.71948007  2.69360763
  2.66790949  2.64238539  2.61703501  2.59185806  2.56685421  2.54202313
  2.51736448  2.49287791  2.46856306  2.44441956  2.42044702  2.39664505
  2.37301326  2.34955122  2.32625852  2.30313473  2.2801794   2.25739209
  2.23477234  2.21231968  2.19003364  2.16791372  2.14595945  2.12417032
  2.10254581  2.08108541  2.0597886   2.03865484  2.0176836   1.99687431
  1.97622643  1.9557394   1.93541264  1.91524558  1.89523764  1.87538821
  1.85569672  1.83616254  1.81678508  1.79756372  1.77849783  1.75958678
  1.74082996  1.7222267   1.70377638  1.68547833  1.66733191  1.64933646
  1.6314913   1.61379577  1.59624919  1.57885088  1.56160016  1.54449634
  1.52753872  1.51072662  1.49405932  1.47753613]",restricted_age_optimal,True,True,True,10,3,"constraints_[2, 3, 4]_remained",121.68239920795266,119.53453839292284,123.83026002298247,1.0958674914293662,1.9856906669510328,1.9506405101323319,2.020740823769734,0.017883061676220762,1.9856502479610485,1.9506008045928165,2.020699691329281,0.017882697664190685,0.9198505139717432,0.9160962507243298,0.923476389823334,0.001882535962596642,large
0.251738,0.624311,0.442806,0.0641770975422136,715,100.0,"[0.251738  0.2765762 0.3014144 0.3262526 0.3510908 0.375929  0.4007672
 0.4256054 0.4504436 0.4752818 0.50012   0.5249582 0.5497964 0.5746346
 0.5994728 0.624311 ]","[ 0.27972028  0.83916084  2.65734266  6.01398601  7.13286713  9.23076923
 11.60839161 17.34265734 13.98601399 11.18881119 10.48951049  5.87412587
  1.81818182  0.97902098  0.55944056]",0.025,15,normal,0.44168646993007,"[0.251738   0.25211095 0.25248389 0.25285684 0.25322978 0.25360273
 0.25397568 0.25434862 0.25472157 0.25509451 0.25546746 0.25584041
 0.25621335 0.2565863  0.25695924 0.25733219 0.25770514 0.25807808
 0.25845103 0.25882397 0.25919692 0.25956986 0.25994281 0.26031576
 0.2606887  0.26106165 0.26143459 0.26180754 0.26218049 0.26255343
 0.26292638 0.26329932 0.26367227 0.26404522 0.26441816 0.26479111
 0.26516405 0.265537   0.26590995 0.26628289 0.26665584 0.26702878
 0.26740173 0.26777468 0.26814762 0.26852057 0.26889351 0.26926646
 0.26963941 0.27001235 0.2703853  0.27075824 0.27113119 0.27150414
 0.27187708 0.27225003 0.27262297 0.27299592 0.27336886 0.27374181
 0.27411476 0.2744877  0.27486065 0.27523359 0.27560654 0.27597949
 0.27635243 0.27672538 0.27709832 0.27747127 0.27784422 0.27821716
 0.27859011 0.27896305 0.279336   0.27970895 0.28008189 0.28045484
 0.28082778 0.28120073 0.28157368 0.28194662 0.28231957 0.28269251
 0.28306546 0.28343841 0.28381135 0.2841843  0.28455724 0.28493019
 0.28530314 0.28567608 0.28604903 0.28642197 0.28679492 0.28716786
 0.28754081 0.28791376 0.2882867  0.28865965 0.28903259 0.28940554
 0.28977849 0.29015143 0.29052438 0.29089732 0.29127027 0.29164322
 0.29201616 0.29238911 0.29276205 0.293135   0.29350795 0.29388089
 0.29425384 0.29462678 0.29499973 0.29537268 0.29574562 0.29611857
 0.29649151 0.29686446 0.29723741 0.29761035 0.2979833  0.29835624
 0.29872919 0.29910214 0.29947508 0.29984803 0.30022097 0.30059392
 0.30096686 0.30133981 0.30171276 0.3020857  0.30245865 0.30283159
 0.30320454 0.30357749 0.30395043 0.30432338 0.30469632 0.30506927
 0.30544222 0.30581516 0.30618811 0.30656105 0.306934   0.30730695
 0.30767989 0.30805284 0.30842578 0.30879873 0.30917168 0.30954462
 0.30991757 0.31029051 0.31066346 0.31103641 0.31140935 0.3117823
 0.31215524 0.31252819 0.31290114 0.31327408 0.31364703 0.31401997
 0.31439292 0.31476586 0.31513881 0.31551176 0.3158847  0.31625765
 0.31663059 0.31700354 0.31737649 0.31774943 0.31812238 0.31849532
 0.31886827 0.31924122 0.31961416 0.31998711 0.32036005 0.320733
 0.32110595 0.32147889 0.32185184 0.32222478 0.32259773 0.32297068
 0.32334362 0.32371657 0.32408951 0.32446246 0.32483541 0.32520835
 0.3255813  0.32595424 0.32632719 0.32670014 0.32707308 0.32744603
 0.32781897 0.32819192 0.32856486 0.32893781 0.32931076 0.3296837
 0.33005665 0.33042959 0.33080254 0.33117549 0.33154843 0.33192138
 0.33229432 0.33266727 0.33304022 0.33341316 0.33378611 0.33415905
 0.334532   0.33490495 0.33527789 0.33565084 0.33602378 0.33639673
 0.33676968 0.33714262 0.33751557 0.33788851 0.33826146 0.33863441
 0.33900735 0.3393803  0.33975324 0.34012619 0.34049914 0.34087208
 0.34124503 0.34161797 0.34199092 0.34236386 0.34273681 0.34310976
 0.3434827  0.34385565 0.34422859 0.34460154 0.34497449 0.34534743
 0.34572038 0.34609332 0.34646627 0.34683922 0.34721216 0.34758511
 0.34795805 0.348331   0.34870395 0.34907689 0.34944984 0.34982278
 0.35019573 0.35056868 0.35094162 0.35131457 0.35168751 0.35206046
 0.35243341 0.35280635 0.3531793  0.35355224 0.35392519 0.35429814
 0.35467108 0.35504403 0.35541697 0.35578992 0.35616286 0.35653581
 0.35690876 0.3572817  0.35765465 0.35802759 0.35840054 0.35877349
 0.35914643 0.35951938 0.35989232 0.36026527 0.36063822 0.36101116
 0.36138411 0.36175705 0.36213    0.36250295 0.36287589 0.36324884
 0.36362178 0.36399473 0.36436768 0.36474062 0.36511357 0.36548651
 0.36585946 0.36623241 0.36660535 0.3669783  0.36735124 0.36772419
 0.36809714 0.36847008 0.36884303 0.36921597 0.36958892 0.36996186
 0.37033481 0.37070776 0.3710807  0.37145365 0.37182659 0.37219954
 0.37257249 0.37294543 0.37331838 0.37369132 0.37406427 0.37443722
 0.37481016 0.37518311 0.37555605 0.375929   0.37630195 0.37667489
 0.37704784 0.37742078 0.37779373 0.37816668 0.37853962 0.37891257
 0.37928551 0.37965846 0.38003141 0.38040435 0.3807773  0.38115024
 0.38152319 0.38189614 0.38226908 0.38264203 0.38301497 0.38338792
 0.38376086 0.38413381 0.38450676 0.3848797  0.38525265 0.38562559
 0.38599854 0.38637149 0.38674443 0.38711738 0.38749032 0.38786327
 0.38823622 0.38860916 0.38898211 0.38935505 0.389728   0.39010095
 0.39047389 0.39084684 0.39121978 0.39159273 0.39196568 0.39233862
 0.39271157 0.39308451 0.39345746 0.39383041 0.39420335 0.3945763
 0.39494924 0.39532219 0.39569514 0.39606808 0.39644103 0.39681397
 0.39718692 0.39755986 0.39793281 0.39830576 0.3986787  0.39905165
 0.39942459 0.39979754 0.40017049 0.40054343 0.40091638 0.40128932
 0.40166227 0.40203522 0.40240816 0.40278111 0.40315405 0.403527
 0.40389995 0.40427289 0.40464584 0.40501878 0.40539173 0.40576468
 0.40613762 0.40651057 0.40688351 0.40725646 0.40762941 0.40800235
 0.4083753  0.40874824 0.40912119 0.40949414 0.40986708 0.41024003
 0.41061297 0.41098592 0.41135886 0.41173181 0.41210476 0.4124777
 0.41285065 0.41322359 0.41359654 0.41396949 0.41434243 0.41471538
 0.41508832 0.41546127 0.41583422 0.41620716 0.41658011 0.41695305
 0.417326   0.41769895 0.41807189 0.41844484 0.41881778 0.41919073
 0.41956368 0.41993662 0.42030957 0.42068251 0.42105546 0.42142841
 0.42180135 0.4221743  0.42254724 0.42292019 0.42329314 0.42366608
 0.42403903 0.42441197 0.42478492 0.42515786 0.42553081 0.42590376
 0.4262767  0.42664965 0.42702259 0.42739554 0.42776849 0.42814143
 0.42851438 0.42888732 0.42926027 0.42963322 0.43000616 0.43037911
 0.43075205 0.431125   0.43149795 0.43187089 0.43224384 0.43261678
 0.43298973 0.43336268 0.43373562 0.43410857 0.43448151 0.43485446
 0.43522741 0.43560035 0.4359733  0.43634624 0.43671919 0.43709214
 0.43746508 0.43783803 0.43821097 0.43858392 0.43895686 0.43932981
 0.43970276 0.4400757  0.44044865 0.44082159 0.44119454 0.44156749
 0.44194043 0.44231338 0.44268632 0.44305927 0.44343222 0.44380516
 0.44417811 0.44455105 0.444924   0.44529695 0.44566989 0.44604284
 0.44641578 0.44678873 0.44716168 0.44753462 0.44790757 0.44828051
 0.44865346 0.44902641 0.44939935 0.4497723  0.45014524 0.45051819
 0.45089114 0.45126408 0.45163703 0.45200997 0.45238292 0.45275586
 0.45312881 0.45350176 0.4538747  0.45424765 0.45462059 0.45499354
 0.45536649 0.45573943 0.45611238 0.45648532 0.45685827 0.45723122
 0.45760416 0.45797711 0.45835005 0.458723   0.45909595 0.45946889
 0.45984184 0.46021478 0.46058773 0.46096068 0.46133362 0.46170657
 0.46207951 0.46245246 0.46282541 0.46319835 0.4635713  0.46394424
 0.46431719 0.46469014 0.46506308 0.46543603 0.46580897 0.46618192
 0.46655486 0.46692781 0.46730076 0.4676737  0.46804665 0.46841959
 0.46879254 0.46916549 0.46953843 0.46991138 0.47028432 0.47065727
 0.47103022 0.47140316 0.47177611 0.47214905 0.472522   0.47289495
 0.47326789 0.47364084 0.47401378 0.47438673 0.47475968 0.47513262
 0.47550557 0.47587851 0.47625146 0.47662441 0.47699735 0.4773703
 0.47774324 0.47811619 0.47848914 0.47886208 0.47923503 0.47960797
 0.47998092 0.48035386 0.48072681 0.48109976 0.4814727  0.48184565
 0.48221859 0.48259154 0.48296449 0.48333743 0.48371038 0.48408332
 0.48445627 0.48482922 0.48520216 0.48557511 0.48594805 0.486321
 0.48669395 0.48706689 0.48743984 0.48781278 0.48818573 0.48855868
 0.48893162 0.48930457 0.48967751 0.49005046 0.49042341 0.49079635
 0.4911693  0.49154224 0.49191519 0.49228814 0.49266108 0.49303403
 0.49340697 0.49377992 0.49415286 0.49452581 0.49489876 0.4952717
 0.49564465 0.49601759 0.49639054 0.49676349 0.49713643 0.49750938
 0.49788232 0.49825527 0.49862822 0.49900116 0.49937411 0.49974705
 0.50012    0.50049295 0.50086589 0.50123884 0.50161178 0.50198473
 0.50235768 0.50273062 0.50310357 0.50347651 0.50384946 0.50422241
 0.50459535 0.5049683  0.50534124 0.50571419 0.50608714 0.50646008
 0.50683303 0.50720597 0.50757892 0.50795186 0.50832481 0.50869776
 0.5090707  0.50944365 0.50981659 0.51018954 0.51056249 0.51093543
 0.51130838 0.51168132 0.51205427 0.51242722 0.51280016 0.51317311
 0.51354605 0.513919   0.51429195 0.51466489 0.51503784 0.51541078
 0.51578373 0.51615668 0.51652962 0.51690257 0.51727551 0.51764846
 0.51802141 0.51839435 0.5187673  0.51914024 0.51951319 0.51988614
 0.52025908 0.52063203 0.52100497 0.52137792 0.52175086 0.52212381
 0.52249676 0.5228697  0.52324265 0.52361559 0.52398854 0.52436149
 0.52473443 0.52510738 0.52548032 0.52585327 0.52622622 0.52659916
 0.52697211 0.52734505 0.527718   0.52809095 0.52846389 0.52883684
 0.52920978 0.52958273 0.52995568 0.53032862 0.53070157 0.53107451
 0.53144746 0.53182041 0.53219335 0.5325663  0.53293924 0.53331219
 0.53368514 0.53405808 0.53443103 0.53480397 0.53517692 0.53554986
 0.53592281 0.53629576 0.5366687  0.53704165 0.53741459 0.53778754
 0.53816049 0.53853343 0.53890638 0.53927932 0.53965227 0.54002522
 0.54039816 0.54077111 0.54114405 0.541517   0.54188995 0.54226289
 0.54263584 0.54300878 0.54338173 0.54375468 0.54412762 0.54450057
 0.54487351 0.54524646 0.54561941 0.54599235 0.5463653  0.54673824
 0.54711119 0.54748414 0.54785708 0.54823003 0.54860297 0.54897592
 0.54934886 0.54972181 0.55009476 0.5504677  0.55084065 0.55121359
 0.55158654 0.55195949 0.55233243 0.55270538 0.55307832 0.55345127
 0.55382422 0.55419716 0.55457011 0.55494305 0.555316   0.55568895
 0.55606189 0.55643484 0.55680778 0.55718073 0.55755368 0.55792662
 0.55829957 0.55867251 0.55904546 0.55941841 0.55979135 0.5601643
 0.56053724 0.56091019 0.56128314 0.56165608 0.56202903 0.56240197
 0.56277492 0.56314786 0.56352081 0.56389376 0.5642667  0.56463965
 0.56501259 0.56538554 0.56575849 0.56613143 0.56650438 0.56687732
 0.56725027 0.56762322 0.56799616 0.56836911 0.56874205 0.569115
 0.56948795 0.56986089 0.57023384 0.57060678 0.57097973 0.57135268
 0.57172562 0.57209857 0.57247151 0.57284446 0.57321741 0.57359035
 0.5739633  0.57433624 0.57470919 0.57508214 0.57545508 0.57582803
 0.57620097 0.57657392 0.57694686 0.57731981 0.57769276 0.5780657
 0.57843865 0.57881159 0.57918454 0.57955749 0.57993043 0.58030338
 0.58067632 0.58104927 0.58142222 0.58179516 0.58216811 0.58254105
 0.582914   0.58328695 0.58365989 0.58403284 0.58440578 0.58477873
 0.58515168 0.58552462 0.58589757 0.58627051 0.58664346 0.58701641
 0.58738935 0.5877623  0.58813524 0.58850819 0.58888114 0.58925408
 0.58962703 0.58999997 0.59037292 0.59074586 0.59111881 0.59149176
 0.5918647  0.59223765 0.59261059 0.59298354 0.59335649 0.59372943
 0.59410238 0.59447532 0.59484827 0.59522122 0.59559416 0.59596711
 0.59634005 0.596713   0.59708595 0.59745889 0.59783184 0.59820478
 0.59857773 0.59895068 0.59932362 0.59969657 0.60006951 0.60044246
 0.60081541 0.60118835 0.6015613  0.60193424 0.60230719 0.60268014
 0.60305308 0.60342603 0.60379897 0.60417192 0.60454486 0.60491781
 0.60529076 0.6056637  0.60603665 0.60640959 0.60678254 0.60715549
 0.60752843 0.60790138 0.60827432 0.60864727 0.60902022 0.60939316
 0.60976611 0.61013905 0.610512   0.61088495 0.61125789 0.61163084
 0.61200378 0.61237673 0.61274968 0.61312262 0.61349557 0.61386851
 0.61424146 0.61461441 0.61498735 0.6153603  0.61573324 0.61610619
 0.61647914 0.61685208 0.61722503 0.61759797 0.61797092 0.61834386
 0.61871681 0.61908976 0.6194627  0.61983565 0.62020859 0.62058154
 0.62095449 0.62132743 0.62170038 0.62207332 0.62244627 0.62281922
 0.62319216 0.62356511 0.62393805 0.624311  ]","[ 0.19337846  0.19672996  0.20013279  0.20358761  0.20709506  0.21065584
  0.2142706   0.21794003  0.22166481  0.22544564  0.22928321  0.23317823
  0.23713141  0.24114347  0.24521513  0.24934712  0.25354017  0.25779502
  0.26211243  0.26649314  0.27093792  0.27544753  0.28002274  0.28466434
  0.2893731   0.29414982  0.29899529  0.30391031  0.3088957   0.31395227
  0.31908084  0.32428223  0.32955728  0.33490683  0.34033173  0.34583282
  0.35141096  0.35706702  0.36280186  0.36861635  0.37451139  0.38048786
  0.38654664  0.39268864  0.39891476  0.40522591  0.41162301  0.41810698
  0.42467874  0.43133923  0.43808939  0.44493015  0.45186248  0.45888732
  0.46600563  0.47321838  0.48052654  0.48793108  0.495433    0.50303327
  0.51073288  0.51853284  0.52643413  0.53443778  0.54254479  0.55075618
  0.55907297  0.56749618  0.57602684  0.584666    0.59341468  0.60227394
  0.61124482  0.62032836  0.62952564  0.63883771  0.64826563  0.65781047
  0.66747331  0.67725521  0.68715727  0.69718056  0.70732616  0.71759518
  0.72798869  0.73850781  0.74915362  0.75992723  0.77082975  0.78186228
  0.79302593  0.80432181  0.81575105  0.82731475  0.83901404  0.85085004
  0.86282388  0.87493667  0.88718955  0.89958364  0.91212007  0.92479998
  0.93762449  0.95059475  0.96371188  0.97697701  0.99039129  1.00395585
  1.01767183  1.03154035  1.04556256  1.0597396   1.07407259  1.08856268
  1.10321099  1.11801866  1.13298682  1.14811661  1.16340914  1.17886556
  1.19448699  1.21027455  1.22622936  1.24235254  1.25864522  1.2751085
  1.29174351  1.30855134  1.32553311  1.34268991  1.36002286  1.37753303
  1.39522153  1.41308945  1.43113785  1.44936783  1.46778046  1.48637681
  1.50515793  1.5241249   1.54327875  1.56262054  1.58215132  1.6018721
  1.62178393  1.64188782  1.66218479  1.68267584  1.70336198  1.7242442
  1.74532348  1.7666008   1.78807713  1.80975343  1.83163065  1.85370973
  1.8759916   1.8984772   1.92116742  1.94406318  1.96716538  1.99047489
  2.01399258  2.03771933  2.06165597  2.08580336  2.11016231  2.13473365
  2.15951817  2.18451667  2.20972993  2.23515872  2.26080378  2.28666585
  2.31274567  2.33904395  2.36556137  2.39229863  2.41925639  2.44643531
  2.47383603  2.50145917  2.52930533  2.55737511  2.58566909  2.61418781
  2.64293184  2.67190168  2.70109785  2.73052084  2.76017112  2.79004915
  2.82015536  2.85049017  2.88105397  2.91184716  2.94287009  2.9741231
  3.00560651  3.03732063  3.06926573  3.10144208  3.13384991  3.16648945
  3.19936089  3.23246441  3.26580016  3.29936827  3.33316885  3.36720199
  3.40146776  3.43596619  3.47069731  3.5056611   3.54085754  3.57628658
  3.61194813  3.6478421   3.68396836  3.72032676  3.75691711  3.79373922
  3.83079287  3.86807779  3.90559371  3.94334033  3.9813173   4.01952427
  4.05796086  4.09662666  4.13552121  4.17464407  4.21399472  4.25357265
  4.29337731  4.33340812  4.37366446  4.41414571  4.4548512   4.49578023
  4.53693209  4.57830601  4.61990122  4.6617169   4.70375222  4.7460063
  4.78847824  4.83116712  4.87407195  4.91719177  4.96052553  5.00407219
  5.04783067  5.09179983  5.13597855  5.18036564  5.22495989  5.26976006
  5.31476487  5.35997302  5.40538318  5.45099397  5.496804    5.54281182
  5.58901599  5.635415    5.68200732  5.72879139  5.77576561  5.82292836
  5.87027799  5.91781279  5.96553105  6.01343101  6.06151087  6.10976883
  6.15820302  6.20681155  6.25559251  6.30454394  6.35366387  6.40295026
  6.45240108  6.50201423  6.55178761  6.60171906  6.65180641  6.70204743
  6.75243989  6.80298152  6.85366998  6.90450296  6.95547807  7.0065929
  7.05784502  7.10923196  7.16075122  7.21240026  7.26417652  7.3160774
  7.36810027  7.42024248  7.47250134  7.52487412  7.57735808  7.62995043
  7.68264836  7.73544903  7.78834957  7.84134707  7.89443861  7.94762122
  8.00089191  8.05424766  8.10768542  8.16120212  8.21479465  8.26845988
  8.32219464  8.37599575  8.42986     8.48378412  8.53776487  8.59179893
  8.64588299  8.7000137   8.75418767  8.80840152  8.86265181  8.9169351
  8.9712479   9.02558672  9.07994803  9.13432829  9.18872393  9.24313135
  9.29754694  9.35196707  9.40638806  9.46080624  9.51521791  9.56961934
  9.6240068   9.67837651  9.7327247   9.78704756  9.84134127  9.895602
  9.94982589 10.00400906 10.05814762 10.11223767 10.16627527 10.2202565
 10.27417739 10.32803398 10.38182229 10.4355383  10.48917802 10.54273742
 10.59621246 10.6495991  10.70289326 10.75609089 10.8091879  10.8621802
 10.91506369 10.96783425 11.02048778 11.07302013 11.12542718 11.17770479
 11.22984881 11.28185509 11.33371947 11.38543778 11.43700585 11.48841953
 11.53967463 11.59076697 11.64169237 11.69244667 11.74302567 11.79342519
 11.84364105 11.89366907 11.94350507 11.99314488 12.04258431 12.0918192
 12.14084538 12.18965868 12.23825495 12.28663003 12.33477977 12.38270003
 12.43038668 12.47783559 12.52504264 12.57200373 12.61871474 12.66517161
 12.71137023 12.75730655 12.80297651 12.84837607 12.89350119 12.93834787
 12.98291209 13.02718986 13.07117723 13.11487022 13.15826491 13.20135736
 13.24414367 13.28661996 13.32878235 13.37062701 13.4121501  13.45334781
 13.49421636 13.53475198 13.57495093 13.6148095  13.65432398 13.69349071
 13.73230604 13.77076635 13.80886804 13.84660754 13.88398131 13.92098584
 13.95761764 13.99387326 14.02974925 14.06524223 14.10034882 14.13506568
 14.16938952 14.20331705 14.23684502 14.26997024 14.30268952 14.33499972
 14.36689773 14.39838048 14.42944492 14.46008806 14.49030693 14.5200986
 14.54946018 14.5783888  14.60688167 14.63493599 14.66254902 14.68971808
 14.7164405  14.74271366 14.76853498 14.79390192 14.818812   14.84326276
 14.86725178 14.8907767  14.9138352  14.93642499 14.95854383 14.98018954
 15.00135997 15.02205302 15.04226662 15.06199877 15.0812475  15.10001089
 15.11828707 15.13607422 15.15337056 15.17017435 15.18648393 15.20229764
 15.21761392 15.23243122 15.24674805 15.26056298 15.27387462 15.28668163
 15.29898273 15.31077666 15.32206226 15.33283837 15.34310392 15.35285786
 15.36209922 15.37082706 15.37904049 15.3867387  15.3939209  15.40058636
 15.40673441 15.41236444 15.41747586 15.42206816 15.42614089 15.42969362
 15.43272599 15.4352377  15.4372285  15.43869818 15.43964659 15.44007364
 15.43997928 15.43936353 15.43822644 15.43656814 15.43438878 15.4316886
 15.42846786 15.42472688 15.42046606 15.41568582 15.41038663 15.40456905
 15.39823366 15.3913811  15.38401206 15.37612728 15.36772757 15.35881377
 15.34938679 15.33944757 15.32899711 15.31803647 15.30656676 15.29458913
 15.28210478 15.26911498 15.25562103 15.24162429 15.22712615 15.21212809
 15.1966316  15.18063823 15.16414959 15.14716734 15.12969316 15.11172881
 15.09327608 15.07433681 15.0549129  15.03500627 15.01461891 14.99375285
 14.97241015 14.95059295 14.9283034  14.90554371 14.88231614 14.85862298
 14.83446657 14.80984929 14.78477357 14.75924189 14.73325674 14.70682068
 14.67993631 14.65260626 14.62483319 14.59661983 14.56796893 14.53888328
 14.50936572 14.4794191  14.44904633 14.41825037 14.38703418 14.35540078
 14.32335323 14.29089462 14.25802805 14.2247567  14.19108374 14.1570124
 14.12254594 14.08768763 14.05244081 14.01680882 13.98079504 13.94440288
 13.90763578 13.8704972  13.83299066 13.79511966 13.75688776 13.71829855
 13.67935562 13.6400626  13.60042316 13.56044097 13.52011974 13.47946319
 13.43847507 13.39715916 13.35551925 13.31355915 13.2712827  13.22869376
 13.1857962  13.14259391 13.0990908  13.05529081 13.01119788 12.96681598
 12.92214907 12.87720115 12.83197624 12.78647835 12.74071152 12.69467979
 12.64838724 12.60183792 12.55503592 12.50798534 12.46069028 12.41315485
 12.36538317 12.31737938 12.2691476  12.22069199 12.17201669 12.12312586
 12.07402367 12.02471426 11.97520183 11.92549053 11.87558455 11.82548806
 11.77520525 11.72474029 11.67409736 11.62328065 11.57229435 11.52114262
 11.46982964 11.41835961 11.36673667 11.31496502 11.2630488  11.21099219
 11.15879934 11.10647441 11.05402153 11.00144484 10.94874848 10.89593657
 10.84301323 10.78998256 10.73684866 10.68361562 10.63028752 10.57686842
 10.52336238 10.46977344 10.41610565 10.36236301 10.30854953 10.25466921
 10.20072602 10.14672393 10.09266689 10.03855883  9.98440367  9.93020532
  9.87596765  9.82169454  9.76738984  9.71305737  9.65870095  9.60432438
  9.54993143  9.49552587  9.44111141  9.38669178  9.33227068  9.27785178
  9.22343873  9.16903515  9.11464466  9.06027085  9.00591727  8.95158746
  8.89728494  8.8430132   8.7887757   8.73457589  8.68041718  8.62630297
  8.57223662  8.51822147  8.46426084  8.41035801  8.35651624  8.30273877
  8.24902881  8.19538953  8.14182408  8.08833559  8.03492716  7.98160185
  7.92836269  7.8752127   7.82215486  7.76919211  7.71632738  7.66356357
  7.61090352  7.55835008  7.50590604  7.45357417  7.40135722  7.34925789
  7.29727886  7.24542278  7.19369227  7.14208991  7.09061825  7.03927982
  6.9880771   6.93701256  6.88608862  6.83530767  6.78467208  6.73418418
  6.68384626  6.6336606   6.58362942  6.53375493  6.4840393   6.43448466
  6.38509311  6.33586673  6.28680756  6.2379176   6.18919882  6.14065316
  6.09228254  6.04408883  5.99607387  5.94823947  5.90058741  5.85311943
  5.80583724  5.75874253  5.71183695  5.66512209  5.61859956  5.5722709
  5.52613762  5.48020121  5.43446313  5.38892479  5.34358759  5.29845288
  5.25352199  5.2087962   5.16427679  5.11996498  5.07586197  5.03196892
  4.98828698  4.94481725  4.9015608   4.85851868  4.81569189  4.77308142
  4.73068822  4.68851321  4.64655729  4.6048213   4.56330609  4.52201245
  4.48094116  4.44009295  4.39946854  4.35906862  4.31889383  4.2789448
  4.23922214  4.1997264   4.16045814  4.12141785  4.08260604  4.04402315
  4.00566962  3.96754584  3.9296522   3.89198905  3.8545567   3.81735545
  3.78038558  3.74364732  3.70714089  3.67086649  3.63482429  3.59901443
  3.56343702  3.52809216  3.49297991  3.45810033  3.42345343  3.38903921
  3.35485764  3.32090867  3.28719224  3.25370824  3.22045656  3.18743705
  3.15464957  3.12209391  3.08976989  3.05767726  3.02581579  2.99418521
  2.96278522  2.93161552  2.90067578  2.86996565  2.83948477  2.80923274
  2.77920917  2.74941362  2.71984566  2.69050482  2.66139062  2.63250256
  2.60384014  2.57540282  2.54719005  2.51920127  2.4914359   2.46389333
  2.43657296  2.40947416  2.38259628  2.35593866  2.32950063  2.30328151
  2.27728058  2.25149713  2.22593043  2.20057974  2.17544429  2.15052333
  2.12581605  2.10132168  2.07703939  2.05296837  2.0291078   2.00545681
  1.98201456  1.95878019  1.93575281  1.91293154  1.89031548  1.86790372
  1.84569535  1.82368944  1.80188505  1.78028124  1.75887705  1.73767151
  1.71666367  1.69585253  1.67523711  1.65481642  1.63458945  1.61455519
  1.59471262  1.57506072  1.55559847  1.53632482  1.51723872  1.49833914
  1.47962502  1.46109529  1.44274889  1.42458474  1.40660179  1.38879894
  1.3711751   1.3537292   1.33646013  1.3193668   1.30244811  1.28570296
  1.26913023  1.25272883  1.23649762  1.2204355   1.20454136  1.18881406
  1.17325248  1.1578555   1.142622    1.12755084  1.1126409   1.09789103
  1.08330012  1.06886702  1.0545906   1.04046974  1.02650328  1.0126901
  0.99902905  0.98551902  0.97215885  0.95894741  0.94588357  0.93296619
  0.92019415  0.9075663   0.89508151  0.88273866  0.87053661  0.85847424
  0.84655042  0.83476403  0.82311394  0.81159903  0.80021819  0.78897029
  0.77785423  0.76686888  0.75601315  0.74528592  0.73468609  0.72421256
  0.71386423  0.70364     0.69353879  0.68355951  0.67370106  0.66396238
  0.65434237  0.64483997  0.6354541   0.6261837   0.61702771  0.60798506
  0.59905471  0.59023559  0.58152667  0.5729269   0.56443524  0.55605067
  0.54777214  0.53959865  0.53152917  0.52356268  0.51569817  0.50793465
  0.50027111  0.49270655  0.48523999  0.47787044  0.47059693  0.46341847
  0.4563341   0.44934285  0.44244378  0.43563591  0.42891832  0.42229005
  0.41575017  0.40929775  0.40293186  0.39665159  0.39045602  0.38434424
  0.37831536  0.37236847  0.36650268  0.36071711  0.35501089  0.34938313
  0.34383298  0.33835956  0.33296203  0.32763954  0.32239124  0.3172163
  0.31211389  0.30708318  0.30212335  0.29723359  0.2924131   0.28766107
  0.28297671  0.27835923  0.27380785  0.26932179]",restricted_age_optimal,True,True,True,10,1,constraints_[1]_remained,29.43944917313257,27.466780142749172,31.412118203515966,1.006482285360118,1.1129795790849493,1.0384014056212365,1.1875577525486616,0.03805078769404724,1.1129545245798036,1.0383780299602188,1.187531019199388,0.03804993112518111,0.7843525372639089,0.7686000239681082,0.7994648438745102,0.0078752128054608,large
0.280245,0.68079,0.5174004999999999,0.07063597908518,3804,100.0,"[0.280245   0.30380647 0.32736794 0.35092941 0.37449088 0.39805235
 0.42161382 0.44517529 0.46873676 0.49229824 0.51585971 0.53942118
 0.56298265 0.58654412 0.61010559 0.63366706 0.65722853 0.68079   ]","[ 0.10515247  0.446898    0.86750789  0.97266036  2.20820189  4.36382755
  7.49211356 10.33123028  9.75289169 12.59200841  9.67402734 10.90956887
 12.723449    9.0168244   5.23133544  2.3659306   0.94637224]",0.025,17,normal,0.5168020173501577,"[0.280245   0.28064595 0.28104689 0.28144784 0.28184878 0.28224973
 0.28265068 0.28305162 0.28345257 0.28385351 0.28425446 0.28465541
 0.28505635 0.2854573  0.28585824 0.28625919 0.28666014 0.28706108
 0.28746203 0.28786297 0.28826392 0.28866486 0.28906581 0.28946676
 0.2898677  0.29026865 0.29066959 0.29107054 0.29147149 0.29187243
 0.29227338 0.29267432 0.29307527 0.29347622 0.29387716 0.29427811
 0.29467905 0.29508    0.29548095 0.29588189 0.29628284 0.29668378
 0.29708473 0.29748568 0.29788662 0.29828757 0.29868851 0.29908946
 0.29949041 0.29989135 0.3002923  0.30069324 0.30109419 0.30149514
 0.30189608 0.30229703 0.30269797 0.30309892 0.30349986 0.30390081
 0.30430176 0.3047027  0.30510365 0.30550459 0.30590554 0.30630649
 0.30670743 0.30710838 0.30750932 0.30791027 0.30831122 0.30871216
 0.30911311 0.30951405 0.309915   0.31031595 0.31071689 0.31111784
 0.31151878 0.31191973 0.31232068 0.31272162 0.31312257 0.31352351
 0.31392446 0.31432541 0.31472635 0.3151273  0.31552824 0.31592919
 0.31633014 0.31673108 0.31713203 0.31753297 0.31793392 0.31833486
 0.31873581 0.31913676 0.3195377  0.31993865 0.32033959 0.32074054
 0.32114149 0.32154243 0.32194338 0.32234432 0.32274527 0.32314622
 0.32354716 0.32394811 0.32434905 0.32475    0.32515095 0.32555189
 0.32595284 0.32635378 0.32675473 0.32715568 0.32755662 0.32795757
 0.32835851 0.32875946 0.32916041 0.32956135 0.3299623  0.33036324
 0.33076419 0.33116514 0.33156608 0.33196703 0.33236797 0.33276892
 0.33316986 0.33357081 0.33397176 0.3343727  0.33477365 0.33517459
 0.33557554 0.33597649 0.33637743 0.33677838 0.33717932 0.33758027
 0.33798122 0.33838216 0.33878311 0.33918405 0.339585   0.33998595
 0.34038689 0.34078784 0.34118878 0.34158973 0.34199068 0.34239162
 0.34279257 0.34319351 0.34359446 0.34399541 0.34439635 0.3447973
 0.34519824 0.34559919 0.34600014 0.34640108 0.34680203 0.34720297
 0.34760392 0.34800486 0.34840581 0.34880676 0.3492077  0.34960865
 0.35000959 0.35041054 0.35081149 0.35121243 0.35161338 0.35201432
 0.35241527 0.35281622 0.35321716 0.35361811 0.35401905 0.35442
 0.35482095 0.35522189 0.35562284 0.35602378 0.35642473 0.35682568
 0.35722662 0.35762757 0.35802851 0.35842946 0.35883041 0.35923135
 0.3596323  0.36003324 0.36043419 0.36083514 0.36123608 0.36163703
 0.36203797 0.36243892 0.36283986 0.36324081 0.36364176 0.3640427
 0.36444365 0.36484459 0.36524554 0.36564649 0.36604743 0.36644838
 0.36684932 0.36725027 0.36765122 0.36805216 0.36845311 0.36885405
 0.369255   0.36965595 0.37005689 0.37045784 0.37085878 0.37125973
 0.37166068 0.37206162 0.37246257 0.37286351 0.37326446 0.37366541
 0.37406635 0.3744673  0.37486824 0.37526919 0.37567014 0.37607108
 0.37647203 0.37687297 0.37727392 0.37767486 0.37807581 0.37847676
 0.3788777  0.37927865 0.37967959 0.38008054 0.38048149 0.38088243
 0.38128338 0.38168432 0.38208527 0.38248622 0.38288716 0.38328811
 0.38368905 0.38409    0.38449095 0.38489189 0.38529284 0.38569378
 0.38609473 0.38649568 0.38689662 0.38729757 0.38769851 0.38809946
 0.38850041 0.38890135 0.3893023  0.38970324 0.39010419 0.39050514
 0.39090608 0.39130703 0.39170797 0.39210892 0.39250986 0.39291081
 0.39331176 0.3937127  0.39411365 0.39451459 0.39491554 0.39531649
 0.39571743 0.39611838 0.39651932 0.39692027 0.39732122 0.39772216
 0.39812311 0.39852405 0.398925   0.39932595 0.39972689 0.40012784
 0.40052878 0.40092973 0.40133068 0.40173162 0.40213257 0.40253351
 0.40293446 0.40333541 0.40373635 0.4041373  0.40453824 0.40493919
 0.40534014 0.40574108 0.40614203 0.40654297 0.40694392 0.40734486
 0.40774581 0.40814676 0.4085477  0.40894865 0.40934959 0.40975054
 0.41015149 0.41055243 0.41095338 0.41135432 0.41175527 0.41215622
 0.41255716 0.41295811 0.41335905 0.41376    0.41416095 0.41456189
 0.41496284 0.41536378 0.41576473 0.41616568 0.41656662 0.41696757
 0.41736851 0.41776946 0.41817041 0.41857135 0.4189723  0.41937324
 0.41977419 0.42017514 0.42057608 0.42097703 0.42137797 0.42177892
 0.42217986 0.42258081 0.42298176 0.4233827  0.42378365 0.42418459
 0.42458554 0.42498649 0.42538743 0.42578838 0.42618932 0.42659027
 0.42699122 0.42739216 0.42779311 0.42819405 0.428595   0.42899595
 0.42939689 0.42979784 0.43019878 0.43059973 0.43100068 0.43140162
 0.43180257 0.43220351 0.43260446 0.43300541 0.43340635 0.4338073
 0.43420824 0.43460919 0.43501014 0.43541108 0.43581203 0.43621297
 0.43661392 0.43701486 0.43741581 0.43781676 0.4382177  0.43861865
 0.43901959 0.43942054 0.43982149 0.44022243 0.44062338 0.44102432
 0.44142527 0.44182622 0.44222716 0.44262811 0.44302905 0.44343
 0.44383095 0.44423189 0.44463284 0.44503378 0.44543473 0.44583568
 0.44623662 0.44663757 0.44703851 0.44743946 0.44784041 0.44824135
 0.4486423  0.44904324 0.44944419 0.44984514 0.45024608 0.45064703
 0.45104797 0.45144892 0.45184986 0.45225081 0.45265176 0.4530527
 0.45345365 0.45385459 0.45425554 0.45465649 0.45505743 0.45545838
 0.45585932 0.45626027 0.45666122 0.45706216 0.45746311 0.45786405
 0.458265   0.45866595 0.45906689 0.45946784 0.45986878 0.46026973
 0.46067068 0.46107162 0.46147257 0.46187351 0.46227446 0.46267541
 0.46307635 0.4634773  0.46387824 0.46427919 0.46468014 0.46508108
 0.46548203 0.46588297 0.46628392 0.46668486 0.46708581 0.46748676
 0.4678877  0.46828865 0.46868959 0.46909054 0.46949149 0.46989243
 0.47029338 0.47069432 0.47109527 0.47149622 0.47189716 0.47229811
 0.47269905 0.4731     0.47350095 0.47390189 0.47430284 0.47470378
 0.47510473 0.47550568 0.47590662 0.47630757 0.47670851 0.47710946
 0.47751041 0.47791135 0.4783123  0.47871324 0.47911419 0.47951514
 0.47991608 0.48031703 0.48071797 0.48111892 0.48151986 0.48192081
 0.48232176 0.4827227  0.48312365 0.48352459 0.48392554 0.48432649
 0.48472743 0.48512838 0.48552932 0.48593027 0.48633122 0.48673216
 0.48713311 0.48753405 0.487935   0.48833595 0.48873689 0.48913784
 0.48953878 0.48993973 0.49034068 0.49074162 0.49114257 0.49154351
 0.49194446 0.49234541 0.49274635 0.4931473  0.49354824 0.49394919
 0.49435014 0.49475108 0.49515203 0.49555297 0.49595392 0.49635486
 0.49675581 0.49715676 0.4975577  0.49795865 0.49835959 0.49876054
 0.49916149 0.49956243 0.49996338 0.50036432 0.50076527 0.50116622
 0.50156716 0.50196811 0.50236905 0.50277    0.50317095 0.50357189
 0.50397284 0.50437378 0.50477473 0.50517568 0.50557662 0.50597757
 0.50637851 0.50677946 0.50718041 0.50758135 0.5079823  0.50838324
 0.50878419 0.50918514 0.50958608 0.50998703 0.51038797 0.51078892
 0.51118986 0.51159081 0.51199176 0.5123927  0.51279365 0.51319459
 0.51359554 0.51399649 0.51439743 0.51479838 0.51519932 0.51560027
 0.51600122 0.51640216 0.51680311 0.51720405 0.517605   0.51800595
 0.51840689 0.51880784 0.51920878 0.51960973 0.52001068 0.52041162
 0.52081257 0.52121351 0.52161446 0.52201541 0.52241635 0.5228173
 0.52321824 0.52361919 0.52402014 0.52442108 0.52482203 0.52522297
 0.52562392 0.52602486 0.52642581 0.52682676 0.5272277  0.52762865
 0.52802959 0.52843054 0.52883149 0.52923243 0.52963338 0.53003432
 0.53043527 0.53083622 0.53123716 0.53163811 0.53203905 0.53244
 0.53284095 0.53324189 0.53364284 0.53404378 0.53444473 0.53484568
 0.53524662 0.53564757 0.53604851 0.53644946 0.53685041 0.53725135
 0.5376523  0.53805324 0.53845419 0.53885514 0.53925608 0.53965703
 0.54005797 0.54045892 0.54085986 0.54126081 0.54166176 0.5420627
 0.54246365 0.54286459 0.54326554 0.54366649 0.54406743 0.54446838
 0.54486932 0.54527027 0.54567122 0.54607216 0.54647311 0.54687405
 0.547275   0.54767595 0.54807689 0.54847784 0.54887878 0.54927973
 0.54968068 0.55008162 0.55048257 0.55088351 0.55128446 0.55168541
 0.55208635 0.5524873  0.55288824 0.55328919 0.55369014 0.55409108
 0.55449203 0.55489297 0.55529392 0.55569486 0.55609581 0.55649676
 0.5568977  0.55729865 0.55769959 0.55810054 0.55850149 0.55890243
 0.55930338 0.55970432 0.56010527 0.56050622 0.56090716 0.56130811
 0.56170905 0.56211    0.56251095 0.56291189 0.56331284 0.56371378
 0.56411473 0.56451568 0.56491662 0.56531757 0.56571851 0.56611946
 0.56652041 0.56692135 0.5673223  0.56772324 0.56812419 0.56852514
 0.56892608 0.56932703 0.56972797 0.57012892 0.57052986 0.57093081
 0.57133176 0.5717327  0.57213365 0.57253459 0.57293554 0.57333649
 0.57373743 0.57413838 0.57453932 0.57494027 0.57534122 0.57574216
 0.57614311 0.57654405 0.576945   0.57734595 0.57774689 0.57814784
 0.57854878 0.57894973 0.57935068 0.57975162 0.58015257 0.58055351
 0.58095446 0.58135541 0.58175635 0.5821573  0.58255824 0.58295919
 0.58336014 0.58376108 0.58416203 0.58456297 0.58496392 0.58536486
 0.58576581 0.58616676 0.5865677  0.58696865 0.58736959 0.58777054
 0.58817149 0.58857243 0.58897338 0.58937432 0.58977527 0.59017622
 0.59057716 0.59097811 0.59137905 0.59178    0.59218095 0.59258189
 0.59298284 0.59338378 0.59378473 0.59418568 0.59458662 0.59498757
 0.59538851 0.59578946 0.59619041 0.59659135 0.5969923  0.59739324
 0.59779419 0.59819514 0.59859608 0.59899703 0.59939797 0.59979892
 0.60019986 0.60060081 0.60100176 0.6014027  0.60180365 0.60220459
 0.60260554 0.60300649 0.60340743 0.60380838 0.60420932 0.60461027
 0.60501122 0.60541216 0.60581311 0.60621405 0.606615   0.60701595
 0.60741689 0.60781784 0.60821878 0.60861973 0.60902068 0.60942162
 0.60982257 0.61022351 0.61062446 0.61102541 0.61142635 0.6118273
 0.61222824 0.61262919 0.61303014 0.61343108 0.61383203 0.61423297
 0.61463392 0.61503486 0.61543581 0.61583676 0.6162377  0.61663865
 0.61703959 0.61744054 0.61784149 0.61824243 0.61864338 0.61904432
 0.61944527 0.61984622 0.62024716 0.62064811 0.62104905 0.62145
 0.62185095 0.62225189 0.62265284 0.62305378 0.62345473 0.62385568
 0.62425662 0.62465757 0.62505851 0.62545946 0.62586041 0.62626135
 0.6266623  0.62706324 0.62746419 0.62786514 0.62826608 0.62866703
 0.62906797 0.62946892 0.62986986 0.63027081 0.63067176 0.6310727
 0.63147365 0.63187459 0.63227554 0.63267649 0.63307743 0.63347838
 0.63387932 0.63428027 0.63468122 0.63508216 0.63548311 0.63588405
 0.636285   0.63668595 0.63708689 0.63748784 0.63788878 0.63828973
 0.63869068 0.63909162 0.63949257 0.63989351 0.64029446 0.64069541
 0.64109635 0.6414973  0.64189824 0.64229919 0.64270014 0.64310108
 0.64350203 0.64390297 0.64430392 0.64470486 0.64510581 0.64550676
 0.6459077  0.64630865 0.64670959 0.64711054 0.64751149 0.64791243
 0.64831338 0.64871432 0.64911527 0.64951622 0.64991716 0.65031811
 0.65071905 0.65112    0.65152095 0.65192189 0.65232284 0.65272378
 0.65312473 0.65352568 0.65392662 0.65432757 0.65472851 0.65512946
 0.65553041 0.65593135 0.6563323  0.65673324 0.65713419 0.65753514
 0.65793608 0.65833703 0.65873797 0.65913892 0.65953986 0.65994081
 0.66034176 0.6607427  0.66114365 0.66154459 0.66194554 0.66234649
 0.66274743 0.66314838 0.66354932 0.66395027 0.66435122 0.66475216
 0.66515311 0.66555405 0.665955   0.66635595 0.66675689 0.66715784
 0.66755878 0.66795973 0.66836068 0.66876162 0.66916257 0.66956351
 0.66996446 0.67036541 0.67076635 0.6711673  0.67156824 0.67196919
 0.67237014 0.67277108 0.67317203 0.67357297 0.67397392 0.67437486
 0.67477581 0.67517676 0.6755777  0.67597865 0.67637959 0.67678054
 0.67718149 0.67758243 0.67798338 0.67838432 0.67878527 0.67918622
 0.67958716 0.67998811 0.68038905 0.68079   ]","[ 0.04882761  0.04976387  0.05071646  0.05168561  0.05267158  0.05367463
  0.05469502  0.05573302  0.05678888  0.05786289  0.0589553   0.06006641
  0.06119648  0.0623458   0.06351467  0.06470336  0.06591218  0.06714141
  0.06839137  0.06966235  0.07095467  0.07226863  0.07360455  0.07496276
  0.07634356  0.0777473   0.07917429  0.08062488  0.0820994   0.08359819
  0.0851216   0.08666999  0.08824369  0.08984307  0.0914685   0.09312033
  0.09479893  0.09650469  0.09823797  0.09999916  0.10178865  0.10360682
  0.10545407  0.1073308   0.10923741  0.1111743   0.11314189  0.1151406
  0.11717083  0.11923303  0.12132761  0.123455    0.12561566  0.12781
  0.1300385   0.13230158  0.13459971  0.13693336  0.13930297  0.14170902
  0.14415198  0.14663234  0.14915057  0.15170716  0.15430259  0.15693738
  0.15961201  0.162327    0.16508284  0.16788007  0.17071919  0.17360073
  0.17652522  0.1794932   0.1825052   0.18556176  0.18866343  0.19181076
  0.19500432  0.19824466  0.20153236  0.20486797  0.20825208  0.21168528
  0.21516814  0.21870125  0.22228522  0.22592064  0.22960813  0.23334827
  0.23714171  0.24098904  0.24489091  0.24884793  0.25286074  0.25692999
  0.26105631  0.26524035  0.26948276  0.27378422  0.27814536  0.28256688
  0.28704943  0.2915937   0.29620036  0.30087011  0.30560363  0.31040162
  0.31526478  0.32019382  0.32518944  0.33025236  0.3353833   0.34058299
  0.34585215  0.35119151  0.35660181  0.36208379  0.3676382   0.3732658
  0.37896732  0.38474354  0.39059521  0.39652311  0.402528    0.40861066
  0.41477188  0.42101243  0.42733311  0.4337347   0.44021801  0.44678384
  0.45343298  0.46016625  0.46698446  0.47388843  0.48087897  0.48795691
  0.49512308  0.5023783   0.50972341  0.51715925  0.52468666  0.53230648
  0.54001956  0.54782675  0.55572891  0.56372689  0.57182155  0.58001375
  0.58830437  0.59669426  0.60518431  0.61377538  0.62246835  0.6312641
  0.64016351  0.64916747  0.65827686  0.66749257  0.67681549  0.68624651
  0.69578653  0.70543645  0.71519715  0.72506955  0.73505454  0.74515302
  0.75536591  0.7656941   0.7761385   0.78670002  0.79737956  0.80817804
  0.81909637  0.83013546  0.84129621  0.85257955  0.86398638  0.87551761
  0.88717416  0.89895694  0.91086686  0.92290484  0.93507178  0.9473686
  0.9597962   0.9723555   0.98504741  0.99787282  1.01083266  1.02392782
  1.03715921  1.05052773  1.06403428  1.07767976  1.09146507  1.1053911
  1.11945874  1.13366888  1.14802242  1.16252023  1.1771632   1.1919522
  1.20688812  1.22197182  1.23720417  1.25258605  1.2681183   1.28380179
  1.29963738  1.3156259   1.33176821  1.34806515  1.36451755  1.38112624
  1.39789205  1.4148158   1.4318983   1.44914036  1.46654279  1.48410639
  1.50183194  1.51972023  1.53777204  1.55598815  1.57436931  1.59291628
  1.61162983  1.63051069  1.64955959  1.66877727  1.68816444  1.70772183
  1.72745013  1.74735004  1.76742224  1.78766742  1.80808625  1.82867938
  1.84944746  1.87039115  1.89151105  1.91280781  1.93428203  1.95593431
  1.97776524  1.9997754   2.02196536  2.04433568  2.0668869   2.08961955
  2.11253416  2.13563125  2.1589113   2.1823748   2.20602224  2.22985406
  2.25387072  2.27807265  2.30246028  2.327034    2.35179423  2.37674132
  2.40187567  2.4271976   2.45270747  2.47840559  2.50429227  2.53036781
  2.55663248  2.58308655  2.60973026  2.63656383  2.66358749  2.69080144
  2.71820585  2.74580089  2.77358671  2.80156344  2.82973118  2.85809005
  2.88664012  2.91538144  2.94431407  2.97343802  3.00275331  3.03225992
  3.06195782  3.09184696  3.12192727  3.15219867  3.18266104  3.21331427
  3.24415819  3.27519266  3.30641748  3.33783244  3.36943732  3.40123186
  3.43321581  3.46538886  3.49775072  3.53030104  3.56303948  3.59596566
  3.62907918  3.66237962  3.69586655  3.7295395   3.76339798  3.7974415
  3.83166951  3.86608147  3.9006768   3.93545491  3.97041516  4.00555692
  4.04087953  4.07638228  4.11206446  4.14792533  4.18396414  4.22018009
  4.25657238  4.29314016  4.32988259  4.36679877  4.40388781  4.44114876
  4.47858067  4.51618257  4.55395344  4.59189225  4.62999795  4.66826946
  4.70670567  4.74530545  4.78406765  4.82299107  4.86207453  4.90131678
  4.94071656  4.98027261  5.01998359  5.05984819  5.09986505  5.14003277
  5.18034996  5.22081516  5.26142693  5.30218378  5.34308418  5.38412661
  5.4253095   5.46663126  5.50809027  5.5496849   5.59141348  5.63327431
  5.67526568  5.71738585  5.75963305  5.80200548  5.84450132  5.88711873
  5.92985585  5.97271077  6.01568158  6.05876633  6.10196305  6.14526974
  6.18868439  6.23220495  6.27582935  6.31955549  6.36338127  6.40730453
  6.45132311  6.49543481  6.53963743  6.58392872  6.62830642  6.67276824
  6.71731187  6.76193498  6.80663521  6.85141018  6.89625749  6.94117471
  6.9861594   7.03120908  7.07632126  7.12149342  7.16672303  7.21200752
  7.25734433  7.30273084  7.34816443  7.39364246  7.43916227  7.48472117
  7.53031645  7.57594539  7.62160524  7.66729324  7.71300661  7.75874254
  7.80449821  7.85027077  7.89605738  7.94185515  7.98766118  8.03347257
  8.07928639  8.12509969  8.1709095   8.21671284  8.26250673  8.30828814
  8.35405405  8.39980143  8.4455272   8.49122829  8.53690163  8.58254412
  8.62815263  8.67372403  8.7192552   8.76474298  8.8101842   8.85557568
  8.90091424  8.94619667  8.99141977  9.03658031  9.08167507  9.1267008
  9.17165424  9.21653215  9.26133125  9.30604826  9.3506799   9.39522288
  9.4396739   9.48402965  9.52828682  9.57244209  9.61649214  9.66043364
  9.70426324  9.74797763  9.79157345  9.83504735  9.87839599  9.92161602
  9.96470408 10.00765682 10.05047088 10.09314291 10.13566953 10.1780474
 10.22027316 10.26234345 10.3042549  10.34600418 10.38758792 10.42900277
 10.4702454  10.51131244 10.55220057 10.59290644 10.63342673 10.67375811
 10.71389726 10.75384087 10.79358562 10.83312822 10.87246537 10.9115938
 10.95051021 10.98921134 11.02769394 11.06595476 11.10399055 11.14179808
 11.17937415 11.21671553 11.25381905 11.29068151 11.32729975 11.36367062
 11.39979096 11.43565766 11.4712676  11.50661769 11.54170483 11.57652597
 11.61107805 11.64535804 11.67936294 11.71308973 11.74653544 11.7796971
 11.81257179 11.84515657 11.87744854 11.90944482 11.94114255 11.97253889
 12.00363102 12.03441615 12.06489149 12.09505431 12.12490187 12.15443147
 12.18364043 12.2125261  12.24108584 12.26931705 12.29721715 12.32478359
 12.35201384 12.37890541 12.40545581 12.43166261 12.45752339 12.48303577
 12.50819738 12.53300589 12.557459   12.58155444 12.60528998 12.62866339
 12.65167251 12.67431518 12.69658929 12.71849276 12.74002353 12.76117958
 12.78195892 12.80235961 12.82237972 12.84201736 12.8612707  12.88013789
 12.89861717 12.91670679 12.93440502 12.95171021 12.96862069 12.98513487
 13.00125118 13.01696808 13.03228409 13.04719773 13.06170759 13.07581228
 13.08951046 13.10280081 13.11568207 13.128153   13.14021242 13.15185915
 13.16309209 13.17391017 13.18431233 13.19429759 13.20386497 13.21301357
 13.22174251 13.23005094 13.23793806 13.24540311 13.25244538 13.25906419
 13.26525889 13.2710289  13.27637364 13.28129262 13.28578535 13.2898514
 13.29349038 13.29670193 13.29948574 13.30184156 13.30376914 13.3052683
 13.3063389  13.30698084 13.30719405 13.30697851 13.30633424 13.30526131
 13.30375981 13.3018299  13.29947175 13.29668561 13.29347173 13.28983043
 13.28576206 13.28126701 13.27634572 13.27099865 13.26522634 13.25902932
 13.25240821 13.24536364 13.23789629 13.23000687 13.22169615 13.21296493
 13.20381405 13.19424439 13.18425686 13.17385243 13.1630321  13.1517969
 13.14014792 13.12808626 13.11561309 13.1027296  13.08943703 13.07573663
 13.06162974 13.04711768 13.03220184 13.01688365 13.00116457 12.98504609
 12.96852975 12.95161712 12.93430979 12.91660942 12.89851768 12.88003629
 12.86116698 12.84191156 12.82227182 12.80224964 12.78184688 12.76106548
 12.73990739 12.71837459 12.6964691  12.67419298 12.65154831 12.6285372
 12.60516181 12.58142431 12.55732692 12.53287186 12.50806143 12.4828979
 12.45738363 12.43152096 12.40531228 12.37876001 12.3518666  12.32463451
 12.29706625 12.26916434 12.24093133 12.21236981 12.18348238 12.15427167
 12.12474033 12.09489105 12.06472652 12.03424948 12.00346268 11.97236889
 11.9409709  11.90927154 11.87727364 11.84498007 11.8123937  11.77951745
 11.74635423 11.71290698 11.67917867 11.64517227 11.61089079 11.57633723
 11.54151464 11.50642606 11.47107455 11.43546321 11.39959512 11.3634734
 11.32710118 11.2904816  11.25361782 11.216513   11.17917033 11.141593
 11.10378421 11.06574719 11.02748516 10.98900136 10.95029905 10.91138147
 10.87225191 10.83291363 10.79336992 10.75362407 10.71367939 10.67353919
 10.63320677 10.59268546 10.55197859 10.51108948 10.47002147 10.4287779
 10.38736212 10.34577747 10.3040273  10.26211497 10.22004383 10.17781724
 10.13543855 10.09291112 10.05023832 10.00742349  9.96447001  9.92138122
  9.87816048  9.83481115  9.79133657  9.7477401   9.70402508  9.66019485
  9.61625276  9.57220213  9.52804629  9.48378858  9.4394323   9.39498077
  9.3504373   9.30580519  9.26108772  9.21628818  9.17140986  9.12645601
  9.0814299   9.03633477  8.99117388  8.94595045  8.9006677   8.85532885
  8.80993709  8.76449561  8.71900759  8.67347619  8.62790457  8.58229587
  8.53665321  8.49097971  8.44527847  8.39955257  8.35380509  8.30803909
  8.2622576   8.21646365  8.17066026  8.12485043  8.07903712  8.03322331
  7.98741194  7.94160594  7.89580822  7.85002169  7.8042492   7.75849364
  7.71275782  7.66704459  7.62135673  7.57569704  7.53006827  7.48447318
  7.43891449  7.39339491  7.34791711  7.30248376  7.25709752  7.21176099
  7.16647678  7.12124748  7.07607564  7.03096379  6.98591446  6.94093014
  6.89601329  6.85116637  6.8063918   6.76169198  6.71706929  6.6725261
  6.62806473  6.5836875   6.53939668  6.49519456  6.45108335  6.40706528
  6.36314255  6.31931731  6.27559171  6.23196787  6.18844788  6.14503382
  6.10172772  6.0585316   6.01544747  5.97247729  5.929623    5.88688653
  5.84426977  5.80177459  5.75940284  5.71715633  5.67503686  5.63304619
  5.59118607  5.54945822  5.50786433  5.46640606  5.42508505  5.38390292
  5.34286126  5.30196163  5.26120557  5.2205946   5.18013019  5.13981382
  5.09964691  5.05963088  5.01976711  4.98005696  4.94050177  4.90110284
  4.86186145  4.82277886  4.78385631  4.74509499  4.7064961   4.66806078
  4.62979017  4.59168538  4.55374747  4.51597752  4.47837655  4.44094556
  4.40368554  4.36659744  4.3296822   4.29294073  4.25637389  4.21998256
  4.18376757  4.14772973  4.11186983  4.07618862  4.04068685  4.00536523
  3.97022445  3.93526519  3.90048808  3.86589374  3.83148278  3.79725577
  3.76321326  3.72935578  3.69568384  3.66219793  3.6288985   3.595786
  3.56286084  3.53012343  3.49757413  3.4652133   3.43304127  3.40105836
  3.36926484  3.337661    3.30624707  3.27502329  3.24398986  3.21314697
  3.18249478  3.15203344  3.12176309  3.09168382  3.06179572  3.03209886
  3.00259329  2.97327904  2.94415613  2.91522455  2.88648426  2.85793524
  2.82957741  2.8014107   2.77343501  2.74565023  2.71805623  2.69065286
  2.66343995  2.63641732  2.60958478  2.5829421   2.55648907  2.53022543
  2.50415091  2.47826526  2.45256816  2.42705932  2.4017384   2.37660508
  2.351659    2.32689979  2.30232708  2.27794047  2.25373955  2.22972389
  2.20589307  2.18224664  2.15878414  2.13550508  2.11240899  2.08949537
  2.06676371  2.04421347  2.02184414  1.99965516  1.97764598  1.95581602
  1.93416471  1.91269146  1.89139567  1.87027672  1.84933399  1.82856686
  1.80797468  1.7875568   1.76731256  1.7472413   1.72734232  1.70761496
  1.6880585   1.66867225  1.64945549  1.6304075   1.61152756  1.59281492
  1.57426885  1.55588859  1.53767338  1.51962246  1.50173506  1.48401039
  1.46644767  1.44904612  1.43180492  1.41472329  1.3978004   1.38103545
  1.36442761  1.34797606  1.33167997  1.31553849  1.2995508   1.28371605
  1.26803338  1.25250195  1.23712089  1.22188935  1.20680645  1.19187134
  1.17708313  1.16244095  1.14794393  1.13359118  1.11938181  1.10531494
  1.09138968  1.07760514  1.06396042  1.05045462  1.03708685  1.0238562
  1.01076178  0.99780268  0.98497799  0.97228681  0.95972823  0.94730134
  0.93500523  0.92283899  0.91080172  0.89889249]",restricted_age_optimal,True,True,True,10,1,constraints_[2]_remained,100.81708721559974,98.72479142654184,102.90938300465764,1.0675174674441295,1.7273361441136386,1.6914880727159038,1.7631842155113737,0.018290168431920113,1.7273005590176556,1.6914532261311053,1.7631478919042063,0.01828979163357579,0.8890300356516166,0.8841591438369343,0.8937524450873939,0.002447186852047733,large
0.280245,0.670372,0.503348,0.0663889447570877,3557,100.0,"[0.280245   0.30462794 0.32901088 0.35339381 0.37777675 0.40215969
 0.42654263 0.45092556 0.4753085  0.49969144 0.52407437 0.54845731
 0.57284025 0.59722319 0.62160613 0.64598906 0.670372  ]","[ 0.11245432  0.534158    1.23699747  1.34945179  3.14872083  6.3817824
 11.04863649 13.24149564 10.79561428 14.84396964  9.61484397 11.77958954
  9.4461625   4.13269609  1.79926905  0.534158  ]",0.025,16,normal,0.5013230393590105,"[0.280245   0.28063552 0.28102604 0.28141655 0.28180707 0.28219759
 0.28258811 0.28297862 0.28336914 0.28375966 0.28415018 0.28454069
 0.28493121 0.28532173 0.28571225 0.28610276 0.28649328 0.2868838
 0.28727432 0.28766483 0.28805535 0.28844587 0.28883639 0.2892269
 0.28961742 0.29000794 0.29039846 0.29078897 0.29117949 0.29157001
 0.29196053 0.29235104 0.29274156 0.29313208 0.2935226  0.29391311
 0.29430363 0.29469415 0.29508467 0.29547518 0.2958657  0.29625622
 0.29664674 0.29703725 0.29742777 0.29781829 0.29820881 0.29859932
 0.29898984 0.29938036 0.29977088 0.30016139 0.30055191 0.30094243
 0.30133295 0.30172346 0.30211398 0.3025045  0.30289502 0.30328553
 0.30367605 0.30406657 0.30445709 0.3048476  0.30523812 0.30562864
 0.30601916 0.30640967 0.30680019 0.30719071 0.30758123 0.30797174
 0.30836226 0.30875278 0.3091433  0.30953381 0.30992433 0.31031485
 0.31070537 0.31109588 0.3114864  0.31187692 0.31226744 0.31265795
 0.31304847 0.31343899 0.31382951 0.31422002 0.31461054 0.31500106
 0.31539158 0.31578209 0.31617261 0.31656313 0.31695365 0.31734416
 0.31773468 0.3181252  0.31851572 0.31890623 0.31929675 0.31968727
 0.32007779 0.3204683  0.32085882 0.32124934 0.32163986 0.32203037
 0.32242089 0.32281141 0.32320193 0.32359244 0.32398296 0.32437348
 0.324764   0.32515451 0.32554503 0.32593555 0.32632607 0.32671658
 0.3271071  0.32749762 0.32788814 0.32827865 0.32866917 0.32905969
 0.32945021 0.32984072 0.33023124 0.33062176 0.33101228 0.33140279
 0.33179331 0.33218383 0.33257435 0.33296486 0.33335538 0.3337459
 0.33413642 0.33452693 0.33491745 0.33530797 0.33569849 0.33608901
 0.33647952 0.33687004 0.33726056 0.33765108 0.33804159 0.33843211
 0.33882263 0.33921315 0.33960366 0.33999418 0.3403847  0.34077522
 0.34116573 0.34155625 0.34194677 0.34233729 0.3427278  0.34311832
 0.34350884 0.34389936 0.34428987 0.34468039 0.34507091 0.34546143
 0.34585194 0.34624246 0.34663298 0.3470235  0.34741401 0.34780453
 0.34819505 0.34858557 0.34897608 0.3493666  0.34975712 0.35014764
 0.35053815 0.35092867 0.35131919 0.35170971 0.35210022 0.35249074
 0.35288126 0.35327178 0.35366229 0.35405281 0.35444333 0.35483385
 0.35522436 0.35561488 0.3560054  0.35639592 0.35678643 0.35717695
 0.35756747 0.35795799 0.3583485  0.35873902 0.35912954 0.35952006
 0.35991057 0.36030109 0.36069161 0.36108213 0.36147264 0.36186316
 0.36225368 0.3626442  0.36303471 0.36342523 0.36381575 0.36420627
 0.36459678 0.3649873  0.36537782 0.36576834 0.36615885 0.36654937
 0.36693989 0.36733041 0.36772092 0.36811144 0.36850196 0.36889248
 0.36928299 0.36967351 0.37006403 0.37045455 0.37084506 0.37123558
 0.3716261  0.37201662 0.37240713 0.37279765 0.37318817 0.37357869
 0.3739692  0.37435972 0.37475024 0.37514076 0.37553127 0.37592179
 0.37631231 0.37670283 0.37709334 0.37748386 0.37787438 0.3782649
 0.37865541 0.37904593 0.37943645 0.37982697 0.38021748 0.380608
 0.38099852 0.38138904 0.38177955 0.38217007 0.38256059 0.38295111
 0.38334162 0.38373214 0.38412266 0.38451318 0.38490369 0.38529421
 0.38568473 0.38607525 0.38646576 0.38685628 0.3872468  0.38763732
 0.38802783 0.38841835 0.38880887 0.38919939 0.3895899  0.38998042
 0.39037094 0.39076146 0.39115197 0.39154249 0.39193301 0.39232353
 0.39271405 0.39310456 0.39349508 0.3938856  0.39427612 0.39466663
 0.39505715 0.39544767 0.39583819 0.3962287  0.39661922 0.39700974
 0.39740026 0.39779077 0.39818129 0.39857181 0.39896233 0.39935284
 0.39974336 0.40013388 0.4005244  0.40091491 0.40130543 0.40169595
 0.40208647 0.40247698 0.4028675  0.40325802 0.40364854 0.40403905
 0.40442957 0.40482009 0.40521061 0.40560112 0.40599164 0.40638216
 0.40677268 0.40716319 0.40755371 0.40794423 0.40833475 0.40872526
 0.40911578 0.4095063  0.40989682 0.41028733 0.41067785 0.41106837
 0.41145889 0.4118494  0.41223992 0.41263044 0.41302096 0.41341147
 0.41380199 0.41419251 0.41458303 0.41497354 0.41536406 0.41575458
 0.4161451  0.41653561 0.41692613 0.41731665 0.41770717 0.41809768
 0.4184882  0.41887872 0.41926924 0.41965975 0.42005027 0.42044079
 0.42083131 0.42122182 0.42161234 0.42200286 0.42239338 0.42278389
 0.42317441 0.42356493 0.42395545 0.42434596 0.42473648 0.425127
 0.42551752 0.42590803 0.42629855 0.42668907 0.42707959 0.4274701
 0.42786062 0.42825114 0.42864166 0.42903217 0.42942269 0.42981321
 0.43020373 0.43059424 0.43098476 0.43137528 0.4317658  0.43215631
 0.43254683 0.43293735 0.43332787 0.43371838 0.4341089  0.43449942
 0.43488994 0.43528045 0.43567097 0.43606149 0.43645201 0.43684252
 0.43723304 0.43762356 0.43801408 0.43840459 0.43879511 0.43918563
 0.43957615 0.43996666 0.44035718 0.4407477  0.44113822 0.44152873
 0.44191925 0.44230977 0.44270029 0.4430908  0.44348132 0.44387184
 0.44426236 0.44465287 0.44504339 0.44543391 0.44582443 0.44621494
 0.44660546 0.44699598 0.4473865  0.44777702 0.44816753 0.44855805
 0.44894857 0.44933909 0.4497296  0.45012012 0.45051064 0.45090116
 0.45129167 0.45168219 0.45207271 0.45246323 0.45285374 0.45324426
 0.45363478 0.4540253  0.45441581 0.45480633 0.45519685 0.45558737
 0.45597788 0.4563684  0.45675892 0.45714944 0.45753995 0.45793047
 0.45832099 0.45871151 0.45910202 0.45949254 0.45988306 0.46027358
 0.46066409 0.46105461 0.46144513 0.46183565 0.46222616 0.46261668
 0.4630072  0.46339772 0.46378823 0.46417875 0.46456927 0.46495979
 0.4653503  0.46574082 0.46613134 0.46652186 0.46691237 0.46730289
 0.46769341 0.46808393 0.46847444 0.46886496 0.46925548 0.469646
 0.47003651 0.47042703 0.47081755 0.47120807 0.47159858 0.4719891
 0.47237962 0.47277014 0.47316065 0.47355117 0.47394169 0.47433221
 0.47472272 0.47511324 0.47550376 0.47589428 0.47628479 0.47667531
 0.47706583 0.47745635 0.47784686 0.47823738 0.4786279  0.47901842
 0.47940893 0.47979945 0.48018997 0.48058049 0.480971   0.48136152
 0.48175204 0.48214256 0.48253307 0.48292359 0.48331411 0.48370463
 0.48409514 0.48448566 0.48487618 0.4852667  0.48565721 0.48604773
 0.48643825 0.48682877 0.48721928 0.4876098  0.48800032 0.48839084
 0.48878135 0.48917187 0.48956239 0.48995291 0.49034342 0.49073394
 0.49112446 0.49151498 0.49190549 0.49229601 0.49268653 0.49307705
 0.49346756 0.49385808 0.4942486  0.49463912 0.49502963 0.49542015
 0.49581067 0.49620119 0.4965917  0.49698222 0.49737274 0.49776326
 0.49815377 0.49854429 0.49893481 0.49932533 0.49971584 0.50010636
 0.50049688 0.5008874  0.50127791 0.50166843 0.50205895 0.50244947
 0.50283998 0.5032305  0.50362102 0.50401154 0.50440206 0.50479257
 0.50518309 0.50557361 0.50596413 0.50635464 0.50674516 0.50713568
 0.5075262  0.50791671 0.50830723 0.50869775 0.50908827 0.50947878
 0.5098693  0.51025982 0.51065034 0.51104085 0.51143137 0.51182189
 0.51221241 0.51260292 0.51299344 0.51338396 0.51377448 0.51416499
 0.51455551 0.51494603 0.51533655 0.51572706 0.51611758 0.5165081
 0.51689862 0.51728913 0.51767965 0.51807017 0.51846069 0.5188512
 0.51924172 0.51963224 0.52002276 0.52041327 0.52080379 0.52119431
 0.52158483 0.52197534 0.52236586 0.52275638 0.5231469  0.52353741
 0.52392793 0.52431845 0.52470897 0.52509948 0.52549    0.52588052
 0.52627104 0.52666155 0.52705207 0.52744259 0.52783311 0.52822362
 0.52861414 0.52900466 0.52939518 0.52978569 0.53017621 0.53056673
 0.53095725 0.53134776 0.53173828 0.5321288  0.53251932 0.53290983
 0.53330035 0.53369087 0.53408139 0.5344719  0.53486242 0.53525294
 0.53564346 0.53603397 0.53642449 0.53681501 0.53720553 0.53759604
 0.53798656 0.53837708 0.5387676  0.53915811 0.53954863 0.53993915
 0.54032967 0.54072018 0.5411107  0.54150122 0.54189174 0.54228225
 0.54267277 0.54306329 0.54345381 0.54384432 0.54423484 0.54462536
 0.54501588 0.54540639 0.54579691 0.54618743 0.54657795 0.54696846
 0.54735898 0.5477495  0.54814002 0.54853053 0.54892105 0.54931157
 0.54970209 0.5500926  0.55048312 0.55087364 0.55126416 0.55165467
 0.55204519 0.55243571 0.55282623 0.55321674 0.55360726 0.55399778
 0.5543883  0.55477881 0.55516933 0.55555985 0.55595037 0.55634088
 0.5567314  0.55712192 0.55751244 0.55790295 0.55829347 0.55868399
 0.55907451 0.55946503 0.55985554 0.56024606 0.56063658 0.5610271
 0.56141761 0.56180813 0.56219865 0.56258917 0.56297968 0.5633702
 0.56376072 0.56415124 0.56454175 0.56493227 0.56532279 0.56571331
 0.56610382 0.56649434 0.56688486 0.56727538 0.56766589 0.56805641
 0.56844693 0.56883745 0.56922796 0.56961848 0.570009   0.57039952
 0.57079003 0.57118055 0.57157107 0.57196159 0.5723521  0.57274262
 0.57313314 0.57352366 0.57391417 0.57430469 0.57469521 0.57508573
 0.57547624 0.57586676 0.57625728 0.5766478  0.57703831 0.57742883
 0.57781935 0.57820987 0.57860038 0.5789909  0.57938142 0.57977194
 0.58016245 0.58055297 0.58094349 0.58133401 0.58172452 0.58211504
 0.58250556 0.58289608 0.58328659 0.58367711 0.58406763 0.58445815
 0.58484866 0.58523918 0.5856297  0.58602022 0.58641073 0.58680125
 0.58719177 0.58758229 0.5879728  0.58836332 0.58875384 0.58914436
 0.58953487 0.58992539 0.59031591 0.59070643 0.59109694 0.59148746
 0.59187798 0.5922685  0.59265901 0.59304953 0.59344005 0.59383057
 0.59422108 0.5946116  0.59500212 0.59539264 0.59578315 0.59617367
 0.59656419 0.59695471 0.59734522 0.59773574 0.59812626 0.59851678
 0.59890729 0.59929781 0.59968833 0.60007885 0.60046936 0.60085988
 0.6012504  0.60164092 0.60203143 0.60242195 0.60281247 0.60320299
 0.6035935  0.60398402 0.60437454 0.60476506 0.60515557 0.60554609
 0.60593661 0.60632713 0.60671764 0.60710816 0.60749868 0.6078892
 0.60827971 0.60867023 0.60906075 0.60945127 0.60984178 0.6102323
 0.61062282 0.61101334 0.61140385 0.61179437 0.61218489 0.61257541
 0.61296592 0.61335644 0.61374696 0.61413748 0.61452799 0.61491851
 0.61530903 0.61569955 0.61609007 0.61648058 0.6168711  0.61726162
 0.61765214 0.61804265 0.61843317 0.61882369 0.61921421 0.61960472
 0.61999524 0.62038576 0.62077628 0.62116679 0.62155731 0.62194783
 0.62233835 0.62272886 0.62311938 0.6235099  0.62390042 0.62429093
 0.62468145 0.62507197 0.62546249 0.625853   0.62624352 0.62663404
 0.62702456 0.62741507 0.62780559 0.62819611 0.62858663 0.62897714
 0.62936766 0.62975818 0.6301487  0.63053921 0.63092973 0.63132025
 0.63171077 0.63210128 0.6324918  0.63288232 0.63327284 0.63366335
 0.63405387 0.63444439 0.63483491 0.63522542 0.63561594 0.63600646
 0.63639698 0.63678749 0.63717801 0.63756853 0.63795905 0.63834956
 0.63874008 0.6391306  0.63952112 0.63991163 0.64030215 0.64069267
 0.64108319 0.6414737  0.64186422 0.64225474 0.64264526 0.64303577
 0.64342629 0.64381681 0.64420733 0.64459784 0.64498836 0.64537888
 0.6457694  0.64615991 0.64655043 0.64694095 0.64733147 0.64772198
 0.6481125  0.64850302 0.64889354 0.64928405 0.64967457 0.65006509
 0.65045561 0.65084612 0.65123664 0.65162716 0.65201768 0.65240819
 0.65279871 0.65318923 0.65357975 0.65397026 0.65436078 0.6547513
 0.65514182 0.65553233 0.65592285 0.65631337 0.65670389 0.6570944
 0.65748492 0.65787544 0.65826596 0.65865647 0.65904699 0.65943751
 0.65982803 0.66021854 0.66060906 0.66099958 0.6613901  0.66178061
 0.66217113 0.66256165 0.66295217 0.66334268 0.6637332  0.66412372
 0.66451424 0.66490475 0.66529527 0.66568579 0.66607631 0.66646682
 0.66685734 0.66724786 0.66763838 0.66802889 0.66841941 0.66880993
 0.66920045 0.66959096 0.66998148 0.670372  ]","[ 0.05726828  0.05840011  0.05955225  0.06072502  0.06191874  0.06313374
  0.06437036  0.06562893  0.06690979  0.06821329  0.06953977  0.0708896
  0.07226313  0.07366072  0.07508275  0.07652958  0.07800159  0.07949916
  0.08102268  0.08257254  0.08414914  0.08575287  0.08738415  0.08904337
  0.09073096  0.09244733  0.09419292  0.09596814  0.09777344  0.09960925
  0.10147602  0.10337419  0.10530423  0.1072666   0.10926175  0.11129016
  0.1133523   0.11544866  0.11757972  0.11974598  0.12194793  0.12418607
  0.12646091  0.12877297  0.13112276  0.13351081  0.13593764  0.1384038
  0.14090983  0.14345627  0.14604367  0.14867259  0.1513436   0.15405727
  0.15681417  0.15961488  0.16245999  0.16535009  0.16828579  0.17126767
  0.17429637  0.17737248  0.18049665  0.18366948  0.18689162  0.1901637
  0.19348638  0.1968603   0.20028613  0.20376452  0.20729615  0.21088169
  0.21452183  0.21821725  0.22196865  0.22577673  0.22964219  0.23356575
  0.23754813  0.24159004  0.24569224  0.24985544  0.25408039  0.25836785
  0.26271856  0.26713329  0.27161281  0.27615789  0.28076931  0.28544786
  0.29019433  0.29500951  0.29989422  0.30484926  0.30987544  0.3149736
  0.32014455  0.32538914  0.3307082   0.33610258  0.34157313  0.34712072
  0.35274619  0.35845044  0.36423432  0.37009872  0.37604453  0.38207264
  0.38818396  0.39437938  0.40065981  0.40702618  0.4134794   0.4200204
  0.42665011  0.43336947  0.44017942  0.44708091  0.4540749   0.46116235
  0.46834421  0.47562146  0.48299508  0.49046604  0.49803533  0.50570393
  0.51347285  0.52134307  0.52931562  0.53739148  0.54557169  0.55385725
  0.56224918  0.57074852  0.5793563   0.58807355  0.5969013   0.60584061
  0.61489252  0.62405808  0.63333835  0.64273438  0.65224725  0.661878
  0.67162772  0.68149748  0.69148835  0.70160141  0.71183774  0.72219843
  0.73268457  0.74329724  0.75403754  0.76490657  0.77590543  0.7870352
  0.798297    0.80969194  0.8212211   0.83288562  0.84468658  0.85662511
  0.86870232  0.88091932  0.89327722  0.90577714  0.9184202   0.93120752
  0.9441402   0.95721937  0.97044615  0.98382166  0.997347    1.01102331
  1.02485169  1.03883327  1.05296916  1.06726047  1.08170832  1.09631383
  1.11107809  1.12600223  1.14108734  1.15633454  1.17174493  1.18731961
  1.20305967  1.21896623  1.23504036  1.25128315  1.26769571  1.2842791
  1.30103441  1.31796271  1.33506508  1.35234258  1.36979628  1.38742723
  1.4052365   1.42322511  1.44139413  1.45974459  1.47827752  1.49699394
  1.51589488  1.53498134  1.55425434  1.57371488  1.59336395  1.61320253
  1.63323161  1.65345214  1.67386511  1.69447145  1.71527212  1.73626805
  1.75746017  1.77884941  1.80043666  1.82222284  1.84420882  1.8663955
  1.88878374  1.9113744   1.93416832  1.95716635  1.98036932  2.00377803
  2.02739328  2.05121588  2.0752466   2.09948619  2.12393542  2.14859503
  2.17346574  2.19854826  2.22384329  2.24935152  2.27507362  2.30101024
  2.32716202  2.35352958  2.38011355  2.40691451  2.43393304  2.4611697
  2.48862504  2.51629959  2.54419386  2.57230834  2.60064351  2.62919983
  2.65797774  2.68697767  2.71620002  2.74564517  2.7753135   2.80520534
  2.83532103  2.86566088  2.89622516  2.92701416  2.95802812  2.98926725
  3.02073178  3.05242188  3.08433771  3.11647941  3.14884711  3.18144089
  3.21426083  3.24730698  3.28057938  3.31407801  3.34780286  3.38175389
  3.41593103  3.45033419  3.48496325  3.51981808  3.55489849  3.59020431
  3.62573532  3.66149127  3.6974719   3.73367691  3.77010598  3.80675877
  3.84363489  3.88073396  3.91805553  3.95559917  3.99336437  4.03135065
  4.06955744  4.1079842   4.14663032  4.18549517  4.22457812  4.26387848
  4.30339553  4.34312855  4.38307675  4.42323935  4.46361551  4.50420439
  4.54500508  4.58601667  4.62723823  4.66866876  4.71030725  4.75215268
  4.79420397  4.83646001  4.87891968  4.92158181  4.96444521  5.00750865
  5.05077087  5.09423059  5.13788648  5.18173718  5.22578133  5.27001749
  5.31444422  5.35906005  5.40386344  5.44885287  5.49402675  5.53938348
  5.5849214   5.63063886  5.67653413  5.72260548  5.76885115  5.81526931
  5.86185814  5.90861577  5.95554029  6.00262978  6.04988225  6.09729572
  6.14486815  6.19259748  6.2404816   6.2885184   6.3367057   6.38504132
  6.43352302  6.48214856  6.53091563  6.57982192  6.62886507  6.67804269
  6.72735237  6.77679166  6.82635807  6.8760491   6.9258622   6.97579479
  7.02584426  7.07600799  7.1262833   7.17666749  7.22715784  7.27775158
  7.32844593  7.37923806  7.43012513  7.48110426  7.53217253  7.58332702
  7.63456475  7.68588273  7.73727794  7.78874733  7.8402878   7.89189627
  7.94356958  7.99530458  8.04709808  8.09894686  8.15084767  8.20279726
  8.25479231  8.30682952  8.35890553  8.41101698  8.46316046  8.51533255
  8.56752981  8.61974878  8.67198595  8.72423782  8.77650084  8.82877146
  8.88104609  8.93332112  8.98559294  9.03785789  9.09011231  9.14235251
  9.19457478  9.2467754   9.29895062  9.35109667  9.40320978  9.45528615
  9.50732195  9.55931335  9.61125651  9.66314756  9.71498261  9.76675776
  9.81846912  9.87011274  9.92168469  9.97318102 10.02459777 10.07593095
 10.12717657 10.17833064 10.22938914 10.28034806 10.33120336 10.381951
 10.43258692 10.48310709 10.53350742 10.58378385 10.63393229 10.68394867
 10.73382889 10.78356886 10.83316447 10.88261163 10.93190622 10.98104414
 11.03002127 11.0788335  11.12747671 11.1759468  11.22423963 11.27235111
 11.3202771  11.36801352 11.41555623 11.46290114 11.51004413 11.55698113
 11.60370801 11.65022071 11.69651513 11.7425872  11.78843285 11.834048
 11.87942862 11.92457065 11.96947006 12.01412282 12.05852491 12.10267233
 12.14656109 12.1901872  12.23354671 12.27663564 12.31945007 12.36198607
 12.40423973 12.44620716 12.48788447 12.52926781 12.57035333 12.61113721
 12.65161565 12.69178485 12.73164106 12.77118052 12.81039952 12.84929434
 12.88786132 12.92609679 12.96399713 13.00155871 13.03877796 13.07565131
 13.11217525 13.14834624 13.18416083 13.21961555 13.25470697 13.28943172
 13.3237864  13.3577677  13.3913723  13.42459693 13.45743834 13.48989332
 13.52195869 13.55363129 13.58490803 13.61578581 13.64626159 13.67633236
 13.70599515 13.735247   13.76408503 13.79250636 13.82050817 13.84808766
 13.87524207 13.90196871 13.92826488 13.95412796 13.97955534 14.00454448
 14.02909286 14.05319801 14.07685749 14.10006891 14.12282994 14.14513826
 14.16699162 14.1883878  14.20932463 14.22979998 14.24981177 14.26935795
 14.28843655 14.3070456  14.32518322 14.34284754 14.36003676 14.37674912
 14.39298292 14.40873647 14.42400818 14.43879646 14.45309981 14.46691674
 14.48024585 14.49308575 14.50543512 14.51729269 14.52865724 14.5395276
 14.54990263 14.55978128 14.56916252 14.57804537 14.58642893 14.59431232
 14.60169473 14.6085754  14.6149536  14.62082868 14.62620004 14.63106711
 14.63542938 14.63928642 14.64263781 14.64548321 14.64782232 14.64965491
 14.65098077 14.65179978 14.65211185 14.65191694 14.65121508 14.65000634
 14.64829085 14.64606877 14.64334035 14.64010586 14.63636565 14.6321201
 14.62736964 14.62211478 14.61635606 14.61009407 14.60332947 14.59606294
 14.58829526 14.58002721 14.57125967 14.56199352 14.55222974 14.54196932
 14.53121334 14.51996289 14.50821915 14.49598333 14.48325667 14.4700405
 14.45633618 14.44214512 14.42746877 14.41230865 14.3966663  14.38054335
 14.36394143 14.34686226 14.32930757 14.31127917 14.2927789  14.27380865
 14.25437035 14.23446598 14.21409758 14.19326721 14.171977   14.1502291
 14.12802572 14.10536911 14.08226156 14.05870541 14.03470305 14.01025688
 13.98536938 13.96004305 13.93428043 13.90808411 13.88145672 13.85440093
 13.82691943 13.79901498 13.77069035 13.74194837 13.71279189 13.68322381
 13.65324706 13.62286461 13.59207946 13.56089466 13.52931326 13.49733838
 13.46497316 13.43222077 13.39908442 13.36556734 13.3316728  13.29740411
 13.26276459 13.2277576  13.19238654 13.15665481 13.12056587 13.0841232
 13.04733028 13.01019065 12.97270786 12.9348855  12.89672715 12.85823646
 12.81941708 12.78027267 12.74080693 12.7010236  12.66092639 12.62051908
 12.57980545 12.5387893  12.49747445 12.45586473 12.41396401 12.37177615
 12.32930506 12.28655462 12.24352877 12.20023145 12.1566666  12.11283818
 12.06875018 12.02440659 11.9798114  11.93496864 11.88988232 11.84455648
 11.79899517 11.75320243 11.70718233 11.66093893 11.61447631 11.56779856
 11.52090976 11.47381401 11.42651539 11.37901803 11.33132602 11.28344347
 11.23537449 11.1871232  11.13869372 11.09009015 11.04131661 10.99237722
 10.9432761  10.89401735 10.84460508 10.79504341 10.74533644 10.69548827
 10.645503   10.59538471 10.5451375  10.49476544 10.4442726  10.39366307
 10.34294089 10.29211011 10.24117478 10.19013894 10.13900659 10.08778177
 10.03646847  9.98507069  9.9335924   9.88203757  9.83041016  9.77871411
  9.72695335  9.67513179  9.62325334  9.57132188  9.51934129  9.4673154
  9.41524807  9.36314312  9.31100434  9.25883552  9.20664044  9.15442284
  9.10218646  9.04993499  8.99767215  8.9454016   8.89312698  8.84085194
  8.78858008  8.73631498  8.68406022  8.63181934  8.57959586  8.52739327
  8.47521505  8.42306465  8.3709455   8.318861    8.26681453  8.21480944
  8.16284905  8.11093667  8.05907558  8.00726902  7.95552021  7.90383236
  7.85220863  7.80065216  7.74916608  7.69775345  7.64641736  7.59516081
  7.54398682  7.49289836  7.44189837  7.39098977  7.34017544  7.28945825
  7.23884101  7.18832652  7.13791755  7.08761684  7.03742709  6.98735097
  6.93739113  6.88755019  6.83783073  6.78823529  6.7387664   6.68942655
  6.64021819  6.59114375  6.54220562  6.49340617  6.44474772  6.39623258
  6.347863    6.29964123  6.25156946  6.20364986  6.15588457  6.1082757
  6.06082531  6.01353545  5.96640812  5.9194453   5.87264894  5.82602093
  5.77956316  5.73327747  5.68716567  5.64122955  5.59547085  5.54989129
  5.50449254  5.45927626  5.41424406  5.36939753  5.32473823  5.28026766
  5.23598733  5.19189868  5.14800315  5.10430211  5.06079694  5.01748897
  4.97437947  4.93146974  4.88876099  4.84625442  4.80395122  4.76185251
  4.71995942  4.678273    4.63679432  4.59552439  4.55446418  4.51361467
  4.47297677  4.43255137  4.39233934  4.35234152  4.3125587   4.27299167
  4.23364117  4.19450792  4.1555926   4.11689588  4.07841837  4.04016069
  4.00212341  3.96430707  3.92671218  3.88933925  3.85218872  3.81526104
  3.7785566   3.7420758   3.70581898  3.66978647  3.63397857  3.59839556
  3.56303768  3.52790515  3.49299818  3.45831693  3.42386155  3.38963217
  3.35562888  3.32185175  3.28830083  3.25497616  3.22187772  3.18900551
  3.15635946  3.12393953  3.09174561  3.05977759  3.02803534  2.9965187
  2.96522749  2.93416151  2.90332055  2.87270435  2.84231267  2.8121452
  2.78220165  2.7524817   2.72298501  2.6937112   2.66465991  2.63583072
  2.60722323  2.57883699  2.55067155  2.52272643  2.49500115  2.4674952
  2.44020805  2.41313916  2.38628797  2.35965391  2.33323639  2.30703479
  2.28104851  2.25527689  2.2297193   2.20437505  2.17924348  2.15432389
  2.12961556  2.10511778  2.0808298   2.05675088  2.03288025  2.00921715
  1.98576078  1.96251034  1.93946502  1.916624    1.89398644  1.8715515
  1.84931832  1.82728603  1.80545376  1.78382061  1.7623857   1.7411481
  1.72010691  1.6992612   1.67861003  1.65815246  1.63788754  1.6178143
  1.59793179  1.57823901  1.55873499  1.53941874  1.52028925  1.50134553
  1.48258656  1.46401131  1.44561878  1.42740792  1.40937771  1.39152709
  1.37385502  1.35636045  1.33904232  1.32189958  1.30493114  1.28813595
  1.27151292  1.25506099  1.23877905  1.22266604  1.20672086  1.19094241
  1.17532961  1.15988135  1.14459654  1.12947406  1.11451282  1.09971171
  1.08506962  1.07058543  1.05625804  1.04208634  1.0280692   1.01420551
  1.00049415  0.98693402  0.97352399  0.96026294  0.94714975  0.93418331
  0.9213625   0.90868621  0.8961533   0.88376268  0.87151322  0.8594038
  0.84743332  0.83560066  0.82390472  0.81234437  0.80091851  0.78962604
  0.77846585  0.76743684  0.75653791  0.74576795  0.73512588  0.7246106
  0.71422101  0.70395604  0.69381459  0.68379558  0.67389793  0.66412056
  0.65446241  0.6449224   0.63549946  0.62619253  0.61700055  0.60792247
  0.59895723  0.59010379  0.5813611   0.57272812]",restricted_age_optimal,True,True,True,10,1,constraints_[3]_remained,90.93333487854075,88.86435133984445,93.00231841723705,1.0556232435984438,1.6057057398009302,1.5691715167013847,1.6422399629004758,0.01864025226367567,1.6056724344652964,1.569138969153764,1.6422058997768287,0.018639865630033805,0.8718923230050254,0.8664032489212385,0.8772227472368641,0.002760038103796736,large
0.306134,0.659963,0.498631,0.0631922305916301,2276,100.0,"[0.306134  0.3297226 0.3533112 0.3768998 0.4004884 0.424077  0.4476656
 0.4712542 0.4948428 0.5184314 0.54202   0.5656086 0.5891972 0.6127858
 0.6363744 0.659963 ]","[ 0.35149385  1.4059754   1.18629174  2.59226714  5.40421793 10.89630931
 15.42179262 10.89630931 14.58699473  9.75395431 10.85237258  9.49033392
  4.78910369  1.80140598  0.5711775 ]",0.025,15,normal,0.4980335702987697,"[0.306134   0.30648818 0.30684237 0.30719655 0.30755073 0.30790492
 0.3082591  0.30861328 0.30896747 0.30932165 0.30967583 0.31003002
 0.3103842  0.31073838 0.31109256 0.31144675 0.31180093 0.31215511
 0.3125093  0.31286348 0.31321766 0.31357185 0.31392603 0.31428021
 0.3146344  0.31498858 0.31534276 0.31569695 0.31605113 0.31640531
 0.3167595  0.31711368 0.31746786 0.31782205 0.31817623 0.31853041
 0.31888459 0.31923878 0.31959296 0.31994714 0.32030133 0.32065551
 0.32100969 0.32136388 0.32171806 0.32207224 0.32242643 0.32278061
 0.32313479 0.32348898 0.32384316 0.32419734 0.32455153 0.32490571
 0.32525989 0.32561408 0.32596826 0.32632244 0.32667662 0.32703081
 0.32738499 0.32773917 0.32809336 0.32844754 0.32880172 0.32915591
 0.32951009 0.32986427 0.33021846 0.33057264 0.33092682 0.33128101
 0.33163519 0.33198937 0.33234356 0.33269774 0.33305192 0.33340611
 0.33376029 0.33411447 0.33446865 0.33482284 0.33517702 0.3355312
 0.33588539 0.33623957 0.33659375 0.33694794 0.33730212 0.3376563
 0.33801049 0.33836467 0.33871885 0.33907304 0.33942722 0.3397814
 0.34013559 0.34048977 0.34084395 0.34119814 0.34155232 0.3419065
 0.34226068 0.34261487 0.34296905 0.34332323 0.34367742 0.3440316
 0.34438578 0.34473997 0.34509415 0.34544833 0.34580252 0.3461567
 0.34651088 0.34686507 0.34721925 0.34757343 0.34792762 0.3482818
 0.34863598 0.34899017 0.34934435 0.34969853 0.35005271 0.3504069
 0.35076108 0.35111526 0.35146945 0.35182363 0.35217781 0.352532
 0.35288618 0.35324036 0.35359455 0.35394873 0.35430291 0.3546571
 0.35501128 0.35536546 0.35571965 0.35607383 0.35642801 0.3567822
 0.35713638 0.35749056 0.35784474 0.35819893 0.35855311 0.35890729
 0.35926148 0.35961566 0.35996984 0.36032403 0.36067821 0.36103239
 0.36138658 0.36174076 0.36209494 0.36244913 0.36280331 0.36315749
 0.36351168 0.36386586 0.36422004 0.36457423 0.36492841 0.36528259
 0.36563677 0.36599096 0.36634514 0.36669932 0.36705351 0.36740769
 0.36776187 0.36811606 0.36847024 0.36882442 0.36917861 0.36953279
 0.36988697 0.37024116 0.37059534 0.37094952 0.37130371 0.37165789
 0.37201207 0.37236626 0.37272044 0.37307462 0.3734288  0.37378299
 0.37413717 0.37449135 0.37484554 0.37519972 0.3755539  0.37590809
 0.37626227 0.37661645 0.37697064 0.37732482 0.377679   0.37803319
 0.37838737 0.37874155 0.37909574 0.37944992 0.3798041  0.38015829
 0.38051247 0.38086665 0.38122083 0.38157502 0.3819292  0.38228338
 0.38263757 0.38299175 0.38334593 0.38370012 0.3840543  0.38440848
 0.38476267 0.38511685 0.38547103 0.38582522 0.3861794  0.38653358
 0.38688777 0.38724195 0.38759613 0.38795032 0.3883045  0.38865868
 0.38901286 0.38936705 0.38972123 0.39007541 0.3904296  0.39078378
 0.39113796 0.39149215 0.39184633 0.39220051 0.3925547  0.39290888
 0.39326306 0.39361725 0.39397143 0.39432561 0.3946798  0.39503398
 0.39538816 0.39574235 0.39609653 0.39645071 0.39680489 0.39715908
 0.39751326 0.39786744 0.39822163 0.39857581 0.39892999 0.39928418
 0.39963836 0.39999254 0.40034673 0.40070091 0.40105509 0.40140928
 0.40176346 0.40211764 0.40247183 0.40282601 0.40318019 0.40353438
 0.40388856 0.40424274 0.40459692 0.40495111 0.40530529 0.40565947
 0.40601366 0.40636784 0.40672202 0.40707621 0.40743039 0.40778457
 0.40813876 0.40849294 0.40884712 0.40920131 0.40955549 0.40990967
 0.41026386 0.41061804 0.41097222 0.41132641 0.41168059 0.41203477
 0.41238895 0.41274314 0.41309732 0.4134515  0.41380569 0.41415987
 0.41451405 0.41486824 0.41522242 0.4155766  0.41593079 0.41628497
 0.41663915 0.41699334 0.41734752 0.4177017  0.41805589 0.41841007
 0.41876425 0.41911844 0.41947262 0.4198268  0.42018098 0.42053517
 0.42088935 0.42124353 0.42159772 0.4219519  0.42230608 0.42266027
 0.42301445 0.42336863 0.42372282 0.424077   0.42443118 0.42478537
 0.42513955 0.42549373 0.42584792 0.4262021  0.42655628 0.42691047
 0.42726465 0.42761883 0.42797302 0.4283272  0.42868138 0.42903556
 0.42938975 0.42974393 0.43009811 0.4304523  0.43080648 0.43116066
 0.43151485 0.43186903 0.43222321 0.4325774  0.43293158 0.43328576
 0.43363995 0.43399413 0.43434831 0.4347025  0.43505668 0.43541086
 0.43576505 0.43611923 0.43647341 0.43682759 0.43718178 0.43753596
 0.43789014 0.43824433 0.43859851 0.43895269 0.43930688 0.43966106
 0.44001524 0.44036943 0.44072361 0.44107779 0.44143198 0.44178616
 0.44214034 0.44249453 0.44284871 0.44320289 0.44355708 0.44391126
 0.44426544 0.44461962 0.44497381 0.44532799 0.44568217 0.44603636
 0.44639054 0.44674472 0.44709891 0.44745309 0.44780727 0.44816146
 0.44851564 0.44886982 0.44922401 0.44957819 0.44993237 0.45028656
 0.45064074 0.45099492 0.45134911 0.45170329 0.45205747 0.45241165
 0.45276584 0.45312002 0.4534742  0.45382839 0.45418257 0.45453675
 0.45489094 0.45524512 0.4555993  0.45595349 0.45630767 0.45666185
 0.45701604 0.45737022 0.4577244  0.45807859 0.45843277 0.45878695
 0.45914114 0.45949532 0.4598495  0.46020368 0.46055787 0.46091205
 0.46126623 0.46162042 0.4619746  0.46232878 0.46268297 0.46303715
 0.46339133 0.46374552 0.4640997  0.46445388 0.46480807 0.46516225
 0.46551643 0.46587062 0.4662248  0.46657898 0.46693317 0.46728735
 0.46764153 0.46799571 0.4683499  0.46870408 0.46905826 0.46941245
 0.46976663 0.47012081 0.470475   0.47082918 0.47118336 0.47153755
 0.47189173 0.47224591 0.4726001  0.47295428 0.47330846 0.47366265
 0.47401683 0.47437101 0.4747252  0.47507938 0.47543356 0.47578774
 0.47614193 0.47649611 0.47685029 0.47720448 0.47755866 0.47791284
 0.47826703 0.47862121 0.47897539 0.47932958 0.47968376 0.48003794
 0.48039213 0.48074631 0.48110049 0.48145468 0.48180886 0.48216304
 0.48251723 0.48287141 0.48322559 0.48357977 0.48393396 0.48428814
 0.48464232 0.48499651 0.48535069 0.48570487 0.48605906 0.48641324
 0.48676742 0.48712161 0.48747579 0.48782997 0.48818416 0.48853834
 0.48889252 0.48924671 0.48960089 0.48995507 0.49030926 0.49066344
 0.49101762 0.4913718  0.49172599 0.49208017 0.49243435 0.49278854
 0.49314272 0.4934969  0.49385109 0.49420527 0.49455945 0.49491364
 0.49526782 0.495622   0.49597619 0.49633037 0.49668455 0.49703874
 0.49739292 0.4977471  0.49810129 0.49845547 0.49880965 0.49916383
 0.49951802 0.4998722  0.50022638 0.50058057 0.50093475 0.50128893
 0.50164312 0.5019973  0.50235148 0.50270567 0.50305985 0.50341403
 0.50376822 0.5041224  0.50447658 0.50483077 0.50518495 0.50553913
 0.50589332 0.5062475  0.50660168 0.50695586 0.50731005 0.50766423
 0.50801841 0.5083726  0.50872678 0.50908096 0.50943515 0.50978933
 0.51014351 0.5104977  0.51085188 0.51120606 0.51156025 0.51191443
 0.51226861 0.5126228  0.51297698 0.51333116 0.51368535 0.51403953
 0.51439371 0.51474789 0.51510208 0.51545626 0.51581044 0.51616463
 0.51651881 0.51687299 0.51722718 0.51758136 0.51793554 0.51828973
 0.51864391 0.51899809 0.51935228 0.51970646 0.52006064 0.52041483
 0.52076901 0.52112319 0.52147738 0.52183156 0.52218574 0.52253992
 0.52289411 0.52324829 0.52360247 0.52395666 0.52431084 0.52466502
 0.52501921 0.52537339 0.52572757 0.52608176 0.52643594 0.52679012
 0.52714431 0.52749849 0.52785267 0.52820686 0.52856104 0.52891522
 0.52926941 0.52962359 0.52997777 0.53033195 0.53068614 0.53104032
 0.5313945  0.53174869 0.53210287 0.53245705 0.53281124 0.53316542
 0.5335196  0.53387379 0.53422797 0.53458215 0.53493634 0.53529052
 0.5356447  0.53599889 0.53635307 0.53670725 0.53706144 0.53741562
 0.5377698  0.53812398 0.53847817 0.53883235 0.53918653 0.53954072
 0.5398949  0.54024908 0.54060327 0.54095745 0.54131163 0.54166582
 0.54202    0.54237418 0.54272837 0.54308255 0.54343673 0.54379092
 0.5441451  0.54449928 0.54485347 0.54520765 0.54556183 0.54591602
 0.5462702  0.54662438 0.54697856 0.54733275 0.54768693 0.54804111
 0.5483953  0.54874948 0.54910366 0.54945785 0.54981203 0.55016621
 0.5505204  0.55087458 0.55122876 0.55158295 0.55193713 0.55229131
 0.5526455  0.55299968 0.55335386 0.55370805 0.55406223 0.55441641
 0.55477059 0.55512478 0.55547896 0.55583314 0.55618733 0.55654151
 0.55689569 0.55724988 0.55760406 0.55795824 0.55831243 0.55866661
 0.55902079 0.55937498 0.55972916 0.56008334 0.56043753 0.56079171
 0.56114589 0.56150008 0.56185426 0.56220844 0.56256262 0.56291681
 0.56327099 0.56362517 0.56397936 0.56433354 0.56468772 0.56504191
 0.56539609 0.56575027 0.56610446 0.56645864 0.56681282 0.56716701
 0.56752119 0.56787537 0.56822956 0.56858374 0.56893792 0.56929211
 0.56964629 0.57000047 0.57035465 0.57070884 0.57106302 0.5714172
 0.57177139 0.57212557 0.57247975 0.57283394 0.57318812 0.5735423
 0.57389649 0.57425067 0.57460485 0.57495904 0.57531322 0.5756674
 0.57602159 0.57637577 0.57672995 0.57708414 0.57743832 0.5777925
 0.57814668 0.57850087 0.57885505 0.57920923 0.57956342 0.5799176
 0.58027178 0.58062597 0.58098015 0.58133433 0.58168852 0.5820427
 0.58239688 0.58275107 0.58310525 0.58345943 0.58381362 0.5841678
 0.58452198 0.58487617 0.58523035 0.58558453 0.58593871 0.5862929
 0.58664708 0.58700126 0.58735545 0.58770963 0.58806381 0.588418
 0.58877218 0.58912636 0.58948055 0.58983473 0.59018891 0.5905431
 0.59089728 0.59125146 0.59160565 0.59195983 0.59231401 0.5926682
 0.59302238 0.59337656 0.59373074 0.59408493 0.59443911 0.59479329
 0.59514748 0.59550166 0.59585584 0.59621003 0.59656421 0.59691839
 0.59727258 0.59762676 0.59798094 0.59833513 0.59868931 0.59904349
 0.59939768 0.59975186 0.60010604 0.60046023 0.60081441 0.60116859
 0.60152277 0.60187696 0.60223114 0.60258532 0.60293951 0.60329369
 0.60364787 0.60400206 0.60435624 0.60471042 0.60506461 0.60541879
 0.60577297 0.60612716 0.60648134 0.60683552 0.60718971 0.60754389
 0.60789807 0.60825226 0.60860644 0.60896062 0.6093148  0.60966899
 0.61002317 0.61037735 0.61073154 0.61108572 0.6114399  0.61179409
 0.61214827 0.61250245 0.61285664 0.61321082 0.613565   0.61391919
 0.61427337 0.61462755 0.61498174 0.61533592 0.6156901  0.61604429
 0.61639847 0.61675265 0.61710683 0.61746102 0.6178152  0.61816938
 0.61852357 0.61887775 0.61923193 0.61958612 0.6199403  0.62029448
 0.62064867 0.62100285 0.62135703 0.62171122 0.6220654  0.62241958
 0.62277377 0.62312795 0.62348213 0.62383632 0.6241905  0.62454468
 0.62489886 0.62525305 0.62560723 0.62596141 0.6263156  0.62666978
 0.62702396 0.62737815 0.62773233 0.62808651 0.6284407  0.62879488
 0.62914906 0.62950325 0.62985743 0.63021161 0.6305658  0.63091998
 0.63127416 0.63162835 0.63198253 0.63233671 0.63269089 0.63304508
 0.63339926 0.63375344 0.63410763 0.63446181 0.63481599 0.63517018
 0.63552436 0.63587854 0.63623273 0.63658691 0.63694109 0.63729528
 0.63764946 0.63800364 0.63835783 0.63871201 0.63906619 0.63942038
 0.63977456 0.64012874 0.64048292 0.64083711 0.64119129 0.64154547
 0.64189966 0.64225384 0.64260802 0.64296221 0.64331639 0.64367057
 0.64402476 0.64437894 0.64473312 0.64508731 0.64544149 0.64579567
 0.64614986 0.64650404 0.64685822 0.64721241 0.64756659 0.64792077
 0.64827495 0.64862914 0.64898332 0.6493375  0.64969169 0.65004587
 0.65040005 0.65075424 0.65110842 0.6514626  0.65181679 0.65217097
 0.65252515 0.65287934 0.65323352 0.6535877  0.65394189 0.65429607
 0.65465025 0.65500444 0.65535862 0.6557128  0.65606698 0.65642117
 0.65677535 0.65712953 0.65748372 0.6578379  0.65819208 0.65854627
 0.65890045 0.65925463 0.65960882 0.659963  ]","[ 0.14805987  0.15059914  0.15317715  0.15579439  0.15845138  0.16114861
  0.16388661  0.1666659   0.16948699  0.17235042  0.17525672  0.17820644
  0.1812001   0.18423827  0.18732149  0.19045033  0.19362535  0.19684711
  0.2001162   0.20343318  0.20679865  0.21021319  0.2136774   0.21719187
  0.22075721  0.22437403  0.22804294  0.23176457  0.23553953  0.23936846
  0.24325199  0.24719076  0.25118542  0.25523661  0.259345    0.26351124
  0.26773599  0.27201994  0.27636374  0.28076809  0.28523368  0.28976118
  0.2943513   0.29900474  0.30372221  0.30850441  0.31335207  0.3182659
  0.32324663  0.328295    0.33341174  0.33859758  0.34385329  0.3491796
  0.35457728  0.36004709  0.3655898   0.37120616  0.37689697  0.382663
  0.38850504  0.39442388  0.40042031  0.40649513  0.41264916  0.41888319
  0.42519804  0.43159453  0.43807349  0.44463574  0.45128212  0.45801345
  0.46483059  0.47173437  0.47872566  0.48580529  0.49297414  0.50023305
  0.50758291  0.51502458  0.52255894  0.53018686  0.53790923  0.54572693
  0.55364086  0.56165191  0.56976098  0.57796897  0.58627679  0.59468535
  0.60319555  0.61180832  0.62052457  0.62934523  0.63827122  0.64730347
  0.65644292  0.6656905   0.67504714  0.6845138   0.69409141  0.70378091
  0.71358327  0.72349942  0.73353033  0.74367695  0.75394024  0.76432115
  0.77482066  0.78543973  0.79617932  0.80704041  0.81802396  0.82913094
  0.84036234  0.85171912  0.86320225  0.87481273  0.88655152  0.8984196
  0.91041796  0.92254757  0.93480943  0.9472045   0.95973377  0.97239823
  0.98519886  0.99813663  1.01121255  1.02442757  1.0377827   1.05127891
  1.06491717  1.07869849  1.09262382  1.10669415  1.12091047  1.13527373
  1.14978493  1.16444503  1.179255    1.19421582  1.20932845  1.22459386
  1.24001301  1.25558686  1.27131637  1.2872025   1.3032462   1.31944841
  1.33581009  1.35233218  1.36901561  1.38586133  1.40287027  1.42004334
  1.43738149  1.45488562  1.47255665  1.49039549  1.50840305  1.52658023
  1.54492792  1.56344702  1.58213839  1.60100294  1.62004152  1.639255
  1.65864425  1.67821011  1.69795344  1.71787507  1.73797584  1.75825657
  1.77871808  1.79936118  1.82018668  1.84119537  1.86238804  1.88376546
  1.9053284   1.92707763  1.9490139   1.97113796  1.99345052  2.01595233
  2.03864409  2.0615265   2.08460027  2.10786608  2.1313246   2.15497648
  2.1788224   2.20286297  2.22709884  2.25153063  2.27615892  2.30098433
  2.32600743  2.3512288   2.37664898  2.40226852  2.42808796  2.4541078
  2.48032857  2.50675073  2.53337478  2.56020117  2.58723035  2.61446276
  2.64189881  2.66953892  2.69738346  2.72543282  2.75368734  2.78214738
  2.81081326  2.83968529  2.86876377  2.89804896  2.92754115  2.95724056
  2.98714742  3.01726195  3.04758433  3.07811475  3.10885335  3.13980027
  3.17095565  3.20231956  3.23389211  3.26567334  3.29766331  3.32986205
  3.36226955  3.3948858   3.42771077  3.4607444   3.49398663  3.52743735
  3.56109644  3.59496378  3.62903921  3.66332254  3.69781358  3.7325121
  3.76741786  3.8025306   3.83785003  3.87337584  3.9091077   3.94504525
  3.98118811  4.01753589  4.05408816  4.09084448  4.12780438  4.16496735
  4.2023329   4.23990046  4.27766949  4.31563939  4.35380955  4.39217933
  4.43074806  4.46951507  4.50847964  4.54764103  4.58699848  4.62655121
  4.66629841  4.70623922  4.74637281  4.78669827  4.82721469  4.86792113
  4.90881662  4.94990018  4.99117079  5.03262739  5.07426893  5.1160943
  5.15810238  5.20029202  5.24266204  5.28521125  5.32793841  5.37084226
  5.41392152  5.45717488  5.500601    5.54419853  5.58796605  5.63190217
  5.67600543  5.72027436  5.76470746  5.8093032   5.85406003  5.89897637
  5.9440506   5.98928109  6.03466618  6.08020418  6.12589336  6.17173199
  6.21771829  6.26385047  6.31012668  6.35654509  6.4031038   6.44980092
  6.4966345   6.54360259  6.59070319  6.63793429  6.68529384  6.73277978
  6.78039001  6.82812241  6.87597482  6.92394508  6.97203098  7.02023028
  7.06854074  7.11696008  7.16548598  7.21411612  7.26284814  7.31167966
  7.36060825  7.4096315   7.45874694  7.50795208  7.55724441  7.60662141
  7.65608051  7.70561912  7.75523465  7.80492445  7.85468587  7.90451624
  7.95441284  8.00437296  8.05439384  8.10447271  8.15460677  8.2047932
  8.25502917  8.30531182  8.35563825  8.40600556  8.45641083  8.5068511
  8.55732341  8.60782477  8.65835215  8.70890255  8.75947289  8.81006012
  8.86066114  8.91127284  8.9618921   9.01251576  9.06314067  9.11376364
  9.16438147  9.21499095  9.26558883  9.31617188  9.36673681  9.41728035
  9.46779919  9.51829003  9.56874953  9.61917434  9.66956111  9.71990647
  9.77020703  9.82045938  9.87066011  9.9208058   9.97089302 10.0209183
 10.07087819 10.12076922 10.17058789 10.22033073 10.26999422 10.31957485
 10.3690691  10.41847343 10.46778432 10.5169982  10.56611153 10.61512073
 10.66402226 10.71281251 10.76148793 10.81004491 10.85847986 10.9067892
 10.95496932 11.00301661 11.05092747 11.09869828 11.14632544 11.19380532
 11.24113432 11.28830881 11.33532517 11.38217979 11.42886904 11.47538932
 11.52173699 11.56790846 11.6139001  11.65970831 11.70532947 11.75075999
 11.79599626 11.84103469 11.8858717  11.93050368 11.97492707 12.01913829
 12.06313377 12.10690996 12.15046331 12.19379027 12.2368873  12.27975089
 12.32237752 12.36476368 12.40690588 12.44880063 12.49044446 12.53183391
 12.57296554 12.6138359  12.65444158 12.69477918 12.73484529 12.77463654
 12.81414957 12.85338102 12.89232758 12.93098592 12.96935275 13.00742479
 13.04519878 13.08267147 13.11983965 13.1567001  13.19324966 13.22948514
 13.26540342 13.30100136 13.33627588 13.37122389 13.40584234 13.4401282
 13.47407845 13.50769013 13.54096026 13.57388592 13.60646419 13.63869219
 13.67056707 13.702086   13.73324617 13.7640448  13.79447915 13.8245465
 13.85424416 13.88356946 13.91251978 13.9410925  13.96928507 13.99709493
 14.02451957 14.05155652 14.07820333 14.10445758 14.13031689 14.1557789
 14.18084131 14.20550183 14.22975821 14.25360823 14.27704971 14.30008051
 14.32269851 14.34490165 14.36668788 14.38805519 14.40900163 14.42952526
 14.44962419 14.46929657 14.48854057 14.50735442 14.52573638 14.54368474
 14.56119784 14.57827405 14.59491179 14.61110952 14.62686571 14.64217892
 14.65704771 14.6714707  14.68544654 14.69897392 14.71205159 14.72467832
 14.73685293 14.74857428 14.75984128 14.77065286 14.78100802 14.79090579
 14.80034523 14.80932547 14.81784565 14.82590498 14.8335027  14.8406381
 14.8473105  14.85351928 14.85926386 14.86454369 14.86935828 14.87370717
 14.87758996 14.88100627 14.88395579 14.88643824 14.88845339 14.89000104
 14.89108105 14.89169332 14.89183779 14.89151444 14.89072331 14.88946447
 14.88773805 14.88554419 14.88288311 14.87975507 14.87616035 14.87209929
 14.86757228 14.86257974 14.85712214 14.8512     14.84481387 14.83796435
 14.83065209 14.82287778 14.81464214 14.80594595 14.79679003 14.78717522
 14.77710245 14.76657265 14.75558681 14.74414595 14.73225115 14.71990353
 14.70710423 14.69385446 14.68015544 14.66600847 14.65141486 14.63637597
 14.6208932  14.604968   14.58860185 14.57179626 14.55455281 14.53687308
 14.51875873 14.50021142 14.48123289 14.46182487 14.44198918 14.42172763
 14.40104211 14.37993451 14.35840677 14.33646089 14.31409888 14.29132279
 14.2681347  14.24453675 14.22053109 14.19611992 14.17130547 14.14608998
 14.12047578 14.09446518 14.06806054 14.04126426 14.01407878 13.98650655
 13.95855005 13.93021182 13.90149441 13.8724004  13.84293241 13.81309308
 13.78288507 13.75231111 13.72137391 13.69007623 13.65842087 13.62641063
 13.59404835 13.56133691 13.52827919 13.49487811 13.46113662 13.42705769
 13.3926443  13.35789948 13.32282626 13.28742771 13.25170691 13.21566697
 13.17931102 13.14264221 13.10566371 13.06837872 13.03079044 12.9929021
 12.95471695 12.91623827 12.87746933 12.83841345 12.79907393 12.75945412
 12.71955737 12.67938706 12.63894655 12.59823926 12.55726859 12.51603797
 12.47455084 12.43281066 12.39082088 12.34858499 12.30610647 12.26338882
 12.22043555 12.17725018 12.13383624 12.09019726 12.0463368  12.0022584
 11.95796564 11.91346206 11.86875126 11.82383682 11.77872231 11.73341134
 11.6879075  11.64221439 11.59633562 11.55027479 11.50403552 11.45762142
 11.4110361  11.36428319 11.3173663  11.27028905 11.22305505 11.17566793
 11.12813131 11.0804488  11.03262401 10.98466055 10.93656205 10.88833209
 10.8399743  10.79149226 10.74288957 10.69416982 10.64533659 10.59639347
 10.54734403 10.49819184 10.44894044 10.39959341 10.35015427 10.30062658
 10.25101385 10.20131961 10.15154736 10.1017006  10.05178284 10.00179753
  9.95174816  9.90163818  9.85147103  9.80125016  9.75097897  9.70066089
  9.6502993   9.59989758  9.54945911  9.49898723  9.44848529  9.39795661
  9.34740451  9.29683226  9.24624316  9.19564046  9.14502741  9.09440723
  9.04378314  8.99315833  8.94253598  8.89191924  8.84131126  8.79071515
  8.74013401  8.68957093  8.63902898  8.58851119  8.53802059  8.48756018
  8.43713294  8.38674184  8.33638981  8.28607978  8.23581464  8.18559728
  8.13543053  8.08531724  8.03526022  7.98526225  7.9353261   7.8854545
  7.83565018  7.78591583  7.73625411  7.68666769  7.63715917  7.58773116
  7.53838623  7.48912694  7.43995581  7.39087533  7.34188798  7.29299622
  7.24420247  7.19550913  7.14691857  7.09843314  7.05005516  7.00178693
  6.95363073  6.90558879  6.85766334  6.80985656  6.76217062  6.71460767
  6.66716981  6.61985913  6.57267769  6.52562752  6.47871063  6.431929
  6.38528458  6.33877929  6.29241503  6.24619367  6.20011707  6.15418702
  6.10840533  6.06277375  6.01729401  5.97196784  5.9267969   5.88178285
  5.83692732  5.7922319   5.74769817  5.70332766  5.65912191  5.61508238
  5.57121056  5.52750787  5.48397573  5.4406155   5.39742855  5.35441621
  5.31157978  5.26892052  5.22643968  5.18413849  5.14201813  5.10007978
  5.05832458  5.01675362  4.97536801  4.93416881  4.89315704  4.85233372
  4.81169982  4.77125631  4.73100412  4.69094414  4.65107725  4.61140432
  4.57192617  4.53264359  4.49355737  4.45466826  4.41597698  4.37748424
  4.33919072  4.30109706  4.2632039   4.22551183  4.18802145  4.1507333
  4.11364792  4.07676581  4.04008745  4.00361332  3.96734385  3.93127944
  3.8954205   3.85976739  3.82432046  3.78908003  3.7540464   3.71921985
  3.68460063  3.65018899  3.61598514  3.58198926  3.54820153  3.51462209
  3.48125108  3.44808861  3.41513475  3.38238959  3.34985315  3.31752548
  3.28540657  3.25349642  3.22179499  3.19030223  3.15901806  3.12794241
  3.09707515  3.06641618  3.03596533  3.00572244  2.97568734  2.94585983
  2.91623968  2.88682668  2.85762056  2.82862105  2.79982789  2.77124075
  2.74285933  2.7146833   2.6867123   2.65894598  2.63138394  2.60402581
  2.57687116  2.54991957  2.5231706   2.4966238   2.47027871  2.44413483
  2.41819167  2.39244873  2.36690548  2.34156139  2.3164159   2.29146846
  2.26671849  2.24216541  2.21780861  2.19364749  2.16968142  2.14590977
  2.1223319   2.09894715  2.07575486  2.05275434  2.0299449   2.00732586
  1.9848965   1.9626561   1.94060394  1.91873928  1.89706137  1.87556945
  1.85426277  1.83314054  1.81220199  1.79144633  1.77087276  1.75048047
  1.73026865  1.71023647  1.69038312  1.67070775  1.65120952  1.63188758
  1.61274108  1.59376915  1.57497092  1.55634552  1.53789208  1.51960969
  1.50149747  1.48355453  1.46577996  1.44817286  1.4307323   1.41345739
  1.39634718  1.37940077  1.36261721  1.34599558  1.32953494  1.31323435
  1.29709286  1.28110953  1.2652834   1.24961352  1.23409893  1.21873868
  1.20353181  1.18847734  1.17357432  1.15882176  1.14421872  1.1297642
  1.11545724  1.10129686  1.08728208  1.07341194  1.05968544  1.0461016
  1.03265946  1.01935802  1.0061963   0.99317332  0.98028811  0.96753966
  0.95492701  0.94244917  0.93010515  0.91789398  0.90581467  0.89386624
  0.88204771  0.8703581   0.85879643  0.84736173  0.83605301  0.8248693
  0.81380963  0.80287302  0.7920585   0.78136511  0.77079187  0.76033782
  0.750002    0.73978343  0.72968117  0.71969426  0.70982173  0.70006264
  0.69041603  0.68088096  0.67145648  0.66214165  0.65293553  0.64383718
  0.63484567  0.62596006  0.61717943  0.60850286  0.59992942  0.59145819
  0.58308826  0.57481873  0.56664867  0.55857718]",restricted_age_optimal,True,True,True,10,1,constraints_[4]_remained,71.94833927118428,69.9169525847687,73.97972595759987,1.0364408236268154,1.5598665350420102,1.515825322361252,1.6039077477227677,0.022470419369003406,1.5598329921700853,1.5157927265375026,1.603873257802667,0.0224699361722798,0.8649795746217988,0.8581011992057137,0.8716257232860651,0.003450076419121637,large
0.338627,0.684149,0.571146,0.0562530849087438,2159,100.0,"[0.338627   0.36330714 0.38798729 0.41266743 0.43734757 0.46202771
 0.48670786 0.511388   0.53606814 0.56074829 0.58542843 0.61010857
 0.63478871 0.65946886 0.684149  ]","[ 0.18527096  0.60213062  0.13895322  1.11162575  3.33487726  6.94766095
  5.78971746  7.17924965 15.47012506 22.04724409 17.7396943  11.62575266
  5.74339972  2.08429829]",0.025,14,normal,0.5634469518295507,"[0.338627   0.33897287 0.33931874 0.3396646  0.34001047 0.34035634
 0.34070221 0.34104808 0.34139394 0.34173981 0.34208568 0.34243155
 0.34277741 0.34312328 0.34346915 0.34381502 0.34416089 0.34450675
 0.34485262 0.34519849 0.34554436 0.34589023 0.34623609 0.34658196
 0.34692783 0.3472737  0.34761956 0.34796543 0.3483113  0.34865717
 0.34900304 0.3493489  0.34969477 0.35004064 0.35038651 0.35073238
 0.35107824 0.35142411 0.35176998 0.35211585 0.35246171 0.35280758
 0.35315345 0.35349932 0.35384519 0.35419105 0.35453692 0.35488279
 0.35522866 0.35557453 0.35592039 0.35626626 0.35661213 0.356958
 0.35730386 0.35764973 0.3579956  0.35834147 0.35868734 0.3590332
 0.35937907 0.35972494 0.36007081 0.36041668 0.36076254 0.36110841
 0.36145428 0.36180015 0.36214602 0.36249188 0.36283775 0.36318362
 0.36352949 0.36387535 0.36422122 0.36456709 0.36491296 0.36525883
 0.36560469 0.36595056 0.36629643 0.3666423  0.36698817 0.36733403
 0.3676799  0.36802577 0.36837164 0.3687175  0.36906337 0.36940924
 0.36975511 0.37010098 0.37044684 0.37079271 0.37113858 0.37148445
 0.37183032 0.37217618 0.37252205 0.37286792 0.37321379 0.37355965
 0.37390552 0.37425139 0.37459726 0.37494313 0.37528899 0.37563486
 0.37598073 0.3763266  0.37667247 0.37701833 0.3773642  0.37771007
 0.37805594 0.3784018  0.37874767 0.37909354 0.37943941 0.37978528
 0.38013114 0.38047701 0.38082288 0.38116875 0.38151462 0.38186048
 0.38220635 0.38255222 0.38289809 0.38324395 0.38358982 0.38393569
 0.38428156 0.38462743 0.38497329 0.38531916 0.38566503 0.3860109
 0.38635677 0.38670263 0.3870485  0.38739437 0.38774024 0.38808611
 0.38843197 0.38877784 0.38912371 0.38946958 0.38981544 0.39016131
 0.39050718 0.39085305 0.39119892 0.39154478 0.39189065 0.39223652
 0.39258239 0.39292826 0.39327412 0.39361999 0.39396586 0.39431173
 0.39465759 0.39500346 0.39534933 0.3956952  0.39604107 0.39638693
 0.3967328  0.39707867 0.39742454 0.39777041 0.39811627 0.39846214
 0.39880801 0.39915388 0.39949974 0.39984561 0.40019148 0.40053735
 0.40088322 0.40122908 0.40157495 0.40192082 0.40226669 0.40261256
 0.40295842 0.40330429 0.40365016 0.40399603 0.40434189 0.40468776
 0.40503363 0.4053795  0.40572537 0.40607123 0.4064171  0.40676297
 0.40710884 0.40745471 0.40780057 0.40814644 0.40849231 0.40883818
 0.40918405 0.40952991 0.40987578 0.41022165 0.41056752 0.41091338
 0.41125925 0.41160512 0.41195099 0.41229686 0.41264272 0.41298859
 0.41333446 0.41368033 0.4140262  0.41437206 0.41471793 0.4150638
 0.41540967 0.41575553 0.4161014  0.41644727 0.41679314 0.41713901
 0.41748487 0.41783074 0.41817661 0.41852248 0.41886835 0.41921421
 0.41956008 0.41990595 0.42025182 0.42059768 0.42094355 0.42128942
 0.42163529 0.42198116 0.42232702 0.42267289 0.42301876 0.42336463
 0.4237105  0.42405636 0.42440223 0.4247481  0.42509397 0.42543983
 0.4257857  0.42613157 0.42647744 0.42682331 0.42716917 0.42751504
 0.42786091 0.42820678 0.42855265 0.42889851 0.42924438 0.42959025
 0.42993612 0.43028198 0.43062785 0.43097372 0.43131959 0.43166546
 0.43201132 0.43235719 0.43270306 0.43304893 0.4333948  0.43374066
 0.43408653 0.4344324  0.43477827 0.43512414 0.43547    0.43581587
 0.43616174 0.43650761 0.43685347 0.43719934 0.43754521 0.43789108
 0.43823695 0.43858281 0.43892868 0.43927455 0.43962042 0.43996629
 0.44031215 0.44065802 0.44100389 0.44134976 0.44169562 0.44204149
 0.44238736 0.44273323 0.4430791  0.44342496 0.44377083 0.4441167
 0.44446257 0.44480844 0.4451543  0.44550017 0.44584604 0.44619191
 0.44653777 0.44688364 0.44722951 0.44757538 0.44792125 0.44826711
 0.44861298 0.44895885 0.44930472 0.44965059 0.44999645 0.45034232
 0.45068819 0.45103406 0.45137992 0.45172579 0.45207166 0.45241753
 0.4527634  0.45310926 0.45345513 0.453801   0.45414687 0.45449274
 0.4548386  0.45518447 0.45553034 0.45587621 0.45622208 0.45656794
 0.45691381 0.45725968 0.45760555 0.45795141 0.45829728 0.45864315
 0.45898902 0.45933489 0.45968075 0.46002662 0.46037249 0.46071836
 0.46106423 0.46141009 0.46175596 0.46210183 0.4624477  0.46279356
 0.46313943 0.4634853  0.46383117 0.46417704 0.4645229  0.46486877
 0.46521464 0.46556051 0.46590638 0.46625224 0.46659811 0.46694398
 0.46728985 0.46763571 0.46798158 0.46832745 0.46867332 0.46901919
 0.46936505 0.46971092 0.47005679 0.47040266 0.47074853 0.47109439
 0.47144026 0.47178613 0.472132   0.47247786 0.47282373 0.4731696
 0.47351547 0.47386134 0.4742072  0.47455307 0.47489894 0.47524481
 0.47559068 0.47593654 0.47628241 0.47662828 0.47697415 0.47732002
 0.47766588 0.47801175 0.47835762 0.47870349 0.47904935 0.47939522
 0.47974109 0.48008696 0.48043283 0.48077869 0.48112456 0.48147043
 0.4818163  0.48216217 0.48250803 0.4828539  0.48319977 0.48354564
 0.4838915  0.48423737 0.48458324 0.48492911 0.48527498 0.48562084
 0.48596671 0.48631258 0.48665845 0.48700432 0.48735018 0.48769605
 0.48804192 0.48838779 0.48873365 0.48907952 0.48942539 0.48977126
 0.49011713 0.49046299 0.49080886 0.49115473 0.4915006  0.49184647
 0.49219233 0.4925382  0.49288407 0.49322994 0.4935758  0.49392167
 0.49426754 0.49461341 0.49495928 0.49530514 0.49565101 0.49599688
 0.49634275 0.49668862 0.49703448 0.49738035 0.49772622 0.49807209
 0.49841795 0.49876382 0.49910969 0.49945556 0.49980143 0.50014729
 0.50049316 0.50083903 0.5011849  0.50153077 0.50187663 0.5022225
 0.50256837 0.50291424 0.50326011 0.50360597 0.50395184 0.50429771
 0.50464358 0.50498944 0.50533531 0.50568118 0.50602705 0.50637292
 0.50671878 0.50706465 0.50741052 0.50775639 0.50810226 0.50844812
 0.50879399 0.50913986 0.50948573 0.50983159 0.51017746 0.51052333
 0.5108692  0.51121507 0.51156093 0.5119068  0.51225267 0.51259854
 0.51294441 0.51329027 0.51363614 0.51398201 0.51432788 0.51467374
 0.51501961 0.51536548 0.51571135 0.51605722 0.51640308 0.51674895
 0.51709482 0.51744069 0.51778656 0.51813242 0.51847829 0.51882416
 0.51917003 0.51951589 0.51986176 0.52020763 0.5205535  0.52089937
 0.52124523 0.5215911  0.52193697 0.52228284 0.52262871 0.52297457
 0.52332044 0.52366631 0.52401218 0.52435805 0.52470391 0.52504978
 0.52539565 0.52574152 0.52608738 0.52643325 0.52677912 0.52712499
 0.52747086 0.52781672 0.52816259 0.52850846 0.52885433 0.5292002
 0.52954606 0.52989193 0.5302378  0.53058367 0.53092953 0.5312754
 0.53162127 0.53196714 0.53231301 0.53265887 0.53300474 0.53335061
 0.53369648 0.53404235 0.53438821 0.53473408 0.53507995 0.53542582
 0.53577168 0.53611755 0.53646342 0.53680929 0.53715516 0.53750102
 0.53784689 0.53819276 0.53853863 0.5388845  0.53923036 0.53957623
 0.5399221  0.54026797 0.54061383 0.5409597  0.54130557 0.54165144
 0.54199731 0.54234317 0.54268904 0.54303491 0.54338078 0.54372665
 0.54407251 0.54441838 0.54476425 0.54511012 0.54545598 0.54580185
 0.54614772 0.54649359 0.54683946 0.54718532 0.54753119 0.54787706
 0.54822293 0.5485688  0.54891466 0.54926053 0.5496064  0.54995227
 0.55029814 0.550644   0.55098987 0.55133574 0.55168161 0.55202747
 0.55237334 0.55271921 0.55306508 0.55341095 0.55375681 0.55410268
 0.55444855 0.55479442 0.55514029 0.55548615 0.55583202 0.55617789
 0.55652376 0.55686962 0.55721549 0.55756136 0.55790723 0.5582531
 0.55859896 0.55894483 0.5592907  0.55963657 0.55998244 0.5603283
 0.56067417 0.56102004 0.56136591 0.56171177 0.56205764 0.56240351
 0.56274938 0.56309525 0.56344111 0.56378698 0.56413285 0.56447872
 0.56482459 0.56517045 0.56551632 0.56586219 0.56620806 0.56655392
 0.56689979 0.56724566 0.56759153 0.5679374  0.56828326 0.56862913
 0.568975   0.56932087 0.56966674 0.5700126  0.57035847 0.57070434
 0.57105021 0.57139608 0.57174194 0.57208781 0.57243368 0.57277955
 0.57312541 0.57347128 0.57381715 0.57416302 0.57450889 0.57485475
 0.57520062 0.57554649 0.57589236 0.57623823 0.57658409 0.57692996
 0.57727583 0.5776217  0.57796756 0.57831343 0.5786593  0.57900517
 0.57935104 0.5796969  0.58004277 0.58038864 0.58073451 0.58108038
 0.58142624 0.58177211 0.58211798 0.58246385 0.58280971 0.58315558
 0.58350145 0.58384732 0.58419319 0.58453905 0.58488492 0.58523079
 0.58557666 0.58592253 0.58626839 0.58661426 0.58696013 0.587306
 0.58765186 0.58799773 0.5883436  0.58868947 0.58903534 0.5893812
 0.58972707 0.59007294 0.59041881 0.59076468 0.59111054 0.59145641
 0.59180228 0.59214815 0.59249402 0.59283988 0.59318575 0.59353162
 0.59387749 0.59422335 0.59456922 0.59491509 0.59526096 0.59560683
 0.59595269 0.59629856 0.59664443 0.5969903  0.59733617 0.59768203
 0.5980279  0.59837377 0.59871964 0.5990655  0.59941137 0.59975724
 0.60010311 0.60044898 0.60079484 0.60114071 0.60148658 0.60183245
 0.60217832 0.60252418 0.60287005 0.60321592 0.60356179 0.60390765
 0.60425352 0.60459939 0.60494526 0.60529113 0.60563699 0.60598286
 0.60632873 0.6066746  0.60702047 0.60736633 0.6077122  0.60805807
 0.60840394 0.6087498  0.60909567 0.60944154 0.60978741 0.61013328
 0.61047914 0.61082501 0.61117088 0.61151675 0.61186262 0.61220848
 0.61255435 0.61290022 0.61324609 0.61359195 0.61393782 0.61428369
 0.61462956 0.61497543 0.61532129 0.61566716 0.61601303 0.6163589
 0.61670477 0.61705063 0.6173965  0.61774237 0.61808824 0.61843411
 0.61877997 0.61912584 0.61947171 0.61981758 0.62016344 0.62050931
 0.62085518 0.62120105 0.62154692 0.62189278 0.62223865 0.62258452
 0.62293039 0.62327626 0.62362212 0.62396799 0.62431386 0.62465973
 0.62500559 0.62535146 0.62569733 0.6260432  0.62638907 0.62673493
 0.6270808  0.62742667 0.62777254 0.62811841 0.62846427 0.62881014
 0.62915601 0.62950188 0.62984774 0.63019361 0.63053948 0.63088535
 0.63123122 0.63157708 0.63192295 0.63226882 0.63261469 0.63296056
 0.63330642 0.63365229 0.63399816 0.63434403 0.63468989 0.63503576
 0.63538163 0.6357275  0.63607337 0.63641923 0.6367651  0.63711097
 0.63745684 0.63780271 0.63814857 0.63849444 0.63884031 0.63918618
 0.63953205 0.63987791 0.64022378 0.64056965 0.64091552 0.64126138
 0.64160725 0.64195312 0.64229899 0.64264486 0.64299072 0.64333659
 0.64368246 0.64402833 0.6443742  0.64472006 0.64506593 0.6454118
 0.64575767 0.64610353 0.6464494  0.64679527 0.64714114 0.64748701
 0.64783287 0.64817874 0.64852461 0.64887048 0.64921635 0.64956221
 0.64990808 0.65025395 0.65059982 0.65094568 0.65129155 0.65163742
 0.65198329 0.65232916 0.65267502 0.65302089 0.65336676 0.65371263
 0.6540585  0.65440436 0.65475023 0.6550961  0.65544197 0.65578783
 0.6561337  0.65647957 0.65682544 0.65717131 0.65751717 0.65786304
 0.65820891 0.65855478 0.65890065 0.65924651 0.65959238 0.65993825
 0.66028412 0.66062998 0.66097585 0.66132172 0.66166759 0.66201346
 0.66235932 0.66270519 0.66305106 0.66339693 0.6637428  0.66408866
 0.66443453 0.6647804  0.66512627 0.66547214 0.665818   0.66616387
 0.66650974 0.66685561 0.66720147 0.66754734 0.66789321 0.66823908
 0.66858495 0.66893081 0.66927668 0.66962255 0.66996842 0.67031429
 0.67066015 0.67100602 0.67135189 0.67169776 0.67204362 0.67238949
 0.67273536 0.67308123 0.6734271  0.67377296 0.67411883 0.6744647
 0.67481057 0.67515644 0.6755023  0.67584817 0.67619404 0.67653991
 0.67688577 0.67723164 0.67757751 0.67792338 0.67826925 0.67861511
 0.67896098 0.67930685 0.67965272 0.67999859 0.68034445 0.68069032
 0.68103619 0.68138206 0.68172792 0.68207379 0.68241966 0.68276553
 0.6831114  0.68345726 0.68380313 0.684149  ]","[5.95242886e-03 6.10039253e-03 6.25179790e-03 6.40671879e-03
 6.56523045e-03 6.72740961e-03 6.89333445e-03 7.06308464e-03
 7.23674140e-03 7.41438749e-03 7.59610723e-03 7.78198657e-03
 7.97211306e-03 8.16657592e-03 8.36546604e-03 8.56887603e-03
 8.77690023e-03 8.98963472e-03 9.20717741e-03 9.42962800e-03
 9.65708804e-03 9.88966097e-03 1.01274521e-02 1.03705688e-02
 1.06191202e-02 1.08732176e-02 1.11329742e-02 1.13985054e-02
 1.16699286e-02 1.19473633e-02 1.22309313e-02 1.25207563e-02
 1.28169645e-02 1.31196842e-02 1.34290461e-02 1.37451831e-02
 1.40682306e-02 1.43983262e-02 1.47356100e-02 1.50802248e-02
 1.54323154e-02 1.57920296e-02 1.61595176e-02 1.65349321e-02
 1.69184286e-02 1.73101651e-02 1.77103026e-02 1.81190046e-02
 1.85364375e-02 1.89627705e-02 1.93981757e-02 1.98428281e-02
 2.02969058e-02 2.07605896e-02 2.12340635e-02 2.17175147e-02
 2.22111332e-02 2.27151126e-02 2.32296492e-02 2.37549430e-02
 2.42911970e-02 2.48386176e-02 2.53974146e-02 2.59678013e-02
 2.65499943e-02 2.71442137e-02 2.77506835e-02 2.83696307e-02
 2.90012866e-02 2.96458856e-02 3.03036663e-02 3.09748708e-02
 3.16597451e-02 3.23585392e-02 3.30715068e-02 3.37989058e-02
 3.45409979e-02 3.52980491e-02 3.60703294e-02 3.68581128e-02
 3.76616779e-02 3.84813072e-02 3.93172877e-02 4.01699107e-02
 4.10394720e-02 4.19262719e-02 4.28306149e-02 4.37528104e-02
 4.46931724e-02 4.56520194e-02 4.66296746e-02 4.76264663e-02
 4.86427273e-02 4.96787954e-02 5.07350133e-02 5.18117286e-02
 5.29092942e-02 5.40280679e-02 5.51684126e-02 5.63306965e-02
 5.75152931e-02 5.87225809e-02 5.99529441e-02 6.12067722e-02
 6.24844602e-02 6.37864084e-02 6.51130230e-02 6.64647156e-02
 6.78419035e-02 6.92450098e-02 7.06744634e-02 7.21306990e-02
 7.36141571e-02 7.51252845e-02 7.66645335e-02 7.82323629e-02
 7.98292373e-02 8.14556277e-02 8.31120113e-02 8.47988713e-02
 8.65166975e-02 8.82659861e-02 9.00472395e-02 9.18609669e-02
 9.37076838e-02 9.55879124e-02 9.75021814e-02 9.94510265e-02
 1.01434990e-01 1.03454621e-01 1.05510475e-01 1.07603115e-01
 1.09733112e-01 1.11901041e-01 1.14107487e-01 1.16353041e-01
 1.18638300e-01 1.20963871e-01 1.23330366e-01 1.25738405e-01
 1.28188614e-01 1.30681630e-01 1.33218094e-01 1.35798656e-01
 1.38423972e-01 1.41094709e-01 1.43811538e-01 1.46575139e-01
 1.49386200e-01 1.52245417e-01 1.55153494e-01 1.58111141e-01
 1.61119078e-01 1.64178033e-01 1.67288739e-01 1.70451941e-01
 1.73668389e-01 1.76938843e-01 1.80264070e-01 1.83644846e-01
 1.87081954e-01 1.90576187e-01 1.94128345e-01 1.97739237e-01
 2.01409679e-01 2.05140497e-01 2.08932524e-01 2.12786603e-01
 2.16703584e-01 2.20684326e-01 2.24729697e-01 2.28840573e-01
 2.33017838e-01 2.37262385e-01 2.41575117e-01 2.45956943e-01
 2.50408783e-01 2.54931565e-01 2.59526224e-01 2.64193705e-01
 2.68934963e-01 2.73750958e-01 2.78642664e-01 2.83611058e-01
 2.88657131e-01 2.93781878e-01 2.98986305e-01 3.04271428e-01
 3.09638270e-01 3.15087862e-01 3.20621245e-01 3.26239469e-01
 3.31943593e-01 3.37734682e-01 3.43613813e-01 3.49582069e-01
 3.55640544e-01 3.61790339e-01 3.68032564e-01 3.74368338e-01
 3.80798788e-01 3.87325051e-01 3.93948270e-01 4.00669599e-01
 4.07490199e-01 4.14411239e-01 4.21433898e-01 4.28559363e-01
 4.35788829e-01 4.43123498e-01 4.50564583e-01 4.58113302e-01
 4.65770884e-01 4.73538564e-01 4.81417587e-01 4.89409205e-01
 4.97514676e-01 5.05735270e-01 5.14072261e-01 5.22526934e-01
 5.31100578e-01 5.39794492e-01 5.48609983e-01 5.57548364e-01
 5.66610956e-01 5.75799087e-01 5.85114093e-01 5.94557316e-01
 6.04130106e-01 6.13833819e-01 6.23669819e-01 6.33639476e-01
 6.43744167e-01 6.53985274e-01 6.64364189e-01 6.74882306e-01
 6.85541028e-01 6.96341765e-01 7.07285929e-01 7.18374941e-01
 7.29610228e-01 7.40993221e-01 7.52525357e-01 7.64208078e-01
 7.76042833e-01 7.88031074e-01 8.00174258e-01 8.12473848e-01
 8.24931312e-01 8.37548120e-01 8.50325748e-01 8.63265678e-01
 8.76369392e-01 8.89638379e-01 9.03074130e-01 9.16678140e-01
 9.30451908e-01 9.44396935e-01 9.58514726e-01 9.72806788e-01
 9.87274631e-01 1.00191977e+00 1.01674371e+00 1.03174798e+00
 1.04693409e+00 1.06230356e+00 1.07785792e+00 1.09359868e+00
 1.10952737e+00 1.12564552e+00 1.14195465e+00 1.15845627e+00
 1.17515193e+00 1.19204314e+00 1.20913143e+00 1.22641833e+00
 1.24390534e+00 1.26159401e+00 1.27948584e+00 1.29758236e+00
 1.31588509e+00 1.33439553e+00 1.35311521e+00 1.37204562e+00
 1.39118829e+00 1.41054471e+00 1.43011638e+00 1.44990480e+00
 1.46991147e+00 1.49013787e+00 1.51058548e+00 1.53125578e+00
 1.55215026e+00 1.57327037e+00 1.59461757e+00 1.61619334e+00
 1.63799911e+00 1.66003632e+00 1.68230643e+00 1.70481084e+00
 1.72755100e+00 1.75052830e+00 1.77374416e+00 1.79719997e+00
 1.82089712e+00 1.84483699e+00 1.86902095e+00 1.89345036e+00
 1.91812656e+00 1.94305090e+00 1.96822471e+00 1.99364929e+00
 2.01932595e+00 2.04525600e+00 2.07144070e+00 2.09788132e+00
 2.12457913e+00 2.15153536e+00 2.17875124e+00 2.20622798e+00
 2.23396679e+00 2.26196884e+00 2.29023531e+00 2.31876735e+00
 2.34756610e+00 2.37663268e+00 2.40596820e+00 2.43557374e+00
 2.46545037e+00 2.49559915e+00 2.52602111e+00 2.55671727e+00
 2.58768863e+00 2.61893615e+00 2.65046081e+00 2.68226353e+00
 2.71434524e+00 2.74670684e+00 2.77934919e+00 2.81227316e+00
 2.84547957e+00 2.87896923e+00 2.91274294e+00 2.94680145e+00
 2.98114551e+00 3.01577583e+00 3.05069310e+00 3.08589799e+00
 3.12139115e+00 3.15717318e+00 3.19324468e+00 3.22960622e+00
 3.26625833e+00 3.30320153e+00 3.34043629e+00 3.37796307e+00
 3.41578230e+00 3.45389439e+00 3.49229969e+00 3.53099855e+00
 3.56999128e+00 3.60927816e+00 3.64885944e+00 3.68873534e+00
 3.72890606e+00 3.76937174e+00 3.81013251e+00 3.85118847e+00
 3.89253967e+00 3.93418614e+00 3.97612787e+00 4.01836483e+00
 4.06089695e+00 4.10372410e+00 4.14684615e+00 4.19026292e+00
 4.23397420e+00 4.27797973e+00 4.32227923e+00 4.36687238e+00
 4.41175882e+00 4.45693814e+00 4.50240993e+00 4.54817370e+00
 4.59422895e+00 4.64057513e+00 4.68721165e+00 4.73413789e+00
 4.78135317e+00 4.82885680e+00 4.87664804e+00 4.92472609e+00
 4.97309013e+00 5.02173929e+00 5.07067268e+00 5.11988934e+00
 5.16938827e+00 5.21916846e+00 5.26922882e+00 5.31956825e+00
 5.37018557e+00 5.42107960e+00 5.47224908e+00 5.52369274e+00
 5.57540924e+00 5.62739720e+00 5.67965522e+00 5.73218182e+00
 5.78497551e+00 5.83803472e+00 5.89135788e+00 5.94494333e+00
 5.99878940e+00 6.05289436e+00 6.10725642e+00 6.16187378e+00
 6.21674457e+00 6.27186687e+00 6.32723874e+00 6.38285816e+00
 6.43872310e+00 6.49483146e+00 6.55118109e+00 6.60776983e+00
 6.66459542e+00 6.72165560e+00 6.77894804e+00 6.83647037e+00
 6.89422018e+00 6.95219499e+00 7.01039231e+00 7.06880958e+00
 7.12744418e+00 7.18629349e+00 7.24535479e+00 7.30462535e+00
 7.36410238e+00 7.42378305e+00 7.48366448e+00 7.54374373e+00
 7.60401785e+00 7.66448380e+00 7.72513853e+00 7.78597893e+00
 7.84700183e+00 7.90820405e+00 7.96958233e+00 8.03113337e+00
 8.09285386e+00 8.15474039e+00 8.21678954e+00 8.27899785e+00
 8.34136179e+00 8.40387781e+00 8.46654230e+00 8.52935161e+00
 8.59230206e+00 8.65538989e+00 8.71861135e+00 8.78196260e+00
 8.84543978e+00 8.90903899e+00 8.97275628e+00 9.03658765e+00
 9.10052908e+00 9.16457649e+00 9.22872578e+00 9.29297277e+00
 9.35731329e+00 9.42174310e+00 9.48625792e+00 9.55085344e+00
 9.61552532e+00 9.68026915e+00 9.74508053e+00 9.80995497e+00
 9.87488799e+00 9.93987503e+00 1.00049115e+01 1.00699929e+01
 1.01351144e+01 1.02002715e+01 1.02654594e+01 1.03306734e+01
 1.03959086e+01 1.04611603e+01 1.05264237e+01 1.05916937e+01
 1.06569657e+01 1.07222345e+01 1.07874952e+01 1.08527429e+01
 1.09179725e+01 1.09831790e+01 1.10483572e+01 1.11135020e+01
 1.11786084e+01 1.12436712e+01 1.13086851e+01 1.13736450e+01
 1.14385456e+01 1.15033817e+01 1.15681479e+01 1.16328391e+01
 1.16974498e+01 1.17619747e+01 1.18264084e+01 1.18907456e+01
 1.19549809e+01 1.20191088e+01 1.20831239e+01 1.21470208e+01
 1.22107939e+01 1.22744379e+01 1.23379471e+01 1.24013161e+01
 1.24645394e+01 1.25276114e+01 1.25905266e+01 1.26532794e+01
 1.27158642e+01 1.27782756e+01 1.28405079e+01 1.29025554e+01
 1.29644127e+01 1.30260741e+01 1.30875341e+01 1.31487869e+01
 1.32098270e+01 1.32706489e+01 1.33312467e+01 1.33916151e+01
 1.34517483e+01 1.35116407e+01 1.35712867e+01 1.36306807e+01
 1.36898172e+01 1.37486904e+01 1.38072949e+01 1.38656250e+01
 1.39236751e+01 1.39814397e+01 1.40389133e+01 1.40960902e+01
 1.41529650e+01 1.42095320e+01 1.42657859e+01 1.43217210e+01
 1.43773319e+01 1.44326132e+01 1.44875593e+01 1.45421649e+01
 1.45964245e+01 1.46503326e+01 1.47038841e+01 1.47570734e+01
 1.48098952e+01 1.48623443e+01 1.49144152e+01 1.49661029e+01
 1.50174019e+01 1.50683071e+01 1.51188134e+01 1.51689155e+01
 1.52186083e+01 1.52678867e+01 1.53167457e+01 1.53651801e+01
 1.54131850e+01 1.54607554e+01 1.55078864e+01 1.55545731e+01
 1.56008105e+01 1.56465938e+01 1.56919183e+01 1.57367792e+01
 1.57811718e+01 1.58250913e+01 1.58685332e+01 1.59114928e+01
 1.59539656e+01 1.59959470e+01 1.60374327e+01 1.60784181e+01
 1.61188989e+01 1.61588707e+01 1.61983293e+01 1.62372705e+01
 1.62756899e+01 1.63135836e+01 1.63509473e+01 1.63877772e+01
 1.64240690e+01 1.64598190e+01 1.64950233e+01 1.65296779e+01
 1.65637792e+01 1.65973234e+01 1.66303068e+01 1.66627259e+01
 1.66945770e+01 1.67258568e+01 1.67565616e+01 1.67866883e+01
 1.68162334e+01 1.68451936e+01 1.68735659e+01 1.69013470e+01
 1.69285339e+01 1.69551235e+01 1.69811130e+01 1.70064994e+01
 1.70312799e+01 1.70554517e+01 1.70790122e+01 1.71019588e+01
 1.71242887e+01 1.71459997e+01 1.71670892e+01 1.71875549e+01
 1.72073945e+01 1.72266057e+01 1.72451865e+01 1.72631347e+01
 1.72804483e+01 1.72971254e+01 1.73131640e+01 1.73285625e+01
 1.73433190e+01 1.73574318e+01 1.73708995e+01 1.73837205e+01
 1.73958933e+01 1.74074165e+01 1.74182889e+01 1.74285093e+01
 1.74380764e+01 1.74469892e+01 1.74552466e+01 1.74628479e+01
 1.74697920e+01 1.74760782e+01 1.74817057e+01 1.74866741e+01
 1.74909826e+01 1.74946308e+01 1.74976183e+01 1.74999448e+01
 1.75016099e+01 1.75026135e+01 1.75029555e+01 1.75026358e+01
 1.75016546e+01 1.75000118e+01 1.74977076e+01 1.74947424e+01
 1.74911165e+01 1.74868303e+01 1.74818842e+01 1.74762789e+01
 1.74700149e+01 1.74630930e+01 1.74555139e+01 1.74472786e+01
 1.74383879e+01 1.74288429e+01 1.74186446e+01 1.74077942e+01
 1.73962929e+01 1.73841420e+01 1.73713429e+01 1.73578970e+01
 1.73438059e+01 1.73290711e+01 1.73136943e+01 1.72976772e+01
 1.72810216e+01 1.72637295e+01 1.72458027e+01 1.72272432e+01
 1.72080532e+01 1.71882348e+01 1.71677903e+01 1.71467218e+01
 1.71250317e+01 1.71027226e+01 1.70797969e+01 1.70562571e+01
 1.70321058e+01 1.70073458e+01 1.69819798e+01 1.69560107e+01
 1.69294412e+01 1.69022745e+01 1.68745134e+01 1.68461610e+01
 1.68172205e+01 1.67876951e+01 1.67575881e+01 1.67269027e+01
 1.66956423e+01 1.66638104e+01 1.66314104e+01 1.65984460e+01
 1.65649207e+01 1.65308381e+01 1.64962021e+01 1.64610163e+01
 1.64252847e+01 1.63890110e+01 1.63521993e+01 1.63148535e+01
 1.62769777e+01 1.62385759e+01 1.61996523e+01 1.61602111e+01
 1.61202565e+01 1.60797928e+01 1.60388244e+01 1.59973556e+01
 1.59553908e+01 1.59129345e+01 1.58699912e+01 1.58265656e+01
 1.57826621e+01 1.57382854e+01 1.56934403e+01 1.56481314e+01
 1.56023634e+01 1.55561412e+01 1.55094697e+01 1.54623536e+01
 1.54147980e+01 1.53668076e+01 1.53183876e+01 1.52695429e+01
 1.52202786e+01 1.51705997e+01 1.51205113e+01 1.50700186e+01
 1.50191268e+01 1.49678409e+01 1.49161663e+01 1.48641082e+01
 1.48116718e+01 1.47588625e+01 1.47056855e+01 1.46521462e+01
 1.45982500e+01 1.45440022e+01 1.44894082e+01 1.44344735e+01
 1.43792035e+01 1.43236036e+01 1.42676793e+01 1.42114361e+01
 1.41548796e+01 1.40980151e+01 1.40408483e+01 1.39833847e+01
 1.39256298e+01 1.38675892e+01 1.38092684e+01 1.37506731e+01
 1.36918089e+01 1.36326812e+01 1.35732958e+01 1.35136582e+01
 1.34537740e+01 1.33936489e+01 1.33332884e+01 1.32726981e+01
 1.32118838e+01 1.31508509e+01 1.30896052e+01 1.30281522e+01
 1.29664975e+01 1.29046467e+01 1.28426054e+01 1.27803793e+01
 1.27179739e+01 1.26553948e+01 1.25926476e+01 1.25297378e+01
 1.24666710e+01 1.24034527e+01 1.23400885e+01 1.22765840e+01
 1.22129445e+01 1.21491756e+01 1.20852829e+01 1.20212716e+01
 1.19571475e+01 1.18929157e+01 1.18285819e+01 1.17641513e+01
 1.16996294e+01 1.16350215e+01 1.15703330e+01 1.15055692e+01
 1.14407354e+01 1.13758368e+01 1.13108789e+01 1.12458667e+01
 1.11808055e+01 1.11157005e+01 1.10505568e+01 1.09853797e+01
 1.09201741e+01 1.08549452e+01 1.07896980e+01 1.07244376e+01
 1.06591690e+01 1.05938971e+01 1.05286269e+01 1.04633633e+01
 1.03981111e+01 1.03328752e+01 1.02676604e+01 1.02024716e+01
 1.01373134e+01 1.00721906e+01 1.00071078e+01 9.94206968e+00
 9.87708089e+00 9.81214598e+00 9.74726948e+00 9.68245591e+00
 9.61770972e+00 9.55303534e+00 9.48843717e+00 9.42391956e+00
 9.35948681e+00 9.29514321e+00 9.23089299e+00 9.16674034e+00
 9.10268942e+00 9.03874435e+00 8.97490919e+00 8.91118799e+00
 8.84758473e+00 8.78410336e+00 8.72074780e+00 8.65752190e+00
 8.59442949e+00 8.53147434e+00 8.46866021e+00 8.40599077e+00
 8.34346968e+00 8.28110054e+00 8.21888693e+00 8.15683234e+00
 8.09494026e+00 8.03321412e+00 7.97165730e+00 7.91027314e+00
 7.84906493e+00 7.78803591e+00 7.72718931e+00 7.66652826e+00
 7.60605588e+00 7.54577524e+00 7.48568936e+00 7.42580120e+00
 7.36611371e+00 7.30662976e+00 7.24735218e+00 7.18828377e+00
 7.12942727e+00 7.07078537e+00 7.01236073e+00 6.95415594e+00
 6.89617357e+00 6.83841613e+00 6.78088608e+00 6.72358584e+00
 6.66651778e+00 6.60968423e+00 6.55308747e+00 6.49672972e+00
 6.44061319e+00 6.38474000e+00 6.32911225e+00 6.27373200e+00
 6.21860124e+00 6.16372193e+00 6.10909598e+00 6.05472527e+00
 6.00061161e+00 5.94675677e+00 5.89316249e+00 5.83983045e+00
 5.78676230e+00 5.73395963e+00 5.68142398e+00 5.62915688e+00
 5.57715977e+00 5.52543409e+00 5.47398120e+00 5.42280244e+00
 5.37189909e+00 5.32127240e+00 5.27092358e+00 5.22085378e+00
 5.17106412e+00 5.12155567e+00 5.07232947e+00 5.02338650e+00
 4.97472773e+00 4.92635405e+00 4.87826633e+00 4.83046540e+00
 4.78295205e+00 4.73572702e+00 4.68879101e+00 4.64214470e+00
 4.59578872e+00 4.54972364e+00 4.50395002e+00 4.45846836e+00
 4.41327916e+00 4.36838282e+00 4.32377977e+00 4.27947035e+00
 4.23545489e+00 4.19173368e+00 4.14830696e+00 4.10517496e+00
 4.06233785e+00 4.01979577e+00 3.97754885e+00 3.93559715e+00
 3.89394071e+00 3.85257954e+00 3.81151362e+00 3.77074288e+00
 3.73026724e+00 3.69008658e+00 3.65020072e+00 3.61060950e+00
 3.57131268e+00 3.53231003e+00 3.49360125e+00 3.45518605e+00
 3.41706407e+00 3.37923496e+00 3.34169831e+00 3.30445370e+00
 3.26750067e+00 3.23083874e+00 3.19446740e+00 3.15838612e+00
 3.12259432e+00 3.08709143e+00 3.05187681e+00 3.01694984e+00
 2.98230985e+00 2.94795614e+00 2.91388800e+00 2.88010469e+00
 2.84660545e+00 2.81338949e+00 2.78045601e+00 2.74780416e+00
 2.71543310e+00 2.68334196e+00 2.65152983e+00 2.61999580e+00
 2.58873894e+00 2.55775828e+00 2.52705284e+00 2.49662164e+00
 2.46646366e+00 2.43657786e+00 2.40696318e+00 2.37761857e+00
 2.34854293e+00 2.31973515e+00 2.29119413e+00 2.26291871e+00
 2.23490775e+00 2.20716008e+00 2.17967451e+00 2.15244984e+00
 2.12548487e+00 2.09877836e+00 2.07232907e+00 2.04613575e+00
 2.02019713e+00 1.99451193e+00 1.96907886e+00 1.94389662e+00
 1.91896388e+00 1.89427932e+00 1.86984160e+00 1.84564938e+00
 1.82170129e+00 1.79799597e+00 1.77453203e+00 1.75130810e+00]",restricted_age_optimal,True,True,True,10,2,"constraints_[1, 2]_remained",92.6807626903545,90.6032433603232,94.75828202038579,1.05997831920306,2.059616962194686,2.0134488694081,2.1057850549812716,0.02355558222026199,2.0595725237771703,2.013405427116088,2.1057396204382526,0.023555073983625406,0.9273503554249685,0.9227322660668583,0.9317540463709785,0.0023010588449688713,large
0.280245,0.670372,0.5065115,0.065636716590052,3988,100.0,"[0.280245   0.30462794 0.32901088 0.35339381 0.37777675 0.40215969
 0.42654263 0.45092556 0.4753085  0.49969144 0.52407437 0.54845731
 0.57284025 0.59722319 0.62160613 0.64598906 0.670372  ]","[ 0.1003009   0.47642929  1.10330993  1.20361083  2.90872618  5.91775326
 10.13039117 12.96389168 10.95787362 14.8445336  10.30591775 12.28686058
  9.80441324  4.71414243  1.80541625  0.47642929]",0.025,16,normal,0.504583280341023,"[0.280245   0.28063552 0.28102604 0.28141655 0.28180707 0.28219759
 0.28258811 0.28297862 0.28336914 0.28375966 0.28415018 0.28454069
 0.28493121 0.28532173 0.28571225 0.28610276 0.28649328 0.2868838
 0.28727432 0.28766483 0.28805535 0.28844587 0.28883639 0.2892269
 0.28961742 0.29000794 0.29039846 0.29078897 0.29117949 0.29157001
 0.29196053 0.29235104 0.29274156 0.29313208 0.2935226  0.29391311
 0.29430363 0.29469415 0.29508467 0.29547518 0.2958657  0.29625622
 0.29664674 0.29703725 0.29742777 0.29781829 0.29820881 0.29859932
 0.29898984 0.29938036 0.29977088 0.30016139 0.30055191 0.30094243
 0.30133295 0.30172346 0.30211398 0.3025045  0.30289502 0.30328553
 0.30367605 0.30406657 0.30445709 0.3048476  0.30523812 0.30562864
 0.30601916 0.30640967 0.30680019 0.30719071 0.30758123 0.30797174
 0.30836226 0.30875278 0.3091433  0.30953381 0.30992433 0.31031485
 0.31070537 0.31109588 0.3114864  0.31187692 0.31226744 0.31265795
 0.31304847 0.31343899 0.31382951 0.31422002 0.31461054 0.31500106
 0.31539158 0.31578209 0.31617261 0.31656313 0.31695365 0.31734416
 0.31773468 0.3181252  0.31851572 0.31890623 0.31929675 0.31968727
 0.32007779 0.3204683  0.32085882 0.32124934 0.32163986 0.32203037
 0.32242089 0.32281141 0.32320193 0.32359244 0.32398296 0.32437348
 0.324764   0.32515451 0.32554503 0.32593555 0.32632607 0.32671658
 0.3271071  0.32749762 0.32788814 0.32827865 0.32866917 0.32905969
 0.32945021 0.32984072 0.33023124 0.33062176 0.33101228 0.33140279
 0.33179331 0.33218383 0.33257435 0.33296486 0.33335538 0.3337459
 0.33413642 0.33452693 0.33491745 0.33530797 0.33569849 0.33608901
 0.33647952 0.33687004 0.33726056 0.33765108 0.33804159 0.33843211
 0.33882263 0.33921315 0.33960366 0.33999418 0.3403847  0.34077522
 0.34116573 0.34155625 0.34194677 0.34233729 0.3427278  0.34311832
 0.34350884 0.34389936 0.34428987 0.34468039 0.34507091 0.34546143
 0.34585194 0.34624246 0.34663298 0.3470235  0.34741401 0.34780453
 0.34819505 0.34858557 0.34897608 0.3493666  0.34975712 0.35014764
 0.35053815 0.35092867 0.35131919 0.35170971 0.35210022 0.35249074
 0.35288126 0.35327178 0.35366229 0.35405281 0.35444333 0.35483385
 0.35522436 0.35561488 0.3560054  0.35639592 0.35678643 0.35717695
 0.35756747 0.35795799 0.3583485  0.35873902 0.35912954 0.35952006
 0.35991057 0.36030109 0.36069161 0.36108213 0.36147264 0.36186316
 0.36225368 0.3626442  0.36303471 0.36342523 0.36381575 0.36420627
 0.36459678 0.3649873  0.36537782 0.36576834 0.36615885 0.36654937
 0.36693989 0.36733041 0.36772092 0.36811144 0.36850196 0.36889248
 0.36928299 0.36967351 0.37006403 0.37045455 0.37084506 0.37123558
 0.3716261  0.37201662 0.37240713 0.37279765 0.37318817 0.37357869
 0.3739692  0.37435972 0.37475024 0.37514076 0.37553127 0.37592179
 0.37631231 0.37670283 0.37709334 0.37748386 0.37787438 0.3782649
 0.37865541 0.37904593 0.37943645 0.37982697 0.38021748 0.380608
 0.38099852 0.38138904 0.38177955 0.38217007 0.38256059 0.38295111
 0.38334162 0.38373214 0.38412266 0.38451318 0.38490369 0.38529421
 0.38568473 0.38607525 0.38646576 0.38685628 0.3872468  0.38763732
 0.38802783 0.38841835 0.38880887 0.38919939 0.3895899  0.38998042
 0.39037094 0.39076146 0.39115197 0.39154249 0.39193301 0.39232353
 0.39271405 0.39310456 0.39349508 0.3938856  0.39427612 0.39466663
 0.39505715 0.39544767 0.39583819 0.3962287  0.39661922 0.39700974
 0.39740026 0.39779077 0.39818129 0.39857181 0.39896233 0.39935284
 0.39974336 0.40013388 0.4005244  0.40091491 0.40130543 0.40169595
 0.40208647 0.40247698 0.4028675  0.40325802 0.40364854 0.40403905
 0.40442957 0.40482009 0.40521061 0.40560112 0.40599164 0.40638216
 0.40677268 0.40716319 0.40755371 0.40794423 0.40833475 0.40872526
 0.40911578 0.4095063  0.40989682 0.41028733 0.41067785 0.41106837
 0.41145889 0.4118494  0.41223992 0.41263044 0.41302096 0.41341147
 0.41380199 0.41419251 0.41458303 0.41497354 0.41536406 0.41575458
 0.4161451  0.41653561 0.41692613 0.41731665 0.41770717 0.41809768
 0.4184882  0.41887872 0.41926924 0.41965975 0.42005027 0.42044079
 0.42083131 0.42122182 0.42161234 0.42200286 0.42239338 0.42278389
 0.42317441 0.42356493 0.42395545 0.42434596 0.42473648 0.425127
 0.42551752 0.42590803 0.42629855 0.42668907 0.42707959 0.4274701
 0.42786062 0.42825114 0.42864166 0.42903217 0.42942269 0.42981321
 0.43020373 0.43059424 0.43098476 0.43137528 0.4317658  0.43215631
 0.43254683 0.43293735 0.43332787 0.43371838 0.4341089  0.43449942
 0.43488994 0.43528045 0.43567097 0.43606149 0.43645201 0.43684252
 0.43723304 0.43762356 0.43801408 0.43840459 0.43879511 0.43918563
 0.43957615 0.43996666 0.44035718 0.4407477  0.44113822 0.44152873
 0.44191925 0.44230977 0.44270029 0.4430908  0.44348132 0.44387184
 0.44426236 0.44465287 0.44504339 0.44543391 0.44582443 0.44621494
 0.44660546 0.44699598 0.4473865  0.44777702 0.44816753 0.44855805
 0.44894857 0.44933909 0.4497296  0.45012012 0.45051064 0.45090116
 0.45129167 0.45168219 0.45207271 0.45246323 0.45285374 0.45324426
 0.45363478 0.4540253  0.45441581 0.45480633 0.45519685 0.45558737
 0.45597788 0.4563684  0.45675892 0.45714944 0.45753995 0.45793047
 0.45832099 0.45871151 0.45910202 0.45949254 0.45988306 0.46027358
 0.46066409 0.46105461 0.46144513 0.46183565 0.46222616 0.46261668
 0.4630072  0.46339772 0.46378823 0.46417875 0.46456927 0.46495979
 0.4653503  0.46574082 0.46613134 0.46652186 0.46691237 0.46730289
 0.46769341 0.46808393 0.46847444 0.46886496 0.46925548 0.469646
 0.47003651 0.47042703 0.47081755 0.47120807 0.47159858 0.4719891
 0.47237962 0.47277014 0.47316065 0.47355117 0.47394169 0.47433221
 0.47472272 0.47511324 0.47550376 0.47589428 0.47628479 0.47667531
 0.47706583 0.47745635 0.47784686 0.47823738 0.4786279  0.47901842
 0.47940893 0.47979945 0.48018997 0.48058049 0.480971   0.48136152
 0.48175204 0.48214256 0.48253307 0.48292359 0.48331411 0.48370463
 0.48409514 0.48448566 0.48487618 0.4852667  0.48565721 0.48604773
 0.48643825 0.48682877 0.48721928 0.4876098  0.48800032 0.48839084
 0.48878135 0.48917187 0.48956239 0.48995291 0.49034342 0.49073394
 0.49112446 0.49151498 0.49190549 0.49229601 0.49268653 0.49307705
 0.49346756 0.49385808 0.4942486  0.49463912 0.49502963 0.49542015
 0.49581067 0.49620119 0.4965917  0.49698222 0.49737274 0.49776326
 0.49815377 0.49854429 0.49893481 0.49932533 0.49971584 0.50010636
 0.50049688 0.5008874  0.50127791 0.50166843 0.50205895 0.50244947
 0.50283998 0.5032305  0.50362102 0.50401154 0.50440206 0.50479257
 0.50518309 0.50557361 0.50596413 0.50635464 0.50674516 0.50713568
 0.5075262  0.50791671 0.50830723 0.50869775 0.50908827 0.50947878
 0.5098693  0.51025982 0.51065034 0.51104085 0.51143137 0.51182189
 0.51221241 0.51260292 0.51299344 0.51338396 0.51377448 0.51416499
 0.51455551 0.51494603 0.51533655 0.51572706 0.51611758 0.5165081
 0.51689862 0.51728913 0.51767965 0.51807017 0.51846069 0.5188512
 0.51924172 0.51963224 0.52002276 0.52041327 0.52080379 0.52119431
 0.52158483 0.52197534 0.52236586 0.52275638 0.5231469  0.52353741
 0.52392793 0.52431845 0.52470897 0.52509948 0.52549    0.52588052
 0.52627104 0.52666155 0.52705207 0.52744259 0.52783311 0.52822362
 0.52861414 0.52900466 0.52939518 0.52978569 0.53017621 0.53056673
 0.53095725 0.53134776 0.53173828 0.5321288  0.53251932 0.53290983
 0.53330035 0.53369087 0.53408139 0.5344719  0.53486242 0.53525294
 0.53564346 0.53603397 0.53642449 0.53681501 0.53720553 0.53759604
 0.53798656 0.53837708 0.5387676  0.53915811 0.53954863 0.53993915
 0.54032967 0.54072018 0.5411107  0.54150122 0.54189174 0.54228225
 0.54267277 0.54306329 0.54345381 0.54384432 0.54423484 0.54462536
 0.54501588 0.54540639 0.54579691 0.54618743 0.54657795 0.54696846
 0.54735898 0.5477495  0.54814002 0.54853053 0.54892105 0.54931157
 0.54970209 0.5500926  0.55048312 0.55087364 0.55126416 0.55165467
 0.55204519 0.55243571 0.55282623 0.55321674 0.55360726 0.55399778
 0.5543883  0.55477881 0.55516933 0.55555985 0.55595037 0.55634088
 0.5567314  0.55712192 0.55751244 0.55790295 0.55829347 0.55868399
 0.55907451 0.55946503 0.55985554 0.56024606 0.56063658 0.5610271
 0.56141761 0.56180813 0.56219865 0.56258917 0.56297968 0.5633702
 0.56376072 0.56415124 0.56454175 0.56493227 0.56532279 0.56571331
 0.56610382 0.56649434 0.56688486 0.56727538 0.56766589 0.56805641
 0.56844693 0.56883745 0.56922796 0.56961848 0.570009   0.57039952
 0.57079003 0.57118055 0.57157107 0.57196159 0.5723521  0.57274262
 0.57313314 0.57352366 0.57391417 0.57430469 0.57469521 0.57508573
 0.57547624 0.57586676 0.57625728 0.5766478  0.57703831 0.57742883
 0.57781935 0.57820987 0.57860038 0.5789909  0.57938142 0.57977194
 0.58016245 0.58055297 0.58094349 0.58133401 0.58172452 0.58211504
 0.58250556 0.58289608 0.58328659 0.58367711 0.58406763 0.58445815
 0.58484866 0.58523918 0.5856297  0.58602022 0.58641073 0.58680125
 0.58719177 0.58758229 0.5879728  0.58836332 0.58875384 0.58914436
 0.58953487 0.58992539 0.59031591 0.59070643 0.59109694 0.59148746
 0.59187798 0.5922685  0.59265901 0.59304953 0.59344005 0.59383057
 0.59422108 0.5946116  0.59500212 0.59539264 0.59578315 0.59617367
 0.59656419 0.59695471 0.59734522 0.59773574 0.59812626 0.59851678
 0.59890729 0.59929781 0.59968833 0.60007885 0.60046936 0.60085988
 0.6012504  0.60164092 0.60203143 0.60242195 0.60281247 0.60320299
 0.6035935  0.60398402 0.60437454 0.60476506 0.60515557 0.60554609
 0.60593661 0.60632713 0.60671764 0.60710816 0.60749868 0.6078892
 0.60827971 0.60867023 0.60906075 0.60945127 0.60984178 0.6102323
 0.61062282 0.61101334 0.61140385 0.61179437 0.61218489 0.61257541
 0.61296592 0.61335644 0.61374696 0.61413748 0.61452799 0.61491851
 0.61530903 0.61569955 0.61609007 0.61648058 0.6168711  0.61726162
 0.61765214 0.61804265 0.61843317 0.61882369 0.61921421 0.61960472
 0.61999524 0.62038576 0.62077628 0.62116679 0.62155731 0.62194783
 0.62233835 0.62272886 0.62311938 0.6235099  0.62390042 0.62429093
 0.62468145 0.62507197 0.62546249 0.625853   0.62624352 0.62663404
 0.62702456 0.62741507 0.62780559 0.62819611 0.62858663 0.62897714
 0.62936766 0.62975818 0.6301487  0.63053921 0.63092973 0.63132025
 0.63171077 0.63210128 0.6324918  0.63288232 0.63327284 0.63366335
 0.63405387 0.63444439 0.63483491 0.63522542 0.63561594 0.63600646
 0.63639698 0.63678749 0.63717801 0.63756853 0.63795905 0.63834956
 0.63874008 0.6391306  0.63952112 0.63991163 0.64030215 0.64069267
 0.64108319 0.6414737  0.64186422 0.64225474 0.64264526 0.64303577
 0.64342629 0.64381681 0.64420733 0.64459784 0.64498836 0.64537888
 0.6457694  0.64615991 0.64655043 0.64694095 0.64733147 0.64772198
 0.6481125  0.64850302 0.64889354 0.64928405 0.64967457 0.65006509
 0.65045561 0.65084612 0.65123664 0.65162716 0.65201768 0.65240819
 0.65279871 0.65318923 0.65357975 0.65397026 0.65436078 0.6547513
 0.65514182 0.65553233 0.65592285 0.65631337 0.65670389 0.6570944
 0.65748492 0.65787544 0.65826596 0.65865647 0.65904699 0.65943751
 0.65982803 0.66021854 0.66060906 0.66099958 0.6613901  0.66178061
 0.66217113 0.66256165 0.66295217 0.66334268 0.6637332  0.66412372
 0.66451424 0.66490475 0.66529527 0.66568579 0.66607631 0.66646682
 0.66685734 0.66724786 0.66763838 0.66802889 0.66841941 0.66880993
 0.66920045 0.66959096 0.66998148 0.670372  ]","[ 0.04306845  0.04395245  0.044853    0.04577039  0.04670488  0.04765677
  0.04862634  0.04961387  0.05061967  0.05164403  0.05268726  0.05374966
  0.05483153  0.05593321  0.057055    0.05819722  0.05936022  0.06054431
  0.06174983  0.06297713  0.06422655  0.06549844  0.06679315  0.06811104
  0.06945248  0.07081782  0.07220746  0.07362176  0.0750611   0.07652587
  0.07801646  0.07953327  0.0810767   0.08264716  0.08424506  0.08587081
  0.08752483  0.08920756  0.09091942  0.09266085  0.09443229  0.09623419
  0.09806701  0.09993119  0.1018272   0.10375551  0.1057166   0.10771094
  0.10973902  0.11180133  0.11389836  0.11603062  0.11819862  0.12040286
  0.12264386  0.12492215  0.12723826  0.12959273  0.13198609  0.13441889
  0.13689169  0.13940505  0.14195952  0.14455569  0.14719413  0.14987541
  0.15260014  0.1553689   0.1581823   0.16104094  0.16394545  0.16689642
  0.1698945   0.17294032  0.1760345   0.17917771  0.18237058  0.18561378
  0.18890797  0.19225381  0.19565199  0.19910318  0.20260808  0.20616738
  0.20978179  0.213452    0.21717873  0.22096271  0.22480466  0.22870532
  0.23266542  0.23668571  0.24076695  0.24490989  0.2491153   0.25338396
  0.25771663  0.26211412  0.2665772   0.27110668  0.27570336  0.28036805
  0.28510158  0.28990476  0.29477842  0.29972341  0.30474056  0.30983073
  0.31499477  0.32023355  0.32554793  0.33093879  0.336407    0.34195347
  0.34757908  0.35328473  0.35907133  0.3649398   0.37089104  0.376926
  0.38304559  0.38925075  0.39554244  0.40192159  0.40838917  0.41494614
  0.42159345  0.42833209  0.43516304  0.44208727  0.44910578  0.45621957
  0.46342964  0.47073698  0.47814263  0.48564759  0.49325288  0.50095954
  0.50876861  0.51668111  0.52469809  0.53282061  0.54104971  0.54938646
  0.55783192  0.56638716  0.57505325  0.58383127  0.5927223   0.60172743
  0.61084775  0.62008435  0.62943834  0.63891082  0.64850289  0.65821567
  0.66805027  0.67800781  0.68808942  0.69829621  0.70862933  0.71908989
  0.72967904  0.74039791  0.75124764  0.76222939  0.77334429  0.78459349
  0.79597815  0.80749942  0.81915846  0.83095642  0.84289446  0.85497374
  0.86719544  0.8795607   0.8920707   0.9047266   0.91752957  0.93048078
  0.9435814   0.9568326   0.97023555  0.98379141  0.99750136  1.01136657
  1.02538821  1.03956744  1.05390544  1.06840337  1.0830624   1.0978837
  1.11286842  1.12801774  1.14333281  1.15881479  1.17446484  1.1902841
  1.20627375  1.22243491  1.23876875  1.2552764   1.271959    1.28881768
  1.30585359  1.32306785  1.34046158  1.3580359   1.37579194  1.39373079
  1.41185357  1.43016137  1.44865529  1.46733642  1.48620584  1.50526463
  1.52451386  1.5439546   1.56358789  1.58341479  1.60343635  1.62365359
  1.64406754  1.66467923  1.68548967  1.70649984  1.72771076  1.7491234
  1.77073874  1.79255774  1.81458136  1.83681055  1.85924623  1.88188933
  1.90474077  1.92780145  1.95107226  1.97455407  1.99824776  2.02215418
  2.04627417  2.07060856  2.09515818  2.11992381  2.14490626  2.17010629
  2.19552467  2.22116215  2.24701946  2.27309732  2.29939643  2.32591747
  2.35266113  2.37962805  2.40681887  2.43423421  2.46187469  2.48974089
  2.51783338  2.54615271  2.57469943  2.60347403  2.63247704  2.66170891
  2.69117012  2.72086111  2.75078229  2.78093408  2.81131684  2.84193094
  2.87277673  2.90385451  2.93516459  2.96670725  2.99848273  3.03049128
  3.06273309  3.09520836  3.12791725  3.1608599   3.19403643  3.22744694
  3.26109148  3.29497012  3.32908286  3.36342971  3.39801064  3.43282559
  3.46787448  3.50315721  3.53867364  3.57442362  3.61040697  3.64662347
  3.68307288  3.71975494  3.75666936  3.79381581  3.83119395  3.8688034
  3.90664376  3.94471459  3.98301543  4.02154579  4.06030515  4.09929295
  4.13850862  4.17795155  4.2176211   4.25751659  4.29763734  4.3379826
  4.37855161  4.41934359  4.4603577   4.50159309  4.54304888  4.58472415
  4.62661794  4.66872927  4.71105713  4.75360048  4.79635822  4.83932925
  4.88251243  4.92590657  4.96951046  5.01332287  5.05734252  5.10156808
  5.14599823  5.19063158  5.23546672  5.2805022   5.32573656  5.37116827
  5.41679578  5.46261753  5.50863189  5.55483721  5.60123182  5.64781399
  5.69458197  5.74153398  5.78866819  5.83598276  5.88347578  5.93114535
  5.97898949  6.02700622  6.07519351  6.12354931  6.1720715   6.22075797
  6.26960654  6.31861502  6.36778118  6.41710275  6.46657743  6.51620288
  6.56597672  6.61589657  6.66595998  6.71616448  6.76650756  6.81698668
  6.86759928  6.91834275  6.96921444  7.02021169  7.0713318   7.12257202
  7.17392958  7.22540168  7.2769855   7.32867814  7.38047673  7.43237833
  7.48437997  7.53647866  7.58867137  7.64095505  7.69332662  7.74578294
  7.79832088  7.85093726  7.90362886  7.95639245  8.00922476  8.0621225
  8.11508233  8.16810092  8.22117486  8.27430077  8.32747519  8.38069466
  8.43395569  8.48725476  8.54058833  8.59395283  8.64734465  8.70076018
  8.75419578  8.80764776  8.86111243  8.91458608  8.96806496  9.02154531
  9.07502333  9.12849521  9.18195713  9.23540523  9.28883563  9.34224443
  9.39562773  9.44898157  9.50230202  9.5555851   9.6088268   9.66202313
  9.71517005  9.76826353  9.82129949  9.87427386  9.92718256  9.98002146
 10.03278645 10.0854734  10.13807815 10.19059654 10.24302439 10.29535752
 10.34759173 10.39972282 10.45174655 10.50365871 10.55545505 10.60713133
 10.65868328 10.71010666 10.76139718 10.81255058 10.86356256 10.91442885
 10.96514516 11.01570717 11.06611061 11.11635116 11.16642452 11.21632638
 11.26605244 11.31559839 11.36495992 11.41413272 11.4631125  11.51189494
 11.56047574 11.60885062 11.65701527 11.7049654  11.75269674 11.80020499
 11.8474859  11.8945352  11.94134862 11.98792193 12.03425087 12.08033122
 12.12615876 12.17172928 12.21703858 12.26208247 12.30685679 12.35135736
 12.39558006 12.43952073 12.48317528 12.52653959 12.56960958 12.61238119
 12.65485038 12.6970131  12.73886535 12.78040313 12.82162248 12.86251945
 12.90309011 12.94333054 12.98323688 13.02280526 13.06203183 13.1009128
 13.13944438 13.17762281 13.21544435 13.2529053  13.29000198 13.32673074
 13.36308796 13.39907006 13.43467346 13.46989464 13.5047301  13.53917637
 13.57323002 13.60688764 13.64014588 13.67300139 13.70545088 13.73749108
 13.76911876 13.80033074 13.83112386 13.861495   13.89144109 13.92095907
 13.95004596 13.97869878 14.00691462 14.0346906  14.06202387 14.08891163
 14.11535114 14.14133966 14.16687454 14.19195314 14.21657287 14.24073121
 14.26442564 14.28765373 14.31041306 14.33270128 14.35451607 14.37585516
 14.39671635 14.41709745 14.43699635 14.45641096 14.47533927 14.49377928
 14.51172909 14.5291868  14.54615058 14.56261867 14.57858933 14.59406088
 14.6090317  14.62350022 14.63746491 14.65092431 14.66387698 14.67632158
 14.68825679 14.69968134 14.71059403 14.72099371 14.73087928 14.74024969
 14.74910396 14.75744114 14.76526035 14.77256076 14.77934161 14.78560217
 14.79134178 14.79655983 14.80125576 14.80542908 14.80907935 14.81220617
 14.81480923 14.81688823 14.81844295 14.81947325 14.819979   14.81996014
 14.81941669 14.8183487  14.81675629 14.81463962 14.81199891 14.80883445
 14.80514658 14.80093568 14.79620221 14.79094665 14.78516958 14.77887161
 14.77205339 14.76471567 14.7568592  14.74848482 14.73959343 14.73018596
 14.72026341 14.70982682 14.6988773  14.68741601 14.67544415 14.66296299
 14.64997385 14.63647809 14.62247714 14.60797247 14.59296561 14.57745813
 14.56145166 14.54494789 14.52794854 14.5104554  14.49247031 14.47399513
 14.45503181 14.43558232 14.4156487  14.39523302 14.37433741 14.35296405
 14.33111516 14.308793   14.2859999  14.26273822 14.23901036 14.21481878
 14.19016598 14.1650545  14.13948694 14.11346591 14.0869941  14.06007422
 14.03270904 14.00490136 13.97665401 13.94796989 13.91885192 13.88930307
 13.85932633 13.82892476 13.79810144 13.76685947 13.73520203 13.70313231
 13.67065353 13.63776896 13.60448191 13.57079571 13.53671373 13.50223937
 13.46737607 13.43212731 13.39649657 13.3604874  13.32410335 13.28734803
 13.25022504 13.21273805 13.17489074 13.13668681 13.09812999 13.05922406
 13.01997278 12.98037999 12.94044951 12.90018521 12.85959098 12.81867071
 12.77742834 12.73586782 12.69399312 12.65180824 12.60931719 12.56652399
 12.52343271 12.4800474  12.43637216 12.39241108 12.34816828 12.30364789
 12.25885406 12.21379095 12.16846274 12.1228736  12.07702775 12.0309294
 11.98458275 11.93799205 11.89116153 11.84409544 11.79679805 11.74927362
 11.70152642 11.65356072 11.60538082 11.556991   11.50839556 11.45959879
 11.410605   11.36141849 11.31204356 11.26248452 11.21274569 11.16283135
 11.11274584 11.06249344 11.01207846 10.96150521 10.91077799 10.85990108
 10.80887879 10.75771539 10.70641518 10.65498242 10.60342139 10.55173634
 10.49993153 10.44801122 10.39597963 10.34384099 10.29159953 10.23925945
 10.18682495 10.13430021 10.08168942 10.02899672  9.97622628  9.92338223
  9.87046868  9.81748974  9.76444951  9.71135206  9.65820145  9.60500173
  9.55175691  9.49847102  9.44514804  9.39179194  9.33840668  9.2849962
  9.2315644   9.17811518  9.12465241  9.07117996  9.01770165  8.96422128
  8.91074265  8.85726952  8.80380563  8.75035471  8.69692043  8.64350649
  8.5901165   8.53675411  8.4834229   8.43012645  8.37686828  8.32365194
  8.27048089  8.21735861  8.16428852  8.11127405  8.05831856  8.00542542
  7.95259794  7.89983941  7.84715311  7.79454226  7.74201009  7.68955975
  7.6371944   7.58491715  7.53273109  7.48063928  7.42864473  7.37675044
  7.32495937  7.27327444  7.22169857  7.1702346   7.11888538  7.0676537
  7.01654233  6.96555401  6.91469145  6.8639573   6.81335421  6.76288477
  6.71255157  6.66235713  6.61230396  6.56239452  6.51263126  6.46301657
  6.41355282  6.36424234  6.31508744  6.26609038  6.21725338  6.16857865
  6.12006834  6.07172459  6.02354949  5.9755451   5.92771343  5.88005649
  5.83257623  5.78527456  5.73815338  5.69121454  5.64445986  5.59789111
  5.55151005  5.5053184   5.45931783  5.41350999  5.36789649  5.32247891
  5.2772588   5.23223766  5.18741698  5.14279819  5.0983827   5.05417189
  5.0101671   4.96636963  4.92278077  4.87940175  4.83623378  4.79327804
  4.75053567  4.70800778  4.66569545  4.62359972  4.5817216   4.54006208
  4.4986221   4.45740258  4.4164044   4.37562842  4.33507546  4.29474631
  4.25464174  4.21476246  4.17510917  4.13568256  4.09648324  4.05751184
  4.01876892  3.98025504  3.94197072  3.90391644  3.86609266  3.82849982
  3.79113832  3.75400853  3.7171108   3.68044545  3.64401277  3.60781303
  3.57184645  3.53611324  3.5006136   3.46534768  3.43031559  3.39551746
  3.36095336  3.32662333  3.29252742  3.25866561  3.22503788  3.19164419
  3.15848448  3.12555863  3.09286653  3.06040805  3.02818301  2.99619122
  2.96443248  2.93290655  2.90161317  2.87055207  2.83972295  2.80912548
  2.77875933  2.74862414  2.71871951  2.68904505  2.65960034  2.63038493
  2.60139836  2.57264015  2.54410979  2.51580678  2.48773058  2.45988062
  2.43225634  2.40485715  2.37768244  2.35073159  2.32400396  2.29749889
  2.2712157   2.24515372  2.21931223  2.19369052  2.16828786  2.14310349
  2.11813665  2.09338657  2.06885245  2.0445335   2.02042888  1.99653778
  1.97285935  1.94939273  1.92613705  1.90309144  1.88025501  1.85762684
  1.83520603  1.81299165  1.79098277  1.76917844  1.7475777   1.72617959
  1.70498314  1.68398735  1.66319123  1.64259379  1.622194    1.60199086
  1.58198333  1.56217038  1.54255096  1.52312402  1.50388852  1.48484337
  1.46598752  1.44731988  1.42883937  1.4105449   1.39243538  1.37450971
  1.35676677  1.33920546  1.32182467  1.30462327  1.28760013  1.27075414
  1.25408415  1.23758903  1.22126765  1.20511885  1.18914149  1.17333442
  1.15769649  1.14222654  1.12692343  1.11178598  1.09681304  1.08200344
  1.06735603  1.05286963  1.03854308  1.02437522  1.01036486  0.99651085
  0.98281201  0.96926718  0.95587518  0.94263484  0.929545    0.91660448
  0.90381211  0.89116674  0.87866718  0.86631227  0.85410086  0.84203176
  0.83010383  0.81831589  0.8066668   0.79515538  0.7837805   0.77254098
  0.76143569  0.75046347  0.73962318  0.72891367  0.7183338   0.70788244
  0.69755844  0.68736068  0.67728803  0.66733936  0.65751355  0.64780948
  0.63822604  0.62876212  0.6194166   0.61018839]",restricted_age_optimal,True,True,True,10,2,"constraints_[1, 3]_remained",97.67644075531805,95.59262673869776,99.76025477193835,1.0631899530078912,1.6385884243025495,1.6036310333531099,1.673545815251989,0.01783573128138016,1.6385548372646979,1.6035981628559073,1.6735115116734884,0.017835365692698602,0.8766971424694686,0.871584926140438,0.8816650328447402,0.0025714134047005936,large
0.306134,0.659963,0.4992345,0.0625821011217138,2516,100.0,"[0.306134  0.3297226 0.3533112 0.3768998 0.4004884 0.424077  0.4476656
 0.4712542 0.4948428 0.5184314 0.54202   0.5656086 0.5891972 0.6127858
 0.6363744 0.659963 ]","[ 0.31796502  1.2718601   1.07313196  2.42448331  5.52464229 10.85055644
 15.65977742 10.81081081 14.54689984 10.05564388 10.69157393  9.49920509
  5.00794913  1.74880763  0.51669316]",0.025,15,normal,0.49862941772655,"[0.306134   0.30648818 0.30684237 0.30719655 0.30755073 0.30790492
 0.3082591  0.30861328 0.30896747 0.30932165 0.30967583 0.31003002
 0.3103842  0.31073838 0.31109256 0.31144675 0.31180093 0.31215511
 0.3125093  0.31286348 0.31321766 0.31357185 0.31392603 0.31428021
 0.3146344  0.31498858 0.31534276 0.31569695 0.31605113 0.31640531
 0.3167595  0.31711368 0.31746786 0.31782205 0.31817623 0.31853041
 0.31888459 0.31923878 0.31959296 0.31994714 0.32030133 0.32065551
 0.32100969 0.32136388 0.32171806 0.32207224 0.32242643 0.32278061
 0.32313479 0.32348898 0.32384316 0.32419734 0.32455153 0.32490571
 0.32525989 0.32561408 0.32596826 0.32632244 0.32667662 0.32703081
 0.32738499 0.32773917 0.32809336 0.32844754 0.32880172 0.32915591
 0.32951009 0.32986427 0.33021846 0.33057264 0.33092682 0.33128101
 0.33163519 0.33198937 0.33234356 0.33269774 0.33305192 0.33340611
 0.33376029 0.33411447 0.33446865 0.33482284 0.33517702 0.3355312
 0.33588539 0.33623957 0.33659375 0.33694794 0.33730212 0.3376563
 0.33801049 0.33836467 0.33871885 0.33907304 0.33942722 0.3397814
 0.34013559 0.34048977 0.34084395 0.34119814 0.34155232 0.3419065
 0.34226068 0.34261487 0.34296905 0.34332323 0.34367742 0.3440316
 0.34438578 0.34473997 0.34509415 0.34544833 0.34580252 0.3461567
 0.34651088 0.34686507 0.34721925 0.34757343 0.34792762 0.3482818
 0.34863598 0.34899017 0.34934435 0.34969853 0.35005271 0.3504069
 0.35076108 0.35111526 0.35146945 0.35182363 0.35217781 0.352532
 0.35288618 0.35324036 0.35359455 0.35394873 0.35430291 0.3546571
 0.35501128 0.35536546 0.35571965 0.35607383 0.35642801 0.3567822
 0.35713638 0.35749056 0.35784474 0.35819893 0.35855311 0.35890729
 0.35926148 0.35961566 0.35996984 0.36032403 0.36067821 0.36103239
 0.36138658 0.36174076 0.36209494 0.36244913 0.36280331 0.36315749
 0.36351168 0.36386586 0.36422004 0.36457423 0.36492841 0.36528259
 0.36563677 0.36599096 0.36634514 0.36669932 0.36705351 0.36740769
 0.36776187 0.36811606 0.36847024 0.36882442 0.36917861 0.36953279
 0.36988697 0.37024116 0.37059534 0.37094952 0.37130371 0.37165789
 0.37201207 0.37236626 0.37272044 0.37307462 0.3734288  0.37378299
 0.37413717 0.37449135 0.37484554 0.37519972 0.3755539  0.37590809
 0.37626227 0.37661645 0.37697064 0.37732482 0.377679   0.37803319
 0.37838737 0.37874155 0.37909574 0.37944992 0.3798041  0.38015829
 0.38051247 0.38086665 0.38122083 0.38157502 0.3819292  0.38228338
 0.38263757 0.38299175 0.38334593 0.38370012 0.3840543  0.38440848
 0.38476267 0.38511685 0.38547103 0.38582522 0.3861794  0.38653358
 0.38688777 0.38724195 0.38759613 0.38795032 0.3883045  0.38865868
 0.38901286 0.38936705 0.38972123 0.39007541 0.3904296  0.39078378
 0.39113796 0.39149215 0.39184633 0.39220051 0.3925547  0.39290888
 0.39326306 0.39361725 0.39397143 0.39432561 0.3946798  0.39503398
 0.39538816 0.39574235 0.39609653 0.39645071 0.39680489 0.39715908
 0.39751326 0.39786744 0.39822163 0.39857581 0.39892999 0.39928418
 0.39963836 0.39999254 0.40034673 0.40070091 0.40105509 0.40140928
 0.40176346 0.40211764 0.40247183 0.40282601 0.40318019 0.40353438
 0.40388856 0.40424274 0.40459692 0.40495111 0.40530529 0.40565947
 0.40601366 0.40636784 0.40672202 0.40707621 0.40743039 0.40778457
 0.40813876 0.40849294 0.40884712 0.40920131 0.40955549 0.40990967
 0.41026386 0.41061804 0.41097222 0.41132641 0.41168059 0.41203477
 0.41238895 0.41274314 0.41309732 0.4134515  0.41380569 0.41415987
 0.41451405 0.41486824 0.41522242 0.4155766  0.41593079 0.41628497
 0.41663915 0.41699334 0.41734752 0.4177017  0.41805589 0.41841007
 0.41876425 0.41911844 0.41947262 0.4198268  0.42018098 0.42053517
 0.42088935 0.42124353 0.42159772 0.4219519  0.42230608 0.42266027
 0.42301445 0.42336863 0.42372282 0.424077   0.42443118 0.42478537
 0.42513955 0.42549373 0.42584792 0.4262021  0.42655628 0.42691047
 0.42726465 0.42761883 0.42797302 0.4283272  0.42868138 0.42903556
 0.42938975 0.42974393 0.43009811 0.4304523  0.43080648 0.43116066
 0.43151485 0.43186903 0.43222321 0.4325774  0.43293158 0.43328576
 0.43363995 0.43399413 0.43434831 0.4347025  0.43505668 0.43541086
 0.43576505 0.43611923 0.43647341 0.43682759 0.43718178 0.43753596
 0.43789014 0.43824433 0.43859851 0.43895269 0.43930688 0.43966106
 0.44001524 0.44036943 0.44072361 0.44107779 0.44143198 0.44178616
 0.44214034 0.44249453 0.44284871 0.44320289 0.44355708 0.44391126
 0.44426544 0.44461962 0.44497381 0.44532799 0.44568217 0.44603636
 0.44639054 0.44674472 0.44709891 0.44745309 0.44780727 0.44816146
 0.44851564 0.44886982 0.44922401 0.44957819 0.44993237 0.45028656
 0.45064074 0.45099492 0.45134911 0.45170329 0.45205747 0.45241165
 0.45276584 0.45312002 0.4534742  0.45382839 0.45418257 0.45453675
 0.45489094 0.45524512 0.4555993  0.45595349 0.45630767 0.45666185
 0.45701604 0.45737022 0.4577244  0.45807859 0.45843277 0.45878695
 0.45914114 0.45949532 0.4598495  0.46020368 0.46055787 0.46091205
 0.46126623 0.46162042 0.4619746  0.46232878 0.46268297 0.46303715
 0.46339133 0.46374552 0.4640997  0.46445388 0.46480807 0.46516225
 0.46551643 0.46587062 0.4662248  0.46657898 0.46693317 0.46728735
 0.46764153 0.46799571 0.4683499  0.46870408 0.46905826 0.46941245
 0.46976663 0.47012081 0.470475   0.47082918 0.47118336 0.47153755
 0.47189173 0.47224591 0.4726001  0.47295428 0.47330846 0.47366265
 0.47401683 0.47437101 0.4747252  0.47507938 0.47543356 0.47578774
 0.47614193 0.47649611 0.47685029 0.47720448 0.47755866 0.47791284
 0.47826703 0.47862121 0.47897539 0.47932958 0.47968376 0.48003794
 0.48039213 0.48074631 0.48110049 0.48145468 0.48180886 0.48216304
 0.48251723 0.48287141 0.48322559 0.48357977 0.48393396 0.48428814
 0.48464232 0.48499651 0.48535069 0.48570487 0.48605906 0.48641324
 0.48676742 0.48712161 0.48747579 0.48782997 0.48818416 0.48853834
 0.48889252 0.48924671 0.48960089 0.48995507 0.49030926 0.49066344
 0.49101762 0.4913718  0.49172599 0.49208017 0.49243435 0.49278854
 0.49314272 0.4934969  0.49385109 0.49420527 0.49455945 0.49491364
 0.49526782 0.495622   0.49597619 0.49633037 0.49668455 0.49703874
 0.49739292 0.4977471  0.49810129 0.49845547 0.49880965 0.49916383
 0.49951802 0.4998722  0.50022638 0.50058057 0.50093475 0.50128893
 0.50164312 0.5019973  0.50235148 0.50270567 0.50305985 0.50341403
 0.50376822 0.5041224  0.50447658 0.50483077 0.50518495 0.50553913
 0.50589332 0.5062475  0.50660168 0.50695586 0.50731005 0.50766423
 0.50801841 0.5083726  0.50872678 0.50908096 0.50943515 0.50978933
 0.51014351 0.5104977  0.51085188 0.51120606 0.51156025 0.51191443
 0.51226861 0.5126228  0.51297698 0.51333116 0.51368535 0.51403953
 0.51439371 0.51474789 0.51510208 0.51545626 0.51581044 0.51616463
 0.51651881 0.51687299 0.51722718 0.51758136 0.51793554 0.51828973
 0.51864391 0.51899809 0.51935228 0.51970646 0.52006064 0.52041483
 0.52076901 0.52112319 0.52147738 0.52183156 0.52218574 0.52253992
 0.52289411 0.52324829 0.52360247 0.52395666 0.52431084 0.52466502
 0.52501921 0.52537339 0.52572757 0.52608176 0.52643594 0.52679012
 0.52714431 0.52749849 0.52785267 0.52820686 0.52856104 0.52891522
 0.52926941 0.52962359 0.52997777 0.53033195 0.53068614 0.53104032
 0.5313945  0.53174869 0.53210287 0.53245705 0.53281124 0.53316542
 0.5335196  0.53387379 0.53422797 0.53458215 0.53493634 0.53529052
 0.5356447  0.53599889 0.53635307 0.53670725 0.53706144 0.53741562
 0.5377698  0.53812398 0.53847817 0.53883235 0.53918653 0.53954072
 0.5398949  0.54024908 0.54060327 0.54095745 0.54131163 0.54166582
 0.54202    0.54237418 0.54272837 0.54308255 0.54343673 0.54379092
 0.5441451  0.54449928 0.54485347 0.54520765 0.54556183 0.54591602
 0.5462702  0.54662438 0.54697856 0.54733275 0.54768693 0.54804111
 0.5483953  0.54874948 0.54910366 0.54945785 0.54981203 0.55016621
 0.5505204  0.55087458 0.55122876 0.55158295 0.55193713 0.55229131
 0.5526455  0.55299968 0.55335386 0.55370805 0.55406223 0.55441641
 0.55477059 0.55512478 0.55547896 0.55583314 0.55618733 0.55654151
 0.55689569 0.55724988 0.55760406 0.55795824 0.55831243 0.55866661
 0.55902079 0.55937498 0.55972916 0.56008334 0.56043753 0.56079171
 0.56114589 0.56150008 0.56185426 0.56220844 0.56256262 0.56291681
 0.56327099 0.56362517 0.56397936 0.56433354 0.56468772 0.56504191
 0.56539609 0.56575027 0.56610446 0.56645864 0.56681282 0.56716701
 0.56752119 0.56787537 0.56822956 0.56858374 0.56893792 0.56929211
 0.56964629 0.57000047 0.57035465 0.57070884 0.57106302 0.5714172
 0.57177139 0.57212557 0.57247975 0.57283394 0.57318812 0.5735423
 0.57389649 0.57425067 0.57460485 0.57495904 0.57531322 0.5756674
 0.57602159 0.57637577 0.57672995 0.57708414 0.57743832 0.5777925
 0.57814668 0.57850087 0.57885505 0.57920923 0.57956342 0.5799176
 0.58027178 0.58062597 0.58098015 0.58133433 0.58168852 0.5820427
 0.58239688 0.58275107 0.58310525 0.58345943 0.58381362 0.5841678
 0.58452198 0.58487617 0.58523035 0.58558453 0.58593871 0.5862929
 0.58664708 0.58700126 0.58735545 0.58770963 0.58806381 0.588418
 0.58877218 0.58912636 0.58948055 0.58983473 0.59018891 0.5905431
 0.59089728 0.59125146 0.59160565 0.59195983 0.59231401 0.5926682
 0.59302238 0.59337656 0.59373074 0.59408493 0.59443911 0.59479329
 0.59514748 0.59550166 0.59585584 0.59621003 0.59656421 0.59691839
 0.59727258 0.59762676 0.59798094 0.59833513 0.59868931 0.59904349
 0.59939768 0.59975186 0.60010604 0.60046023 0.60081441 0.60116859
 0.60152277 0.60187696 0.60223114 0.60258532 0.60293951 0.60329369
 0.60364787 0.60400206 0.60435624 0.60471042 0.60506461 0.60541879
 0.60577297 0.60612716 0.60648134 0.60683552 0.60718971 0.60754389
 0.60789807 0.60825226 0.60860644 0.60896062 0.6093148  0.60966899
 0.61002317 0.61037735 0.61073154 0.61108572 0.6114399  0.61179409
 0.61214827 0.61250245 0.61285664 0.61321082 0.613565   0.61391919
 0.61427337 0.61462755 0.61498174 0.61533592 0.6156901  0.61604429
 0.61639847 0.61675265 0.61710683 0.61746102 0.6178152  0.61816938
 0.61852357 0.61887775 0.61923193 0.61958612 0.6199403  0.62029448
 0.62064867 0.62100285 0.62135703 0.62171122 0.6220654  0.62241958
 0.62277377 0.62312795 0.62348213 0.62383632 0.6241905  0.62454468
 0.62489886 0.62525305 0.62560723 0.62596141 0.6263156  0.62666978
 0.62702396 0.62737815 0.62773233 0.62808651 0.6284407  0.62879488
 0.62914906 0.62950325 0.62985743 0.63021161 0.6305658  0.63091998
 0.63127416 0.63162835 0.63198253 0.63233671 0.63269089 0.63304508
 0.63339926 0.63375344 0.63410763 0.63446181 0.63481599 0.63517018
 0.63552436 0.63587854 0.63623273 0.63658691 0.63694109 0.63729528
 0.63764946 0.63800364 0.63835783 0.63871201 0.63906619 0.63942038
 0.63977456 0.64012874 0.64048292 0.64083711 0.64119129 0.64154547
 0.64189966 0.64225384 0.64260802 0.64296221 0.64331639 0.64367057
 0.64402476 0.64437894 0.64473312 0.64508731 0.64544149 0.64579567
 0.64614986 0.64650404 0.64685822 0.64721241 0.64756659 0.64792077
 0.64827495 0.64862914 0.64898332 0.6493375  0.64969169 0.65004587
 0.65040005 0.65075424 0.65110842 0.6514626  0.65181679 0.65217097
 0.65252515 0.65287934 0.65323352 0.6535877  0.65394189 0.65429607
 0.65465025 0.65500444 0.65535862 0.6557128  0.65606698 0.65642117
 0.65677535 0.65712953 0.65748372 0.6578379  0.65819208 0.65854627
 0.65890045 0.65925463 0.65960882 0.659963  ]","[ 0.13265256  0.13497983  0.13734352  0.13974413  0.14218215  0.14465807
  0.14717239  0.14972562  0.15231826  0.15495083  0.15762386  0.16033786
  0.16309336  0.16589091  0.16873104  0.1716143   0.17454124  0.17751241
  0.18052837  0.1835897   0.18669695  0.18985072  0.19305158  0.19630012
  0.19959693  0.20294261  0.20633775  0.20978298  0.21327891  0.21682614
  0.22042531  0.22407705  0.22778199  0.23154078  0.23535405  0.23922246
  0.24314666  0.24712732  0.25116511  0.25526069  0.25941475  0.26362797
  0.26790103  0.27223463  0.27662948  0.28108626  0.28560571  0.29018852
  0.29483543  0.29954716  0.30432443  0.309168    0.31407859  0.31905695
  0.32410385  0.32922004  0.33440627  0.33966333  0.34499198  0.350393
  0.35586718  0.36141531  0.36703817  0.37273658  0.37851134  0.38436325
  0.39029313  0.3963018   0.40239009  0.40855883  0.41480885  0.42114099
  0.42755609  0.43405502  0.44063861  0.44730773  0.45406325  0.46090603
  0.46783695  0.47485688  0.48196671  0.48916732  0.49645961  0.50384447
  0.51132281  0.51889552  0.52656351  0.53432771  0.54218902  0.55014837
  0.55820669  0.5663649   0.57462393  0.58298473  0.59144824  0.60001539
  0.60868715  0.61746445  0.62634827  0.63533955  0.64443925  0.65364836
  0.66296782  0.67239863  0.68194174  0.69159815  0.70136882  0.71125475
  0.72125693  0.73137633  0.74161396  0.75197081  0.76244787  0.77304614
  0.78376663  0.79461034  0.80557827  0.81667143  0.82789083  0.83923749
  0.8507124   0.8623166   0.87405108  0.88591687  0.89791499  0.91004645
  0.92231227  0.93471348  0.94725108  0.95992612  0.97273959  0.98569254
  0.99878597  1.01202092  1.02539839  1.03891943  1.05258503  1.06639624
  1.08035406  1.09445951  1.10871362  1.12311739  1.13767185  1.15237801
  1.16723689  1.18224949  1.19741682  1.21273989  1.22821971  1.24385727
  1.25965359  1.27560965  1.29172645  1.30800498  1.32444624  1.3410512
  1.35782086  1.37475618  1.39185814  1.40912772  1.42656588  1.44417358
  1.46195178  1.47990144  1.49802349  1.51631889  1.53478857  1.55343347
  1.5722545   1.59125261  1.61042868  1.62978365  1.6493184   1.66903385
  1.68893086  1.70901034  1.72927314  1.74972015  1.77035222  1.7911702
  1.81217494  1.83336728  1.85474804  1.87631804  1.8980781   1.92002902
  1.94217158  1.96450658  1.98703479  2.00975696  2.03267387  2.05578624
  2.07909482  2.10260032  2.12630346  2.15020494  2.17430545  2.19860566
  2.22310625  2.24780787  2.27271117  2.29781676  2.32312527  2.34863731
  2.37435346  2.40027431  2.42640041  2.45273233  2.47927059  2.50601573
  2.53296825  2.56012865  2.5874974   2.61507497  2.64286181  2.67085836
  2.69906502  2.72748222  2.75611032  2.78494971  2.81400073  2.84326373
  2.87273902  2.90242691  2.93232767  2.96244159  2.9927689   3.02330985
  3.05406464  3.08503347  3.11621652  3.14761394  3.17922588  3.21105244
  3.24309374  3.27534985  3.30782083  3.34050672  3.37340754  3.40652329
  3.43985395  3.47339947  3.5071598   3.54113484  3.57532449  3.60972862
  3.64434707  3.67917969  3.71422626  3.74948658  3.78496041  3.82064747
  3.85654749  3.89266015  3.92898512  3.96552205  4.00227055  4.03923023
  4.07640064  4.11378135  4.15137186  4.18917169  4.2271803   4.26539714
  4.30382163  4.34245318  4.38129116  4.42033491  4.45958376  4.49903699
  4.53869389  4.57855369  4.61861561  4.65887884  4.69934255  4.74000588
  4.78086793  4.82192779  4.86318452  4.90463714  4.94628467  4.98812607
  5.0301603   5.07238627  5.11480289  5.157409    5.20020346  5.24318508
  5.28635263  5.32970486  5.37324051  5.41695828  5.46085683  5.5049348
  5.54919081  5.59362345  5.63823126  5.68301278  5.72796651  5.77309092
  5.81838444  5.8638455   5.90947249  5.95526375  6.00121761  6.04733238
  6.09360632  6.14003769  6.18662468  6.2333655   6.28025829  6.32730117
  6.37449227  6.42182963  6.46931131  6.51693532  6.56469964  6.61260224
  6.66064104  6.70881394  6.75711882  6.80555352  6.85411586  6.90280362
  6.95161457  7.00054644  7.04959694  7.09876374  7.14804449  7.19743683
  7.24693833  7.29654659  7.34625912  7.39607346  7.44598708  7.49599746
  7.54610202  7.59629817  7.64658331  7.69695478  7.74740991  7.79794602
  7.84856038  7.89925025  7.95001286  8.00084541  8.05174508  8.10270903
  8.1537344   8.20481828  8.25595777  8.30714992  8.35839178  8.40968034
  8.46101262  8.51238557  8.56379613  8.61524125  8.66671781  8.71822269
  8.76975277  8.82130486  8.8728758   8.92446238  8.97606138  9.02766954
  9.07928362  9.13090032  9.18251635  9.23412839  9.28573309  9.33732711
  9.38890707  9.44046958  9.49201123  9.54352859  9.59501823  9.64647669
  9.6979005   9.74928616  9.80063018  9.85192904  9.9031792   9.95437713
 10.00551926 10.05660203 10.10762184 10.15857511 10.20945822 10.26026757
 10.31099951 10.3616504  10.4122166  10.46269445 10.51308027 10.56337039
 10.61356112 10.66364876 10.71362961 10.76349997 10.81325612 10.86289432
 10.91241086 10.96180201 11.01106401 11.06019314 11.10918564 11.15803776
 11.20674574 11.25530584 11.3037143  11.35196734 11.40006122 11.44799217
 11.49575643 11.54335024 11.59076984 11.63801146 11.68507135 11.73194576
 11.77863093 11.8251231  11.87141855 11.91751352 11.96340427 12.00908709
 12.05455823 12.09981398 12.14485062 12.18966446 12.23425179 12.27860893
 12.32273218 12.36661788 12.41026237 12.453662   12.49681312 12.5397121
 12.58235533 12.62473919 12.66686011 12.70871449 12.75029877 12.79160939
 12.83264283 12.87339555 12.91386406 12.95404486 12.99393448 13.03352947
 13.07282637 13.11182179 13.15051231 13.18889455 13.22696515 13.26472077
 13.30215809 13.3392738  13.37606464 13.41252734 13.44865867 13.48445542
 13.5199144  13.55503245 13.58980643 13.62423324 13.65830977 13.69203297
 13.72539981 13.75840728 13.79105239 13.82333219 13.85524375 13.88678419
 13.91795063 13.94874023 13.97915019 14.00917772 14.03882009 14.06807457
 14.09693848 14.12540916 14.15348401 14.18116043 14.20843587 14.2353078
 14.26177375 14.28783125 14.3134779  14.33871131 14.36352913 14.38792906
 14.41190882 14.43546617 14.45859891 14.48130487 14.50358195 14.52542803
 14.54684108 14.56781908 14.58836006 14.6084621  14.62812328 14.64734177
 14.66611575 14.68444344 14.70232311 14.71975307 14.73673167 14.7532573
 14.7693284  14.78494344 14.80010093 14.81479943 14.82903756 14.84281395
 14.85612728 14.8689763  14.88135978 14.89327653 14.90472542 14.91570536
 14.92621529 14.93625421 14.94582116 14.95491523 14.96353554 14.97168128
 14.97935165 14.98654593 14.99326342 14.99950348 15.00526552 15.01054897
 15.01535334 15.01967816 15.02352301 15.02688753 15.0297714  15.03217433
 15.0340961  15.03553652 15.03649545 15.0369728  15.03696853 15.03648263
 15.03551515 15.03406619 15.03213589 15.02972442 15.02683202 15.02345898
 15.0196056  15.01527227 15.0104594  15.00516745 14.99939692 14.99314838
 14.98642243 14.97921969 14.97154088 14.96338672 14.95475799 14.94565552
 14.93608019 14.9260329  14.91551462 14.90452635 14.89306915 14.88114411
 14.86875236 14.85589509 14.84257353 14.82878894 14.81454263 14.79983597
 14.78467034 14.7690472  14.75296803 14.73643434 14.71944772 14.70200976
 14.68412213 14.6657865  14.64700462 14.62777827 14.60810924 14.5879994
 14.56745065 14.54646491 14.52504416 14.50319041 14.48090571 14.45819215
 14.43505186 14.41148699 14.38749976 14.3630924  14.33826718 14.31302642
 14.28737246 14.26130768 14.23483451 14.2079554  14.18067282 14.15298931
 14.12490742 14.09642973 14.06755887 14.03829748 14.00864826 13.97861391
 13.9481972  13.91740088 13.88622778 13.85468074 13.82276261 13.7904763
 13.75782474 13.72481087 13.69143768 13.65770818 13.62362541 13.58919242
 13.5544123  13.51928817 13.48382317 13.44802045 13.41188322 13.37541467
 13.33861804 13.30149659 13.26405359 13.22629236 13.18821619 13.14982845
 13.1111325  13.0721317  13.03282948 12.99322923 12.95333442 12.91314848
 12.8726749  12.83191716 12.79087878 12.74956326 12.70797416 12.66611502
 12.62398941 12.58160091 12.53895311 12.49604963 12.45289407 12.40949006
 12.36584126 12.32195131 12.27782387 12.23346262 12.18887124 12.14405342
 12.09901285 12.05375325 12.00827832 11.96259178 11.91669737 11.87059881
 11.82429985 11.77780421 11.73111565 11.68423792 11.63717477 11.58992996
 11.54250724 11.49491037 11.44714312 11.39920925 11.35111251 11.30285667
 11.2544455  11.20588274 11.15717216 11.10831752 11.05932257 11.01019105
 10.96092672 10.91153332 10.86201459 10.81237425 10.76261605 10.7127437
 10.66276092 10.61267141 10.56247889 10.51218704 10.46179955 10.41132011
 10.36075237 10.31010001 10.25936666 10.20855598 10.15767159 10.10671711
 10.05569614 10.00461229  9.95346914  9.90227026  9.8510192   9.79971951
  9.74837472  9.69698835  9.6455639   9.59410486  9.5426147   9.49109687
  9.43955482  9.38799197  9.33641174  9.2848175   9.23321263  9.18160049
  9.12998442  9.07836774  9.02675374  8.97514571  8.92354691  8.87196058
  8.82038994  8.76883821  8.71730856  8.66580414  8.61432812  8.56288359
  8.51147366  8.46010141  8.40876988  8.35748212  8.30624112  8.25504988
  8.20391135  8.15282848  8.10180418  8.05084134  7.99994283  7.9491115
  7.89835016  7.84766161  7.79704861  7.74651392  7.69606024  7.64569028
  7.5954067   7.54521215  7.49510924  7.44510056  7.39518867  7.34537612
  7.29566541  7.24605904  7.19655945  7.14716907  7.09789032  7.04872556
  6.99967715  6.9507474   6.90193862  6.85325306  6.80469297  6.75626056
  6.707958    6.65978746  6.61175106  6.5638509   6.51608904  6.46846754
  6.42098841  6.37365362  6.32646514  6.2794249   6.23253479  6.18579669
  6.13921244  6.09278386  6.04651272  6.00040079  5.9544498   5.90866144
  5.86303739  5.81757929  5.77228875  5.72716735  5.68221667  5.63743822
  5.5928335   5.54840399  5.50415112  5.46007632  5.41618097  5.37246642
  5.32893401  5.28558504  5.24242078  5.19944248  5.15665135  5.11404859
  5.07163535  5.02941276  4.98738195  4.94554398  4.9038999   4.86245074
  4.8211975   4.78014114  4.73928261  4.69862282  4.65816266  4.61790299
  4.57784465  4.53798844  4.49833515  4.45888554  4.41964032  4.38060022
  4.3417659   4.30313802  4.2647172   4.22650405  4.18849914  4.15070303
  4.11311623  4.07573925  4.03857257  4.00161664  3.96487189  3.92833872
  3.89201751  3.85590862  3.82001238  3.7843291   3.74885906  3.71360253
  3.67855975  3.64373093  3.60911628  3.57471595  3.54053011  3.50655888
  3.47280237  3.43926066  3.40593381  3.37282187  3.33992486  3.30724279
  3.27477562  3.24252332  3.21048584  3.17866308  3.14705495  3.11566134
  3.08448209  3.05351706  3.02276607  2.99222891  2.96190539  2.93179525
  2.90189827  2.87221416  2.84274264  2.8134834   2.78443614  2.7556005
  2.72697614  2.69856269  2.67035975  2.64236693  2.61458381  2.58700995
  2.5596449   2.53248819  2.50553936  2.4787979   2.4522633   2.42593504
  2.39981258  2.37389537  2.34818284  2.32267442  2.29736952  2.27226752
  2.24736781  2.22266976  2.19817273  2.17387607  2.14977909  2.12588114
  2.10218151  2.07867951  2.05537442  2.03226553  2.00935208  1.98663336
  1.96410859  1.94177701  1.91963785  1.89769033  1.87593365  1.85436701
  1.8329896   1.8118006   1.79079918  1.7699845   1.74935573  1.72891199
  1.70865245  1.68857622  1.66868243  1.64897021  1.62943865  1.61008687
  1.59091395  1.571919    1.5531011   1.53445932  1.51599274  1.49770042
  1.47958143  1.46163483  1.44385967  1.42625498  1.40881982  1.39155323
  1.37445423  1.35752185  1.34075513  1.32415308  1.30771472  1.29143906
  1.27532512  1.2593719   1.24357842  1.22794366  1.21246663  1.19714633
  1.18198176  1.16697189  1.15211574  1.13741228  1.1228605   1.10845939
  1.09420793  1.0801051   1.06614989  1.05234128  1.03867825  1.02515978
  1.01178484  0.99855241  0.98546148  0.97251102  0.95970001  0.94702742
  0.93449224  0.92209345  0.90983002  0.89770093  0.88570517  0.87384172
  0.86210956  0.85050767  0.83903504  0.82769065  0.8164735   0.80538256
  0.79441685  0.78357533  0.77285702  0.76226091  0.75178599  0.74143127
  0.73119574  0.72107843  0.71107833  0.70119445  0.69142581  0.68177142
  0.67223031  0.66280149  0.65348399  0.64427684  0.63517906  0.6261897
  0.61730778  0.60853236  0.59986247  0.59129716  0.58283548  0.5744765
  0.56621926  0.55806283  0.55000628  0.54204868]",restricted_age_optimal,True,True,True,10,2,"constraints_[1, 4]_remained",75.76228171735077,73.72380291677874,77.80076051792281,1.040059315707484,1.5676154631074672,1.5254368114544548,1.6097941147604788,0.021520115668304005,1.5675819839808909,1.5254042331255873,1.6097597348361936,0.021519656069190988,0.8661657754562385,0.8596222390763872,0.8724965441114287,0.0032842105737135203,large
0.280245,0.68079,0.5063425,0.0672767987530595,3886,100.0,"[0.280245   0.30380647 0.32736794 0.35092941 0.37449088 0.39805235
 0.42161382 0.44517529 0.46873676 0.49229824 0.51585971 0.53942118
 0.56298265 0.58654412 0.61010559 0.63366706 0.65722853 0.68079   ]","[ 0.10293361  0.43746783  0.97786927  1.05506948  2.624807    4.34894493
  8.13175502 11.55429748 12.86670098 13.1497684   9.98455996 10.80802882
 11.29696346  7.25681935  3.55120947  1.44107051  0.41173443]",0.025,17,normal,0.5074587297992795,"[0.280245   0.28064595 0.28104689 0.28144784 0.28184878 0.28224973
 0.28265068 0.28305162 0.28345257 0.28385351 0.28425446 0.28465541
 0.28505635 0.2854573  0.28585824 0.28625919 0.28666014 0.28706108
 0.28746203 0.28786297 0.28826392 0.28866486 0.28906581 0.28946676
 0.2898677  0.29026865 0.29066959 0.29107054 0.29147149 0.29187243
 0.29227338 0.29267432 0.29307527 0.29347622 0.29387716 0.29427811
 0.29467905 0.29508    0.29548095 0.29588189 0.29628284 0.29668378
 0.29708473 0.29748568 0.29788662 0.29828757 0.29868851 0.29908946
 0.29949041 0.29989135 0.3002923  0.30069324 0.30109419 0.30149514
 0.30189608 0.30229703 0.30269797 0.30309892 0.30349986 0.30390081
 0.30430176 0.3047027  0.30510365 0.30550459 0.30590554 0.30630649
 0.30670743 0.30710838 0.30750932 0.30791027 0.30831122 0.30871216
 0.30911311 0.30951405 0.309915   0.31031595 0.31071689 0.31111784
 0.31151878 0.31191973 0.31232068 0.31272162 0.31312257 0.31352351
 0.31392446 0.31432541 0.31472635 0.3151273  0.31552824 0.31592919
 0.31633014 0.31673108 0.31713203 0.31753297 0.31793392 0.31833486
 0.31873581 0.31913676 0.3195377  0.31993865 0.32033959 0.32074054
 0.32114149 0.32154243 0.32194338 0.32234432 0.32274527 0.32314622
 0.32354716 0.32394811 0.32434905 0.32475    0.32515095 0.32555189
 0.32595284 0.32635378 0.32675473 0.32715568 0.32755662 0.32795757
 0.32835851 0.32875946 0.32916041 0.32956135 0.3299623  0.33036324
 0.33076419 0.33116514 0.33156608 0.33196703 0.33236797 0.33276892
 0.33316986 0.33357081 0.33397176 0.3343727  0.33477365 0.33517459
 0.33557554 0.33597649 0.33637743 0.33677838 0.33717932 0.33758027
 0.33798122 0.33838216 0.33878311 0.33918405 0.339585   0.33998595
 0.34038689 0.34078784 0.34118878 0.34158973 0.34199068 0.34239162
 0.34279257 0.34319351 0.34359446 0.34399541 0.34439635 0.3447973
 0.34519824 0.34559919 0.34600014 0.34640108 0.34680203 0.34720297
 0.34760392 0.34800486 0.34840581 0.34880676 0.3492077  0.34960865
 0.35000959 0.35041054 0.35081149 0.35121243 0.35161338 0.35201432
 0.35241527 0.35281622 0.35321716 0.35361811 0.35401905 0.35442
 0.35482095 0.35522189 0.35562284 0.35602378 0.35642473 0.35682568
 0.35722662 0.35762757 0.35802851 0.35842946 0.35883041 0.35923135
 0.3596323  0.36003324 0.36043419 0.36083514 0.36123608 0.36163703
 0.36203797 0.36243892 0.36283986 0.36324081 0.36364176 0.3640427
 0.36444365 0.36484459 0.36524554 0.36564649 0.36604743 0.36644838
 0.36684932 0.36725027 0.36765122 0.36805216 0.36845311 0.36885405
 0.369255   0.36965595 0.37005689 0.37045784 0.37085878 0.37125973
 0.37166068 0.37206162 0.37246257 0.37286351 0.37326446 0.37366541
 0.37406635 0.3744673  0.37486824 0.37526919 0.37567014 0.37607108
 0.37647203 0.37687297 0.37727392 0.37767486 0.37807581 0.37847676
 0.3788777  0.37927865 0.37967959 0.38008054 0.38048149 0.38088243
 0.38128338 0.38168432 0.38208527 0.38248622 0.38288716 0.38328811
 0.38368905 0.38409    0.38449095 0.38489189 0.38529284 0.38569378
 0.38609473 0.38649568 0.38689662 0.38729757 0.38769851 0.38809946
 0.38850041 0.38890135 0.3893023  0.38970324 0.39010419 0.39050514
 0.39090608 0.39130703 0.39170797 0.39210892 0.39250986 0.39291081
 0.39331176 0.3937127  0.39411365 0.39451459 0.39491554 0.39531649
 0.39571743 0.39611838 0.39651932 0.39692027 0.39732122 0.39772216
 0.39812311 0.39852405 0.398925   0.39932595 0.39972689 0.40012784
 0.40052878 0.40092973 0.40133068 0.40173162 0.40213257 0.40253351
 0.40293446 0.40333541 0.40373635 0.4041373  0.40453824 0.40493919
 0.40534014 0.40574108 0.40614203 0.40654297 0.40694392 0.40734486
 0.40774581 0.40814676 0.4085477  0.40894865 0.40934959 0.40975054
 0.41015149 0.41055243 0.41095338 0.41135432 0.41175527 0.41215622
 0.41255716 0.41295811 0.41335905 0.41376    0.41416095 0.41456189
 0.41496284 0.41536378 0.41576473 0.41616568 0.41656662 0.41696757
 0.41736851 0.41776946 0.41817041 0.41857135 0.4189723  0.41937324
 0.41977419 0.42017514 0.42057608 0.42097703 0.42137797 0.42177892
 0.42217986 0.42258081 0.42298176 0.4233827  0.42378365 0.42418459
 0.42458554 0.42498649 0.42538743 0.42578838 0.42618932 0.42659027
 0.42699122 0.42739216 0.42779311 0.42819405 0.428595   0.42899595
 0.42939689 0.42979784 0.43019878 0.43059973 0.43100068 0.43140162
 0.43180257 0.43220351 0.43260446 0.43300541 0.43340635 0.4338073
 0.43420824 0.43460919 0.43501014 0.43541108 0.43581203 0.43621297
 0.43661392 0.43701486 0.43741581 0.43781676 0.4382177  0.43861865
 0.43901959 0.43942054 0.43982149 0.44022243 0.44062338 0.44102432
 0.44142527 0.44182622 0.44222716 0.44262811 0.44302905 0.44343
 0.44383095 0.44423189 0.44463284 0.44503378 0.44543473 0.44583568
 0.44623662 0.44663757 0.44703851 0.44743946 0.44784041 0.44824135
 0.4486423  0.44904324 0.44944419 0.44984514 0.45024608 0.45064703
 0.45104797 0.45144892 0.45184986 0.45225081 0.45265176 0.4530527
 0.45345365 0.45385459 0.45425554 0.45465649 0.45505743 0.45545838
 0.45585932 0.45626027 0.45666122 0.45706216 0.45746311 0.45786405
 0.458265   0.45866595 0.45906689 0.45946784 0.45986878 0.46026973
 0.46067068 0.46107162 0.46147257 0.46187351 0.46227446 0.46267541
 0.46307635 0.4634773  0.46387824 0.46427919 0.46468014 0.46508108
 0.46548203 0.46588297 0.46628392 0.46668486 0.46708581 0.46748676
 0.4678877  0.46828865 0.46868959 0.46909054 0.46949149 0.46989243
 0.47029338 0.47069432 0.47109527 0.47149622 0.47189716 0.47229811
 0.47269905 0.4731     0.47350095 0.47390189 0.47430284 0.47470378
 0.47510473 0.47550568 0.47590662 0.47630757 0.47670851 0.47710946
 0.47751041 0.47791135 0.4783123  0.47871324 0.47911419 0.47951514
 0.47991608 0.48031703 0.48071797 0.48111892 0.48151986 0.48192081
 0.48232176 0.4827227  0.48312365 0.48352459 0.48392554 0.48432649
 0.48472743 0.48512838 0.48552932 0.48593027 0.48633122 0.48673216
 0.48713311 0.48753405 0.487935   0.48833595 0.48873689 0.48913784
 0.48953878 0.48993973 0.49034068 0.49074162 0.49114257 0.49154351
 0.49194446 0.49234541 0.49274635 0.4931473  0.49354824 0.49394919
 0.49435014 0.49475108 0.49515203 0.49555297 0.49595392 0.49635486
 0.49675581 0.49715676 0.4975577  0.49795865 0.49835959 0.49876054
 0.49916149 0.49956243 0.49996338 0.50036432 0.50076527 0.50116622
 0.50156716 0.50196811 0.50236905 0.50277    0.50317095 0.50357189
 0.50397284 0.50437378 0.50477473 0.50517568 0.50557662 0.50597757
 0.50637851 0.50677946 0.50718041 0.50758135 0.5079823  0.50838324
 0.50878419 0.50918514 0.50958608 0.50998703 0.51038797 0.51078892
 0.51118986 0.51159081 0.51199176 0.5123927  0.51279365 0.51319459
 0.51359554 0.51399649 0.51439743 0.51479838 0.51519932 0.51560027
 0.51600122 0.51640216 0.51680311 0.51720405 0.517605   0.51800595
 0.51840689 0.51880784 0.51920878 0.51960973 0.52001068 0.52041162
 0.52081257 0.52121351 0.52161446 0.52201541 0.52241635 0.5228173
 0.52321824 0.52361919 0.52402014 0.52442108 0.52482203 0.52522297
 0.52562392 0.52602486 0.52642581 0.52682676 0.5272277  0.52762865
 0.52802959 0.52843054 0.52883149 0.52923243 0.52963338 0.53003432
 0.53043527 0.53083622 0.53123716 0.53163811 0.53203905 0.53244
 0.53284095 0.53324189 0.53364284 0.53404378 0.53444473 0.53484568
 0.53524662 0.53564757 0.53604851 0.53644946 0.53685041 0.53725135
 0.5376523  0.53805324 0.53845419 0.53885514 0.53925608 0.53965703
 0.54005797 0.54045892 0.54085986 0.54126081 0.54166176 0.5420627
 0.54246365 0.54286459 0.54326554 0.54366649 0.54406743 0.54446838
 0.54486932 0.54527027 0.54567122 0.54607216 0.54647311 0.54687405
 0.547275   0.54767595 0.54807689 0.54847784 0.54887878 0.54927973
 0.54968068 0.55008162 0.55048257 0.55088351 0.55128446 0.55168541
 0.55208635 0.5524873  0.55288824 0.55328919 0.55369014 0.55409108
 0.55449203 0.55489297 0.55529392 0.55569486 0.55609581 0.55649676
 0.5568977  0.55729865 0.55769959 0.55810054 0.55850149 0.55890243
 0.55930338 0.55970432 0.56010527 0.56050622 0.56090716 0.56130811
 0.56170905 0.56211    0.56251095 0.56291189 0.56331284 0.56371378
 0.56411473 0.56451568 0.56491662 0.56531757 0.56571851 0.56611946
 0.56652041 0.56692135 0.5673223  0.56772324 0.56812419 0.56852514
 0.56892608 0.56932703 0.56972797 0.57012892 0.57052986 0.57093081
 0.57133176 0.5717327  0.57213365 0.57253459 0.57293554 0.57333649
 0.57373743 0.57413838 0.57453932 0.57494027 0.57534122 0.57574216
 0.57614311 0.57654405 0.576945   0.57734595 0.57774689 0.57814784
 0.57854878 0.57894973 0.57935068 0.57975162 0.58015257 0.58055351
 0.58095446 0.58135541 0.58175635 0.5821573  0.58255824 0.58295919
 0.58336014 0.58376108 0.58416203 0.58456297 0.58496392 0.58536486
 0.58576581 0.58616676 0.5865677  0.58696865 0.58736959 0.58777054
 0.58817149 0.58857243 0.58897338 0.58937432 0.58977527 0.59017622
 0.59057716 0.59097811 0.59137905 0.59178    0.59218095 0.59258189
 0.59298284 0.59338378 0.59378473 0.59418568 0.59458662 0.59498757
 0.59538851 0.59578946 0.59619041 0.59659135 0.5969923  0.59739324
 0.59779419 0.59819514 0.59859608 0.59899703 0.59939797 0.59979892
 0.60019986 0.60060081 0.60100176 0.6014027  0.60180365 0.60220459
 0.60260554 0.60300649 0.60340743 0.60380838 0.60420932 0.60461027
 0.60501122 0.60541216 0.60581311 0.60621405 0.606615   0.60701595
 0.60741689 0.60781784 0.60821878 0.60861973 0.60902068 0.60942162
 0.60982257 0.61022351 0.61062446 0.61102541 0.61142635 0.6118273
 0.61222824 0.61262919 0.61303014 0.61343108 0.61383203 0.61423297
 0.61463392 0.61503486 0.61543581 0.61583676 0.6162377  0.61663865
 0.61703959 0.61744054 0.61784149 0.61824243 0.61864338 0.61904432
 0.61944527 0.61984622 0.62024716 0.62064811 0.62104905 0.62145
 0.62185095 0.62225189 0.62265284 0.62305378 0.62345473 0.62385568
 0.62425662 0.62465757 0.62505851 0.62545946 0.62586041 0.62626135
 0.6266623  0.62706324 0.62746419 0.62786514 0.62826608 0.62866703
 0.62906797 0.62946892 0.62986986 0.63027081 0.63067176 0.6310727
 0.63147365 0.63187459 0.63227554 0.63267649 0.63307743 0.63347838
 0.63387932 0.63428027 0.63468122 0.63508216 0.63548311 0.63588405
 0.636285   0.63668595 0.63708689 0.63748784 0.63788878 0.63828973
 0.63869068 0.63909162 0.63949257 0.63989351 0.64029446 0.64069541
 0.64109635 0.6414973  0.64189824 0.64229919 0.64270014 0.64310108
 0.64350203 0.64390297 0.64430392 0.64470486 0.64510581 0.64550676
 0.6459077  0.64630865 0.64670959 0.64711054 0.64751149 0.64791243
 0.64831338 0.64871432 0.64911527 0.64951622 0.64991716 0.65031811
 0.65071905 0.65112    0.65152095 0.65192189 0.65232284 0.65272378
 0.65312473 0.65352568 0.65392662 0.65432757 0.65472851 0.65512946
 0.65553041 0.65593135 0.6563323  0.65673324 0.65713419 0.65753514
 0.65793608 0.65833703 0.65873797 0.65913892 0.65953986 0.65994081
 0.66034176 0.6607427  0.66114365 0.66154459 0.66194554 0.66234649
 0.66274743 0.66314838 0.66354932 0.66395027 0.66435122 0.66475216
 0.66515311 0.66555405 0.665955   0.66635595 0.66675689 0.66715784
 0.66755878 0.66795973 0.66836068 0.66876162 0.66916257 0.66956351
 0.66996446 0.67036541 0.67076635 0.6711673  0.67156824 0.67196919
 0.67237014 0.67277108 0.67317203 0.67357297 0.67397392 0.67437486
 0.67477581 0.67517676 0.6755777  0.67597865 0.67637959 0.67678054
 0.67718149 0.67758243 0.67798338 0.67838432 0.67878527 0.67918622
 0.67958716 0.67998811 0.68038905 0.68079   ]","[ 0.04660542  0.04755213  0.04851635  0.04949836  0.05049845  0.05151692
  0.05255407  0.05361019  0.05468559  0.05578058  0.05689548  0.0580306
  0.05918627  0.0603628   0.06156054  0.06277981  0.06402096  0.06528433
  0.06657026  0.06787911  0.06921124  0.070567    0.07194677  0.07335091
  0.07477979  0.07623381  0.07771333  0.07921876  0.08075048  0.08230889
  0.0838944   0.08550741  0.08714835  0.08881761  0.09051564  0.09224285
  0.09399968  0.09578657  0.09760396  0.09945231  0.10133205  0.10324366
  0.10518759  0.10716432  0.10917431  0.11121806  0.11329604  0.11540875
  0.11755668  0.11974033  0.12196022  0.12421684  0.12651073  0.1288424
  0.13121238  0.13362122  0.13606944  0.1385576   0.14108624  0.14365593
  0.14626723  0.14892071  0.15161693  0.15435649  0.15713998  0.15996797
  0.16284107  0.16575989  0.16872503  0.17173712  0.17479677  0.17790461
  0.18106127  0.1842674   0.18752364  0.19083065  0.19418908  0.1975996
  0.20106287  0.20457958  0.2081504   0.21177603  0.21545715  0.21919448
  0.22298872  0.22684057  0.23075077  0.23472003  0.23874909  0.24283869
  0.24698956  0.25120246  0.25547815  0.25981739  0.26422094  0.26868959
  0.2732241   0.27782528  0.2824939   0.28723078  0.29203671  0.29691251
  0.30185899  0.30687698  0.31196731  0.31713081  0.32236832  0.3276807
  0.33306878  0.33853344  0.34407554  0.34969595  0.35539554  0.3611752
  0.36703581  0.37297828  0.37900349  0.38511236  0.3913058   0.39758471
  0.40395004  0.41040269  0.41694361  0.42357373  0.430294    0.43710537
  0.44400878  0.45100521  0.45809561  0.46528096  0.47256222  0.47994039
  0.48741644  0.49499136  0.50266615  0.51044181  0.51831934  0.52629974
  0.53438404  0.54257325  0.55086839  0.55927048  0.56778056  0.57639966
  0.58512882  0.59396908  0.60292148  0.61198709  0.62116693  0.63046209
  0.63987361  0.64940256  0.65905001  0.66881702  0.67870467  0.68871404
  0.6988462   0.70910224  0.71948323  0.72999028  0.74062445  0.75138686
  0.76227858  0.77330072  0.78445437  0.79574063  0.8071606   0.81871539
  0.83040609  0.84223381  0.85419966  0.86630474  0.87855017  0.89093703
  0.90346646  0.91613955  0.92895741  0.94192116  0.95503189  0.96829072
  0.98169876  0.99525711  1.00896688  1.02282918  1.0368451   1.05101576
  1.06534225  1.07982567  1.09446712  1.1092677   1.1242285   1.1393506
  1.15463511  1.1700831   1.18569565  1.20147386  1.21741878  1.2335315
  1.24981308  1.26626459  1.28288709  1.29968164  1.31664928  1.33379106
  1.35110803  1.36860121  1.38627165  1.40412037  1.42214838  1.44035671
  1.45874635  1.4773183   1.49607357  1.51501313  1.53413797  1.55344906
  1.57294736  1.59263383  1.61250941  1.63257505  1.65283167  1.6732802
  1.69392156  1.71475664  1.73578633  1.75701153  1.7784331   1.80005191
  1.82186881  1.84388465  1.86610025  1.88851643  1.911134    1.93395376
  1.95697649  1.98020296  2.00363393  2.02727014  2.05111233  2.07516122
  2.09941751  2.12388189  2.14855504  2.17343762  2.19853028  2.22383366
  2.24934836  2.275075    2.30101415  2.32716639  2.35353227  2.38011233
  2.40690709  2.43391705  2.4611427   2.4885845   2.51624291  2.54411835
  2.57221124  2.60052198  2.62905094  2.65779847  2.68676492  2.7159506
  2.7453558   2.77498081  2.80482588  2.83489125  2.86517712  2.8956837
  2.92641115  2.95735963  2.98852925  3.01992014  3.05153236  3.08336598
  3.11542104  3.14769754  3.18019548  3.21291483  3.24585552  3.27901748
  3.31240059  3.34600472  3.37982973  3.41387541  3.44814158  3.48262799
  3.51733439  3.55226048  3.58740597  3.6227705   3.65835372  3.69415523
  3.73017462  3.76641143  3.80286519  3.83953541  3.87642154  3.91352304
  3.95083931  3.98836975  4.02611369  4.06407048  4.10223941  4.14061975
  4.17921073  4.21801158  4.25702145  4.29623952  4.33566488  4.37529664
  4.41513385  4.45517555  4.49542072  4.53586833  4.57651732  4.6173666
  4.65841503  4.69966146  4.7411047   4.78274353  4.82457669  4.8666029
  4.90882084  4.95122917  4.9938265   5.03661142  5.07958249  5.12273823
  5.16607712  5.20959763  5.25329819  5.29717718  5.34123296  5.38546387
  5.4298682   5.47444422  5.51919014  5.56410417  5.60918448  5.65442919
  5.69983641  5.7454042   5.7911306   5.8370136   5.88305118  5.92924127
  5.97558177  6.02207057  6.06870548  6.11548433  6.16240488  6.20946488
  6.25666204  6.30399402  6.35145849  6.39905304  6.44677527  6.49462272
  6.54259291  6.59068333  6.63889143  6.68721463  6.73565033  6.7841959
  6.83284865  6.88160589  6.9304649   6.97942291  7.02847712  7.07762473
  7.12686288  7.17618868  7.22559924  7.27509161  7.32466282  7.37430988
  7.42402977  7.47381943  7.52367578  7.57359571  7.62357608  7.67361375
  7.7237055   7.77384813  7.8240384   7.87427303  7.92454873  7.97486218
  8.02521003  8.07558892  8.12599544  8.17642619  8.22687771  8.27734654
  8.32782918  8.37832214  8.42882187  8.47932481  8.52982738  8.580326
  8.63081702  8.68129682  8.73176173  8.78220807  8.83263214  8.88303021
  8.93339856  8.98373342  9.03403101  9.08428756  9.13449924  9.18466224
  9.23477271  9.2848268   9.33482064  9.38475034  9.434612    9.48440171
  9.53411555  9.58374958  9.63329984  9.68276237  9.73213321  9.78140836
  9.83058384  9.87965564  9.92861974  9.97747214 10.0262088  10.07482568
 10.12331874 10.17168394 10.21991721 10.26801451 10.31597176 10.36378489
 10.41144984 10.45896252 10.50631887 10.55351479 10.60054622 10.64740907
 10.69409925 10.74061269 10.78694531 10.83309303 10.87905177 10.92481746
 10.97038603 11.01575341 11.06091554 11.10586837 11.15060785 11.19512993
 11.23943057 11.28350575 11.32735145 11.37096364 11.41433834 11.45747154
 11.50035927 11.54299755 11.58538243 11.62750995 11.66937619 11.71097722
 11.75230913 11.79336805 11.83415009 11.87465138 11.9148681  11.95479641
 11.99443251 12.03377261 12.07281293 12.11154973 12.14997928 12.18809787
 12.22590181 12.26338744 12.3005511  12.33738919 12.37389811 12.41007429
 12.44591417 12.48141424 12.51657101 12.55138101 12.58584079 12.61994695
 12.65369609 12.68708487 12.72010996 12.75276806 12.78505591 12.81697027
 12.84850794 12.87966576 12.91044058 12.9408293  12.97082886 13.00043621
 13.02964835 13.05846232 13.0868752  13.11488408 13.14248611 13.16967847
 13.19645838 13.2228231  13.24876992 13.27429618 13.29939925 13.32407655
 13.34832553 13.37214369 13.39552857 13.41847775 13.44098885 13.46305953
 13.4846875  13.50587052 13.52660637 13.5468929  13.56672799 13.58610957
 13.60503562 13.62350415 13.64151324 13.65906098 13.67614555 13.69276515
 13.70891803 13.7246025  13.7398169  13.75455963 13.76882914 13.78262392
 13.79594252 13.80878352 13.82114558 13.83302738 13.84442768 13.85534525
 13.86577895 13.87572766 13.88519034 13.89416598 13.90265363 13.91065238
 13.91816139 13.92517986 13.93170704 13.93774224 13.94328482 13.94833418
 13.95288979 13.95695117 13.96051788 13.96358954 13.96616583 13.96824647
 13.96983123 13.97091996 13.97151253 13.97160889 13.97120901 13.97031295
 13.9689208  13.9670327  13.96464886 13.96176954 13.95839503 13.95452571
 13.95016197 13.94530429 13.93995318 13.93410921 13.92777301 13.92094524
 13.91362663 13.90581797 13.89752007 13.88873383 13.87946017 13.86970008
 13.85945459 13.84872479 13.83751181 13.82581685 13.81364114 13.80098597
 13.78785268 13.77424265 13.76015732 13.74559818 13.73056676 13.71506464
 13.69909346 13.68265491 13.66575069 13.6483826  13.63055245 13.61226211
 13.5935135  13.57430858 13.55464936 13.5345379  13.51397628 13.49296665
 13.47151121 13.44961218 13.42727184 13.40449251 13.38127654 13.35762635
 13.33354438 13.30903311 13.28409507 13.25873285 13.23294903 13.20674628
 13.18012728 13.15309476 13.12565149 13.09780027 13.06954394 13.04088538
 13.01182751 12.98237328 12.95252568 12.92228772 12.89166247 12.86065302
 12.82926248 12.79749403 12.76535083 12.73283613 12.69995317 12.66670523
 12.63309563 12.59912772 12.56480486 12.53013046 12.49510794 12.45974078
 12.42403244 12.38798644 12.35160631 12.31489563 12.27785796 12.24049694
 12.20281618 12.16481934 12.12651011 12.08789219 12.04896929 12.00974516
 11.97022356 11.93040827 11.8903031  11.84991186 11.80923839 11.76828654
 11.72706018 11.68556319 11.64379948 11.60177296 11.55948755 11.51694721
 11.47415588 11.43111753 11.38783615 11.3443157  11.30056021 11.25657367
 11.21236011 11.16792354 11.12326801 11.07839755 11.03331621 10.98802806
 10.94253713 10.89684751 10.85096326 10.80488844 10.75862714 10.71218344
 10.66556141 10.61876513 10.57179868 10.52466615 10.47737162 10.42991916
 10.38231286 10.33455679 10.28665502 10.23861163 10.19043068 10.14211623
 10.09367234 10.04510306  9.99641244  9.94760451  9.89868331  9.84965285
  9.80051716  9.75128024  9.70194609  9.65251869  9.60300203  9.55340006
  9.50371675  9.45395603  9.40412185  9.3542181   9.30424871  9.25421756
  9.20412852  9.15398547  9.10379224  9.05355266  9.00327056  8.95294972
  8.90259393  8.85220696  8.80179254  8.75135441  8.70089627  8.65042182
  8.59993472  8.54943862  8.49893716  8.44843393  8.39793253  8.34743652
  8.29694946  8.24647484  8.19601619  8.14557697  8.09516063  8.04477061
  7.9944103   7.94408309  7.89379234  7.84354136  7.79333348  7.74317196
  7.69306007  7.64300102  7.59299802  7.54305424  7.49317283  7.4433569
  7.39360956  7.34393385  7.29433283  7.24480949  7.19536681  7.14600775
  7.09673521  7.04755211  6.99846129  6.94946558  6.9005678   6.85177071
  6.80307706  6.75448955  6.70601087  6.65764367  6.60939057  6.56125414
  6.51323697  6.46534155  6.4175704   6.36992598  6.32241071  6.275027
  6.2277772   6.18066367  6.13368869  6.08685455  6.04016348  5.99361768
  5.94721933  5.90097058  5.85487353  5.80893026  5.7631428   5.71751319
  5.67204338  5.62673533  5.58159096  5.53661213  5.49180071  5.4471585
  5.40268729  5.35838883  5.31426484  5.270317    5.22654696  5.18295634
  5.13954673  5.09631968  5.05327673  5.01041934  4.96774899  4.9252671
  4.88297506  4.84087424  4.79896595  4.75725151  4.71573217  4.67440917
  4.6332837   4.59235695  4.55163005  4.51110411  4.4707802   4.43065936
  4.39074263  4.35103097  4.31152534  4.27222667  4.23313584  4.19425373
  4.15558115  4.11711892  4.0788678   4.04082854  4.00300186  3.96538843
  3.92798892  3.89080395  3.85383411  3.81707998  3.7805421   3.74422098
  3.7081171   3.67223093  3.63656289  3.60111339  3.5658828   3.53087147
  3.49607972  3.46150785  3.42715612  3.39302479  3.35911406  3.32542413
  3.29195517  3.25870732  3.22568069  3.19287538  3.16029145  3.12792895
  3.0957879   3.06386829  3.0321701   3.00069327  2.96943773  2.93840339
  2.90759012  2.87699779  2.84662623  2.81647525  2.78654466  2.75683422
  2.72734369  2.6980728   2.66902125  2.64018874  2.61157494  2.58317951
  2.55500206  2.52704222  2.49929958  2.47177372  2.44446418  2.41737052
  2.39049225  2.36382887  2.33737988  2.31114474  2.2851229   2.25931381
  2.23371687  2.2083315   2.18315709  2.158193    2.1334386   2.10889322
  2.08455621  2.06042686  2.03650449  2.01278837  1.98927778  1.96597199
  1.94287023  1.91997174  1.89727575  1.87478145  1.85248806  1.83039474
  1.80850069  1.78680505  1.76530698  1.74400563  1.72290012  1.70198957
  1.68127309  1.66074979  1.64041875  1.62027905  1.60032977  1.58056998
  1.56099872  1.54161504  1.52241799  1.50340659  1.48457987  1.46593685
  1.44747653  1.42919791  1.4111      1.39318177  1.37544222  1.35788032
  1.34049505  1.32328535  1.30625021  1.28938857  1.27269939  1.2561816
  1.23983416  1.22365599  1.20764603  1.19180321  1.17612645  1.16061469
  1.14526682  1.13008178  1.11505847  1.1001958   1.08549269  1.07094802
  1.05656072  1.04232968  1.0282538   1.01433197  1.0005631   0.98694608
  0.9734798   0.96016316  0.94699504  0.93397435  0.92109997  0.90837079
  0.8957857   0.88334361  0.87104339  0.85888394  0.84686415  0.83498292
  0.82323914  0.8116317   0.80015951  0.78882145  0.77761643  0.76654336
  0.75560112  0.74478862  0.73410478  0.7235485   0.71311868  0.70281425
  0.69263411  0.68257718  0.67264239  0.66282866  0.65313491  0.64356007
  0.63410307  0.62476285  0.61553835  0.60642851  0.59743227  0.58854858
  0.5797764   0.57111469  0.56256239  0.55411849  0.54578194  0.53755171
  0.52942679  0.52140616  0.5134888   0.5056737 ]",restricted_age_optimal,True,True,True,10,2,"constraints_[2, 3]_remained",97.83557138808115,95.75102860665409,99.92011416950821,1.063561778619235,1.6603394122451465,1.624963234772991,1.6957155897173015,0.01804940180084839,1.6603052842279575,1.6249298339076024,1.6956807345483123,0.018049030798214613,0.8798051158063922,0.8747217838086492,0.8847413437201641,0.0025559563406690362,large
0.280245,0.68079,0.5073449999999999,0.0674396179854197,3584,100.0,"[0.280245   0.30380647 0.32736794 0.35092941 0.37449088 0.39805235
 0.42161382 0.44517529 0.46873676 0.49229824 0.51585971 0.53942118
 0.56298265 0.58654412 0.61010559 0.63366706 0.65722853 0.68079   ]","[ 0.11160714  0.44642857  1.00446429  1.06026786  2.48325893  4.1015625
  8.06361607 11.46763393 12.83482143 13.16964286 10.18415179 10.77008929
 11.16071429  7.28236607  3.76674107  1.64620536  0.44642857]",0.025,17,normal,0.5084474640066964,"[0.280245   0.28064595 0.28104689 0.28144784 0.28184878 0.28224973
 0.28265068 0.28305162 0.28345257 0.28385351 0.28425446 0.28465541
 0.28505635 0.2854573  0.28585824 0.28625919 0.28666014 0.28706108
 0.28746203 0.28786297 0.28826392 0.28866486 0.28906581 0.28946676
 0.2898677  0.29026865 0.29066959 0.29107054 0.29147149 0.29187243
 0.29227338 0.29267432 0.29307527 0.29347622 0.29387716 0.29427811
 0.29467905 0.29508    0.29548095 0.29588189 0.29628284 0.29668378
 0.29708473 0.29748568 0.29788662 0.29828757 0.29868851 0.29908946
 0.29949041 0.29989135 0.3002923  0.30069324 0.30109419 0.30149514
 0.30189608 0.30229703 0.30269797 0.30309892 0.30349986 0.30390081
 0.30430176 0.3047027  0.30510365 0.30550459 0.30590554 0.30630649
 0.30670743 0.30710838 0.30750932 0.30791027 0.30831122 0.30871216
 0.30911311 0.30951405 0.309915   0.31031595 0.31071689 0.31111784
 0.31151878 0.31191973 0.31232068 0.31272162 0.31312257 0.31352351
 0.31392446 0.31432541 0.31472635 0.3151273  0.31552824 0.31592919
 0.31633014 0.31673108 0.31713203 0.31753297 0.31793392 0.31833486
 0.31873581 0.31913676 0.3195377  0.31993865 0.32033959 0.32074054
 0.32114149 0.32154243 0.32194338 0.32234432 0.32274527 0.32314622
 0.32354716 0.32394811 0.32434905 0.32475    0.32515095 0.32555189
 0.32595284 0.32635378 0.32675473 0.32715568 0.32755662 0.32795757
 0.32835851 0.32875946 0.32916041 0.32956135 0.3299623  0.33036324
 0.33076419 0.33116514 0.33156608 0.33196703 0.33236797 0.33276892
 0.33316986 0.33357081 0.33397176 0.3343727  0.33477365 0.33517459
 0.33557554 0.33597649 0.33637743 0.33677838 0.33717932 0.33758027
 0.33798122 0.33838216 0.33878311 0.33918405 0.339585   0.33998595
 0.34038689 0.34078784 0.34118878 0.34158973 0.34199068 0.34239162
 0.34279257 0.34319351 0.34359446 0.34399541 0.34439635 0.3447973
 0.34519824 0.34559919 0.34600014 0.34640108 0.34680203 0.34720297
 0.34760392 0.34800486 0.34840581 0.34880676 0.3492077  0.34960865
 0.35000959 0.35041054 0.35081149 0.35121243 0.35161338 0.35201432
 0.35241527 0.35281622 0.35321716 0.35361811 0.35401905 0.35442
 0.35482095 0.35522189 0.35562284 0.35602378 0.35642473 0.35682568
 0.35722662 0.35762757 0.35802851 0.35842946 0.35883041 0.35923135
 0.3596323  0.36003324 0.36043419 0.36083514 0.36123608 0.36163703
 0.36203797 0.36243892 0.36283986 0.36324081 0.36364176 0.3640427
 0.36444365 0.36484459 0.36524554 0.36564649 0.36604743 0.36644838
 0.36684932 0.36725027 0.36765122 0.36805216 0.36845311 0.36885405
 0.369255   0.36965595 0.37005689 0.37045784 0.37085878 0.37125973
 0.37166068 0.37206162 0.37246257 0.37286351 0.37326446 0.37366541
 0.37406635 0.3744673  0.37486824 0.37526919 0.37567014 0.37607108
 0.37647203 0.37687297 0.37727392 0.37767486 0.37807581 0.37847676
 0.3788777  0.37927865 0.37967959 0.38008054 0.38048149 0.38088243
 0.38128338 0.38168432 0.38208527 0.38248622 0.38288716 0.38328811
 0.38368905 0.38409    0.38449095 0.38489189 0.38529284 0.38569378
 0.38609473 0.38649568 0.38689662 0.38729757 0.38769851 0.38809946
 0.38850041 0.38890135 0.3893023  0.38970324 0.39010419 0.39050514
 0.39090608 0.39130703 0.39170797 0.39210892 0.39250986 0.39291081
 0.39331176 0.3937127  0.39411365 0.39451459 0.39491554 0.39531649
 0.39571743 0.39611838 0.39651932 0.39692027 0.39732122 0.39772216
 0.39812311 0.39852405 0.398925   0.39932595 0.39972689 0.40012784
 0.40052878 0.40092973 0.40133068 0.40173162 0.40213257 0.40253351
 0.40293446 0.40333541 0.40373635 0.4041373  0.40453824 0.40493919
 0.40534014 0.40574108 0.40614203 0.40654297 0.40694392 0.40734486
 0.40774581 0.40814676 0.4085477  0.40894865 0.40934959 0.40975054
 0.41015149 0.41055243 0.41095338 0.41135432 0.41175527 0.41215622
 0.41255716 0.41295811 0.41335905 0.41376    0.41416095 0.41456189
 0.41496284 0.41536378 0.41576473 0.41616568 0.41656662 0.41696757
 0.41736851 0.41776946 0.41817041 0.41857135 0.4189723  0.41937324
 0.41977419 0.42017514 0.42057608 0.42097703 0.42137797 0.42177892
 0.42217986 0.42258081 0.42298176 0.4233827  0.42378365 0.42418459
 0.42458554 0.42498649 0.42538743 0.42578838 0.42618932 0.42659027
 0.42699122 0.42739216 0.42779311 0.42819405 0.428595   0.42899595
 0.42939689 0.42979784 0.43019878 0.43059973 0.43100068 0.43140162
 0.43180257 0.43220351 0.43260446 0.43300541 0.43340635 0.4338073
 0.43420824 0.43460919 0.43501014 0.43541108 0.43581203 0.43621297
 0.43661392 0.43701486 0.43741581 0.43781676 0.4382177  0.43861865
 0.43901959 0.43942054 0.43982149 0.44022243 0.44062338 0.44102432
 0.44142527 0.44182622 0.44222716 0.44262811 0.44302905 0.44343
 0.44383095 0.44423189 0.44463284 0.44503378 0.44543473 0.44583568
 0.44623662 0.44663757 0.44703851 0.44743946 0.44784041 0.44824135
 0.4486423  0.44904324 0.44944419 0.44984514 0.45024608 0.45064703
 0.45104797 0.45144892 0.45184986 0.45225081 0.45265176 0.4530527
 0.45345365 0.45385459 0.45425554 0.45465649 0.45505743 0.45545838
 0.45585932 0.45626027 0.45666122 0.45706216 0.45746311 0.45786405
 0.458265   0.45866595 0.45906689 0.45946784 0.45986878 0.46026973
 0.46067068 0.46107162 0.46147257 0.46187351 0.46227446 0.46267541
 0.46307635 0.4634773  0.46387824 0.46427919 0.46468014 0.46508108
 0.46548203 0.46588297 0.46628392 0.46668486 0.46708581 0.46748676
 0.4678877  0.46828865 0.46868959 0.46909054 0.46949149 0.46989243
 0.47029338 0.47069432 0.47109527 0.47149622 0.47189716 0.47229811
 0.47269905 0.4731     0.47350095 0.47390189 0.47430284 0.47470378
 0.47510473 0.47550568 0.47590662 0.47630757 0.47670851 0.47710946
 0.47751041 0.47791135 0.4783123  0.47871324 0.47911419 0.47951514
 0.47991608 0.48031703 0.48071797 0.48111892 0.48151986 0.48192081
 0.48232176 0.4827227  0.48312365 0.48352459 0.48392554 0.48432649
 0.48472743 0.48512838 0.48552932 0.48593027 0.48633122 0.48673216
 0.48713311 0.48753405 0.487935   0.48833595 0.48873689 0.48913784
 0.48953878 0.48993973 0.49034068 0.49074162 0.49114257 0.49154351
 0.49194446 0.49234541 0.49274635 0.4931473  0.49354824 0.49394919
 0.49435014 0.49475108 0.49515203 0.49555297 0.49595392 0.49635486
 0.49675581 0.49715676 0.4975577  0.49795865 0.49835959 0.49876054
 0.49916149 0.49956243 0.49996338 0.50036432 0.50076527 0.50116622
 0.50156716 0.50196811 0.50236905 0.50277    0.50317095 0.50357189
 0.50397284 0.50437378 0.50477473 0.50517568 0.50557662 0.50597757
 0.50637851 0.50677946 0.50718041 0.50758135 0.5079823  0.50838324
 0.50878419 0.50918514 0.50958608 0.50998703 0.51038797 0.51078892
 0.51118986 0.51159081 0.51199176 0.5123927  0.51279365 0.51319459
 0.51359554 0.51399649 0.51439743 0.51479838 0.51519932 0.51560027
 0.51600122 0.51640216 0.51680311 0.51720405 0.517605   0.51800595
 0.51840689 0.51880784 0.51920878 0.51960973 0.52001068 0.52041162
 0.52081257 0.52121351 0.52161446 0.52201541 0.52241635 0.5228173
 0.52321824 0.52361919 0.52402014 0.52442108 0.52482203 0.52522297
 0.52562392 0.52602486 0.52642581 0.52682676 0.5272277  0.52762865
 0.52802959 0.52843054 0.52883149 0.52923243 0.52963338 0.53003432
 0.53043527 0.53083622 0.53123716 0.53163811 0.53203905 0.53244
 0.53284095 0.53324189 0.53364284 0.53404378 0.53444473 0.53484568
 0.53524662 0.53564757 0.53604851 0.53644946 0.53685041 0.53725135
 0.5376523  0.53805324 0.53845419 0.53885514 0.53925608 0.53965703
 0.54005797 0.54045892 0.54085986 0.54126081 0.54166176 0.5420627
 0.54246365 0.54286459 0.54326554 0.54366649 0.54406743 0.54446838
 0.54486932 0.54527027 0.54567122 0.54607216 0.54647311 0.54687405
 0.547275   0.54767595 0.54807689 0.54847784 0.54887878 0.54927973
 0.54968068 0.55008162 0.55048257 0.55088351 0.55128446 0.55168541
 0.55208635 0.5524873  0.55288824 0.55328919 0.55369014 0.55409108
 0.55449203 0.55489297 0.55529392 0.55569486 0.55609581 0.55649676
 0.5568977  0.55729865 0.55769959 0.55810054 0.55850149 0.55890243
 0.55930338 0.55970432 0.56010527 0.56050622 0.56090716 0.56130811
 0.56170905 0.56211    0.56251095 0.56291189 0.56331284 0.56371378
 0.56411473 0.56451568 0.56491662 0.56531757 0.56571851 0.56611946
 0.56652041 0.56692135 0.5673223  0.56772324 0.56812419 0.56852514
 0.56892608 0.56932703 0.56972797 0.57012892 0.57052986 0.57093081
 0.57133176 0.5717327  0.57213365 0.57253459 0.57293554 0.57333649
 0.57373743 0.57413838 0.57453932 0.57494027 0.57534122 0.57574216
 0.57614311 0.57654405 0.576945   0.57734595 0.57774689 0.57814784
 0.57854878 0.57894973 0.57935068 0.57975162 0.58015257 0.58055351
 0.58095446 0.58135541 0.58175635 0.5821573  0.58255824 0.58295919
 0.58336014 0.58376108 0.58416203 0.58456297 0.58496392 0.58536486
 0.58576581 0.58616676 0.5865677  0.58696865 0.58736959 0.58777054
 0.58817149 0.58857243 0.58897338 0.58937432 0.58977527 0.59017622
 0.59057716 0.59097811 0.59137905 0.59178    0.59218095 0.59258189
 0.59298284 0.59338378 0.59378473 0.59418568 0.59458662 0.59498757
 0.59538851 0.59578946 0.59619041 0.59659135 0.5969923  0.59739324
 0.59779419 0.59819514 0.59859608 0.59899703 0.59939797 0.59979892
 0.60019986 0.60060081 0.60100176 0.6014027  0.60180365 0.60220459
 0.60260554 0.60300649 0.60340743 0.60380838 0.60420932 0.60461027
 0.60501122 0.60541216 0.60581311 0.60621405 0.606615   0.60701595
 0.60741689 0.60781784 0.60821878 0.60861973 0.60902068 0.60942162
 0.60982257 0.61022351 0.61062446 0.61102541 0.61142635 0.6118273
 0.61222824 0.61262919 0.61303014 0.61343108 0.61383203 0.61423297
 0.61463392 0.61503486 0.61543581 0.61583676 0.6162377  0.61663865
 0.61703959 0.61744054 0.61784149 0.61824243 0.61864338 0.61904432
 0.61944527 0.61984622 0.62024716 0.62064811 0.62104905 0.62145
 0.62185095 0.62225189 0.62265284 0.62305378 0.62345473 0.62385568
 0.62425662 0.62465757 0.62505851 0.62545946 0.62586041 0.62626135
 0.6266623  0.62706324 0.62746419 0.62786514 0.62826608 0.62866703
 0.62906797 0.62946892 0.62986986 0.63027081 0.63067176 0.6310727
 0.63147365 0.63187459 0.63227554 0.63267649 0.63307743 0.63347838
 0.63387932 0.63428027 0.63468122 0.63508216 0.63548311 0.63588405
 0.636285   0.63668595 0.63708689 0.63748784 0.63788878 0.63828973
 0.63869068 0.63909162 0.63949257 0.63989351 0.64029446 0.64069541
 0.64109635 0.6414973  0.64189824 0.64229919 0.64270014 0.64310108
 0.64350203 0.64390297 0.64430392 0.64470486 0.64510581 0.64550676
 0.6459077  0.64630865 0.64670959 0.64711054 0.64751149 0.64791243
 0.64831338 0.64871432 0.64911527 0.64951622 0.64991716 0.65031811
 0.65071905 0.65112    0.65152095 0.65192189 0.65232284 0.65272378
 0.65312473 0.65352568 0.65392662 0.65432757 0.65472851 0.65512946
 0.65553041 0.65593135 0.6563323  0.65673324 0.65713419 0.65753514
 0.65793608 0.65833703 0.65873797 0.65913892 0.65953986 0.65994081
 0.66034176 0.6607427  0.66114365 0.66154459 0.66194554 0.66234649
 0.66274743 0.66314838 0.66354932 0.66395027 0.66435122 0.66475216
 0.66515311 0.66555405 0.665955   0.66635595 0.66675689 0.66715784
 0.66755878 0.66795973 0.66836068 0.66876162 0.66916257 0.66956351
 0.66996446 0.67036541 0.67076635 0.6711673  0.67156824 0.67196919
 0.67237014 0.67277108 0.67317203 0.67357297 0.67397392 0.67437486
 0.67477581 0.67517676 0.6755777  0.67597865 0.67637959 0.67678054
 0.67718149 0.67758243 0.67798338 0.67838432 0.67878527 0.67918622
 0.67958716 0.67998811 0.68038905 0.68079   ]","[ 0.04548131  0.04640473  0.04734523  0.04830308  0.04927856  0.05027197
  0.05128359  0.05231372  0.05336266  0.0544307   0.05551816  0.05662534
  0.05775256  0.05890014  0.0600684   0.06125766  0.06246827  0.06370054
  0.06495483  0.06623147  0.06753082  0.06885323  0.07019905  0.07156865
  0.07296239  0.07438064  0.07582378  0.07729218  0.07878624  0.08030634
  0.08185288  0.08342625  0.08502686  0.08665512  0.08831143  0.08999622
  0.09170992  0.09345294  0.09522572  0.0970287   0.09886233  0.10072705
  0.10262331  0.10455157  0.1065123   0.10850597  0.11053304  0.11259401
  0.11468935  0.11681955  0.11898512  0.12118654  0.12342434  0.12569901
  0.12801108  0.13036107  0.1327495   0.13517692  0.13764386  0.14015087
  0.1426985   0.1452873   0.14791783  0.15059068  0.1533064   0.15606558
  0.1588688   0.16171666  0.16460975  0.16754867  0.17053404  0.17356647
  0.17664657  0.17977498  0.18295233  0.18617925  0.18945639  0.1927844
  0.19616394  0.19959567  0.20308026  0.20661837  0.2102107   0.21385793
  0.21756074  0.22131985  0.22513595  0.22900975  0.23294198  0.23693334
  0.24098458  0.24509643  0.24926963  0.25350492  0.25780306  0.26216481
  0.26659093  0.27108219  0.27563938  0.28026327  0.28495466  0.28971433
  0.2945431   0.29944177  0.30441114  0.30945205  0.31456531  0.31975176
  0.32501224  0.33034758  0.33575864  0.34124627  0.34681133  0.35245469
  0.35817722  0.36397979  0.36986329  0.37582862  0.38187665  0.3880083
  0.39422447  0.40052607  0.40691401  0.41338923  0.41995263  0.42660517
  0.43334778  0.44018139  0.44710696  0.45412545  0.4612378   0.46844499
  0.47574797  0.48314774  0.49064525  0.4982415   0.50593748  0.51373417
  0.52163257  0.52963368  0.53773852  0.54594808  0.55426338  0.56268545
  0.5712153   0.57985396  0.58860245  0.59746183  0.60643311  0.61551735
  0.62471558  0.63402886  0.64345824  0.65300478  0.66266952  0.67245354
  0.6823579   0.69238366  0.7025319   0.71280368  0.72320009  0.73372219
  0.74437107  0.75514782  0.76605351  0.77708922  0.78825606  0.7995551
  0.81098744  0.82255417  0.83425638  0.84609517  0.85807163  0.87018686
  0.88244196  0.89483801  0.90737613  0.92005741  0.93288294  0.94585382
  0.95897116  0.97223605  0.98564958  0.99921285  1.01292697  1.02679301
  1.04081208  1.05498526  1.06931365  1.08379833  1.09844039  1.11324092
  1.12820099  1.14332169  1.15860408  1.17404926  1.18965828  1.20543222
  1.22137213  1.23747909  1.25375414  1.27019834  1.28681273  1.30359837
  1.32055628  1.33768751  1.35499309  1.37247404  1.39013137  1.4079661
  1.42597924  1.44417179  1.46254474  1.48109908  1.4998358   1.51875586
  1.53786024  1.55714988  1.57662576  1.5962888   1.61613995  1.63618013
  1.65641025  1.67683124  1.69744399  1.71824939  1.73924832  1.76044166
  1.78183026  1.80341498  1.82519666  1.84717613  1.8693542   1.89173169
  1.91430939  1.93708808  1.96006854  1.98325152  2.00663777  2.03022803
  2.05402302  2.07802344  2.10222998  2.12664334  2.15126417  2.17609313
  2.20113085  2.22637795  2.25183504  2.27750272  2.30338155  2.3294721
  2.35577491  2.38229051  2.4090194   2.43596209  2.46311904  2.49049071
  2.51807756  2.54587998  2.5738984   2.6021332   2.63058474  2.65925337
  2.68813942  2.7172432   2.746565    2.77610508  2.80586369  2.83584107
  2.86603742  2.89645291  2.92708773  2.95794201  2.98901587  3.02030941
  3.0518227   3.08355581  3.11550875  3.14768155  3.18007417  3.21268659
  3.24551874  3.27857053  3.31184185  3.34533257  3.37904252  3.41297151
  3.44711935  3.48148579  3.51607056  3.55087338  3.58589394  3.6211319
  3.65658689  3.69225851  3.72814634  3.76424995  3.80056884  3.83710252
  3.87385047  3.91081211  3.94798687  3.98537413  4.02297324  4.06078354
  4.09880432  4.13703486  4.1754744   4.21412214  4.25297728  4.29203895
  4.3313063   4.3707784   4.41045432  4.4503331   4.49041374  4.53069521
  4.57117645  4.61185637  4.65273385  4.69380774  4.73507685  4.77653998
  4.81819588  4.86004327  4.90208085  4.94430727  4.98672116  5.02932112
  5.07210572  5.11507348  5.15822292  5.20155249  5.24506065  5.28874578
  5.33260627  5.37664046  5.42084665  5.46522312  5.50976812  5.55447986
  5.59935651  5.64439622  5.68959712  5.73495727  5.78047474  5.82614753
  5.87197365  5.91795103  5.9640776   6.01035126  6.05676985  6.1033312
  6.15003311  6.19687334  6.24384961  6.29095964  6.33820107  6.38557155
  6.43306868  6.48069003  6.52843314  6.57629553  6.62427467  6.672368
  6.72057295  6.76888691  6.81730722  6.86583121  6.91445618  6.9631794
  7.0119981   7.06090948  7.10991073  7.15899899  7.20817138  7.25742499
  7.30675688  7.35616409  7.40564361  7.45519243  7.5048075   7.55448573
  7.60422402  7.65401925  7.70386824  7.75376782  7.80371477  7.85370586
  7.90373783  7.95380739  8.00391121  8.05404598  8.10420832  8.15439485
  8.20460217  8.25482683  8.30506539  8.35531437  8.40557026  8.45582955
  8.50608869  8.55634412  8.60659225  8.65682948  8.70705218  8.75725671
  8.8074394   8.85759657  8.90772452  8.95781954  9.00787787  9.05789578
  9.10786949  9.15779521  9.20766914  9.25748747  9.30724636  9.35694197
  9.40657043  9.45612787  9.50561041  9.55501415  9.60433517  9.65356956
  9.70271338  9.75176268  9.80071351  9.84956191  9.89830391  9.94693552
  9.99545276 10.04385163 10.09212812 10.14027824 10.18829796 10.23618327
 10.28393013 10.33153452 10.37899241 10.42629977 10.47345255 10.52044671
 10.56727821 10.61394302 10.66043709 10.70675637 10.75289683 10.79885443
 10.84462512 10.89020488 10.93558968 10.98077548 11.02575826 11.07053401
 11.11509871 11.15944836 11.20357896 11.24748651 11.29116703 11.33461654
 11.37783109 11.4208067  11.46353945 11.50602538 11.54826058 11.59024114
 11.63196316 11.67342274 11.71461603 11.75553916 11.79618829 11.8365596
 11.87664928 11.91645352 11.95596857 11.99519066 12.03411605 12.07274103
 12.11106189 12.14907495 12.18677657 12.2241631  12.26123093 12.29797647
 12.33439615 12.37048643 12.40624379 12.44166474 12.4767458  12.51148354
 12.54587454 12.57991542 12.61360281 12.64693338 12.67990383 12.71251089
 12.74475132 12.7766219  12.80811945 12.83924083 12.86998291 12.90034262
 12.9303169  12.95990274 12.98909715 13.01789718 13.04629993 13.07430252
 13.1019021  13.12909587 13.15588107 13.18225496 13.20821486 13.23375811
 13.2588821  13.28358426 13.30786205 13.33171298 13.35513459 13.37812448
 13.40068028 13.42279965 13.44448032 13.46572004 13.4865166  13.50686786
 13.52677171 13.54622607 13.56522892 13.58377829 13.60187224 13.61950889
 13.63668639 13.65340296 13.66965684 13.68544634 13.70076979 13.7156256
 13.73001221 13.74392811 13.75737183 13.77034197 13.78283715 13.79485607
 13.80639747 13.81746011 13.82804284 13.83814455 13.84776416 13.85690066
 13.86555309 13.87372054 13.88140213 13.88859705 13.89530456 13.90152393
 13.9072545  13.91249568 13.91724691 13.92150767 13.92527753 13.92855608
 13.93134298 13.93363792 13.93544067 13.93675104 13.93756888 13.93789411
 13.9377267  13.93706665 13.93591405 13.93426902 13.93213172 13.92950239
 13.92638131 13.92276879 13.91866524 13.91407108 13.9089868  13.90341294
 13.89735008 13.89079887 13.88376001 13.87623423 13.86822234 13.85972518
 13.85074365 13.84127869 13.83133131 13.82090255 13.80999352 13.79860536
 13.78673928 13.77439652 13.76157839 13.74828623 13.73452143 13.72028545
 13.70557978 13.69040596 13.67476558 13.65866028 13.64209175 13.62506171
 13.60757195 13.58962429 13.5712206  13.55236281 13.53305287 13.51329279
 13.49308463 13.47243048 13.45133249 13.42979284 13.40781376 13.38539752
 13.36254643 13.33926286 13.31554919 13.29140788 13.26684139 13.24185225
 13.21644303 13.19061631 13.16437475 13.13772102 13.11065783 13.08318795
 13.05531416 13.02703929 12.9983662  12.96929781 12.93983704 12.90998687
 12.8797503  12.84913038 12.81813017 12.78675278 12.75500135 12.72287906
 12.69038909 12.6575347  12.62431913 12.59074569 12.55681769 12.52253848
 12.48791145 12.45293999 12.41762755 12.38197758 12.34599357 12.30967902
 12.27303749 12.23607251 12.19878768 12.16118661 12.12327291 12.08505025
 12.0465223  12.00769274 11.96856529 11.92914368 11.88943167 11.84943302
 11.80915152 11.76859097 11.7277552  11.68664803 11.64527333 11.60363496
 11.56173681 11.51958275 11.47717671 11.43452261 11.39162436 11.34848593
 11.30511125 11.2615043  11.21766905 11.17360947 11.12932956 11.08483331
 11.04012474 10.99520784 10.95008664 10.90476515 10.85924741 10.81353744
 10.76763927 10.72155695 10.67529452 10.628856   10.58224545 10.53546691
 10.48852441 10.441422   10.39416373 10.34675362 10.29919572 10.25149406
 10.20365266 10.15567556 10.10756678 10.05933033 10.01097023  9.96249047
  9.91389507  9.865188    9.81637325  9.7674548   9.71843661  9.66932264
  9.62011684  9.57082315  9.52144548  9.47198776  9.42245389  9.37284775
  9.32317323  9.2734342   9.22363449  9.17377796  9.12386841  9.07390966
  9.0239055   8.97385971  8.92377604  8.87365823  8.82351002  8.7733351
  8.72313717  8.67291989  8.62268692  8.57244189  8.5221884   8.47193006
  8.42167044  8.37141307  8.3211615   8.27091922  8.22068973  8.17047648
  8.12028292  8.07011246  8.01996849  7.96985439  7.91977349  7.86972912
  7.81972458  7.76976314  7.71984803  7.66998248  7.62016969  7.57041281
  7.520715    7.47107937  7.42150899  7.37200694  7.32257624  7.2732199
  7.22394089  7.17474216  7.12562664  7.0765972   7.02765672  6.97880802
  6.93005392  6.88139717  6.83284054  6.78438672  6.73603841  6.68779825
  6.63966888  6.59165288  6.54375282  6.49597122  6.44831059  6.4007734
  6.35336209  6.30607906  6.25892668  6.21190731  6.16502325  6.11827679
  6.07167016  6.0252056   5.97888528  5.93271136  5.88668596  5.84081116
  5.79508903  5.74952159  5.70411083  5.6588587   5.61376715  5.56883806
  5.52407329  5.47947469  5.43504403  5.3907831   5.34669363  5.30277732
  5.25903583  5.2154708   5.17208385  5.12887654  5.08585041  5.04300697
  5.00034771  4.95787405  4.91558743  4.87348921  4.83158075  4.78986337
  4.74833835  4.70700695  4.66587039  4.62492986  4.58418653  4.54364153
  4.50329595  4.46315086  4.42320731  4.38346629  4.34392879  4.30459575
  4.26546809  4.2265467   4.18783243  4.14932611  4.11102854  4.07294048
  4.03506267  3.99739583  3.95994063  3.92269773  3.88566775  3.84885129
  3.81224891  3.77586115  3.73968853  3.70373152  3.66799059  3.63246617
  3.59715864  3.5620684   3.52719579  3.49254113  3.45810472  3.42388683
  3.38988771  3.35610756  3.3225466   3.28920498  3.25608285  3.22318033
  3.19049751  3.15803447  3.12579125  3.09376788  3.06196435  3.03038065
  2.99901672  2.96787249  2.93694789  2.90624278  2.87575704  2.84549051
  2.81544301  2.78561434  2.75600428  2.72661258  2.69743899  2.66848323
  2.63974498  2.61122393  2.58291974  2.55483205  2.52696047  2.49930461
  2.47186406  2.44463837  2.41762709  2.39082976  2.36424589  2.33787497
  2.31171649  2.28576989  2.26003463  2.23451014  2.20919584  2.18409111
  2.15919535  2.13450791  2.11002817  2.08575544  2.06168906  2.03782834
  2.01417258  1.99072105  1.96747303  1.94442778  1.92158454  1.89894254
  1.876501    1.85425913  1.83221613  1.81037118  1.78872346  1.76727212
  1.74601632  1.72495521  1.70408791  1.68341354  1.66293122  1.64264005
  1.62253912  1.60262752  1.58290432  1.56336859  1.54401939  1.52485576
  1.50587676  1.48708142  1.46846876  1.45003781  1.43178758  1.41371707
  1.3958253   1.37811124  1.36057391  1.34321226  1.32602529  1.30901197
  1.29217125  1.27550212  1.25900351  1.24267439  1.2265137   1.21052039
  1.1946934   1.17903166  1.16353412  1.14819969  1.13302731  1.1180159
  1.10316438  1.08847167  1.07393669  1.05955836  1.04533557  1.03126725
  1.01735231  1.00358965  0.98997817  0.97651679  0.9632044   0.95003992
  0.93702224  0.92415026  0.91142289  0.89883904  0.88639759  0.87409746
  0.86193754  0.84991675  0.83803398  0.82628813  0.81467812  0.80320285
  0.79186122  0.78065215  0.76957455  0.75862732  0.74780939  0.73711967
  0.72655707  0.71612051  0.70580892  0.69562123  0.68555635  0.67561322
  0.66579076  0.65608792  0.64650364  0.63703684  0.62768648  0.61845151
  0.60933086  0.60032351  0.5914284   0.5826445   0.57397077  0.56540617
  0.55694969  0.5486003   0.54035697  0.5322187 ]",restricted_age_optimal,True,True,True,10,2,"constraints_[2, 4]_remained",94.38726197134689,92.3101629400781,96.46436100261568,1.0597638771184967,1.6610252566762473,1.624472507083802,1.6975780062686936,0.018649704729662975,1.6609908296174603,1.624438837631592,1.6975428216033295,0.018649318188592327,0.8799021695224007,0.8746501888527133,0.8849971238575456,0.0026394612639974663,large
0.280245,0.68079,0.50945,0.0687587828788347,4397,100.0,"[0.280245   0.30380647 0.32736794 0.35092941 0.37449088 0.39805235
 0.42161382 0.44517529 0.46873676 0.49229824 0.51585971 0.53942118
 0.56298265 0.58654412 0.61010559 0.63366706 0.65722853 0.68079   ]","[ 0.06822834  0.34114169  0.86422561  0.95519673  2.50170571  3.97998635
  7.32317489 11.55333182 12.80418467 12.57675688  9.87036616  9.73390948
 11.30316125  8.6195133   4.82146918  1.91039345  0.77325449]",0.025,17,normal,0.5126370745963157,"[0.280245   0.28064595 0.28104689 0.28144784 0.28184878 0.28224973
 0.28265068 0.28305162 0.28345257 0.28385351 0.28425446 0.28465541
 0.28505635 0.2854573  0.28585824 0.28625919 0.28666014 0.28706108
 0.28746203 0.28786297 0.28826392 0.28866486 0.28906581 0.28946676
 0.2898677  0.29026865 0.29066959 0.29107054 0.29147149 0.29187243
 0.29227338 0.29267432 0.29307527 0.29347622 0.29387716 0.29427811
 0.29467905 0.29508    0.29548095 0.29588189 0.29628284 0.29668378
 0.29708473 0.29748568 0.29788662 0.29828757 0.29868851 0.29908946
 0.29949041 0.29989135 0.3002923  0.30069324 0.30109419 0.30149514
 0.30189608 0.30229703 0.30269797 0.30309892 0.30349986 0.30390081
 0.30430176 0.3047027  0.30510365 0.30550459 0.30590554 0.30630649
 0.30670743 0.30710838 0.30750932 0.30791027 0.30831122 0.30871216
 0.30911311 0.30951405 0.309915   0.31031595 0.31071689 0.31111784
 0.31151878 0.31191973 0.31232068 0.31272162 0.31312257 0.31352351
 0.31392446 0.31432541 0.31472635 0.3151273  0.31552824 0.31592919
 0.31633014 0.31673108 0.31713203 0.31753297 0.31793392 0.31833486
 0.31873581 0.31913676 0.3195377  0.31993865 0.32033959 0.32074054
 0.32114149 0.32154243 0.32194338 0.32234432 0.32274527 0.32314622
 0.32354716 0.32394811 0.32434905 0.32475    0.32515095 0.32555189
 0.32595284 0.32635378 0.32675473 0.32715568 0.32755662 0.32795757
 0.32835851 0.32875946 0.32916041 0.32956135 0.3299623  0.33036324
 0.33076419 0.33116514 0.33156608 0.33196703 0.33236797 0.33276892
 0.33316986 0.33357081 0.33397176 0.3343727  0.33477365 0.33517459
 0.33557554 0.33597649 0.33637743 0.33677838 0.33717932 0.33758027
 0.33798122 0.33838216 0.33878311 0.33918405 0.339585   0.33998595
 0.34038689 0.34078784 0.34118878 0.34158973 0.34199068 0.34239162
 0.34279257 0.34319351 0.34359446 0.34399541 0.34439635 0.3447973
 0.34519824 0.34559919 0.34600014 0.34640108 0.34680203 0.34720297
 0.34760392 0.34800486 0.34840581 0.34880676 0.3492077  0.34960865
 0.35000959 0.35041054 0.35081149 0.35121243 0.35161338 0.35201432
 0.35241527 0.35281622 0.35321716 0.35361811 0.35401905 0.35442
 0.35482095 0.35522189 0.35562284 0.35602378 0.35642473 0.35682568
 0.35722662 0.35762757 0.35802851 0.35842946 0.35883041 0.35923135
 0.3596323  0.36003324 0.36043419 0.36083514 0.36123608 0.36163703
 0.36203797 0.36243892 0.36283986 0.36324081 0.36364176 0.3640427
 0.36444365 0.36484459 0.36524554 0.36564649 0.36604743 0.36644838
 0.36684932 0.36725027 0.36765122 0.36805216 0.36845311 0.36885405
 0.369255   0.36965595 0.37005689 0.37045784 0.37085878 0.37125973
 0.37166068 0.37206162 0.37246257 0.37286351 0.37326446 0.37366541
 0.37406635 0.3744673  0.37486824 0.37526919 0.37567014 0.37607108
 0.37647203 0.37687297 0.37727392 0.37767486 0.37807581 0.37847676
 0.3788777  0.37927865 0.37967959 0.38008054 0.38048149 0.38088243
 0.38128338 0.38168432 0.38208527 0.38248622 0.38288716 0.38328811
 0.38368905 0.38409    0.38449095 0.38489189 0.38529284 0.38569378
 0.38609473 0.38649568 0.38689662 0.38729757 0.38769851 0.38809946
 0.38850041 0.38890135 0.3893023  0.38970324 0.39010419 0.39050514
 0.39090608 0.39130703 0.39170797 0.39210892 0.39250986 0.39291081
 0.39331176 0.3937127  0.39411365 0.39451459 0.39491554 0.39531649
 0.39571743 0.39611838 0.39651932 0.39692027 0.39732122 0.39772216
 0.39812311 0.39852405 0.398925   0.39932595 0.39972689 0.40012784
 0.40052878 0.40092973 0.40133068 0.40173162 0.40213257 0.40253351
 0.40293446 0.40333541 0.40373635 0.4041373  0.40453824 0.40493919
 0.40534014 0.40574108 0.40614203 0.40654297 0.40694392 0.40734486
 0.40774581 0.40814676 0.4085477  0.40894865 0.40934959 0.40975054
 0.41015149 0.41055243 0.41095338 0.41135432 0.41175527 0.41215622
 0.41255716 0.41295811 0.41335905 0.41376    0.41416095 0.41456189
 0.41496284 0.41536378 0.41576473 0.41616568 0.41656662 0.41696757
 0.41736851 0.41776946 0.41817041 0.41857135 0.4189723  0.41937324
 0.41977419 0.42017514 0.42057608 0.42097703 0.42137797 0.42177892
 0.42217986 0.42258081 0.42298176 0.4233827  0.42378365 0.42418459
 0.42458554 0.42498649 0.42538743 0.42578838 0.42618932 0.42659027
 0.42699122 0.42739216 0.42779311 0.42819405 0.428595   0.42899595
 0.42939689 0.42979784 0.43019878 0.43059973 0.43100068 0.43140162
 0.43180257 0.43220351 0.43260446 0.43300541 0.43340635 0.4338073
 0.43420824 0.43460919 0.43501014 0.43541108 0.43581203 0.43621297
 0.43661392 0.43701486 0.43741581 0.43781676 0.4382177  0.43861865
 0.43901959 0.43942054 0.43982149 0.44022243 0.44062338 0.44102432
 0.44142527 0.44182622 0.44222716 0.44262811 0.44302905 0.44343
 0.44383095 0.44423189 0.44463284 0.44503378 0.44543473 0.44583568
 0.44623662 0.44663757 0.44703851 0.44743946 0.44784041 0.44824135
 0.4486423  0.44904324 0.44944419 0.44984514 0.45024608 0.45064703
 0.45104797 0.45144892 0.45184986 0.45225081 0.45265176 0.4530527
 0.45345365 0.45385459 0.45425554 0.45465649 0.45505743 0.45545838
 0.45585932 0.45626027 0.45666122 0.45706216 0.45746311 0.45786405
 0.458265   0.45866595 0.45906689 0.45946784 0.45986878 0.46026973
 0.46067068 0.46107162 0.46147257 0.46187351 0.46227446 0.46267541
 0.46307635 0.4634773  0.46387824 0.46427919 0.46468014 0.46508108
 0.46548203 0.46588297 0.46628392 0.46668486 0.46708581 0.46748676
 0.4678877  0.46828865 0.46868959 0.46909054 0.46949149 0.46989243
 0.47029338 0.47069432 0.47109527 0.47149622 0.47189716 0.47229811
 0.47269905 0.4731     0.47350095 0.47390189 0.47430284 0.47470378
 0.47510473 0.47550568 0.47590662 0.47630757 0.47670851 0.47710946
 0.47751041 0.47791135 0.4783123  0.47871324 0.47911419 0.47951514
 0.47991608 0.48031703 0.48071797 0.48111892 0.48151986 0.48192081
 0.48232176 0.4827227  0.48312365 0.48352459 0.48392554 0.48432649
 0.48472743 0.48512838 0.48552932 0.48593027 0.48633122 0.48673216
 0.48713311 0.48753405 0.487935   0.48833595 0.48873689 0.48913784
 0.48953878 0.48993973 0.49034068 0.49074162 0.49114257 0.49154351
 0.49194446 0.49234541 0.49274635 0.4931473  0.49354824 0.49394919
 0.49435014 0.49475108 0.49515203 0.49555297 0.49595392 0.49635486
 0.49675581 0.49715676 0.4975577  0.49795865 0.49835959 0.49876054
 0.49916149 0.49956243 0.49996338 0.50036432 0.50076527 0.50116622
 0.50156716 0.50196811 0.50236905 0.50277    0.50317095 0.50357189
 0.50397284 0.50437378 0.50477473 0.50517568 0.50557662 0.50597757
 0.50637851 0.50677946 0.50718041 0.50758135 0.5079823  0.50838324
 0.50878419 0.50918514 0.50958608 0.50998703 0.51038797 0.51078892
 0.51118986 0.51159081 0.51199176 0.5123927  0.51279365 0.51319459
 0.51359554 0.51399649 0.51439743 0.51479838 0.51519932 0.51560027
 0.51600122 0.51640216 0.51680311 0.51720405 0.517605   0.51800595
 0.51840689 0.51880784 0.51920878 0.51960973 0.52001068 0.52041162
 0.52081257 0.52121351 0.52161446 0.52201541 0.52241635 0.5228173
 0.52321824 0.52361919 0.52402014 0.52442108 0.52482203 0.52522297
 0.52562392 0.52602486 0.52642581 0.52682676 0.5272277  0.52762865
 0.52802959 0.52843054 0.52883149 0.52923243 0.52963338 0.53003432
 0.53043527 0.53083622 0.53123716 0.53163811 0.53203905 0.53244
 0.53284095 0.53324189 0.53364284 0.53404378 0.53444473 0.53484568
 0.53524662 0.53564757 0.53604851 0.53644946 0.53685041 0.53725135
 0.5376523  0.53805324 0.53845419 0.53885514 0.53925608 0.53965703
 0.54005797 0.54045892 0.54085986 0.54126081 0.54166176 0.5420627
 0.54246365 0.54286459 0.54326554 0.54366649 0.54406743 0.54446838
 0.54486932 0.54527027 0.54567122 0.54607216 0.54647311 0.54687405
 0.547275   0.54767595 0.54807689 0.54847784 0.54887878 0.54927973
 0.54968068 0.55008162 0.55048257 0.55088351 0.55128446 0.55168541
 0.55208635 0.5524873  0.55288824 0.55328919 0.55369014 0.55409108
 0.55449203 0.55489297 0.55529392 0.55569486 0.55609581 0.55649676
 0.5568977  0.55729865 0.55769959 0.55810054 0.55850149 0.55890243
 0.55930338 0.55970432 0.56010527 0.56050622 0.56090716 0.56130811
 0.56170905 0.56211    0.56251095 0.56291189 0.56331284 0.56371378
 0.56411473 0.56451568 0.56491662 0.56531757 0.56571851 0.56611946
 0.56652041 0.56692135 0.5673223  0.56772324 0.56812419 0.56852514
 0.56892608 0.56932703 0.56972797 0.57012892 0.57052986 0.57093081
 0.57133176 0.5717327  0.57213365 0.57253459 0.57293554 0.57333649
 0.57373743 0.57413838 0.57453932 0.57494027 0.57534122 0.57574216
 0.57614311 0.57654405 0.576945   0.57734595 0.57774689 0.57814784
 0.57854878 0.57894973 0.57935068 0.57975162 0.58015257 0.58055351
 0.58095446 0.58135541 0.58175635 0.5821573  0.58255824 0.58295919
 0.58336014 0.58376108 0.58416203 0.58456297 0.58496392 0.58536486
 0.58576581 0.58616676 0.5865677  0.58696865 0.58736959 0.58777054
 0.58817149 0.58857243 0.58897338 0.58937432 0.58977527 0.59017622
 0.59057716 0.59097811 0.59137905 0.59178    0.59218095 0.59258189
 0.59298284 0.59338378 0.59378473 0.59418568 0.59458662 0.59498757
 0.59538851 0.59578946 0.59619041 0.59659135 0.5969923  0.59739324
 0.59779419 0.59819514 0.59859608 0.59899703 0.59939797 0.59979892
 0.60019986 0.60060081 0.60100176 0.6014027  0.60180365 0.60220459
 0.60260554 0.60300649 0.60340743 0.60380838 0.60420932 0.60461027
 0.60501122 0.60541216 0.60581311 0.60621405 0.606615   0.60701595
 0.60741689 0.60781784 0.60821878 0.60861973 0.60902068 0.60942162
 0.60982257 0.61022351 0.61062446 0.61102541 0.61142635 0.6118273
 0.61222824 0.61262919 0.61303014 0.61343108 0.61383203 0.61423297
 0.61463392 0.61503486 0.61543581 0.61583676 0.6162377  0.61663865
 0.61703959 0.61744054 0.61784149 0.61824243 0.61864338 0.61904432
 0.61944527 0.61984622 0.62024716 0.62064811 0.62104905 0.62145
 0.62185095 0.62225189 0.62265284 0.62305378 0.62345473 0.62385568
 0.62425662 0.62465757 0.62505851 0.62545946 0.62586041 0.62626135
 0.6266623  0.62706324 0.62746419 0.62786514 0.62826608 0.62866703
 0.62906797 0.62946892 0.62986986 0.63027081 0.63067176 0.6310727
 0.63147365 0.63187459 0.63227554 0.63267649 0.63307743 0.63347838
 0.63387932 0.63428027 0.63468122 0.63508216 0.63548311 0.63588405
 0.636285   0.63668595 0.63708689 0.63748784 0.63788878 0.63828973
 0.63869068 0.63909162 0.63949257 0.63989351 0.64029446 0.64069541
 0.64109635 0.6414973  0.64189824 0.64229919 0.64270014 0.64310108
 0.64350203 0.64390297 0.64430392 0.64470486 0.64510581 0.64550676
 0.6459077  0.64630865 0.64670959 0.64711054 0.64751149 0.64791243
 0.64831338 0.64871432 0.64911527 0.64951622 0.64991716 0.65031811
 0.65071905 0.65112    0.65152095 0.65192189 0.65232284 0.65272378
 0.65312473 0.65352568 0.65392662 0.65432757 0.65472851 0.65512946
 0.65553041 0.65593135 0.6563323  0.65673324 0.65713419 0.65753514
 0.65793608 0.65833703 0.65873797 0.65913892 0.65953986 0.65994081
 0.66034176 0.6607427  0.66114365 0.66154459 0.66194554 0.66234649
 0.66274743 0.66314838 0.66354932 0.66395027 0.66435122 0.66475216
 0.66515311 0.66555405 0.665955   0.66635595 0.66675689 0.66715784
 0.66755878 0.66795973 0.66836068 0.66876162 0.66916257 0.66956351
 0.66996446 0.67036541 0.67076635 0.6711673  0.67156824 0.67196919
 0.67237014 0.67277108 0.67317203 0.67357297 0.67397392 0.67437486
 0.67477581 0.67517676 0.6755777  0.67597865 0.67637959 0.67678054
 0.67718149 0.67758243 0.67798338 0.67838432 0.67878527 0.67918622
 0.67958716 0.67998811 0.68038905 0.68079   ]","[ 0.04521438  0.04611354  0.04702898  0.04796096  0.04890974  0.0498756
  0.05085881  0.05185963  0.05287835  0.05391525  0.05497061  0.05604473
  0.05713789  0.05825039  0.05938253  0.06053462  0.06170696  0.06289987
  0.06411366  0.06534865  0.06660516  0.06788353  0.06918407  0.07050714
  0.07185307  0.0732222   0.07461488  0.07603146  0.0774723   0.07893777
  0.08042822  0.08194402  0.08348556  0.0850532   0.08664733  0.08826834
  0.08991662  0.09159256  0.09329656  0.09502904  0.0967904   0.09858105
  0.10040142  0.10225192  0.10413299  0.10604506  0.10798856  0.10996395
  0.11197166  0.11401215  0.11608588  0.11819331  0.1203349   0.12251114
  0.12472249  0.12696943  0.12925247  0.13157208  0.13392876  0.13632302
  0.13875537  0.14122631  0.14373637  0.14628606  0.14887592  0.15150648
  0.15417828  0.15689186  0.15964777  0.16244657  0.16528881  0.16817506
  0.1711059   0.17408189  0.17710362  0.18017167  0.18328665  0.18644913
  0.18965974  0.19291907  0.19622774  0.19958637  0.20299558  0.206456
  0.20996828  0.21353305  0.21715095  0.22082264  0.22454878  0.22833003
  0.23216706  0.23606055  0.24001117  0.2440196   0.24808655  0.2522127
  0.25639876  0.26064543  0.26495343  0.26932347  0.27375629  0.2782526
  0.28281315  0.28743867  0.2921299   0.29688761  0.30171254  0.30660547
  0.31156714  0.31659835  0.32169986  0.32687245  0.33211693  0.33743407
  0.34282469  0.34828958  0.35382955  0.35944542  0.365138    0.37090813
  0.37675663  0.38268434  0.3886921   0.39478074  0.40095113  0.40720411
  0.41354055  0.41996131  0.42646726  0.43305928  0.43973823  0.44650501
  0.4533605   0.4603056   0.4673412   0.4744682   0.48168751  0.48900004
  0.4964067   0.50390841  0.5115061   0.51920068  0.5269931   0.53488428
  0.54287516  0.55096668  0.5591598   0.56745546  0.57585461  0.58435821
  0.59296721  0.60168259  0.61050531  0.61943634  0.62847665  0.63762721
  0.64688901  0.65626303  0.66575024  0.67535164  0.68506822  0.69490097
  0.70485088  0.71491894  0.72510616  0.73541354  0.74584208  0.75639277
  0.76706664  0.77786468  0.7887879   0.79983731  0.81101393  0.82231877
  0.83375283  0.84531714  0.85701271  0.86884054  0.88080167  0.8928971
  0.90512786  0.91749494  0.92999939  0.9426422   0.95542439  0.96834698
  0.98141099  0.99461742  1.0079673   1.02146162  1.0351014   1.04888765
  1.06282138  1.07690359  1.09113529  1.10551747  1.12005113  1.13473728
  1.1495769   1.16457099  1.17972053  1.19502652  1.21048993  1.22611174
  1.24189292  1.25783446  1.27393731  1.29020243  1.3066308   1.32322335
  1.33998105  1.35690483  1.37399563  1.39125439  1.40868204  1.4262795
  1.44404769  1.46198752  1.48009989  1.4983857   1.51684585  1.53548121
  1.55429267  1.57328109  1.59244734  1.61179228  1.63131674  1.65102158
  1.67090762  1.69097567  1.71122657  1.7316611   1.75228006  1.77308425
  1.79407443  1.81525138  1.83661584  1.85816857  1.87991029  1.90184174
  1.92396362  1.94627664  1.96878149  1.99147884  2.01436937  2.03745373
  2.06073256  2.08420649  2.10787614  2.13174211  2.15580499  2.18006536
  2.20452379  2.22918081  2.25403698  2.2790928   2.30434879  2.32980543
  2.3554632   2.38132257  2.40738397  2.43364784  2.46011459  2.48678461
  2.51365829  2.54073599  2.56801805  2.59550481  2.62319657  2.65109364
  2.67919628  2.70750476  2.73601931  2.76474016  2.7936675   2.82280153
  2.85214239  2.88169025  2.91144522  2.94140741  2.9715769   3.00195376
  3.03253803  3.06332973  3.09432886  3.12553541  3.15694933  3.18857056
  3.22039902  3.2524346   3.28467716  3.31712657  3.34978264  3.38264518
  3.41571396  3.44898875  3.48246928  3.51615525  3.55004635  3.58414224
  3.61844257  3.65294693  3.68765493  3.72256612  3.75768004  3.7929962
  3.8285141   3.86423319  3.90015292  3.93627269  3.97259188  4.00910987
  4.04582597  4.08273949  4.11984972  4.15715591  4.19465728  4.23235304
  4.27024235  4.30832435  4.34659818  4.38506291  4.4237176   4.4625613
  4.50159301  4.5408117   4.58021633  4.61980582  4.65957907  4.69953493
  4.73967225  4.77998983  4.82048646  4.86116089  4.90201183  4.94303799
  4.98423802  5.02561057  5.06715423  5.10886759  5.1507492   5.19279757
  5.2350112   5.27738855  5.31992804  5.36262809  5.40548705  5.44850329
  5.49167511  5.53500079  5.5784786   5.62210676  5.66588347  5.70980689
  5.75387517  5.79808641  5.8424387   5.88693008  5.93155858  5.97632219
  6.02121888  6.06624657  6.11140318  6.15668659  6.20209463  6.24762514
  6.29327591  6.33904468  6.38492921  6.4309272   6.47703632  6.52325423
  6.56957854  6.61600685  6.66253674  6.70916572  6.75589133  6.80271104
  6.84962231  6.89662256  6.94370922  6.99087964  7.03813118  7.08546116
  7.13286689  7.18034564  7.22789464  7.27551113  7.32319229  7.3709353
  7.41873731  7.46659544  7.51450677  7.56246839  7.61047735  7.65853067
  7.70662535  7.75475836  7.80292668  7.85112722  7.89935691  7.94761263
  7.99589124  8.0441896   8.09250453  8.14083283  8.18917128  8.23751665
  8.28586569  8.33421511  8.38256163  8.43090192  8.47923265  8.52755048
  8.57585204  8.62413393  8.67239276  8.7206251   8.76882752  8.81699656
  8.86512877  8.91322065  8.96126871  9.00926943  9.05721929  9.10511474
  9.15295224  9.20072822  9.2484391   9.29608128  9.34365118  9.39114516
  9.43855962  9.48589091  9.53313539  9.58028942  9.62734931  9.67431142
  9.72117205  9.76792752  9.81457414  9.86110821  9.90752603  9.95382387
  9.99999803 10.04604479 10.09196042 10.13774118 10.18338335 10.2288832
 10.27423698 10.31944096 10.3644914  10.40938456 10.45411669 10.49868405
 10.54308292 10.58730954 10.63136018 10.67523111 10.71891859 10.7624189
 10.80572832 10.84884312 10.8917596  10.93447403 10.97698272 11.01928198
 11.06136811 11.10323743 11.14488628 11.18631097 11.22750787 11.26847331
 11.30920368 11.34969534 11.38994467 11.42994809 11.469702   11.50920282
 11.54844699 11.58743096 11.6261512  11.6646042  11.70278643 11.74069443
 11.77832472 11.81567385 11.85273837 11.88951488 11.92599997 11.96219027
 11.99808241 12.03367307 12.06895891 12.10393664 12.13860299 12.1729547
 12.20698855 12.24070132 12.27408984 12.30715095 12.33988152 12.37227843
 12.4043386  12.43605898 12.46743654 12.49846828 12.52915123 12.55948243
 12.58945898 12.61907798 12.64833658 12.67723195 12.70576129 12.73392184
 12.76171086 12.78912564 12.81616353 12.84282188 12.86909809 12.89498959
 12.92049383 12.94560832 12.9703306  12.99465822 13.0185888  13.04211997
 13.06524941 13.08797483 13.11029398 13.13220466 13.15370469 13.17479192
 13.19546427 13.21571968 13.23555612 13.25497163 13.27396426 13.2925321
 13.31067332 13.32838608 13.34566861 13.36251918 13.3789361  13.39491771
 13.41046242 13.42556864 13.44023487 13.45445963 13.46824147 13.48157901
 13.4944709  13.50691583 13.51891255 13.53045985 13.54155655 13.55220153
 13.56239371 13.57213206 13.58141558 13.59024334 13.59861444 13.60652803
 13.6139833  13.62097949 13.6275159  13.63359185 13.63920673 13.64435998
 13.64905105 13.65327948 13.65704483 13.66034672 13.66318482 13.66555883
 13.66746851 13.66891367 13.66989415 13.67040987 13.67046076 13.67004683
 13.66916811 13.66782469 13.66601672 13.66374437 13.66100787 13.65780751
 13.65414362 13.65001656 13.64542675 13.64037467 13.63486083 13.62888579
 13.62245015 13.61555458 13.60819978 13.60038648 13.5921155  13.58338766
 13.57420386 13.56456503 13.55447214 13.54392622 13.53292834 13.52147962
 13.50958121 13.49723431 13.48444019 13.47120012 13.45751545 13.44338756
 13.42881788 13.41380788 13.39835906 13.38247298 13.36615125 13.34939549
 13.3322074  13.3145887  13.29654115 13.27806657 13.2591668  13.23984373
 13.2200993  13.19993546 13.17935424 13.15835767 13.13694786 13.11512692
 13.09289702 13.07026037 13.04721921 13.02377581 12.9999325  12.97569161
 12.95105555 12.92602674 12.90060762 12.87480071 12.84860853 12.82203364
 12.79507864 12.76774615 12.74003885 12.71195942 12.68351061 12.65469515
 12.62551585 12.59597552 12.56607703 12.53582324 12.50521706 12.47426145
 12.44295936 12.41131379 12.37932776 12.34700433 12.31434656 12.28135757
 12.24804047 12.21439843 12.18043462 12.14615223 12.1115545  12.07664468
 12.04142602 12.00590184 11.97007543 11.93395013 11.8975293  11.86081632
 11.82381457 11.78652747 11.74895846 11.71111098 11.67298849 11.63459449
 11.59593247 11.55700594 11.51781845 11.47837352 11.43867473 11.39872565
 11.35852985 11.31809095 11.27741254 11.23649826 11.19535174 11.15397662
 11.11237654 11.07055519 11.02851622 10.98626332 10.94380017 10.90113047
 10.85825792 10.81518623 10.77191911 10.72846028 10.68481347 10.64098239
 10.59697078 10.55278238 10.50842091 10.46389012 10.41919375 10.37433554
 10.32931922 10.28414854 10.23882724 10.19335906 10.14774774 10.101997
 10.05611059 10.01009223  9.96394565  9.91767457  9.87128271  9.82477378
  9.77815148  9.73141953  9.68458161  9.63764141  9.59060262  9.54346889
  9.4962439   9.44893131  9.40153475  9.35405787  9.30650429  9.25887763
  9.21118149  9.16341946  9.11559512  9.06771205  9.0197738   8.97178392
  8.92374593  8.87566334  8.82753967  8.77937839  8.73118299  8.6829569
  8.63470358  8.58642645  8.53812891  8.48981436  8.44148616  8.39314767
  8.34480224  8.29645317  8.24810377  8.19975731  8.15141707  8.10308627
  8.05476814  8.00646588  7.95818267  7.90992167  7.86168602  7.81347883
  7.76530319  7.71716218  7.66905885  7.62099622  7.57297729  7.52500505
  7.47708246  7.42921243  7.38139789  7.33364171  7.28594676  7.23831587
  7.19075185  7.14325749  7.09583553  7.04848873  7.00121978  6.95403137
  6.90692615  6.85990675  6.81297577  6.7661358   6.71938937  6.67273901
  6.62618722  6.57973645  6.53338916  6.48714775  6.4410146   6.39499208
  6.34908251  6.30328819  6.25761139  6.21205436  6.16661931  6.12130843
  6.07612387  6.03106776  5.98614221  5.94134929  5.89669103  5.85216945
  5.80778654  5.76354425  5.7194445   5.6754892   5.6316802   5.58801936
  5.54450848  5.50114933  5.45794367  5.41489322  5.37199967  5.32926469
  5.2866899   5.24427691  5.2020273   5.15994261  5.11802436  5.07627403
  5.03469308  4.99328294  4.95204502  4.91098067  4.87009125  4.82937806
  4.78884239  4.74848549  4.7083086   4.6683129   4.62849957  4.58886974
  4.54942454  4.51016504  4.4710923   4.43220734  4.39351117  4.35500477
  4.31668906  4.27856497  4.24063339  4.20289518  4.16535118  4.12800218
  4.09084898  4.05389231  4.01713292  3.9805715   3.94420872  3.90804522
  3.87208164  3.83631857  3.80075656  3.76539618  3.73023793  3.69528231
  3.66052978  3.62598078  3.59163575  3.55749506  3.52355908  3.48982816
  3.45630262  3.42298276  3.38986885  3.35696112  3.32425982  3.29176515
  3.25947727  3.22739636  3.19552254  3.16385592  3.13239659  3.10114463
  3.07010008  3.03926295  3.00863327  2.97821099  2.9479961   2.91798852
  2.88818818  2.85859498  2.8292088   2.80002949  2.77105691  2.74229086
  2.71373115  2.68537757  2.65722988  2.62928782  2.60155112  2.5740195
  2.54669264  2.51957022  2.49265189  2.46593731  2.43942608  2.41311782
  2.38701212  2.36110855  2.33540667  2.30990602  2.28460614  2.25950653
  2.23460669  2.2099061   2.18540423  2.16110054  2.13699446  2.11308542
  2.08937283  2.0658561   2.0425346   2.01940771  1.99647479  1.97373519
  1.95118825  1.92883328  1.90666961  1.88469652  1.86291331  1.84131926
  1.81991364  1.7986957   1.77766468  1.75681983  1.73616037  1.71568552
  1.69539448  1.67528646  1.65536064  1.63561619  1.6160523   1.59666812
  1.57746282  1.55843553  1.53958539  1.52091154  1.50241311  1.4840892
  1.46593892  1.44796139  1.43015569  1.41252093  1.39505617  1.3777605
  1.360633    1.34367272  1.32687874  1.31025011  1.29378587  1.27748508
  1.26134678  1.24537     1.22955379  1.21389716  1.19839915  1.18305878
  1.16787506  1.15284701  1.13797365  1.12325398  1.10868701  1.09427175
  1.08000718  1.06589233  1.05192617  1.03810771  1.02443594  1.01090985
  0.99752843  0.98429068  0.97119557  0.9582421   0.94542925  0.932756
  0.92022135  0.90782427  0.89556375  0.88343877  0.87144832  0.85959138
  0.84786694  0.83627397  0.82481148  0.81347843  0.80227382  0.79119664
  0.78024587  0.7694205   0.75871953  0.74814195  0.73768675  0.72735293
  0.71713948  0.70704541  0.69706971  0.6872114 ]",restricted_age_optimal,True,True,True,10,2,"constraints_[3, 4]_remained",106.23898630614217,104.13485072840702,108.34312188387732,1.0735582869544074,1.7067777549960763,1.672973857552765,1.7405816524393876,0.017247203372078312,1.7067431569808393,1.6729399447748154,1.7405463691868632,0.017246853754793158,0.8862549763755931,0.8815849590751813,0.8907922098029234,0.00234872954156107,large
0.280245,0.68079,0.50678,0.0665567425583938,4028,100.0,"[0.280245   0.30380647 0.32736794 0.35092941 0.37449088 0.39805235
 0.42161382 0.44517529 0.46873676 0.49229824 0.51585971 0.53942118
 0.56298265 0.58654412 0.61010559 0.63366706 0.65722853 0.68079   ]","[ 0.07447865  0.42204568  0.89374379  0.96822244  2.45779543  4.34458788
  8.01886792 11.64349553 12.85998014 13.28202582 10.30287984 10.7000993
 11.39523337  7.24925521  3.59980139  1.39026812  0.39721946]",0.025,17,normal,0.5081234935451837,"[0.280245   0.28064595 0.28104689 0.28144784 0.28184878 0.28224973
 0.28265068 0.28305162 0.28345257 0.28385351 0.28425446 0.28465541
 0.28505635 0.2854573  0.28585824 0.28625919 0.28666014 0.28706108
 0.28746203 0.28786297 0.28826392 0.28866486 0.28906581 0.28946676
 0.2898677  0.29026865 0.29066959 0.29107054 0.29147149 0.29187243
 0.29227338 0.29267432 0.29307527 0.29347622 0.29387716 0.29427811
 0.29467905 0.29508    0.29548095 0.29588189 0.29628284 0.29668378
 0.29708473 0.29748568 0.29788662 0.29828757 0.29868851 0.29908946
 0.29949041 0.29989135 0.3002923  0.30069324 0.30109419 0.30149514
 0.30189608 0.30229703 0.30269797 0.30309892 0.30349986 0.30390081
 0.30430176 0.3047027  0.30510365 0.30550459 0.30590554 0.30630649
 0.30670743 0.30710838 0.30750932 0.30791027 0.30831122 0.30871216
 0.30911311 0.30951405 0.309915   0.31031595 0.31071689 0.31111784
 0.31151878 0.31191973 0.31232068 0.31272162 0.31312257 0.31352351
 0.31392446 0.31432541 0.31472635 0.3151273  0.31552824 0.31592919
 0.31633014 0.31673108 0.31713203 0.31753297 0.31793392 0.31833486
 0.31873581 0.31913676 0.3195377  0.31993865 0.32033959 0.32074054
 0.32114149 0.32154243 0.32194338 0.32234432 0.32274527 0.32314622
 0.32354716 0.32394811 0.32434905 0.32475    0.32515095 0.32555189
 0.32595284 0.32635378 0.32675473 0.32715568 0.32755662 0.32795757
 0.32835851 0.32875946 0.32916041 0.32956135 0.3299623  0.33036324
 0.33076419 0.33116514 0.33156608 0.33196703 0.33236797 0.33276892
 0.33316986 0.33357081 0.33397176 0.3343727  0.33477365 0.33517459
 0.33557554 0.33597649 0.33637743 0.33677838 0.33717932 0.33758027
 0.33798122 0.33838216 0.33878311 0.33918405 0.339585   0.33998595
 0.34038689 0.34078784 0.34118878 0.34158973 0.34199068 0.34239162
 0.34279257 0.34319351 0.34359446 0.34399541 0.34439635 0.3447973
 0.34519824 0.34559919 0.34600014 0.34640108 0.34680203 0.34720297
 0.34760392 0.34800486 0.34840581 0.34880676 0.3492077  0.34960865
 0.35000959 0.35041054 0.35081149 0.35121243 0.35161338 0.35201432
 0.35241527 0.35281622 0.35321716 0.35361811 0.35401905 0.35442
 0.35482095 0.35522189 0.35562284 0.35602378 0.35642473 0.35682568
 0.35722662 0.35762757 0.35802851 0.35842946 0.35883041 0.35923135
 0.3596323  0.36003324 0.36043419 0.36083514 0.36123608 0.36163703
 0.36203797 0.36243892 0.36283986 0.36324081 0.36364176 0.3640427
 0.36444365 0.36484459 0.36524554 0.36564649 0.36604743 0.36644838
 0.36684932 0.36725027 0.36765122 0.36805216 0.36845311 0.36885405
 0.369255   0.36965595 0.37005689 0.37045784 0.37085878 0.37125973
 0.37166068 0.37206162 0.37246257 0.37286351 0.37326446 0.37366541
 0.37406635 0.3744673  0.37486824 0.37526919 0.37567014 0.37607108
 0.37647203 0.37687297 0.37727392 0.37767486 0.37807581 0.37847676
 0.3788777  0.37927865 0.37967959 0.38008054 0.38048149 0.38088243
 0.38128338 0.38168432 0.38208527 0.38248622 0.38288716 0.38328811
 0.38368905 0.38409    0.38449095 0.38489189 0.38529284 0.38569378
 0.38609473 0.38649568 0.38689662 0.38729757 0.38769851 0.38809946
 0.38850041 0.38890135 0.3893023  0.38970324 0.39010419 0.39050514
 0.39090608 0.39130703 0.39170797 0.39210892 0.39250986 0.39291081
 0.39331176 0.3937127  0.39411365 0.39451459 0.39491554 0.39531649
 0.39571743 0.39611838 0.39651932 0.39692027 0.39732122 0.39772216
 0.39812311 0.39852405 0.398925   0.39932595 0.39972689 0.40012784
 0.40052878 0.40092973 0.40133068 0.40173162 0.40213257 0.40253351
 0.40293446 0.40333541 0.40373635 0.4041373  0.40453824 0.40493919
 0.40534014 0.40574108 0.40614203 0.40654297 0.40694392 0.40734486
 0.40774581 0.40814676 0.4085477  0.40894865 0.40934959 0.40975054
 0.41015149 0.41055243 0.41095338 0.41135432 0.41175527 0.41215622
 0.41255716 0.41295811 0.41335905 0.41376    0.41416095 0.41456189
 0.41496284 0.41536378 0.41576473 0.41616568 0.41656662 0.41696757
 0.41736851 0.41776946 0.41817041 0.41857135 0.4189723  0.41937324
 0.41977419 0.42017514 0.42057608 0.42097703 0.42137797 0.42177892
 0.42217986 0.42258081 0.42298176 0.4233827  0.42378365 0.42418459
 0.42458554 0.42498649 0.42538743 0.42578838 0.42618932 0.42659027
 0.42699122 0.42739216 0.42779311 0.42819405 0.428595   0.42899595
 0.42939689 0.42979784 0.43019878 0.43059973 0.43100068 0.43140162
 0.43180257 0.43220351 0.43260446 0.43300541 0.43340635 0.4338073
 0.43420824 0.43460919 0.43501014 0.43541108 0.43581203 0.43621297
 0.43661392 0.43701486 0.43741581 0.43781676 0.4382177  0.43861865
 0.43901959 0.43942054 0.43982149 0.44022243 0.44062338 0.44102432
 0.44142527 0.44182622 0.44222716 0.44262811 0.44302905 0.44343
 0.44383095 0.44423189 0.44463284 0.44503378 0.44543473 0.44583568
 0.44623662 0.44663757 0.44703851 0.44743946 0.44784041 0.44824135
 0.4486423  0.44904324 0.44944419 0.44984514 0.45024608 0.45064703
 0.45104797 0.45144892 0.45184986 0.45225081 0.45265176 0.4530527
 0.45345365 0.45385459 0.45425554 0.45465649 0.45505743 0.45545838
 0.45585932 0.45626027 0.45666122 0.45706216 0.45746311 0.45786405
 0.458265   0.45866595 0.45906689 0.45946784 0.45986878 0.46026973
 0.46067068 0.46107162 0.46147257 0.46187351 0.46227446 0.46267541
 0.46307635 0.4634773  0.46387824 0.46427919 0.46468014 0.46508108
 0.46548203 0.46588297 0.46628392 0.46668486 0.46708581 0.46748676
 0.4678877  0.46828865 0.46868959 0.46909054 0.46949149 0.46989243
 0.47029338 0.47069432 0.47109527 0.47149622 0.47189716 0.47229811
 0.47269905 0.4731     0.47350095 0.47390189 0.47430284 0.47470378
 0.47510473 0.47550568 0.47590662 0.47630757 0.47670851 0.47710946
 0.47751041 0.47791135 0.4783123  0.47871324 0.47911419 0.47951514
 0.47991608 0.48031703 0.48071797 0.48111892 0.48151986 0.48192081
 0.48232176 0.4827227  0.48312365 0.48352459 0.48392554 0.48432649
 0.48472743 0.48512838 0.48552932 0.48593027 0.48633122 0.48673216
 0.48713311 0.48753405 0.487935   0.48833595 0.48873689 0.48913784
 0.48953878 0.48993973 0.49034068 0.49074162 0.49114257 0.49154351
 0.49194446 0.49234541 0.49274635 0.4931473  0.49354824 0.49394919
 0.49435014 0.49475108 0.49515203 0.49555297 0.49595392 0.49635486
 0.49675581 0.49715676 0.4975577  0.49795865 0.49835959 0.49876054
 0.49916149 0.49956243 0.49996338 0.50036432 0.50076527 0.50116622
 0.50156716 0.50196811 0.50236905 0.50277    0.50317095 0.50357189
 0.50397284 0.50437378 0.50477473 0.50517568 0.50557662 0.50597757
 0.50637851 0.50677946 0.50718041 0.50758135 0.5079823  0.50838324
 0.50878419 0.50918514 0.50958608 0.50998703 0.51038797 0.51078892
 0.51118986 0.51159081 0.51199176 0.5123927  0.51279365 0.51319459
 0.51359554 0.51399649 0.51439743 0.51479838 0.51519932 0.51560027
 0.51600122 0.51640216 0.51680311 0.51720405 0.517605   0.51800595
 0.51840689 0.51880784 0.51920878 0.51960973 0.52001068 0.52041162
 0.52081257 0.52121351 0.52161446 0.52201541 0.52241635 0.5228173
 0.52321824 0.52361919 0.52402014 0.52442108 0.52482203 0.52522297
 0.52562392 0.52602486 0.52642581 0.52682676 0.5272277  0.52762865
 0.52802959 0.52843054 0.52883149 0.52923243 0.52963338 0.53003432
 0.53043527 0.53083622 0.53123716 0.53163811 0.53203905 0.53244
 0.53284095 0.53324189 0.53364284 0.53404378 0.53444473 0.53484568
 0.53524662 0.53564757 0.53604851 0.53644946 0.53685041 0.53725135
 0.5376523  0.53805324 0.53845419 0.53885514 0.53925608 0.53965703
 0.54005797 0.54045892 0.54085986 0.54126081 0.54166176 0.5420627
 0.54246365 0.54286459 0.54326554 0.54366649 0.54406743 0.54446838
 0.54486932 0.54527027 0.54567122 0.54607216 0.54647311 0.54687405
 0.547275   0.54767595 0.54807689 0.54847784 0.54887878 0.54927973
 0.54968068 0.55008162 0.55048257 0.55088351 0.55128446 0.55168541
 0.55208635 0.5524873  0.55288824 0.55328919 0.55369014 0.55409108
 0.55449203 0.55489297 0.55529392 0.55569486 0.55609581 0.55649676
 0.5568977  0.55729865 0.55769959 0.55810054 0.55850149 0.55890243
 0.55930338 0.55970432 0.56010527 0.56050622 0.56090716 0.56130811
 0.56170905 0.56211    0.56251095 0.56291189 0.56331284 0.56371378
 0.56411473 0.56451568 0.56491662 0.56531757 0.56571851 0.56611946
 0.56652041 0.56692135 0.5673223  0.56772324 0.56812419 0.56852514
 0.56892608 0.56932703 0.56972797 0.57012892 0.57052986 0.57093081
 0.57133176 0.5717327  0.57213365 0.57253459 0.57293554 0.57333649
 0.57373743 0.57413838 0.57453932 0.57494027 0.57534122 0.57574216
 0.57614311 0.57654405 0.576945   0.57734595 0.57774689 0.57814784
 0.57854878 0.57894973 0.57935068 0.57975162 0.58015257 0.58055351
 0.58095446 0.58135541 0.58175635 0.5821573  0.58255824 0.58295919
 0.58336014 0.58376108 0.58416203 0.58456297 0.58496392 0.58536486
 0.58576581 0.58616676 0.5865677  0.58696865 0.58736959 0.58777054
 0.58817149 0.58857243 0.58897338 0.58937432 0.58977527 0.59017622
 0.59057716 0.59097811 0.59137905 0.59178    0.59218095 0.59258189
 0.59298284 0.59338378 0.59378473 0.59418568 0.59458662 0.59498757
 0.59538851 0.59578946 0.59619041 0.59659135 0.5969923  0.59739324
 0.59779419 0.59819514 0.59859608 0.59899703 0.59939797 0.59979892
 0.60019986 0.60060081 0.60100176 0.6014027  0.60180365 0.60220459
 0.60260554 0.60300649 0.60340743 0.60380838 0.60420932 0.60461027
 0.60501122 0.60541216 0.60581311 0.60621405 0.606615   0.60701595
 0.60741689 0.60781784 0.60821878 0.60861973 0.60902068 0.60942162
 0.60982257 0.61022351 0.61062446 0.61102541 0.61142635 0.6118273
 0.61222824 0.61262919 0.61303014 0.61343108 0.61383203 0.61423297
 0.61463392 0.61503486 0.61543581 0.61583676 0.6162377  0.61663865
 0.61703959 0.61744054 0.61784149 0.61824243 0.61864338 0.61904432
 0.61944527 0.61984622 0.62024716 0.62064811 0.62104905 0.62145
 0.62185095 0.62225189 0.62265284 0.62305378 0.62345473 0.62385568
 0.62425662 0.62465757 0.62505851 0.62545946 0.62586041 0.62626135
 0.6266623  0.62706324 0.62746419 0.62786514 0.62826608 0.62866703
 0.62906797 0.62946892 0.62986986 0.63027081 0.63067176 0.6310727
 0.63147365 0.63187459 0.63227554 0.63267649 0.63307743 0.63347838
 0.63387932 0.63428027 0.63468122 0.63508216 0.63548311 0.63588405
 0.636285   0.63668595 0.63708689 0.63748784 0.63788878 0.63828973
 0.63869068 0.63909162 0.63949257 0.63989351 0.64029446 0.64069541
 0.64109635 0.6414973  0.64189824 0.64229919 0.64270014 0.64310108
 0.64350203 0.64390297 0.64430392 0.64470486 0.64510581 0.64550676
 0.6459077  0.64630865 0.64670959 0.64711054 0.64751149 0.64791243
 0.64831338 0.64871432 0.64911527 0.64951622 0.64991716 0.65031811
 0.65071905 0.65112    0.65152095 0.65192189 0.65232284 0.65272378
 0.65312473 0.65352568 0.65392662 0.65432757 0.65472851 0.65512946
 0.65553041 0.65593135 0.6563323  0.65673324 0.65713419 0.65753514
 0.65793608 0.65833703 0.65873797 0.65913892 0.65953986 0.65994081
 0.66034176 0.6607427  0.66114365 0.66154459 0.66194554 0.66234649
 0.66274743 0.66314838 0.66354932 0.66395027 0.66435122 0.66475216
 0.66515311 0.66555405 0.665955   0.66635595 0.66675689 0.66715784
 0.66755878 0.66795973 0.66836068 0.66876162 0.66916257 0.66956351
 0.66996446 0.67036541 0.67076635 0.6711673  0.67156824 0.67196919
 0.67237014 0.67277108 0.67317203 0.67357297 0.67397392 0.67437486
 0.67477581 0.67517676 0.6755777  0.67597865 0.67637959 0.67678054
 0.67718149 0.67758243 0.67798338 0.67838432 0.67878527 0.67918622
 0.67958716 0.67998811 0.68038905 0.68079   ]","[ 0.04021594  0.04105329  0.04190654  0.04277598  0.04366188  0.0445645
  0.04548413  0.04642105  0.04737556  0.04834794  0.04933848  0.05034749
  0.05137527  0.05242213  0.05348838  0.05457434  0.05568032  0.05680666
  0.05795368  0.05912171  0.06031109  0.06152217  0.06275529  0.06401081
  0.06528907  0.06659044  0.06791529  0.06926398  0.07063689  0.0720344
  0.0734569   0.07490476  0.0763784   0.07787819  0.07940456  0.0809579
  0.08253864  0.08414719  0.08578397  0.08744941  0.08914396  0.09086804
  0.0926221   0.0944066   0.09622199  0.09806873  0.09994728  0.10185813
  0.10380173  0.10577859  0.10778918  0.10983401  0.11191356  0.11402835
  0.11617888  0.11836568  0.12058926  0.12285016  0.1251489   0.12748603
  0.12986209  0.13227764  0.13473323  0.13722942  0.13976679  0.1423459
  0.14496735  0.14763172  0.1503396   0.1530916   0.15588831  0.15873035
  0.16161834  0.16455291  0.16753468  0.17056429  0.17364238  0.17676961
  0.17994663  0.1831741   0.18645269  0.18978307  0.19316593  0.19660196
  0.20009185  0.20363629  0.207236    0.21089169  0.21460407  0.21837389
  0.22220186  0.22608873  0.23003524  0.23404214  0.2381102   0.24224018
  0.24643285  0.25068899  0.25500938  0.25939482  0.2638461   0.26836402
  0.2729494   0.27760305  0.2823258   0.28711848  0.29198192  0.29691696
  0.30192446  0.30700527  0.31216025  0.31739027  0.32269621  0.32807894
  0.33353935  0.33907834  0.3446968   0.35039564  0.35617578  0.36203813
  0.36798361  0.37401316  0.3801277   0.3863282   0.39261558  0.39899081
  0.40545484  0.41200865  0.4186532   0.42538947  0.43221844  0.4391411
  0.44615845  0.45327149  0.46048122  0.46778865  0.47519479  0.48270068
  0.49030733  0.49801577  0.50582705  0.5137422   0.52176227  0.52988832
  0.53812139  0.54646255  0.55491287  0.56347341  0.57214525  0.58092946
  0.58982714  0.59883936  0.60796722  0.61721181  0.62657424  0.6360556
  0.645657    0.65537955  0.66522437  0.67519257  0.68528527  0.69550359
  0.70584867  0.71632162  0.72692358  0.73765569  0.74851908  0.75951489
  0.77064427  0.78190835  0.79330828  0.8048452   0.81652028  0.82833465
  0.84028948  0.8523859   0.86462508  0.87700818  0.88953634  0.90221073
  0.91503249  0.9280028   0.9411228   0.95439366  0.96781653  0.98139256
  0.99512292  1.00900876  1.02305123  1.03725149  1.05161069  1.06612998
  1.08081051  1.09565343  1.11065988  1.12583101  1.14116796  1.15667186
  1.17234385  1.18818507  1.20419664  1.22037968  1.23673533  1.25326469
  1.26996889  1.28684903  1.30390621  1.32114154  1.33855612  1.35615103
  1.37392736  1.39188619  1.41002859  1.42835562  1.44686836  1.46556786
  1.48445515  1.50353129  1.52279731  1.54225422  1.56190306  1.58174483
  1.60178053  1.62201116  1.64243769  1.66306111  1.68388238  1.70490245
  1.72612228  1.7475428   1.76916494  1.79098961  1.81301771  1.83525015
  1.8576878   1.88033152  1.9031822   1.92624065  1.94950773  1.97298425
  1.99667103  2.02056884  2.04467849  2.06900072  2.09353631  2.11828597
  2.14325045  2.16843044  2.19382665  2.21943975  2.2452704   2.27131925
  2.29758692  2.32407404  2.3507812   2.37770897  2.40485793  2.4322286
  2.45982152  2.4876372   2.51567613  2.54393876  2.57242557  2.60113696
  2.63007337  2.65923517  2.68862274  2.71823643  2.74807657  2.77814347
  2.80843741  2.83895866  2.86970746  2.90068404  2.93188858  2.96332128
  2.99498227  3.02687169  3.05898964  3.09133621  3.12391144  3.15671539
  3.18974805  3.2230094   3.25649941  3.29021801  3.3241651   3.35834057
  3.39274426  3.42737602  3.46223563  3.49732288  3.53263751  3.56817925
  3.60394778  3.63994276  3.67616384  3.71261063  3.74928269  3.78617959
  3.82330085  3.86064594  3.89821435  3.9360055   3.9740188   4.01225362
  4.05070929  4.08938514  4.12828045  4.16739446  4.2067264   4.24627546
  4.28604078  4.32602151  4.36621673  4.4066255   4.44724685  4.48807979
  4.52912328  4.57037624  4.61183759  4.65350618  4.69538086  4.73746042
  4.77974364  4.82222924  4.86491593  4.90780238  4.95088722  4.99416906
  5.03764646  5.08131795  5.12518203  5.16923717  5.2134818   5.25791432
  5.30253308  5.34733642  5.39232264  5.43748998  5.48283668  5.52836093
  5.57406088  5.61993465  5.66598034  5.71219599  5.75857963  5.80512923
  5.85184276  5.89871811  5.94575318  5.9929458   6.0402938   6.08779495
  6.13544698  6.18324762  6.23119453  6.27928536  6.32751771  6.37588916
  6.42439725  6.47303947  6.52181331  6.57071619  6.61974554  6.66889871
  6.71817305  6.76756586  6.81707442  6.86669596  6.91642769  6.9662668
  7.01621042  7.06625566  7.1163996   7.1666393   7.21697176  7.26739398
  7.31790291  7.36849547  7.41916856  7.46991904  7.52074374  7.57163947
  7.62260299  7.67363107  7.72472041  7.77586769  7.82706959  7.87832272
  7.9296237   7.9809691   8.03235547  8.08377933  8.13523717  8.18672547
  8.23824068  8.2897792   8.34133743  8.39291174  8.44449849  8.49609397
  8.5476945   8.59929635  8.65089577  8.70248899  8.75407222  8.80564163
  8.85719341  8.90872368  8.96022858  9.01170421  9.06314665  9.11455198
  9.16591623  9.21723544  9.26850563  9.31972278  9.37088287  9.42198188
  9.47301574  9.5239804   9.57487177  9.62568575  9.67641824  9.72706511
  9.77762223  9.82808547  9.87845065  9.92871361  9.97887018 10.02891616
 10.07884737 10.12865959 10.17834862 10.22791024 10.27734021 10.32663432
 10.37578831 10.42479794 10.47365898 10.52236716 10.57091824 10.61930795
 10.66753204 10.71558625 10.76346631 10.81116798 10.85868697 10.90601904
 10.95315993 11.00010539 11.04685115 11.09339298 11.13972663 11.18584785
 11.23175242 11.27743611 11.32289469 11.36812396 11.41311971 11.45787773
 11.50239385 11.54666389 11.59068368 11.63444907 11.6779559  11.72120006
 11.76417743 11.8068839  11.84931538 11.8914678  11.93333711 11.97491925
 12.01621022 12.05720599 12.09790259 12.13829605 12.17838241 12.21815775
 12.25761816 12.29675976 12.33557868 12.37407108 12.41223314 12.45006108
 12.48755112 12.52469952 12.56150257 12.59795657 12.63405786 12.66980281
 12.70518781 12.74020929 12.77486369 12.8091475  12.84305724 12.87658944
 12.90974069 12.9425076  12.97488681 13.00687499 13.03846886 13.06966517
 13.10046069 13.13085225 13.16083669 13.19041092 13.21957186 13.24831647
 13.27664177 13.30454479 13.33202264 13.35907242 13.3856913  13.4118765
 13.43762526 13.46293488 13.48780269 13.51222606 13.53620242 13.55972923
 13.582804   13.60542428 13.62758769 13.64929185 13.67053447 13.69131329
 13.71162608 13.73147068 13.75084498 13.7697469  13.78817442 13.80612556
 13.82359841 13.84059109 13.85710177 13.87312868 13.8886701  13.90372435
 13.91828981 13.93236492 13.94594816 13.95903805 13.97163319 13.98373221
 13.99533382 14.00643674 14.01703978 14.0271418  14.03674169 14.04583842
 14.054431   14.06251849 14.07010003 14.07717478 14.08374199 14.08980092
 14.09535094 14.10039142 14.10492183 14.10894168 14.11245052 14.11544797
 14.1179337  14.11990746 14.12136901 14.12231821 14.12275495 14.12267918
 14.12209091 14.1209902  14.11937718 14.11725201 14.11461494 14.11146624
 14.10780626 14.10363541 14.09895412 14.09376291 14.08806236 14.08185306
 14.07513571 14.06791102 14.06017979 14.05194286 14.04320111 14.0339555
 14.02420703 14.01395675 14.00320578 13.99195527 13.98020646 13.9679606
 13.95521903 13.94198311 13.92825428 13.91403402 13.89932387 13.88412539
 13.86844025 13.85227011 13.83561672 13.81848188 13.80086741 13.7827752
 13.7642072  13.7451654  13.72565182 13.70566856 13.68521774 13.66430156
 13.64292223 13.62108203 13.59878329 13.57602836 13.55281967 13.52915968
 13.50505088 13.48049583 13.45549711 13.43005736 13.40417927 13.37786555
 13.35111896 13.32394231 13.29633845 13.26831026 13.23986067 13.21099264
 13.18170918 13.15201334 13.12190819 13.09139686 13.0604825  13.0291683
 12.9974575  12.96535335 12.93285916 12.89997825 12.86671401 12.83306981
 12.79904911 12.76465535 12.72989205 12.69476271 12.65927091 12.62342021
 12.58721425 12.55065666 12.51375111 12.47650131 12.43891097 12.40098384
 12.3627237  12.32413436 12.28521963 12.24598336 12.20642942 12.16656171
 12.12638413 12.08590063 12.04511516 12.00403168 11.9626542  11.92098673
 11.87903329 11.83679793 11.79428471 11.75149772 11.70844104 11.66511878
 11.62153506 11.57769402 11.5335998  11.48925657 11.44466848 11.39983973
 11.3547745  11.30947699 11.26395141 11.21820197 11.1722329  11.12604842
 11.07965278 11.03305021 10.98624495 10.93924127 10.89204341 10.84465562
 10.79708217 10.74932731 10.70139531 10.65329043 10.60501692 10.55657905
 10.50798108 10.45922726 10.41032184 10.36126908 10.31207322 10.2627385
 10.21326916 10.16366943 10.11394354 10.06409569 10.01413011  9.96405099
  9.91386253  9.86356891  9.8131743   9.76268287  9.71209878  9.66142616
  9.61066915  9.55983186  9.5089184   9.45793285  9.4068793   9.35576181
  9.30458443  9.25335118  9.20206608  9.15073314  9.09935633  9.04793962
  8.99648695  8.94500226  8.89348945  8.84195242  8.79039503  8.73882113
  8.68723455  8.63563911  8.58403858  8.53243673  8.4808373   8.42924402
  8.37766057  8.32609063  8.27453785  8.22300585  8.17149823  8.12001856
  8.0685704   8.01715726  7.96578265  7.91445002  7.86316284  7.8119245
  7.7607384   7.7096079   7.65853634  7.60752701  7.55658319  7.50570813
  7.45490504  7.40417712  7.35352752  7.30295936  7.25247575  7.20207976
  7.15177441  7.10156272  7.05144765  7.00143216  6.95151914  6.90171149
  6.85201204  6.80242362  6.752949    6.70359094  6.65435215  6.60523532
  6.55624309  6.50737809  6.45864291  6.41004008  6.36157214  6.31324157
  6.26505081  6.21700229  6.16909838  6.12134144  6.07373379  6.02627769
  5.97897541  5.93182914  5.88484107  5.83801335  5.79134808  5.74484734
  5.69851316  5.65234756  5.6063525   5.56052993  5.51488174  5.4694098
  5.42411594  5.37900198  5.33406965  5.28932071  5.24475685  5.20037972
  5.15619095  5.11219214  5.06838485  5.02477059  4.98135087  4.93812713
  4.89510081  4.85227328  4.80964591  4.76722002  4.72499689  4.68297778
  4.64116392  4.59955648  4.55815664  4.5169655   4.47598416  4.43521368
  4.39465507  4.35430935  4.31417746  4.27426033  4.23455886  4.19507392
  4.15580633  4.11675691  4.07792641  4.03931559  4.00092515  3.96275577
  3.92480809  3.88708274  3.84958031  3.81230134  3.77524637  3.7384159
  3.70181041  3.66543032  3.62927605  3.59334799  3.55764648  3.52217187
  3.48692444  3.45190448  3.41711221  3.38254787  3.34821164  3.31410369
  3.28022415  3.24657313  3.21315073  3.17995699  3.14699196  3.11425564
  3.08174802  3.04946906  3.01741869  2.98559683  2.95400335  2.92263814
  2.89150102  2.86059181  2.82991032  2.79945631  2.76922953  2.73922971
  2.70945656  2.67990977  2.65058899  2.62149387  2.59262404  2.5639791
  2.53555862  2.50736218  2.47938932  2.45163956  2.4241124   2.39680734
  2.36972384  2.34286136  2.31621933  2.28979716  2.26359425  2.23760999
  2.21184373  2.18629484  2.16096263  2.13584643  2.11094555  2.08625926
  2.06178684  2.03752754  2.01348061  1.98964528  1.96602076  1.94260625
  1.91940094  1.89640401  1.87361462  1.85103191  1.82865504  1.80648311
  1.78451525  1.76275057  1.74118814  1.71982706  1.69866639  1.6777052
  1.65694253  1.63637743  1.61600892  1.59583603  1.57585778  1.55607316
  1.53648118  1.51708081  1.49787105  1.47885086  1.4600192   1.44137504
  1.42291732  1.40464498  1.38655697  1.36865222  1.35092965  1.33338817
  1.31602671  1.29884417  1.28183945  1.26501145  1.24835906  1.23188118
  1.21557669  1.19944446  1.18348338  1.16769232  1.15207015  1.13661573
  1.12132793  1.10620561  1.09124763  1.07645285  1.06182011  1.04734828
  1.0330362   1.01888271  1.00488667  0.99104693  0.97736232  0.9638317
  0.9504539   0.93722777  0.92415215  0.91122588  0.89844781  0.88581678
  0.87333164  0.86099122  0.84879436  0.83673993  0.82482675  0.81305369
  0.80141958  0.78992328  0.77856364  0.76733951  0.75624975  0.74529321
  0.73446876  0.72377525  0.71321155  0.70277652  0.69246905  0.68228798
  0.67223222  0.66230062  0.65249207  0.64280545  0.63323966  0.62379358
  0.61446611  0.60525615  0.5961626   0.58718436  0.57832034  0.56956947
  0.56093065  0.55240281  0.54398488  0.53567579  0.52747448  0.51937988
  0.51139094  0.50350661  0.49572584  0.4880476 ]",restricted_age_optimal,True,True,True,10,3,"constraints_[1, 2, 3]_remained",99.95437715943551,97.86503752029502,102.043716798576,1.066009199975581,1.669367519945662,1.6344728426855288,1.7042621972057954,0.01780373391316268,1.6693333393782281,1.6344393765922027,1.704227302164254,0.017803369378858326,0.8810788076719616,0.8761027954495912,0.8859119916612932,0.002502292113823214,large
0.280245,0.671101,0.5061694999999999,0.0659517713462508,3756,100.0,"[0.280245  0.3046735 0.329102  0.3535305 0.377959  0.4023875 0.426816
 0.4512445 0.475673  0.5001015 0.52453   0.5489585 0.573387  0.5978155
 0.622244  0.6466725 0.671101 ]","[ 0.10649627  0.26624068  0.93184239  1.09158679  2.63578275  5.4313099
  9.87752929 12.85942492 13.01916933 13.79126731 10.06389776 10.91586794
  9.69116081  6.15015974  2.52928647  0.63897764]",0.025,16,normal,0.5080875436634718,"[0.280245   0.28063625 0.28102749 0.28141874 0.28180999 0.28220124
 0.28259248 0.28298373 0.28337498 0.28376623 0.28415747 0.28454872
 0.28493997 0.28533121 0.28572246 0.28611371 0.28650496 0.2868962
 0.28728745 0.2876787  0.28806994 0.28846119 0.28885244 0.28924369
 0.28963493 0.29002618 0.29041743 0.29080868 0.29119992 0.29159117
 0.29198242 0.29237366 0.29276491 0.29315616 0.29354741 0.29393865
 0.2943299  0.29472115 0.2951124  0.29550364 0.29589489 0.29628614
 0.29667738 0.29706863 0.29745988 0.29785113 0.29824237 0.29863362
 0.29902487 0.29941612 0.29980736 0.30019861 0.30058986 0.3009811
 0.30137235 0.3017636  0.30215485 0.30254609 0.30293734 0.30332859
 0.30371983 0.30411108 0.30450233 0.30489358 0.30528482 0.30567607
 0.30606732 0.30645857 0.30684981 0.30724106 0.30763231 0.30802355
 0.3084148  0.30880605 0.3091973  0.30958854 0.30997979 0.31037104
 0.31076229 0.31115353 0.31154478 0.31193603 0.31232727 0.31271852
 0.31310977 0.31350102 0.31389226 0.31428351 0.31467476 0.31506601
 0.31545725 0.3158485  0.31623975 0.31663099 0.31702224 0.31741349
 0.31780474 0.31819598 0.31858723 0.31897848 0.31936972 0.31976097
 0.32015222 0.32054347 0.32093471 0.32132596 0.32171721 0.32210846
 0.3224997  0.32289095 0.3232822  0.32367344 0.32406469 0.32445594
 0.32484719 0.32523843 0.32562968 0.32602093 0.32641218 0.32680342
 0.32719467 0.32758592 0.32797716 0.32836841 0.32875966 0.32915091
 0.32954215 0.3299334  0.33032465 0.33071589 0.33110714 0.33149839
 0.33188964 0.33228088 0.33267213 0.33306338 0.33345463 0.33384587
 0.33423712 0.33462837 0.33501961 0.33541086 0.33580211 0.33619336
 0.3365846  0.33697585 0.3373671  0.33775835 0.33814959 0.33854084
 0.33893209 0.33932333 0.33971458 0.34010583 0.34049708 0.34088832
 0.34127957 0.34167082 0.34206207 0.34245331 0.34284456 0.34323581
 0.34362705 0.3440183  0.34440955 0.3448008  0.34519204 0.34558329
 0.34597454 0.34636578 0.34675703 0.34714828 0.34753953 0.34793077
 0.34832202 0.34871327 0.34910452 0.34949576 0.34988701 0.35027826
 0.3506695  0.35106075 0.351452   0.35184325 0.35223449 0.35262574
 0.35301699 0.35340824 0.35379948 0.35419073 0.35458198 0.35497322
 0.35536447 0.35575572 0.35614697 0.35653821 0.35692946 0.35732071
 0.35771195 0.3581032  0.35849445 0.3588857  0.35927694 0.35966819
 0.36005944 0.36045069 0.36084193 0.36123318 0.36162443 0.36201567
 0.36240692 0.36279817 0.36318942 0.36358066 0.36397191 0.36436316
 0.36475441 0.36514565 0.3655369  0.36592815 0.36631939 0.36671064
 0.36710189 0.36749314 0.36788438 0.36827563 0.36866688 0.36905813
 0.36944937 0.36984062 0.37023187 0.37062311 0.37101436 0.37140561
 0.37179686 0.3721881  0.37257935 0.3729706  0.37336184 0.37375309
 0.37414434 0.37453559 0.37492683 0.37531808 0.37570933 0.37610058
 0.37649182 0.37688307 0.37727432 0.37766556 0.37805681 0.37844806
 0.37883931 0.37923055 0.3796218  0.38001305 0.3804043  0.38079554
 0.38118679 0.38157804 0.38196928 0.38236053 0.38275178 0.38314303
 0.38353427 0.38392552 0.38431677 0.38470802 0.38509926 0.38549051
 0.38588176 0.386273   0.38666425 0.3870555  0.38744675 0.38783799
 0.38822924 0.38862049 0.38901173 0.38940298 0.38979423 0.39018548
 0.39057672 0.39096797 0.39135922 0.39175047 0.39214171 0.39253296
 0.39292421 0.39331545 0.3937067  0.39409795 0.3944892  0.39488044
 0.39527169 0.39566294 0.39605419 0.39644543 0.39683668 0.39722793
 0.39761917 0.39801042 0.39840167 0.39879292 0.39918416 0.39957541
 0.39996666 0.4003579  0.40074915 0.4011404  0.40153165 0.40192289
 0.40231414 0.40270539 0.40309664 0.40348788 0.40387913 0.40427038
 0.40466162 0.40505287 0.40544412 0.40583537 0.40622661 0.40661786
 0.40700911 0.40740036 0.4077916  0.40818285 0.4085741  0.40896534
 0.40935659 0.40974784 0.41013909 0.41053033 0.41092158 0.41131283
 0.41170408 0.41209532 0.41248657 0.41287782 0.41326906 0.41366031
 0.41405156 0.41444281 0.41483405 0.4152253  0.41561655 0.41600779
 0.41639904 0.41679029 0.41718154 0.41757278 0.41796403 0.41835528
 0.41874653 0.41913777 0.41952902 0.41992027 0.42031151 0.42070276
 0.42109401 0.42148526 0.4218765  0.42226775 0.422659   0.42305025
 0.42344149 0.42383274 0.42422399 0.42461523 0.42500648 0.42539773
 0.42578898 0.42618022 0.42657147 0.42696272 0.42735396 0.42774521
 0.42813646 0.42852771 0.42891895 0.4293102  0.42970145 0.4300927
 0.43048394 0.43087519 0.43126644 0.43165768 0.43204893 0.43244018
 0.43283143 0.43322267 0.43361392 0.43400517 0.43439642 0.43478766
 0.43517891 0.43557016 0.4359614  0.43635265 0.4367439  0.43713515
 0.43752639 0.43791764 0.43830889 0.43870014 0.43909138 0.43948263
 0.43987388 0.44026512 0.44065637 0.44104762 0.44143887 0.44183011
 0.44222136 0.44261261 0.44300385 0.4433951  0.44378635 0.4441776
 0.44456884 0.44496009 0.44535134 0.44574259 0.44613383 0.44652508
 0.44691633 0.44730757 0.44769882 0.44809007 0.44848132 0.44887256
 0.44926381 0.44965506 0.45004631 0.45043755 0.4508288  0.45122005
 0.45161129 0.45200254 0.45239379 0.45278504 0.45317628 0.45356753
 0.45395878 0.45435003 0.45474127 0.45513252 0.45552377 0.45591501
 0.45630626 0.45669751 0.45708876 0.45748    0.45787125 0.4582625
 0.45865374 0.45904499 0.45943624 0.45982749 0.46021873 0.46060998
 0.46100123 0.46139248 0.46178372 0.46217497 0.46256622 0.46295746
 0.46334871 0.46373996 0.46413121 0.46452245 0.4649137  0.46530495
 0.4656962  0.46608744 0.46647869 0.46686994 0.46726118 0.46765243
 0.46804368 0.46843493 0.46882617 0.46921742 0.46960867 0.46999991
 0.47039116 0.47078241 0.47117366 0.4715649  0.47195615 0.4723474
 0.47273865 0.47312989 0.47352114 0.47391239 0.47430363 0.47469488
 0.47508613 0.47547738 0.47586862 0.47625987 0.47665112 0.47704237
 0.47743361 0.47782486 0.47821611 0.47860735 0.4789986  0.47938985
 0.4797811  0.48017234 0.48056359 0.48095484 0.48134609 0.48173733
 0.48212858 0.48251983 0.48291107 0.48330232 0.48369357 0.48408482
 0.48447606 0.48486731 0.48525856 0.4856498  0.48604105 0.4864323
 0.48682355 0.48721479 0.48760604 0.48799729 0.48838854 0.48877978
 0.48917103 0.48956228 0.48995352 0.49034477 0.49073602 0.49112727
 0.49151851 0.49190976 0.49230101 0.49269226 0.4930835  0.49347475
 0.493866   0.49425724 0.49464849 0.49503974 0.49543099 0.49582223
 0.49621348 0.49660473 0.49699597 0.49738722 0.49777847 0.49816972
 0.49856096 0.49895221 0.49934346 0.49973471 0.50012595 0.5005172
 0.50090845 0.50129969 0.50169094 0.50208219 0.50247344 0.50286468
 0.50325593 0.50364718 0.50403843 0.50442967 0.50482092 0.50521217
 0.50560341 0.50599466 0.50638591 0.50677716 0.5071684  0.50755965
 0.5079509  0.50834215 0.50873339 0.50912464 0.50951589 0.50990713
 0.51029838 0.51068963 0.51108088 0.51147212 0.51186337 0.51225462
 0.51264586 0.51303711 0.51342836 0.51381961 0.51421085 0.5146021
 0.51499335 0.5153846  0.51577584 0.51616709 0.51655834 0.51694958
 0.51734083 0.51773208 0.51812333 0.51851457 0.51890582 0.51929707
 0.51968832 0.52007956 0.52047081 0.52086206 0.5212533  0.52164455
 0.5220358  0.52242705 0.52281829 0.52320954 0.52360079 0.52399204
 0.52438328 0.52477453 0.52516578 0.52555702 0.52594827 0.52633952
 0.52673077 0.52712201 0.52751326 0.52790451 0.52829575 0.528687
 0.52907825 0.5294695  0.52986074 0.53025199 0.53064324 0.53103449
 0.53142573 0.53181698 0.53220823 0.53259947 0.53299072 0.53338197
 0.53377322 0.53416446 0.53455571 0.53494696 0.53533821 0.53572945
 0.5361207  0.53651195 0.53690319 0.53729444 0.53768569 0.53807694
 0.53846818 0.53885943 0.53925068 0.53964192 0.54003317 0.54042442
 0.54081567 0.54120691 0.54159816 0.54198941 0.54238066 0.5427719
 0.54316315 0.5435544  0.54394564 0.54433689 0.54472814 0.54511939
 0.54551063 0.54590188 0.54629313 0.54668438 0.54707562 0.54746687
 0.54785812 0.54824936 0.54864061 0.54903186 0.54942311 0.54981435
 0.5502056  0.55059685 0.5509881  0.55137934 0.55177059 0.55216184
 0.55255308 0.55294433 0.55333558 0.55372683 0.55411807 0.55450932
 0.55490057 0.55529181 0.55568306 0.55607431 0.55646556 0.5568568
 0.55724805 0.5576393  0.55803055 0.55842179 0.55881304 0.55920429
 0.55959553 0.55998678 0.56037803 0.56076928 0.56116052 0.56155177
 0.56194302 0.56233427 0.56272551 0.56311676 0.56350801 0.56389925
 0.5642905  0.56468175 0.565073   0.56546424 0.56585549 0.56624674
 0.56663798 0.56702923 0.56742048 0.56781173 0.56820297 0.56859422
 0.56898547 0.56937672 0.56976796 0.57015921 0.57055046 0.5709417
 0.57133295 0.5717242  0.57211545 0.57250669 0.57289794 0.57328919
 0.57368044 0.57407168 0.57446293 0.57485418 0.57524542 0.57563667
 0.57602792 0.57641917 0.57681041 0.57720166 0.57759291 0.57798416
 0.5783754  0.57876665 0.5791579  0.57954914 0.57994039 0.58033164
 0.58072289 0.58111413 0.58150538 0.58189663 0.58228787 0.58267912
 0.58307037 0.58346162 0.58385286 0.58424411 0.58463536 0.58502661
 0.58541785 0.5858091  0.58620035 0.58659159 0.58698284 0.58737409
 0.58776534 0.58815658 0.58854783 0.58893908 0.58933033 0.58972157
 0.59011282 0.59050407 0.59089531 0.59128656 0.59167781 0.59206906
 0.5924603  0.59285155 0.5932428  0.59363405 0.59402529 0.59441654
 0.59480779 0.59519903 0.59559028 0.59598153 0.59637278 0.59676402
 0.59715527 0.59754652 0.59793776 0.59832901 0.59872026 0.59911151
 0.59950275 0.599894   0.60028525 0.6006765  0.60106774 0.60145899
 0.60185024 0.60224148 0.60263273 0.60302398 0.60341523 0.60380647
 0.60419772 0.60458897 0.60498022 0.60537146 0.60576271 0.60615396
 0.6065452  0.60693645 0.6073277  0.60771895 0.60811019 0.60850144
 0.60889269 0.60928393 0.60967518 0.61006643 0.61045768 0.61084892
 0.61124017 0.61163142 0.61202267 0.61241391 0.61280516 0.61319641
 0.61358765 0.6139789  0.61437015 0.6147614  0.61515264 0.61554389
 0.61593514 0.61632639 0.61671763 0.61710888 0.61750013 0.61789137
 0.61828262 0.61867387 0.61906512 0.61945636 0.61984761 0.62023886
 0.62063011 0.62102135 0.6214126  0.62180385 0.62219509 0.62258634
 0.62297759 0.62336884 0.62376008 0.62415133 0.62454258 0.62493382
 0.62532507 0.62571632 0.62610757 0.62649881 0.62689006 0.62728131
 0.62767256 0.6280638  0.62845505 0.6288463  0.62923754 0.62962879
 0.63002004 0.63041129 0.63080253 0.63119378 0.63158503 0.63197628
 0.63236752 0.63275877 0.63315002 0.63354126 0.63393251 0.63432376
 0.63471501 0.63510625 0.6354975  0.63588875 0.63627999 0.63667124
 0.63706249 0.63745374 0.63784498 0.63823623 0.63862748 0.63901873
 0.63940997 0.63980122 0.64019247 0.64058371 0.64097496 0.64136621
 0.64175746 0.6421487  0.64253995 0.6429312  0.64332245 0.64371369
 0.64410494 0.64449619 0.64488743 0.64527868 0.64566993 0.64606118
 0.64645242 0.64684367 0.64723492 0.64762617 0.64801741 0.64840866
 0.64879991 0.64919115 0.6495824  0.64997365 0.6503649  0.65075614
 0.65114739 0.65153864 0.65192988 0.65232113 0.65271238 0.65310363
 0.65349487 0.65388612 0.65427737 0.65466862 0.65505986 0.65545111
 0.65584236 0.6562336  0.65662485 0.6570161  0.65740735 0.65779859
 0.65818984 0.65858109 0.65897234 0.65936358 0.65975483 0.66014608
 0.66053732 0.66092857 0.66131982 0.66171107 0.66210231 0.66249356
 0.66288481 0.66327606 0.6636673  0.66405855 0.6644498  0.66484104
 0.66523229 0.66562354 0.66601479 0.66640603 0.66679728 0.66718853
 0.66757977 0.66797102 0.66836227 0.66875352 0.66914476 0.66953601
 0.66992726 0.67031851 0.67070975 0.671101  ]","[ 0.03784096  0.03862381  0.03942146  0.04023417  0.04106219  0.04190578
  0.04276519  0.04364069  0.04453255  0.04544104  0.04636642  0.04730899
  0.04826902  0.0492468   0.05024261  0.05125676  0.05228954  0.05334125
  0.0544122   0.0555027   0.05661306  0.05774361  0.05889465  0.06006653
  0.06125957  0.0624741   0.06371048  0.06496903  0.06625012  0.06755409
  0.0688813   0.07023211  0.07160689  0.07300602  0.07442986  0.07587881
  0.07735324  0.07885354  0.08038011  0.08193335  0.08351367  0.08512148
  0.08675718  0.08842121  0.09011397  0.09183592  0.09358747  0.09536908
  0.09718118  0.09902423  0.10089868  0.10280499  0.10474363  0.10671508
  0.10871981  0.1107583   0.11283103  0.11493852  0.11708125  0.11925972
  0.12147446  0.12372596  0.12601477  0.1283414   0.13070639  0.13311027
  0.13555359  0.13803691  0.14056077  0.14312574  0.14573238  0.14838128
  0.15107301  0.15380815  0.15658731  0.15941107  0.16228004  0.16519483
  0.16815605  0.17116434  0.17422031  0.1773246   0.18047785  0.18368071
  0.18693383  0.19023788  0.1935935   0.19700139  0.20046221  0.20397665
  0.2075454   0.21116915  0.21484862  0.2185845   0.22237752  0.2262284
  0.23013786  0.23410664  0.23813549  0.24222514  0.24637636  0.25058991
  0.25486654  0.25920704  0.26361218  0.26808275  0.27261954  0.27722335
  0.28189498  0.28663526  0.29144499  0.29632499  0.30127611  0.30629917
  0.31139502  0.3165645   0.32180848  0.32712782  0.33252338  0.33799604
  0.34354667  0.34917617  0.35488543  0.36067534  0.36654682  0.37250077
  0.37853811  0.38465977  0.39086666  0.39715974  0.40353993  0.41000819
  0.41656546  0.42321272  0.42995091  0.43678101  0.443704    0.45072086
  0.45783257  0.46504013  0.47234453  0.47974678  0.48724788  0.49484886
  0.50255071  0.51035448  0.5182612   0.52627188  0.53438758  0.54260933
  0.5509382   0.55937521  0.56792145  0.57657797  0.58534583  0.59422611
  0.60321988  0.61232823  0.62155224  0.63089299  0.64035158  0.6499291
  0.65962665  0.66944535  0.67938628  0.68945057  0.69963933  0.70995367
  0.72039472  0.7309636   0.74166143  0.75248934  0.76344847  0.77453995
  0.78576491  0.79712449  0.80861984  0.8202521   0.83202241  0.84393192
  0.85598177  0.86817312  0.88050712  0.89298492  0.90560768  0.91837654
  0.93129267  0.94435721  0.95757133  0.97093618  0.98445292  0.9981227
  1.01194668  1.02592602  1.04006187  1.05435538  1.06880772  1.08342003
  1.09819347  1.11312918  1.12822831  1.14349201  1.15892143  1.17451771
  1.19028199  1.2062154   1.22231908  1.23859417  1.25504179  1.27166307
  1.28845913  1.30543109  1.32258006  1.33990716  1.35741349  1.37510015
  1.39296824  1.41101885  1.42925306  1.44767196  1.46627663  1.48506813
  1.50404752  1.52321587  1.54257422  1.56212362  1.5818651   1.6017997
  1.62192842  1.6422523   1.66277233  1.68348951  1.70440483  1.72551928
  1.74683381  1.76834941  1.790067    1.81198755  1.83411199  1.85644123
  1.87897618  1.90171776  1.92466685  1.94782433  1.97119106  1.99476791
  2.01855571  2.04255531  2.06676751  2.09119312  2.11583294  2.14068774
  2.16575829  2.19104535  2.21654965  2.24227191  2.26821284  2.29437314
  2.32075348  2.34735453  2.37417693  2.40122132  2.4284883   2.45597848
  2.48369244  2.51163074  2.53979392  2.56818252  2.59679704  2.62563798
  2.65470581  2.68400099  2.71352394  2.74327509  2.77325484  2.80346355
  2.83390159  2.86456929  2.89546697  2.92659492  2.95795342  2.98954271
  3.02136302  3.05341457  3.08569753  3.11821208  3.15095834  3.18393644
  3.21714647  3.2505885   3.28426257  3.31816871  3.35230691  3.38667715
  3.42127936  3.45611349  3.49117942  3.52647701  3.56200613  3.59776659
  3.63375818  3.66998066  3.70643378  3.74311725  3.78003076  3.81717395
  3.85454647  3.89214791  3.92997785  3.96803583  4.00632137  4.04483396
  4.08357306  4.12253809  4.16172846  4.20114353  4.24078265  4.28064513
  4.32073025  4.36103726  4.40156538  4.44231379  4.48328167  4.52446812
  4.56587226  4.60749314  4.6493298   4.69138123  4.73364642  4.77612429
  4.81881375  4.86171367  4.9048229   4.94814024  4.99166447  5.03539433
  5.07932853  5.12346575  5.16780463  5.21234379  5.2570818   5.30201721
  5.34714852  5.39247422  5.43799274  5.48370251  5.52960189  5.57568922
  5.62196283  5.66842098  5.71506192  5.76188385  5.80888494  5.85606334
  5.90341715  5.95094445  5.99864327  6.04651162  6.09454746  6.14274874
  6.19111336  6.23963917  6.28832403  6.33716572  6.38616203  6.43531067
  6.48460935  6.53405574  6.58364747  6.63338214  6.68325731  6.73327052
  6.78341927  6.83370102  6.88411321  6.93465324  6.98531848  7.03610626
  7.08701388  7.13803862  7.18917772  7.24042838  7.29178778  7.34325306
  7.39482134  7.44648969  7.49825516  7.55011478  7.60206554  7.65410438
  7.70622824  7.75843402  7.81071859  7.86307877  7.91551139  7.96801322
  8.02058101  8.0732115   8.12590136  8.17864727  8.23144587  8.28429377
  8.33718756  8.39012379  8.44309899  8.49610968  8.54915232  8.60222339
  8.65531929  8.70843645  8.76157124  8.81472001  8.8678791   8.92104482
  8.97421346  9.02738127  9.0805445   9.13369938  9.1868421   9.23996883
  9.29307574  9.34615896  9.39921462  9.4522388   9.50522759  9.55817705
  9.61108323  9.66394215  9.71674982  9.76950223  9.82219536  9.87482518
  9.92738762  9.97987862 10.0322941  10.08462997 10.13688211 10.1890464
 10.24111872 10.29309491 10.34497082 10.39674228 10.44840512 10.49995516
 10.5513882  10.60270003 10.65388646 10.70494326 10.7558662  10.80665106
 10.85729361 10.9077896  10.95813479 11.00832494 11.05835578 11.10822308
 11.15792257 11.20744999 11.2568011  11.30597162 11.35495731 11.40375391
 11.45235716 11.50076282 11.54896662 11.59696434 11.64475171 11.69232452
 11.73967852 11.78680949 11.83371321 11.88038547 11.92682207 11.9730188
 12.01897148 12.06467594 12.11012801 12.15532352 12.20025835 12.24492834
 12.2893294  12.3334574  12.37730826 12.4208779  12.46416226 12.50715729
 12.54985896 12.59226326 12.6343662  12.6761638  12.71765211 12.75882718
 12.7996851  12.84022197 12.88043392 12.9203171  12.95986767 12.99908184
 13.03795582 13.07648584 13.11466819 13.15249915 13.18997504 13.22709221
 13.26384703 13.30023591 13.33625528 13.3719016  13.40717135 13.44206107
 13.4765673  13.51068662 13.54441565 13.57775105 13.61068949 13.64322769
 13.67536239 13.70709039 13.73840851 13.76931359 13.79980254 13.82987229
 13.8595198  13.88874207 13.91753616 13.94589915 13.97382816 14.00132035
 14.02837292 14.05498313 14.08114825 14.10686562 14.13213261 14.15694663
 14.18130513 14.20520562 14.22864564 14.25162277 14.27413467 14.29617899
 14.31775348 14.33885589 14.35948405 14.37963583 14.39930913 14.41850191
 14.43721218 14.45543801 14.47317748 14.49042876 14.50719006 14.52345961
 14.53923573 14.55451677 14.56930113 14.58358727 14.59737369 14.61065895
 14.62344165 14.63572047 14.6474941  14.65876132 14.66952093 14.67977182
 14.68951291 14.69874316 14.70746161 14.71566734 14.7233595  14.73053725
 14.73719987 14.74334663 14.74897689 14.75409006 14.7586856  14.76276302
 14.7663219  14.76936186 14.77188257 14.77388378 14.77536526 14.77632688
 14.77676851 14.77669012 14.77609171 14.77497335 14.77333516 14.7711773
 14.76850001 14.76530357 14.76158832 14.75735464 14.75260299 14.74733386
 14.74154782 14.73524547 14.72842747 14.72109454 14.71324747 14.70488706
 14.69601421 14.68662984 14.67673495 14.66633057 14.6554178  14.64399778
 14.63207171 14.61964084 14.60670648 14.59326998 14.57933275 14.56489624
 14.54996197 14.5345315  14.51860644 14.50218845 14.48527925 14.46788059
 14.44999429 14.43162221 14.41276626 14.3934284  14.37361063 14.35331501
 14.33254364 14.31129867 14.2895823  14.26739677 14.24474436 14.22162742
 14.19804832 14.17400949 14.14951339 14.12456254 14.09915949 14.07330685
 14.04700726 14.02026339 13.99307799 13.96545381 13.93739366 13.9089004
 13.87997691 13.85062612 13.82085099 13.79065454 13.76003981 13.72900987
 13.69756785 13.66571689 13.6334602  13.60080099 13.56774253 13.53428811
 13.50044105 13.46620472 13.43158252 13.39657786 13.36119421 13.32543505
 13.28930391 13.25280432 13.21593988 13.17871417 13.14113085 13.10319356
 13.06490601 13.02627189 12.98729495 12.94797896 12.90832771 12.86834501
 12.82803469 12.78740062 12.74644667 12.70517675 12.66359478 12.62170471
 12.57951049 12.53701612 12.49422558 12.45114289 12.4077721  12.36411725
 12.3201824  12.27597165 12.23148908 12.1867388  12.14172495 12.09645165
 12.05092305 12.00514332 11.95911662 11.91284713 11.86633904 11.81959656
 11.77262388 11.72542523 11.67800481 11.63036687 11.58251563 11.53445534
 11.48619023 11.43772456 11.38906257 11.34020851 11.29116665 11.24194123
 11.19253652 11.14295677 11.09320624 11.04328919 10.99320987 10.94297254
 10.89258143 10.84204081 10.79135491 10.74052797 10.68956423 10.63846791
 10.58724323 10.53589441 10.48442565 10.43284117 10.38114513 10.32934174
 10.27743516 10.22542955 10.17332907 10.12113786 10.06886005 10.01649975
  9.96406107  9.91154809  9.85896491  9.80631558  9.75360415  9.70083466
  9.64801112  9.59513753  9.54221789  9.48925615  9.43625628  9.38322219
  9.33015782  9.27706705  9.22395376  9.1708218   9.11767502  9.06451722
  9.01135221  8.95818375  8.9050156   8.85185149  8.79869512  8.74555018
  8.69242033  8.6393092   8.5862204   8.53315753  8.48012415  8.42712379
  8.37415997  8.32123618  8.26835586  8.21552247  8.1627394   8.11001003
  8.05733772  8.00472579  7.95217754  7.89969623  7.84728511  7.79494739
  7.74268625  7.69050484  7.63840629  7.58639368  7.53447008  7.48263853
  7.43090202  7.37926353  7.327726    7.27629234  7.22496543  7.1737481
  7.12264319  7.07165347  7.02078169  6.97003057  6.91940281  6.86890105
  6.81852791  6.76828599  6.71817784  6.66820598  6.61837291  6.56868108
  6.51913292  6.46973081  6.42047712  6.37137416  6.32242424  6.27362959
  6.22499245  6.17651501  6.12819942  6.0800478   6.03206224  5.98424479
  5.93659747  5.88912227  5.84182114  5.79469599  5.74774872  5.70098117
  5.65439515  5.60799246  5.56177483  5.51574398  5.46990159  5.42424932
  5.37878876  5.33352151  5.2884491   5.24357305  5.19889484  5.15441591
  5.11013768  5.06606153  5.02218879  4.97852079  4.93505881  4.89180408
  4.84875783  4.80592124  4.76329546  4.7208816   4.67868074  4.63669395
  4.59492225  4.55336661  4.51202801  4.47090735  4.43000555  4.38932347
  4.34886193  4.30862173  4.26860366  4.22880844  4.1892368   4.1498894
  4.11076691  4.07186993  4.03319907  3.99475487  3.95653789  3.91854861
  3.88078751  3.84325504  3.80595162  3.76887764  3.73203345  3.69541939
  3.65903578  3.62288288  3.58696095  3.55127022  3.51581088  3.48058312
  3.44558706  3.41082284  3.37629056  3.34199027  3.30792203  3.27408586
  3.24048175  3.20710967  3.17396957  3.14106138  3.10838499  3.07594028
  3.0437271   3.01174529  2.97999465  2.94847497  2.91718601  2.88612751
  2.8552992   2.82470077  2.7943319   2.76419226  2.73428147  2.70459916
  2.67514492  2.64591834  2.61691896  2.58814633  2.55959998  2.53127939
  2.50318407  2.47531346  2.44766703  2.42024421  2.3930444   2.366067
  2.3393114   2.31277696  2.28646303  2.26036894  2.234494    2.20883753
  2.1833988   2.1581771   2.13317167  2.10838176  2.08380661  2.05944542
  2.03529741  2.01136175  1.98763764  1.96412422  1.94082067  1.91772611
  1.89483968  1.87216049  1.84968765  1.82742025  1.80535738  1.78349812
  1.76184152  1.74038665  1.71913254  1.69807823  1.67722274  1.65656511
  1.63610432  1.61583938  1.59576929  1.57589303  1.55620957  1.53671788
  1.51741692  1.49830565  1.47938301  1.46064795  1.4420994   1.4237363
  1.40555755  1.38756208  1.36974881  1.35211663  1.33466445  1.31739118
  1.30029569  1.28337688  1.26663363  1.25006482  1.23366934  1.21744605
  1.20139382  1.18551152  1.16979801  1.15425216  1.13887282  1.12365885
  1.10860911  1.09372244  1.07899771  1.06443375  1.05002941  1.03578355
  1.02169501  1.00776263  0.99398526  0.98036174  0.96689092  0.95357163
  0.94040273  0.92738306  0.91451145  0.90178676  0.88920783  0.8767735
  0.86448263  0.85233406  0.84032664  0.82845922  0.81673065  0.80513979
  0.79368549  0.78236661  0.77118201  0.76013056  0.74921111  0.73842253
  0.7277637   0.71723348  0.70683075  0.69655439]",restricted_age_optimal,True,True,True,10,3,"constraints_[1, 2, 4]_remained",96.43788108050327,94.35634906924406,98.51941309176249,1.0620256431638937,1.6617334525928262,1.6258663085100475,1.6976005966756045,0.01829989957248907,1.6616991737914855,1.6258327695883215,1.697565577994649,0.018299522075953135,0.880002392870242,0.8748533714508706,0.8850002472238199,0.0025884306978496106,large
0.283205,0.675459,0.511828,0.0682290348511555,4293,100.0,"[0.283205   0.30772088 0.33223675 0.35675262 0.3812685  0.40578437
 0.43030025 0.45481613 0.479332   0.50384787 0.52836375 0.55287963
 0.5773955  0.60191138 0.62642725 0.65094312 0.675459  ]","[ 0.11646867  0.32611228  1.04821803  1.11809923  2.60889821  5.12462148
 10.15606802 12.04286047 13.20754717 12.08944794 10.10948055 11.62357326
 10.31912416  6.21942697  2.72536688  1.1646867 ]",0.025,16,normal,0.5138038641975309,"[0.283205   0.28359765 0.28399029 0.28438294 0.28477559 0.28516823
 0.28556088 0.28595353 0.28634617 0.28673882 0.28713147 0.28752411
 0.28791676 0.28830941 0.28870205 0.2890947  0.28948735 0.28987999
 0.29027264 0.29066529 0.29105793 0.29145058 0.29184323 0.29223587
 0.29262852 0.29302117 0.29341381 0.29380646 0.29419911 0.29459175
 0.2949844  0.29537705 0.29576969 0.29616234 0.29655499 0.29694763
 0.29734028 0.29773293 0.29812557 0.29851822 0.29891087 0.29930351
 0.29969616 0.30008881 0.30048145 0.3008741  0.30126675 0.30165939
 0.30205204 0.30244469 0.30283733 0.30322998 0.30362263 0.30401527
 0.30440792 0.30480057 0.30519321 0.30558586 0.30597851 0.30637115
 0.3067638  0.30715645 0.30754909 0.30794174 0.30833439 0.30872703
 0.30911968 0.30951233 0.30990497 0.31029762 0.31069027 0.31108291
 0.31147556 0.31186821 0.31226085 0.3126535  0.31304615 0.31343879
 0.31383144 0.31422409 0.31461673 0.31500938 0.31540203 0.31579467
 0.31618732 0.31657996 0.31697261 0.31736526 0.3177579  0.31815055
 0.3185432  0.31893584 0.31932849 0.31972114 0.32011378 0.32050643
 0.32089908 0.32129172 0.32168437 0.32207702 0.32246966 0.32286231
 0.32325496 0.3236476  0.32404025 0.3244329  0.32482554 0.32521819
 0.32561084 0.32600348 0.32639613 0.32678878 0.32718142 0.32757407
 0.32796672 0.32835936 0.32875201 0.32914466 0.3295373  0.32992995
 0.3303226  0.33071524 0.33110789 0.33150054 0.33189318 0.33228583
 0.33267848 0.33307112 0.33346377 0.33385642 0.33424906 0.33464171
 0.33503436 0.335427   0.33581965 0.3362123  0.33660494 0.33699759
 0.33739024 0.33778288 0.33817553 0.33856818 0.33896082 0.33935347
 0.33974612 0.34013876 0.34053141 0.34092406 0.3413167  0.34170935
 0.342102   0.34249464 0.34288729 0.34327994 0.34367258 0.34406523
 0.34445788 0.34485052 0.34524317 0.34563582 0.34602846 0.34642111
 0.34681376 0.3472064  0.34759905 0.3479917  0.34838434 0.34877699
 0.34916964 0.34956228 0.34995493 0.35034758 0.35074022 0.35113287
 0.35152552 0.35191816 0.35231081 0.35270346 0.3530961  0.35348875
 0.3538814  0.35427404 0.35466669 0.35505934 0.35545198 0.35584463
 0.35623728 0.35662992 0.35702257 0.35741522 0.35780786 0.35820051
 0.35859316 0.3589858  0.35937845 0.3597711  0.36016374 0.36055639
 0.36094904 0.36134168 0.36173433 0.36212698 0.36251962 0.36291227
 0.36330492 0.36369756 0.36409021 0.36448286 0.3648755  0.36526815
 0.3656608  0.36605344 0.36644609 0.36683874 0.36723138 0.36762403
 0.36801668 0.36840932 0.36880197 0.36919462 0.36958726 0.36997991
 0.37037256 0.3707652  0.37115785 0.3715505  0.37194314 0.37233579
 0.37272844 0.37312108 0.37351373 0.37390638 0.37429902 0.37469167
 0.37508432 0.37547696 0.37586961 0.37626226 0.3766549  0.37704755
 0.3774402  0.37783284 0.37822549 0.37861814 0.37901078 0.37940343
 0.37979608 0.38018872 0.38058137 0.38097402 0.38136666 0.38175931
 0.38215195 0.3825446  0.38293725 0.38332989 0.38372254 0.38411519
 0.38450783 0.38490048 0.38529313 0.38568577 0.38607842 0.38647107
 0.38686371 0.38725636 0.38764901 0.38804165 0.3884343  0.38882695
 0.38921959 0.38961224 0.39000489 0.39039753 0.39079018 0.39118283
 0.39157547 0.39196812 0.39236077 0.39275341 0.39314606 0.39353871
 0.39393135 0.394324   0.39471665 0.39510929 0.39550194 0.39589459
 0.39628723 0.39667988 0.39707253 0.39746517 0.39785782 0.39825047
 0.39864311 0.39903576 0.39942841 0.39982105 0.4002137  0.40060635
 0.40099899 0.40139164 0.40178429 0.40217693 0.40256958 0.40296223
 0.40335487 0.40374752 0.40414017 0.40453281 0.40492546 0.40531811
 0.40571075 0.4061034  0.40649605 0.40688869 0.40728134 0.40767399
 0.40806663 0.40845928 0.40885193 0.40924457 0.40963722 0.41002987
 0.41042251 0.41081516 0.41120781 0.41160045 0.4119931  0.41238575
 0.41277839 0.41317104 0.41356369 0.41395633 0.41434898 0.41474163
 0.41513427 0.41552692 0.41591957 0.41631221 0.41670486 0.41709751
 0.41749015 0.4178828  0.41827545 0.41866809 0.41906074 0.41945339
 0.41984603 0.42023868 0.42063133 0.42102397 0.42141662 0.42180927
 0.42220191 0.42259456 0.42298721 0.42337985 0.4237725  0.42416515
 0.42455779 0.42495044 0.42534309 0.42573573 0.42612838 0.42652103
 0.42691367 0.42730632 0.42769897 0.42809161 0.42848426 0.42887691
 0.42926955 0.4296622  0.43005485 0.43044749 0.43084014 0.43123279
 0.43162543 0.43201808 0.43241073 0.43280337 0.43319602 0.43358867
 0.43398131 0.43437396 0.43476661 0.43515925 0.4355519  0.43594455
 0.43633719 0.43672984 0.43712249 0.43751513 0.43790778 0.43830043
 0.43869307 0.43908572 0.43947837 0.43987101 0.44026366 0.44065631
 0.44104895 0.4414416  0.44183425 0.44222689 0.44261954 0.44301219
 0.44340483 0.44379748 0.44419013 0.44458277 0.44497542 0.44536807
 0.44576071 0.44615336 0.44654601 0.44693865 0.4473313  0.44772394
 0.44811659 0.44850924 0.44890188 0.44929453 0.44968718 0.45007982
 0.45047247 0.45086512 0.45125776 0.45165041 0.45204306 0.4524357
 0.45282835 0.453221   0.45361364 0.45400629 0.45439894 0.45479158
 0.45518423 0.45557688 0.45596952 0.45636217 0.45675482 0.45714746
 0.45754011 0.45793276 0.4583254  0.45871805 0.4591107  0.45950334
 0.45989599 0.46028864 0.46068128 0.46107393 0.46146658 0.46185922
 0.46225187 0.46264452 0.46303716 0.46342981 0.46382246 0.4642151
 0.46460775 0.4650004  0.46539304 0.46578569 0.46617834 0.46657098
 0.46696363 0.46735628 0.46774892 0.46814157 0.46853422 0.46892686
 0.46931951 0.46971216 0.4701048  0.47049745 0.4708901  0.47128274
 0.47167539 0.47206804 0.47246068 0.47285333 0.47324598 0.47363862
 0.47403127 0.47442392 0.47481656 0.47520921 0.47560186 0.4759945
 0.47638715 0.4767798  0.47717244 0.47756509 0.47795774 0.47835038
 0.47874303 0.47913568 0.47952832 0.47992097 0.48031362 0.48070626
 0.48109891 0.48149156 0.4818842  0.48227685 0.4826695  0.48306214
 0.48345479 0.48384744 0.48424008 0.48463273 0.48502538 0.48541802
 0.48581067 0.48620332 0.48659596 0.48698861 0.48738126 0.4877739
 0.48816655 0.4885592  0.48895184 0.48934449 0.48973714 0.49012978
 0.49052243 0.49091508 0.49130772 0.49170037 0.49209302 0.49248566
 0.49287831 0.49327096 0.4936636  0.49405625 0.4944489  0.49484154
 0.49523419 0.49562684 0.49601948 0.49641213 0.49680478 0.49719742
 0.49759007 0.49798272 0.49837536 0.49876801 0.49916066 0.4995533
 0.49994595 0.5003386  0.50073124 0.50112389 0.50151654 0.50190918
 0.50230183 0.50269448 0.50308712 0.50347977 0.50387242 0.50426506
 0.50465771 0.50505036 0.505443   0.50583565 0.5062283  0.50662094
 0.50701359 0.50740624 0.50779888 0.50819153 0.50858418 0.50897682
 0.50936947 0.50976212 0.51015476 0.51054741 0.51094006 0.5113327
 0.51172535 0.51211799 0.51251064 0.51290329 0.51329593 0.51368858
 0.51408123 0.51447387 0.51486652 0.51525917 0.51565181 0.51604446
 0.51643711 0.51682975 0.5172224  0.51761505 0.51800769 0.51840034
 0.51879299 0.51918563 0.51957828 0.51997093 0.52036357 0.52075622
 0.52114887 0.52154151 0.52193416 0.52232681 0.52271945 0.5231121
 0.52350475 0.52389739 0.52429004 0.52468269 0.52507533 0.52546798
 0.52586063 0.52625327 0.52664592 0.52703857 0.52743121 0.52782386
 0.52821651 0.52860915 0.5290018  0.52939445 0.52978709 0.53017974
 0.53057239 0.53096503 0.53135768 0.53175033 0.53214297 0.53253562
 0.53292827 0.53332091 0.53371356 0.53410621 0.53449885 0.5348915
 0.53528415 0.53567679 0.53606944 0.53646209 0.53685473 0.53724738
 0.53764003 0.53803267 0.53842532 0.53881797 0.53921061 0.53960326
 0.53999591 0.54038855 0.5407812  0.54117385 0.54156649 0.54195914
 0.54235179 0.54274443 0.54313708 0.54352973 0.54392237 0.54431502
 0.54470767 0.54510031 0.54549296 0.54588561 0.54627825 0.5466709
 0.54706355 0.54745619 0.54784884 0.54824149 0.54863413 0.54902678
 0.54941943 0.54981207 0.55020472 0.55059737 0.55099001 0.55138266
 0.55177531 0.55216795 0.5525606  0.55295325 0.55334589 0.55373854
 0.55413119 0.55452383 0.55491648 0.55530913 0.55570177 0.55609442
 0.55648707 0.55687971 0.55727236 0.55766501 0.55805765 0.5584503
 0.55884295 0.55923559 0.55962824 0.56002089 0.56041353 0.56080618
 0.56119883 0.56159147 0.56198412 0.56237677 0.56276941 0.56316206
 0.56355471 0.56394735 0.56434    0.56473265 0.56512529 0.56551794
 0.56591059 0.56630323 0.56669588 0.56708853 0.56748117 0.56787382
 0.56826647 0.56865911 0.56905176 0.56944441 0.56983705 0.5702297
 0.57062235 0.57101499 0.57140764 0.57180029 0.57219293 0.57258558
 0.57297823 0.57337087 0.57376352 0.57415617 0.57454881 0.57494146
 0.57533411 0.57572675 0.5761194  0.57651205 0.57690469 0.57729734
 0.57768998 0.57808263 0.57847528 0.57886792 0.57926057 0.57965322
 0.58004586 0.58043851 0.58083116 0.5812238  0.58161645 0.5820091
 0.58240174 0.58279439 0.58318704 0.58357968 0.58397233 0.58436498
 0.58475762 0.58515027 0.58554292 0.58593556 0.58632821 0.58672086
 0.5871135  0.58750615 0.5878988  0.58829144 0.58868409 0.58907674
 0.58946938 0.58986203 0.59025468 0.59064732 0.59103997 0.59143262
 0.59182526 0.59221791 0.59261056 0.5930032  0.59339585 0.5937885
 0.59418114 0.59457379 0.59496644 0.59535908 0.59575173 0.59614438
 0.59653702 0.59692967 0.59732232 0.59771496 0.59810761 0.59850026
 0.5988929  0.59928555 0.5996782  0.60007084 0.60046349 0.60085614
 0.60124878 0.60164143 0.60203408 0.60242672 0.60281937 0.60321202
 0.60360466 0.60399731 0.60438996 0.6047826  0.60517525 0.6055679
 0.60596054 0.60635319 0.60674584 0.60713848 0.60753113 0.60792378
 0.60831642 0.60870907 0.60910172 0.60949436 0.60988701 0.61027966
 0.6106723  0.61106495 0.6114576  0.61185024 0.61224289 0.61263554
 0.61302818 0.61342083 0.61381348 0.61420612 0.61459877 0.61499142
 0.61538406 0.61577671 0.61616936 0.616562   0.61695465 0.6173473
 0.61773994 0.61813259 0.61852524 0.61891788 0.61931053 0.61970318
 0.62009582 0.62048847 0.62088112 0.62127376 0.62166641 0.62205906
 0.6224517  0.62284435 0.623237   0.62362964 0.62402229 0.62441494
 0.62480758 0.62520023 0.62559288 0.62598552 0.62637817 0.62677082
 0.62716346 0.62755611 0.62794876 0.6283414  0.62873405 0.6291267
 0.62951934 0.62991199 0.63030464 0.63069728 0.63108993 0.63148258
 0.63187522 0.63226787 0.63266052 0.63305316 0.63344581 0.63383846
 0.6342311  0.63462375 0.6350164  0.63540904 0.63580169 0.63619434
 0.63658698 0.63697963 0.63737228 0.63776492 0.63815757 0.63855022
 0.63894286 0.63933551 0.63972816 0.6401208  0.64051345 0.6409061
 0.64129874 0.64169139 0.64208404 0.64247668 0.64286933 0.64326197
 0.64365462 0.64404727 0.64443991 0.64483256 0.64522521 0.64561785
 0.6460105  0.64640315 0.64679579 0.64718844 0.64758109 0.64797373
 0.64836638 0.64875903 0.64915167 0.64954432 0.64993697 0.65032961
 0.65072226 0.65111491 0.65150755 0.6519002  0.65229285 0.65268549
 0.65307814 0.65347079 0.65386343 0.65425608 0.65464873 0.65504137
 0.65543402 0.65582667 0.65621931 0.65661196 0.65700461 0.65739725
 0.6577899  0.65818255 0.65857519 0.65896784 0.65936049 0.65975313
 0.66014578 0.66053843 0.66093107 0.66132372 0.66171637 0.66210901
 0.66250166 0.66289431 0.66328695 0.6636796  0.66407225 0.66446489
 0.66485754 0.66525019 0.66564283 0.66603548 0.66642813 0.66682077
 0.66721342 0.66760607 0.66799871 0.66839136 0.66878401 0.66917665
 0.6695693  0.66996195 0.67035459 0.67074724 0.67113989 0.67153253
 0.67192518 0.67231783 0.67271047 0.67310312 0.67349577 0.67388841
 0.67428106 0.67467371 0.67506635 0.675459  ]","[ 0.04741764  0.04834814  0.04929527  0.05025929  0.05124046  0.05223906
  0.05325535  0.05428962  0.05534215  0.05641321  0.05750309  0.05861209
  0.0597405   0.06088862  0.06205675  0.06324519  0.06445426  0.06568427
  0.06693553  0.06820837  0.06950311  0.07082008  0.07215962  0.07352206
  0.07490774  0.07631702  0.07775023  0.07920773  0.08068988  0.08219704
  0.08372959  0.08528788  0.0868723   0.08848322  0.09012102  0.09178611
  0.09347886  0.09519967  0.09694896  0.09872712  0.10053456  0.1023717
  0.10423896  0.10613676  0.10806554  0.11002572  0.11201775  0.11404206
  0.11609912  0.11818936  0.12031326  0.12247126  0.12466384  0.12689148
  0.12915464  0.13145381  0.13378948  0.13616214  0.13857229  0.14102043
  0.14350707  0.14603272  0.1485979   0.15120313  0.15384894  0.15653586
  0.15926444  0.16203521  0.16484872  0.16770553  0.1706062   0.1735513
  0.17654138  0.17957704  0.18265884  0.18578738  0.18896325  0.19218704
  0.19545935  0.1987808   0.202152    0.20557356  0.20904611  0.21257027
  0.21614669  0.21977601  0.22345886  0.2271959   0.23098779  0.23483519
  0.23873877  0.2426992   0.24671715  0.25079332  0.25492838  0.25912305
  0.26337801  0.26769398  0.27207166  0.27651177  0.28101504  0.28558219
  0.29021396  0.29491108  0.29967429  0.30450436  0.30940202  0.31436806
  0.31940321  0.32450827  0.32968401  0.3349312   0.34025064  0.34564311
  0.35110942  0.35665037  0.36226676  0.36795941  0.37372914  0.37957676
  0.38550312  0.39150904  0.39759535  0.40376292  0.41001258  0.41634518
  0.42276159  0.42926266  0.43584928  0.4425223   0.44928261  0.45613109
  0.46306862  0.47009611  0.47721443  0.4844245   0.49172722  0.4991235
  0.50661425  0.51420039  0.52188285  0.52966254  0.5375404   0.54551736
  0.55359437  0.56177236  0.57005228  0.57843508  0.58692171  0.59551314
  0.60421031  0.61301421  0.62192578  0.63094601  0.64007587  0.64931633
  0.65866838  0.668133    0.67771118  0.6874039   0.69721215  0.70713693
  0.71717925  0.72734008  0.73762045  0.74802134  0.75854378  0.76918875
  0.77995729  0.79085039  0.80186906  0.81301433  0.82428722  0.83568873
  0.84721988  0.8588817   0.87067521  0.88260143  0.89466138  0.90685609
  0.91918657  0.93165385  0.94425896  0.95700292  0.96988676  0.98291149
  0.99607815  1.00938775  1.02284131  1.03643987  1.05018444  1.06407604
  1.07811569  1.0923044   1.1066432   1.12113309  1.1357751   1.15057022
  1.16551947  1.18062385  1.19588437  1.21130203  1.22687782  1.24261275
  1.25850779  1.27456395  1.29078221  1.30716355  1.32370894  1.34041936
  1.35729578  1.37433917  1.39155048  1.40893067  1.42648069  1.4442015
  1.46209402  1.48015919  1.49839795  1.51681121  1.5353999   1.55416492
  1.57310718  1.59222758  1.611527    1.63100634  1.65066647  1.67050825
  1.69053255  1.71074023  1.73113213  1.75170908  1.77247191  1.79342145
  1.8145585   1.83588388  1.85739836  1.87910273  1.90099777  1.92308423
  1.94536288  1.96783444  1.99049967  2.01335926  2.03641395  2.05966441
  2.08311135  2.10675542  2.13059731  2.15463765  2.17887708  2.20331624
  2.22795573  2.25279615  2.27783808  2.30308211  2.32852879  2.35417865
  2.38003224  2.40609007  2.43235263  2.45882042  2.48549391  2.51237354
  2.53945977  2.566753    2.59425366  2.62196212  2.64987878  2.67800397
  2.70633805  2.73488134  2.76363414  2.79259674  2.82176942  2.85115242
  2.88074597  2.9105503   2.9405656   2.97079205  3.0012298   3.03187899
  3.06273975  3.09381216  3.12509632  3.15659228  3.18830007  3.22021972
  3.25235121  3.28469453  3.31724963  3.35001644  3.38299487  3.41618481
  3.44958613  3.48319866  3.51702223  3.55105664  3.58530166  3.61975705
  3.65442253  3.6892978   3.72438256  3.75967645  3.79517911  3.83089015
  3.86680915  3.90293568  3.93926926  3.9758094   4.0125556   4.04950731
  4.08666396  4.12402497  4.16158971  4.19935754  4.23732779  4.27549977
  4.31387275  4.35244599  4.3912187   4.43019009  4.46935932  4.50872554
  4.54828787  4.58804539  4.62799717  4.66814224  4.7084796   4.74900824
  4.7897271   4.83063511  4.87173116  4.91301412  4.95448282  4.99613608
  5.03797267  5.07999136  5.12219085  5.16456985  5.20712703  5.24986102
  5.29277043  5.33585384  5.3791098   5.42253684  5.46613344  5.50989808
  5.55382918  5.59792516  5.64218438  5.6866052   5.73118594  5.77592488
  5.82082029  5.86587039  5.91107339  5.95642746  6.00193074  6.04758135
  6.09337738  6.13931687  6.18539786  6.23161835  6.27797631  6.32446966
  6.37109634  6.41785422  6.46474115  6.51175497  6.55889346  6.60615441
  6.65353554  6.70103457  6.74864919  6.79637705  6.84421578  6.89216298
  6.94021622  6.98837305  7.036631    7.08498754  7.13344014  7.18198624
  7.23062325  7.27934855  7.32815949  7.37705342  7.42602763  7.47507941
  7.52420599  7.57340462  7.62267249  7.67200678  7.72140465  7.77086321
  7.82037957  7.86995081  7.91957398  7.96924612  8.01896423  8.06872529
  8.11852626  8.16836409  8.21823568  8.26813793  8.31806771  8.36802187
  8.41799724  8.46799063  8.51799881  8.56801855  8.61804661  8.6680797
  8.71811453  8.76814779  8.81817615  8.86819625  8.91820472  8.96819818
  9.01817322  9.06812643  9.11805435  9.16795354  9.21782053  9.26765183
  9.31744393  9.36719331  9.41689646  9.46654981  9.51614982  9.5656929
  9.61517547  9.66459393  9.71394468  9.76322408  9.8124285   9.8615543
  9.91059782  9.9595554  10.00842336 10.05719802 10.10587568 10.15445264
 10.2029252  10.25128963 10.29954221 10.34767922 10.39569692 10.44359156
 10.49135939 10.53899668 10.58649966 10.63386457 10.68108765 10.72816514
 10.77509327 10.82186828 10.86848638 10.91494382 10.96123681 11.0073616
 11.05331441 11.09909148 11.14468903 11.19010331 11.23533055 11.28036699
 11.32520889 11.36985249 11.41429404 11.45852982 11.50255608 11.5463691
 11.58996516 11.63334054 11.67649155 11.71941448 11.76210566 11.8045614
 11.84677803 11.8887519  11.93047937 11.9719568  12.01318057 12.05414708
 12.09485271 12.1352939  12.17546708 12.2153687  12.25499521 12.29434309
 12.33340885 12.37218899 12.41068005 12.44887856 12.4867811  12.52438424
 12.5616846  12.5986788  12.63536348 12.67173531 12.70779097 12.74352717
 12.77894065 12.81402816 12.84878647 12.88321239 12.91730275 12.95105439
 12.9844642  13.01752906 13.05024592 13.08261173 13.11462348 13.14627816
 13.17757282 13.20850454 13.2390704  13.26926753 13.29909309 13.32854427
 13.35761828 13.38631238 13.41462384 13.44254998 13.47008814 13.49723571
 13.52399009 13.55034874 13.57630914 13.60186879 13.62702526 13.65177612
 13.67611901 13.70005157 13.72357151 13.74667655 13.76936448 13.79163309
 13.81348022 13.83490378 13.85590167 13.87647186 13.89661235 13.91632118
 13.93559644 13.95443624 13.97283875 13.99080218 14.00832476 14.02540478
 14.04204058 14.05823052 14.07397301 14.08926652 14.10410954 14.1185006
 14.13243831 14.14592127 14.15894818 14.17151774 14.18362872 14.19527992
 14.2064702  14.21719843 14.22746358 14.23726462 14.24660058 14.25547055
 14.26387363 14.27180901 14.27927589 14.28627353 14.29280125 14.29885839
 14.30444435 14.30955858 14.31420058 14.31836987 14.32206605 14.32528875
 14.32803766 14.33031248 14.33211301 14.33343907 14.33429051 14.33466726
 14.33456927 14.33399657 14.3329492  14.33142727 14.32943092 14.32696037
 14.32401585 14.32059766 14.31670614 14.31234166 14.30750467 14.30219565
 14.29641512 14.29016366 14.28344188 14.27625045 14.26859008 14.26046154
 14.25186563 14.2428032  14.23327514 14.2232824  14.21282597 14.20190687
 14.1905262  14.17868506 14.16638464 14.15362614 14.14041081 14.12673997
 14.11261495 14.09803715 14.083008   14.06752897 14.05160158 14.0352274
 14.01840803 14.00114512 13.98344035 13.96529546 13.94671222 13.92769244
 13.90823797 13.88835072 13.86803261 13.84728563 13.82611178 13.80451312
 13.78249174 13.76004978 13.7371894  13.71391282 13.69022228 13.66612005
 13.64160847 13.61668989 13.5913667  13.56564132 13.53951623 13.51299391
 13.48607692 13.4587678  13.43106916 13.40298364 13.3745139  13.34566265
 13.31643261 13.28682655 13.25684727 13.22649758 13.19578035 13.16469846
 13.13325482 13.10145239 13.06929413 13.03678304 13.00392215 12.97071452
 12.93716324 12.90327139 12.86904214 12.83447862 12.79958403 12.76436157
 12.72881448 12.69294601 12.65675944 12.62025806 12.58344521 12.54632422
 12.50889847 12.47117132 12.43314619 12.3948265  12.3562157  12.31731724
 12.27813459 12.23867127 12.19893077 12.15891663 12.11863238 12.0780816
 12.03726784 11.9961947  11.95486579 11.9132847  11.87145508 11.82938055
 11.78706477 11.7445114  11.70172412 11.65870659 11.61546251 11.57199558
 11.52830952 11.48440802 11.44029482 11.39597365 11.35144824 11.30672233
 11.26179967 11.21668401 11.17137911 11.12588872 11.08021661 11.03436654
 10.98834229 10.9421476  10.89578627 10.84926206 10.80257873 10.75574006
 10.70874982 10.66161177 10.61432969 10.56690733 10.51934845 10.47165682
 10.42383618 10.37589029 10.3278229  10.27963773 10.23133852 10.182929
 10.1344129  10.08579392 10.03707577  9.98826215  9.93935675  9.89036325
  9.84128532  9.79212662  9.74289081  9.69358152  9.64420239  9.59475702
  9.54524904  9.49568203  9.44605957  9.39638523  9.34666257  9.29689512
  9.24708641  9.19723996  9.14735926  9.09744779  9.04750901  8.99754637
  8.94756332  8.89756325  8.84754956  8.79752565  8.74749487  8.69746055
  8.64742604  8.59739463  8.54736961  8.49735424  8.44735178  8.39736544
  8.34739844  8.29745396  8.24753516  8.19764519  8.14778716  8.09796417
  8.04817931  7.99843561  7.94873612  7.89908383  7.84948173  7.79993279
  7.75043994  7.70100608  7.65163411  7.6023269   7.55308727  7.50391804
  7.454822    7.40580191  7.35686051  7.30800051  7.2592246   7.21053542
  7.16193563  7.11342781  7.06501455  7.01669841  6.9684819   6.92036753
  6.87235776  6.82445504  6.77666179  6.72898039  6.6814132   6.63396256
  6.58663077  6.5394201   6.4923328   6.4453711   6.39853718  6.3518332
  6.3052613   6.25882358  6.21252212  6.16635898  6.12033615  6.07445564
  6.02871941  5.98312938  5.93768747  5.89239554  5.84725543  5.80226897
  5.75743794  5.71276409  5.66824916  5.62389485  5.57970281  5.5356747
  5.49181212  5.44811666  5.40458986  5.36123326  5.31804835  5.27503659
  5.23219943  5.18953826  5.14705447  5.1047494   5.06262439  5.02068072
  4.97891966  4.93734244  4.89595026  4.85474432  4.81372576  4.77289569
  4.73225523  4.69180542  4.65154731  4.61148191  4.57161021  4.53193315
  4.49245166  4.45316665  4.41407898  4.3751895   4.33649904  4.29800838
  4.25971828  4.22162949  4.18374271  4.14605863  4.10857791  4.07130119
  4.03422907  3.99736212  3.96070092  3.92424598  3.88799781  3.8519569
  3.81612369  3.78049862  3.74508209  3.70987448  3.67487616  3.64008745
  3.60550866  3.57114008  3.53698197  3.50303457  3.46929809  3.43577272
  3.40245864  3.369356    3.33646491  3.30378548  3.2713178   3.23906191
  3.20701786  3.17518567  3.14356533  3.1121568   3.08096006  3.04997502
  3.01920161  2.98863972  2.95828921  2.92814994  2.89822175  2.86850445
  2.83899784  2.80970169  2.78061577  2.7517398   2.72307352  2.69461663
  2.66636882  2.63832975  2.61049908  2.58287644  2.55546145  2.52825372
  2.50125283  2.47445835  2.44786983  2.42148681  2.39530882  2.36933536
  2.34356593  2.31800001  2.29263705  2.26747651  2.24251783  2.21776042
  2.1932037   2.16884707  2.14468989  2.12073155  2.0969714   2.07340878
  2.05004303  2.02687347  2.0038994   1.98112013  1.95853493  1.93614309
  1.91394386  1.89193651  1.87012027  1.84849438  1.82705806  1.80581052
  1.78475097  1.7638786   1.74319259  1.72269213  1.70237638  1.68224451
  1.66229565  1.64252896  1.62294356  1.6035386   1.58431318  1.56526643
  1.54639744  1.52770532  1.50918915  1.49084804  1.47268105  1.45468726
  1.43686573  1.41921554  1.40173574  1.38442537  1.36728349  1.35030915
  1.33350137  1.31685919  1.30038163  1.28406773  1.26791651  1.25192697
  1.23609814  1.22042903  1.20491863  1.18956596  1.17437001  1.15932979
  1.14444429  1.12971249  1.1151334   1.100706    1.08642928  1.07230222
  1.05832381  1.04449303  1.03080886  1.01727027  1.00387626  0.99062579
  0.97751784  0.96455139  0.95172542  0.9390389   0.92649081  0.91408012
  0.90180581  0.88966686  0.87766223  0.86579092]",restricted_age_optimal,True,True,True,10,3,"constraints_[1, 3, 4]_remained",105.61329676691005,103.5104088747216,107.7161846590985,1.0729217009984668,1.7147398513459278,1.680597316437595,1.748882386254261,0.017419980763751307,1.7147049939505394,1.6805631530949154,1.7488468348061639,0.01741962664871942,0.8873355629531648,0.8826497854409217,0.8918861747686124,0.0023561574932987567,large
0.280245,0.68079,0.5120830000000001,0.0694225675156658,4244,100.0,"[0.280245   0.30380647 0.32736794 0.35092941 0.37449088 0.39805235
 0.42161382 0.44517529 0.46873676 0.49229824 0.51585971 0.53942118
 0.56298265 0.58654412 0.61010559 0.63366706 0.65722853 0.68079   ]","[ 0.09425071  0.4005655   0.89538172  0.96606975  2.40339303  4.0527804
  7.63430726 10.86239397 12.22902922 12.55890669  9.66069746 10.43826579
 11.78133836  8.31762488  4.73609802  2.1206409   0.84825636]",0.025,17,normal,0.5133445871819039,"[0.280245   0.28064595 0.28104689 0.28144784 0.28184878 0.28224973
 0.28265068 0.28305162 0.28345257 0.28385351 0.28425446 0.28465541
 0.28505635 0.2854573  0.28585824 0.28625919 0.28666014 0.28706108
 0.28746203 0.28786297 0.28826392 0.28866486 0.28906581 0.28946676
 0.2898677  0.29026865 0.29066959 0.29107054 0.29147149 0.29187243
 0.29227338 0.29267432 0.29307527 0.29347622 0.29387716 0.29427811
 0.29467905 0.29508    0.29548095 0.29588189 0.29628284 0.29668378
 0.29708473 0.29748568 0.29788662 0.29828757 0.29868851 0.29908946
 0.29949041 0.29989135 0.3002923  0.30069324 0.30109419 0.30149514
 0.30189608 0.30229703 0.30269797 0.30309892 0.30349986 0.30390081
 0.30430176 0.3047027  0.30510365 0.30550459 0.30590554 0.30630649
 0.30670743 0.30710838 0.30750932 0.30791027 0.30831122 0.30871216
 0.30911311 0.30951405 0.309915   0.31031595 0.31071689 0.31111784
 0.31151878 0.31191973 0.31232068 0.31272162 0.31312257 0.31352351
 0.31392446 0.31432541 0.31472635 0.3151273  0.31552824 0.31592919
 0.31633014 0.31673108 0.31713203 0.31753297 0.31793392 0.31833486
 0.31873581 0.31913676 0.3195377  0.31993865 0.32033959 0.32074054
 0.32114149 0.32154243 0.32194338 0.32234432 0.32274527 0.32314622
 0.32354716 0.32394811 0.32434905 0.32475    0.32515095 0.32555189
 0.32595284 0.32635378 0.32675473 0.32715568 0.32755662 0.32795757
 0.32835851 0.32875946 0.32916041 0.32956135 0.3299623  0.33036324
 0.33076419 0.33116514 0.33156608 0.33196703 0.33236797 0.33276892
 0.33316986 0.33357081 0.33397176 0.3343727  0.33477365 0.33517459
 0.33557554 0.33597649 0.33637743 0.33677838 0.33717932 0.33758027
 0.33798122 0.33838216 0.33878311 0.33918405 0.339585   0.33998595
 0.34038689 0.34078784 0.34118878 0.34158973 0.34199068 0.34239162
 0.34279257 0.34319351 0.34359446 0.34399541 0.34439635 0.3447973
 0.34519824 0.34559919 0.34600014 0.34640108 0.34680203 0.34720297
 0.34760392 0.34800486 0.34840581 0.34880676 0.3492077  0.34960865
 0.35000959 0.35041054 0.35081149 0.35121243 0.35161338 0.35201432
 0.35241527 0.35281622 0.35321716 0.35361811 0.35401905 0.35442
 0.35482095 0.35522189 0.35562284 0.35602378 0.35642473 0.35682568
 0.35722662 0.35762757 0.35802851 0.35842946 0.35883041 0.35923135
 0.3596323  0.36003324 0.36043419 0.36083514 0.36123608 0.36163703
 0.36203797 0.36243892 0.36283986 0.36324081 0.36364176 0.3640427
 0.36444365 0.36484459 0.36524554 0.36564649 0.36604743 0.36644838
 0.36684932 0.36725027 0.36765122 0.36805216 0.36845311 0.36885405
 0.369255   0.36965595 0.37005689 0.37045784 0.37085878 0.37125973
 0.37166068 0.37206162 0.37246257 0.37286351 0.37326446 0.37366541
 0.37406635 0.3744673  0.37486824 0.37526919 0.37567014 0.37607108
 0.37647203 0.37687297 0.37727392 0.37767486 0.37807581 0.37847676
 0.3788777  0.37927865 0.37967959 0.38008054 0.38048149 0.38088243
 0.38128338 0.38168432 0.38208527 0.38248622 0.38288716 0.38328811
 0.38368905 0.38409    0.38449095 0.38489189 0.38529284 0.38569378
 0.38609473 0.38649568 0.38689662 0.38729757 0.38769851 0.38809946
 0.38850041 0.38890135 0.3893023  0.38970324 0.39010419 0.39050514
 0.39090608 0.39130703 0.39170797 0.39210892 0.39250986 0.39291081
 0.39331176 0.3937127  0.39411365 0.39451459 0.39491554 0.39531649
 0.39571743 0.39611838 0.39651932 0.39692027 0.39732122 0.39772216
 0.39812311 0.39852405 0.398925   0.39932595 0.39972689 0.40012784
 0.40052878 0.40092973 0.40133068 0.40173162 0.40213257 0.40253351
 0.40293446 0.40333541 0.40373635 0.4041373  0.40453824 0.40493919
 0.40534014 0.40574108 0.40614203 0.40654297 0.40694392 0.40734486
 0.40774581 0.40814676 0.4085477  0.40894865 0.40934959 0.40975054
 0.41015149 0.41055243 0.41095338 0.41135432 0.41175527 0.41215622
 0.41255716 0.41295811 0.41335905 0.41376    0.41416095 0.41456189
 0.41496284 0.41536378 0.41576473 0.41616568 0.41656662 0.41696757
 0.41736851 0.41776946 0.41817041 0.41857135 0.4189723  0.41937324
 0.41977419 0.42017514 0.42057608 0.42097703 0.42137797 0.42177892
 0.42217986 0.42258081 0.42298176 0.4233827  0.42378365 0.42418459
 0.42458554 0.42498649 0.42538743 0.42578838 0.42618932 0.42659027
 0.42699122 0.42739216 0.42779311 0.42819405 0.428595   0.42899595
 0.42939689 0.42979784 0.43019878 0.43059973 0.43100068 0.43140162
 0.43180257 0.43220351 0.43260446 0.43300541 0.43340635 0.4338073
 0.43420824 0.43460919 0.43501014 0.43541108 0.43581203 0.43621297
 0.43661392 0.43701486 0.43741581 0.43781676 0.4382177  0.43861865
 0.43901959 0.43942054 0.43982149 0.44022243 0.44062338 0.44102432
 0.44142527 0.44182622 0.44222716 0.44262811 0.44302905 0.44343
 0.44383095 0.44423189 0.44463284 0.44503378 0.44543473 0.44583568
 0.44623662 0.44663757 0.44703851 0.44743946 0.44784041 0.44824135
 0.4486423  0.44904324 0.44944419 0.44984514 0.45024608 0.45064703
 0.45104797 0.45144892 0.45184986 0.45225081 0.45265176 0.4530527
 0.45345365 0.45385459 0.45425554 0.45465649 0.45505743 0.45545838
 0.45585932 0.45626027 0.45666122 0.45706216 0.45746311 0.45786405
 0.458265   0.45866595 0.45906689 0.45946784 0.45986878 0.46026973
 0.46067068 0.46107162 0.46147257 0.46187351 0.46227446 0.46267541
 0.46307635 0.4634773  0.46387824 0.46427919 0.46468014 0.46508108
 0.46548203 0.46588297 0.46628392 0.46668486 0.46708581 0.46748676
 0.4678877  0.46828865 0.46868959 0.46909054 0.46949149 0.46989243
 0.47029338 0.47069432 0.47109527 0.47149622 0.47189716 0.47229811
 0.47269905 0.4731     0.47350095 0.47390189 0.47430284 0.47470378
 0.47510473 0.47550568 0.47590662 0.47630757 0.47670851 0.47710946
 0.47751041 0.47791135 0.4783123  0.47871324 0.47911419 0.47951514
 0.47991608 0.48031703 0.48071797 0.48111892 0.48151986 0.48192081
 0.48232176 0.4827227  0.48312365 0.48352459 0.48392554 0.48432649
 0.48472743 0.48512838 0.48552932 0.48593027 0.48633122 0.48673216
 0.48713311 0.48753405 0.487935   0.48833595 0.48873689 0.48913784
 0.48953878 0.48993973 0.49034068 0.49074162 0.49114257 0.49154351
 0.49194446 0.49234541 0.49274635 0.4931473  0.49354824 0.49394919
 0.49435014 0.49475108 0.49515203 0.49555297 0.49595392 0.49635486
 0.49675581 0.49715676 0.4975577  0.49795865 0.49835959 0.49876054
 0.49916149 0.49956243 0.49996338 0.50036432 0.50076527 0.50116622
 0.50156716 0.50196811 0.50236905 0.50277    0.50317095 0.50357189
 0.50397284 0.50437378 0.50477473 0.50517568 0.50557662 0.50597757
 0.50637851 0.50677946 0.50718041 0.50758135 0.5079823  0.50838324
 0.50878419 0.50918514 0.50958608 0.50998703 0.51038797 0.51078892
 0.51118986 0.51159081 0.51199176 0.5123927  0.51279365 0.51319459
 0.51359554 0.51399649 0.51439743 0.51479838 0.51519932 0.51560027
 0.51600122 0.51640216 0.51680311 0.51720405 0.517605   0.51800595
 0.51840689 0.51880784 0.51920878 0.51960973 0.52001068 0.52041162
 0.52081257 0.52121351 0.52161446 0.52201541 0.52241635 0.5228173
 0.52321824 0.52361919 0.52402014 0.52442108 0.52482203 0.52522297
 0.52562392 0.52602486 0.52642581 0.52682676 0.5272277  0.52762865
 0.52802959 0.52843054 0.52883149 0.52923243 0.52963338 0.53003432
 0.53043527 0.53083622 0.53123716 0.53163811 0.53203905 0.53244
 0.53284095 0.53324189 0.53364284 0.53404378 0.53444473 0.53484568
 0.53524662 0.53564757 0.53604851 0.53644946 0.53685041 0.53725135
 0.5376523  0.53805324 0.53845419 0.53885514 0.53925608 0.53965703
 0.54005797 0.54045892 0.54085986 0.54126081 0.54166176 0.5420627
 0.54246365 0.54286459 0.54326554 0.54366649 0.54406743 0.54446838
 0.54486932 0.54527027 0.54567122 0.54607216 0.54647311 0.54687405
 0.547275   0.54767595 0.54807689 0.54847784 0.54887878 0.54927973
 0.54968068 0.55008162 0.55048257 0.55088351 0.55128446 0.55168541
 0.55208635 0.5524873  0.55288824 0.55328919 0.55369014 0.55409108
 0.55449203 0.55489297 0.55529392 0.55569486 0.55609581 0.55649676
 0.5568977  0.55729865 0.55769959 0.55810054 0.55850149 0.55890243
 0.55930338 0.55970432 0.56010527 0.56050622 0.56090716 0.56130811
 0.56170905 0.56211    0.56251095 0.56291189 0.56331284 0.56371378
 0.56411473 0.56451568 0.56491662 0.56531757 0.56571851 0.56611946
 0.56652041 0.56692135 0.5673223  0.56772324 0.56812419 0.56852514
 0.56892608 0.56932703 0.56972797 0.57012892 0.57052986 0.57093081
 0.57133176 0.5717327  0.57213365 0.57253459 0.57293554 0.57333649
 0.57373743 0.57413838 0.57453932 0.57494027 0.57534122 0.57574216
 0.57614311 0.57654405 0.576945   0.57734595 0.57774689 0.57814784
 0.57854878 0.57894973 0.57935068 0.57975162 0.58015257 0.58055351
 0.58095446 0.58135541 0.58175635 0.5821573  0.58255824 0.58295919
 0.58336014 0.58376108 0.58416203 0.58456297 0.58496392 0.58536486
 0.58576581 0.58616676 0.5865677  0.58696865 0.58736959 0.58777054
 0.58817149 0.58857243 0.58897338 0.58937432 0.58977527 0.59017622
 0.59057716 0.59097811 0.59137905 0.59178    0.59218095 0.59258189
 0.59298284 0.59338378 0.59378473 0.59418568 0.59458662 0.59498757
 0.59538851 0.59578946 0.59619041 0.59659135 0.5969923  0.59739324
 0.59779419 0.59819514 0.59859608 0.59899703 0.59939797 0.59979892
 0.60019986 0.60060081 0.60100176 0.6014027  0.60180365 0.60220459
 0.60260554 0.60300649 0.60340743 0.60380838 0.60420932 0.60461027
 0.60501122 0.60541216 0.60581311 0.60621405 0.606615   0.60701595
 0.60741689 0.60781784 0.60821878 0.60861973 0.60902068 0.60942162
 0.60982257 0.61022351 0.61062446 0.61102541 0.61142635 0.6118273
 0.61222824 0.61262919 0.61303014 0.61343108 0.61383203 0.61423297
 0.61463392 0.61503486 0.61543581 0.61583676 0.6162377  0.61663865
 0.61703959 0.61744054 0.61784149 0.61824243 0.61864338 0.61904432
 0.61944527 0.61984622 0.62024716 0.62064811 0.62104905 0.62145
 0.62185095 0.62225189 0.62265284 0.62305378 0.62345473 0.62385568
 0.62425662 0.62465757 0.62505851 0.62545946 0.62586041 0.62626135
 0.6266623  0.62706324 0.62746419 0.62786514 0.62826608 0.62866703
 0.62906797 0.62946892 0.62986986 0.63027081 0.63067176 0.6310727
 0.63147365 0.63187459 0.63227554 0.63267649 0.63307743 0.63347838
 0.63387932 0.63428027 0.63468122 0.63508216 0.63548311 0.63588405
 0.636285   0.63668595 0.63708689 0.63748784 0.63788878 0.63828973
 0.63869068 0.63909162 0.63949257 0.63989351 0.64029446 0.64069541
 0.64109635 0.6414973  0.64189824 0.64229919 0.64270014 0.64310108
 0.64350203 0.64390297 0.64430392 0.64470486 0.64510581 0.64550676
 0.6459077  0.64630865 0.64670959 0.64711054 0.64751149 0.64791243
 0.64831338 0.64871432 0.64911527 0.64951622 0.64991716 0.65031811
 0.65071905 0.65112    0.65152095 0.65192189 0.65232284 0.65272378
 0.65312473 0.65352568 0.65392662 0.65432757 0.65472851 0.65512946
 0.65553041 0.65593135 0.6563323  0.65673324 0.65713419 0.65753514
 0.65793608 0.65833703 0.65873797 0.65913892 0.65953986 0.65994081
 0.66034176 0.6607427  0.66114365 0.66154459 0.66194554 0.66234649
 0.66274743 0.66314838 0.66354932 0.66395027 0.66435122 0.66475216
 0.66515311 0.66555405 0.665955   0.66635595 0.66675689 0.66715784
 0.66755878 0.66795973 0.66836068 0.66876162 0.66916257 0.66956351
 0.66996446 0.67036541 0.67076635 0.6711673  0.67156824 0.67196919
 0.67237014 0.67277108 0.67317203 0.67357297 0.67397392 0.67437486
 0.67477581 0.67517676 0.6755777  0.67597865 0.67637959 0.67678054
 0.67718149 0.67758243 0.67798338 0.67838432 0.67878527 0.67918622
 0.67958716 0.67998811 0.68038905 0.68079   ]","[ 0.04824733  0.04919126  0.05015199  0.05112977  0.05212488  0.05313758
  0.05416815  0.05521686  0.056284    0.05736985  0.0584747   0.05959884
  0.06074257  0.06190618  0.06308997  0.06429425  0.06551934  0.06676555
  0.06803319  0.06932258  0.07063406  0.07196794  0.07332457  0.07470428
  0.07610742  0.07753432  0.07898534  0.08046083  0.08196115  0.08348666
  0.08503773  0.08661472  0.08821802  0.089848    0.09150504  0.09318954
  0.09490188  0.09664245  0.09841167  0.10020994  0.10203766  0.10389526
  0.10578314  0.10770173  0.10965147  0.11163277  0.11364609  0.11569186
  0.11777052  0.11988254  0.12202836  0.12420844  0.12642326  0.12867327
  0.13095897  0.13328082  0.13563931  0.13803493  0.14046818  0.14293955
  0.14544955  0.14799869  0.15058748  0.15321645  0.15588611  0.158597
  0.16134965  0.1641446   0.16698239  0.16986358  0.17278872  0.17575837
  0.1787731   0.18183347  0.18494006  0.18809345  0.19129423  0.19454298
  0.19784032  0.20118682  0.20458311  0.2080298   0.2115275   0.21507683
  0.21867842  0.22233291  0.22604093  0.22980312  0.23362015  0.23749265
  0.24142128  0.24540672  0.24944964  0.25355069  0.25771058  0.26192998
  0.26620958  0.27055008  0.27495218  0.27941658  0.283944    0.28853516
  0.29319077  0.29791157  0.30269828  0.30755164  0.31247239  0.31746129
  0.32251908  0.32764652  0.33284438  0.33811342  0.34345441  0.34886814
  0.35435538  0.35991692  0.36555355  0.37126608  0.3770553   0.38292201
  0.38886704  0.3948912   0.4009953   0.40718018  0.41344666  0.41979558
  0.42622777  0.43274409  0.43934537  0.44603248  0.45280626  0.45966758
  0.46661731  0.47365631  0.48078546  0.48800563  0.49531771  0.50272258
  0.51022114  0.51781426  0.52550287  0.53328784  0.54117009  0.54915053
  0.55723007  0.56540961  0.57369009  0.58207242  0.59055753  0.59914635
  0.6078398   0.61663882  0.62554435  0.63455733  0.6436787   0.6529094
  0.66225039  0.67170261  0.68126702  0.69094456  0.70073621  0.71064291
  0.72066563  0.73080533  0.74106297  0.75143953  0.76193597  0.77255326
  0.78329236  0.79415426  0.80513993  0.81625033  0.82748645  0.83884926
  0.85033973  0.86195885  0.87370759  0.88558693  0.89759784  0.90974131
  0.92201831  0.93442982  0.94697682  0.95966028  0.97248118  0.9854405
  0.9985392   1.01177827  1.02515867  1.03868137  1.05234735  1.06615756
  1.08011299  1.09421458  1.10846331  1.12286013  1.13740599  1.15210185
  1.16694867  1.18194739  1.19709896  1.21240432  1.2278644   1.24348015
  1.25925249  1.27518235  1.29127066  1.30751833  1.32392627  1.34049541
  1.35722664  1.37412087  1.39117898  1.40840187  1.42579042  1.44334551
  1.46106801  1.47895879  1.49701871  1.51524862  1.53364936  1.55222178
  1.57096672  1.58988499  1.60897741  1.62824479  1.64768794  1.66730764
  1.68710469  1.70707986  1.72723393  1.74756764  1.76808175  1.788777
  1.80965413  1.83071385  1.85195688  1.87338392  1.89499565  1.91679277
  1.93877594  1.96094581  1.98330305  2.00584827  2.02858211  2.05150518
  2.07461809  2.09792141  2.12141572  2.14510159  2.16897957  2.19305019
  2.21731398  2.24177144  2.26642308  2.29126937  2.31631078  2.34154776
  2.36698076  2.39261019  2.41843646  2.44445997  2.47068109  2.49710018
  2.5237176   2.55053366  2.57754868  2.60476295  2.63217676  2.65979037
  2.68760402  2.71561793  2.74383232  2.77224737  2.80086326  2.82968015
  2.85869817  2.88791743  2.91733804  2.94696006  2.97678357  3.0068086
  3.03703517  3.06746329  3.09809291  3.12892402  3.15995654  3.1911904
  3.22262548  3.25426167  3.28609882  3.31813675  3.35037529  3.38281421
  3.41545328  3.44829225  3.48133083  3.51456873  3.54800562  3.58164115
  3.61547496  3.64950663  3.68373577  3.71816191  3.75278461  3.78760337
  3.82261767  3.85782697  3.89323072  3.92882832  3.96461916  4.0006026
  4.03677798  4.07314461  4.10970178  4.14644875  4.18338474  4.22050898
  4.25782064  4.29531888  4.33300283  4.37087159  4.40892425  4.44715985
  4.48557743  4.52417597  4.56295445  4.60191181  4.64104697  4.68035882
  4.71984622  4.75950802  4.79934301  4.83934998  4.87952768  4.91987484
  4.96039016  5.00107231  5.04191992  5.08293163  5.124106    5.16544161
  5.20693699  5.24859064  5.29040103  5.33236662  5.37448582  5.41675703
  5.45917861  5.5017489   5.54446621  5.58732882  5.63033498  5.67348291
  5.71677082  5.76019687  5.8037592   5.84745593  5.89128514  5.93524489
  5.97933322  6.02354812  6.06788757  6.11234952  6.15693189  6.20163257
  6.24644942  6.2913803   6.33642301  6.38157533  6.42683502  6.47219982
  6.51766742  6.56323552  6.60890175  6.65466375  6.70051912  6.74646542
  6.79250021  6.83862101  6.88482532  6.9311106   6.97747431  7.02391387
  7.07042666  7.11701007  7.16366144  7.2103781   7.25715733  7.30399643
  7.35089264  7.39784318  7.44484527  7.49189608  7.53899278  7.5861325
  7.63331236  7.68052944  7.72778082  7.77506355  7.82237466  7.86971115
  7.91707001  7.9644482   8.01184268  8.05925036  8.10666815  8.15409294
  8.2015216   8.24895098  8.2963779   8.34379919  8.39121163  8.438612
  8.48599707  8.53336358  8.58070825  8.6280278   8.67531893  8.72257831
  8.76980261  8.81698848  8.86413257  8.91123148  8.95828184  9.00528023
  9.05222325  9.09910746  9.14592942  9.19268569  9.23937279  9.28598726
  9.33252561  9.37898435  9.42535997  9.47164896  9.5178478   9.56395296
  9.60996091  9.6558681   9.70167098  9.74736599  9.79294956  9.83841814
  9.88376814  9.92899598  9.97409809 10.01907087 10.06391074 10.1086141
 10.15317736 10.19759692 10.24186919 10.28599055 10.32995742 10.3737662
 10.41741327 10.46089506 10.50420795 10.54734836 10.59031269 10.63309736
 10.67569877 10.71811335 10.76033751 10.8023677  10.84420033 10.88583185
 10.9272587  10.96847734 11.00948422 11.05027582 11.0908486  11.13119906
 11.17132369 11.21121899 11.25088147 11.29030768 11.32949413 11.36843738
 11.40713399 11.44558054 11.48377361 11.52170981 11.55938575 11.59679807
 11.6339434  11.67081843 11.70741981 11.74374425 11.77978847 11.81554919
 11.85102317 11.88620717 11.92109799 11.95569243 11.98998731 12.0239795
 12.05766586 12.09104328 12.12410867 12.15685899 12.18929118 12.22140224
 12.25318916 12.284649   12.31577879 12.34657564 12.37703664 12.40715894
 12.4369397  12.46637611 12.49546538 12.52420478 12.55259157 12.58062305
 12.60829657 12.63560948 12.66255919 12.68914311 12.7153587  12.74120346
 12.7666749  12.79177057 12.81648807 12.840825   12.86477903 12.88834783
 12.91152913 12.93432069 12.95672029 12.97872576 13.00033496 13.02154579
 13.04235618 13.06276411 13.08276757 13.10236462 13.12155334 13.14033185
 13.15869831 13.17665092 13.19418791 13.21130756 13.22800818 13.24428814
 13.26014582 13.27557967 13.29058816 13.3051698  13.31932316 13.33304683
 13.34633946 13.35919973 13.37162636 13.38361813 13.39517383 13.40629233
 13.41697252 13.42721334 13.43701376 13.44637281 13.45528957 13.46376313
 13.47179267 13.47937737 13.48651648 13.49320929 13.49945513 13.50525337
 13.51060344 13.51550481 13.51995698 13.5239595  13.52751198 13.53061407
 13.53326545 13.53546585 13.53721506 13.5385129  13.53935925 13.53975401
 13.53969715 13.53918867 13.53822862 13.53681711 13.53495427 13.53264028
 13.52987539 13.52665986 13.52299402 13.51887823 13.51431291 13.50929851
 13.50383553 13.49792452 13.49156607 13.48476082 13.47750944 13.46981265
 13.46167123 13.45308598 13.44405777 13.43458749 13.42467608 13.41432453
 13.40353387 13.39230517 13.38063956 13.36853818 13.35600223 13.34303297
 13.32963168 13.31579968 13.30153834 13.28684908 13.27173334 13.25619262
 13.24022846 13.22384242 13.20703613 13.18981123 13.17216942 13.15411243
 13.13564205 13.11676007 13.09746835 13.07776878 13.05766328 13.03715382
 13.01624241 12.99493107 12.97322189 12.95111697 12.92861847 12.90572856
 12.88244947 12.85878345 12.83473278 12.8102998  12.78548685 12.76029633
 12.73473065 12.70879228 12.6824837  12.65580743 12.62876603 12.60136206
 12.57359816 12.54547696 12.51700112 12.48817337 12.45899642 12.42947304
 12.39960601 12.36939816 12.33885232 12.30797136 12.27675818 12.24521571
 12.21334688 12.18115468 12.1486421  12.11581215 12.0826679  12.04921239
 12.01544873 11.98138003 11.94700942 11.91234005 11.87737511 11.84211778
 11.8065713  11.77073888 11.73462379 11.6982293  11.6615587  11.6246153
 11.58740242 11.54992341 11.51218161 11.47418041 11.43592319 11.39741336
 11.35865431 11.3196495  11.28040235 11.24091633 11.20119489 11.16124151
 11.12105969 11.08065292 11.0400247  10.99917856 10.95811803 10.91684663
 10.8753679  10.83368541 10.79180269 10.74972333 10.70745088 10.66498892
 10.62234102 10.57951078 10.53650177 10.49331759 10.44996183 10.40643809
 10.36274995 10.31890103 10.27489492 10.23073522 10.18642553 10.14196944
 10.09737056 10.05263249 10.00775881  9.96275313  9.91761902  9.87236008
  9.82697989  9.78148202  9.73587004  9.69014754  9.64431806  9.59838517
  9.55235241  9.50622332  9.46000144  9.41369031  9.36729343  9.32081431
  9.27425647  9.22762338  9.18091854  9.1341454   9.08730744  9.0404081
  8.99345081  8.94643901  8.89937611  8.8522655   8.80511058  8.75791472
  8.71068127  8.66341358  8.61611498  8.56878879  8.52143831  8.47406682
  8.42667759  8.37927388  8.33185891  8.2844359   8.23700806  8.18957857
  8.14215059  8.09472726  8.04731172  7.99990708  7.95251641  7.9051428
  7.85778929  7.81045891  7.76315467  7.71587955  7.66863653  7.62142854
  7.57425852  7.52712936  7.48004395  7.43300514  7.38601577  7.33907864
  7.29219656  7.24537227  7.19860854  7.15190807  7.10527356  7.05870768
  7.01221308  6.96579238  6.91944818  6.87318305  6.82699953  6.78090015
  6.73488741  6.68896378  6.6431317   6.59739358  6.55175184  6.50620883
  6.46076689  6.41542835  6.37019548  6.32507055  6.2800558   6.23515343
  6.19036562  6.14569453  6.10114229  6.05671099  6.01240271  5.96821949
  5.92416335  5.88023629  5.83644025  5.79277719  5.749249    5.70585756
  5.66260473  5.61949232  5.57652215  5.53369596  5.49101551  5.44848251
  5.40609864  5.36386555  5.32178488  5.27985822  5.23808715  5.19647322
  5.15501793  5.11372278  5.07258924  5.03161872  4.99081264  4.95017238
  4.90969928  4.86939466  4.82925983  4.78929605  4.74950456  4.70988657
  4.67044326  4.63117579  4.5920853   4.55317288  4.51443962  4.47588655
  4.4375147   4.39932508  4.36131863  4.32349632  4.28585905  4.24840771
  4.21114317  4.17406626  4.13717779  4.10047854  4.06396928  4.02765074
  3.99152363  3.95558862  3.91984638  3.88429754  3.8489427   3.81378245
  3.77881734  3.7440479   3.70947465  3.67509807  3.64091862  3.60693673
  3.57315282  3.53956727  3.50618046  3.47299272  3.44000437  3.40721571
  3.37462701  3.34223853  3.31005049  3.2780631   3.24627654  3.21469098
  3.18330655  3.15212339  3.12114157  3.0903612   3.05978231  3.02940494
  2.99922912  2.96925484  2.93948207  2.90991077  2.88054087  2.85137229
  2.82240493  2.79363867  2.76507336  2.73670886  2.70854497  2.6805815
  2.65281825  2.62525498  2.59789144  2.57072736  2.54376247  2.51699646
  2.49042902  2.46405981  2.43788848  2.41191467  2.38613801  2.36055808
  2.33517448  2.30998678  2.28499455  2.26019732  2.23559463  2.21118598
  2.18697088  2.16294882  2.13911926  2.11548168  2.09203551  2.06878019
  2.04571515  2.02283978  2.00015349  1.97765567  1.95534567  1.93322287
  1.91128662  1.88953624  1.86797108  1.84659044  1.82539364  1.80437996
  1.7835487   1.76289913  1.74243051  1.72214211  1.70203317  1.68210292
  1.6623506   1.64277542  1.62337661  1.60415336  1.58510487  1.56623033
  1.54752891  1.5289998   1.51064215  1.49245512  1.47443788  1.45658955
  1.43890929  1.42139621  1.40404946  1.38686815  1.36985139  1.35299829
  1.33630796  1.3197795   1.303412    1.28720454  1.27115622  1.25526611
  1.23953329  1.22395682  1.20853579  1.19326925  1.17815626  1.16319588
  1.14838716  1.13372915  1.11922091  1.10486148  1.09064989  1.07658519
  1.06266642  1.04889262  1.03526281  1.02177603  1.00843131  0.99522768
  0.98216417  0.9692398   0.9564536   0.94380459  0.9312918   0.91891425
  0.90667097  0.89456097  0.88258328  0.87073692  0.85902091  0.84743428
  0.83597604  0.82464522  0.81344085  0.80236195  0.79140754  0.78057666
  0.76986832  0.75928155  0.74881539  0.73846887]",restricted_age_optimal,True,True,True,10,3,"constraints_[2, 3, 4]_remained",104.85050718414286,102.74942626995836,106.95158809832735,1.0719997565044805,1.7110171634997442,1.6767303908114852,1.7453039361880036,0.01749357282006654,1.7109823355243976,1.6766962607478249,1.7452684103009708,0.017493216736132435,0.8868312369053957,0.8821104999852896,0.891415525420498,0.002373666791933428,large
