data_min,data_max,median,std,n_points,hist_area,bins,hist,bin_width,n_bins,method,mean,x_range,y_values,combination_id,age_consideration,restricted_age_correlation,shortest_path_search,core_a_constraints_count,core_b_constraints_count,constraint_scenario_description,t,t_ci_lower,t_ci_upper,t_se,d,d_ci_lower,d_ci_upper,d_se,g,g_ci_lower,g_ci_upper,g_se,ps,ps_ci_lower,ps_ci_upper,ps_se,effect_size,t_inv,t_ci_lower_inv,t_ci_upper_inv,t_se_inv,d_inv,d_ci_lower_inv,d_ci_upper_inv,d_se_inv,g_inv,g_ci_lower_inv,g_ci_upper_inv,g_se_inv,ps_inv,ps_ci_lower_inv,ps_ci_upper_inv,ps_se_inv
0.101199,0.164245,0.132112,0.0105478805424303,4460,100.0,"[0.101199   0.10362385 0.10604869 0.10847354 0.11089838 0.11332323
 0.11574808 0.11817292 0.12059777 0.12302262 0.12544746 0.12787231
 0.13029715 0.132722   0.13514685 0.13757169 0.13999654 0.14242138
 0.14484623 0.14727108 0.14969592 0.15212077 0.15454562 0.15697046
 0.15939531 0.16182015 0.164245  ]","[0.24663677 0.33632287 0.31390135 1.12107623 2.01793722 2.62331839
 2.93721973 5.02242152 5.78475336 6.68161435 7.37668161 8.83408072
 8.83408072 8.4529148  8.4529148  7.80269058 6.23318386 5.06726457
 4.32735426 3.0941704  1.61434978 1.34529148 0.89686099 0.38116592
 0.11210762 0.0896861 ]",0.0025,26,normal,0.1320734123318385,"[0.101199   0.10126211 0.10132522 0.10138833 0.10145144 0.10151455
 0.10157765 0.10164076 0.10170387 0.10176698 0.10183009 0.1018932
 0.10195631 0.10201942 0.10208253 0.10214564 0.10220875 0.10227185
 0.10233496 0.10239807 0.10246118 0.10252429 0.1025874  0.10265051
 0.10271362 0.10277673 0.10283984 0.10290295 0.10296606 0.10302916
 0.10309227 0.10315538 0.10321849 0.1032816  0.10334471 0.10340782
 0.10347093 0.10353404 0.10359715 0.10366026 0.10372336 0.10378647
 0.10384958 0.10391269 0.1039758  0.10403891 0.10410202 0.10416513
 0.10422824 0.10429135 0.10435446 0.10441756 0.10448067 0.10454378
 0.10460689 0.10467    0.10473311 0.10479622 0.10485933 0.10492244
 0.10498555 0.10504866 0.10511176 0.10517487 0.10523798 0.10530109
 0.1053642  0.10542731 0.10549042 0.10555353 0.10561664 0.10567975
 0.10574286 0.10580596 0.10586907 0.10593218 0.10599529 0.1060584
 0.10612151 0.10618462 0.10624773 0.10631084 0.10637395 0.10643706
 0.10650017 0.10656327 0.10662638 0.10668949 0.1067526  0.10681571
 0.10687882 0.10694193 0.10700504 0.10706815 0.10713126 0.10719437
 0.10725747 0.10732058 0.10738369 0.1074468  0.10750991 0.10757302
 0.10763613 0.10769924 0.10776235 0.10782546 0.10788857 0.10795167
 0.10801478 0.10807789 0.108141   0.10820411 0.10826722 0.10833033
 0.10839344 0.10845655 0.10851966 0.10858277 0.10864587 0.10870898
 0.10877209 0.1088352  0.10889831 0.10896142 0.10902453 0.10908764
 0.10915075 0.10921386 0.10927697 0.10934008 0.10940318 0.10946629
 0.1095294  0.10959251 0.10965562 0.10971873 0.10978184 0.10984495
 0.10990806 0.10997117 0.11003428 0.11009738 0.11016049 0.1102236
 0.11028671 0.11034982 0.11041293 0.11047604 0.11053915 0.11060226
 0.11066537 0.11072848 0.11079158 0.11085469 0.1109178  0.11098091
 0.11104402 0.11110713 0.11117024 0.11123335 0.11129646 0.11135957
 0.11142268 0.11148578 0.11154889 0.111612   0.11167511 0.11173822
 0.11180133 0.11186444 0.11192755 0.11199066 0.11205377 0.11211688
 0.11217998 0.11224309 0.1123062  0.11236931 0.11243242 0.11249553
 0.11255864 0.11262175 0.11268486 0.11274797 0.11281108 0.11287419
 0.11293729 0.1130004  0.11306351 0.11312662 0.11318973 0.11325284
 0.11331595 0.11337906 0.11344217 0.11350528 0.11356839 0.11363149
 0.1136946  0.11375771 0.11382082 0.11388393 0.11394704 0.11401015
 0.11407326 0.11413637 0.11419948 0.11426259 0.11432569 0.1143888
 0.11445191 0.11451502 0.11457813 0.11464124 0.11470435 0.11476746
 0.11483057 0.11489368 0.11495679 0.11501989 0.115083   0.11514611
 0.11520922 0.11527233 0.11533544 0.11539855 0.11546166 0.11552477
 0.11558788 0.11565099 0.1157141  0.1157772  0.11584031 0.11590342
 0.11596653 0.11602964 0.11609275 0.11615586 0.11621897 0.11628208
 0.11634519 0.1164083  0.1164714  0.11653451 0.11659762 0.11666073
 0.11672384 0.11678695 0.11685006 0.11691317 0.11697628 0.11703939
 0.1171025  0.1171656  0.11722871 0.11729182 0.11735493 0.11741804
 0.11748115 0.11754426 0.11760737 0.11767048 0.11773359 0.1177967
 0.1178598  0.11792291 0.11798602 0.11804913 0.11811224 0.11817535
 0.11823846 0.11830157 0.11836468 0.11842779 0.1184909  0.11855401
 0.11861711 0.11868022 0.11874333 0.11880644 0.11886955 0.11893266
 0.11899577 0.11905888 0.11912199 0.1191851  0.11924821 0.11931131
 0.11937442 0.11943753 0.11950064 0.11956375 0.11962686 0.11968997
 0.11975308 0.11981619 0.1198793  0.11994241 0.12000551 0.12006862
 0.12013173 0.12019484 0.12025795 0.12032106 0.12038417 0.12044728
 0.12051039 0.1205735  0.12063661 0.12069971 0.12076282 0.12082593
 0.12088904 0.12095215 0.12101526 0.12107837 0.12114148 0.12120459
 0.1212677  0.12133081 0.12139391 0.12145702 0.12152013 0.12158324
 0.12164635 0.12170946 0.12177257 0.12183568 0.12189879 0.1219619
 0.12202501 0.12208812 0.12215122 0.12221433 0.12227744 0.12234055
 0.12240366 0.12246677 0.12252988 0.12259299 0.1226561  0.12271921
 0.12278232 0.12284542 0.12290853 0.12297164 0.12303475 0.12309786
 0.12316097 0.12322408 0.12328719 0.1233503  0.12341341 0.12347652
 0.12353962 0.12360273 0.12366584 0.12372895 0.12379206 0.12385517
 0.12391828 0.12398139 0.1240445  0.12410761 0.12417072 0.12423382
 0.12429693 0.12436004 0.12442315 0.12448626 0.12454937 0.12461248
 0.12467559 0.1247387  0.12480181 0.12486492 0.12492803 0.12499113
 0.12505424 0.12511735 0.12518046 0.12524357 0.12530668 0.12536979
 0.1254329  0.12549601 0.12555912 0.12562223 0.12568533 0.12574844
 0.12581155 0.12587466 0.12593777 0.12600088 0.12606399 0.1261271
 0.12619021 0.12625332 0.12631643 0.12637953 0.12644264 0.12650575
 0.12656886 0.12663197 0.12669508 0.12675819 0.1268213  0.12688441
 0.12694752 0.12701063 0.12707373 0.12713684 0.12719995 0.12726306
 0.12732617 0.12738928 0.12745239 0.1275155  0.12757861 0.12764172
 0.12770483 0.12776793 0.12783104 0.12789415 0.12795726 0.12802037
 0.12808348 0.12814659 0.1282097  0.12827281 0.12833592 0.12839903
 0.12846214 0.12852524 0.12858835 0.12865146 0.12871457 0.12877768
 0.12884079 0.1289039  0.12896701 0.12903012 0.12909323 0.12915634
 0.12921944 0.12928255 0.12934566 0.12940877 0.12947188 0.12953499
 0.1295981  0.12966121 0.12972432 0.12978743 0.12985054 0.12991364
 0.12997675 0.13003986 0.13010297 0.13016608 0.13022919 0.1302923
 0.13035541 0.13041852 0.13048163 0.13054474 0.13060784 0.13067095
 0.13073406 0.13079717 0.13086028 0.13092339 0.1309865  0.13104961
 0.13111272 0.13117583 0.13123894 0.13130205 0.13136515 0.13142826
 0.13149137 0.13155448 0.13161759 0.1316807  0.13174381 0.13180692
 0.13187003 0.13193314 0.13199625 0.13205935 0.13212246 0.13218557
 0.13224868 0.13231179 0.1323749  0.13243801 0.13250112 0.13256423
 0.13262734 0.13269045 0.13275355 0.13281666 0.13287977 0.13294288
 0.13300599 0.1330691  0.13313221 0.13319532 0.13325843 0.13332154
 0.13338465 0.13344775 0.13351086 0.13357397 0.13363708 0.13370019
 0.1337633  0.13382641 0.13388952 0.13395263 0.13401574 0.13407885
 0.13414195 0.13420506 0.13426817 0.13433128 0.13439439 0.1344575
 0.13452061 0.13458372 0.13464683 0.13470994 0.13477305 0.13483616
 0.13489926 0.13496237 0.13502548 0.13508859 0.1351517  0.13521481
 0.13527792 0.13534103 0.13540414 0.13546725 0.13553036 0.13559346
 0.13565657 0.13571968 0.13578279 0.1358459  0.13590901 0.13597212
 0.13603523 0.13609834 0.13616145 0.13622456 0.13628766 0.13635077
 0.13641388 0.13647699 0.1365401  0.13660321 0.13666632 0.13672943
 0.13679254 0.13685565 0.13691876 0.13698186 0.13704497 0.13710808
 0.13717119 0.1372343  0.13729741 0.13736052 0.13742363 0.13748674
 0.13754985 0.13761296 0.13767607 0.13773917 0.13780228 0.13786539
 0.1379285  0.13799161 0.13805472 0.13811783 0.13818094 0.13824405
 0.13830716 0.13837027 0.13843337 0.13849648 0.13855959 0.1386227
 0.13868581 0.13874892 0.13881203 0.13887514 0.13893825 0.13900136
 0.13906447 0.13912757 0.13919068 0.13925379 0.1393169  0.13938001
 0.13944312 0.13950623 0.13956934 0.13963245 0.13969556 0.13975867
 0.13982177 0.13988488 0.13994799 0.1400111  0.14007421 0.14013732
 0.14020043 0.14026354 0.14032665 0.14038976 0.14045287 0.14051597
 0.14057908 0.14064219 0.1407053  0.14076841 0.14083152 0.14089463
 0.14095774 0.14102085 0.14108396 0.14114707 0.14121018 0.14127328
 0.14133639 0.1413995  0.14146261 0.14152572 0.14158883 0.14165194
 0.14171505 0.14177816 0.14184127 0.14190438 0.14196748 0.14203059
 0.1420937  0.14215681 0.14221992 0.14228303 0.14234614 0.14240925
 0.14247236 0.14253547 0.14259858 0.14266168 0.14272479 0.1427879
 0.14285101 0.14291412 0.14297723 0.14304034 0.14310345 0.14316656
 0.14322967 0.14329278 0.14335588 0.14341899 0.1434821  0.14354521
 0.14360832 0.14367143 0.14373454 0.14379765 0.14386076 0.14392387
 0.14398698 0.14405009 0.14411319 0.1441763  0.14423941 0.14430252
 0.14436563 0.14442874 0.14449185 0.14455496 0.14461807 0.14468118
 0.14474429 0.14480739 0.1448705  0.14493361 0.14499672 0.14505983
 0.14512294 0.14518605 0.14524916 0.14531227 0.14537538 0.14543849
 0.14550159 0.1455647  0.14562781 0.14569092 0.14575403 0.14581714
 0.14588025 0.14594336 0.14600647 0.14606958 0.14613269 0.14619579
 0.1462589  0.14632201 0.14638512 0.14644823 0.14651134 0.14657445
 0.14663756 0.14670067 0.14676378 0.14682689 0.14688999 0.1469531
 0.14701621 0.14707932 0.14714243 0.14720554 0.14726865 0.14733176
 0.14739487 0.14745798 0.14752109 0.1475842  0.1476473  0.14771041
 0.14777352 0.14783663 0.14789974 0.14796285 0.14802596 0.14808907
 0.14815218 0.14821529 0.1482784  0.1483415  0.14840461 0.14846772
 0.14853083 0.14859394 0.14865705 0.14872016 0.14878327 0.14884638
 0.14890949 0.1489726  0.1490357  0.14909881 0.14916192 0.14922503
 0.14928814 0.14935125 0.14941436 0.14947747 0.14954058 0.14960369
 0.1496668  0.1497299  0.14979301 0.14985612 0.14991923 0.14998234
 0.15004545 0.15010856 0.15017167 0.15023478 0.15029789 0.150361
 0.15042411 0.15048721 0.15055032 0.15061343 0.15067654 0.15073965
 0.15080276 0.15086587 0.15092898 0.15099209 0.1510552  0.15111831
 0.15118141 0.15124452 0.15130763 0.15137074 0.15143385 0.15149696
 0.15156007 0.15162318 0.15168629 0.1517494  0.15181251 0.15187561
 0.15193872 0.15200183 0.15206494 0.15212805 0.15219116 0.15225427
 0.15231738 0.15238049 0.1524436  0.15250671 0.15256981 0.15263292
 0.15269603 0.15275914 0.15282225 0.15288536 0.15294847 0.15301158
 0.15307469 0.1531378  0.15320091 0.15326402 0.15332712 0.15339023
 0.15345334 0.15351645 0.15357956 0.15364267 0.15370578 0.15376889
 0.153832   0.15389511 0.15395822 0.15402132 0.15408443 0.15414754
 0.15421065 0.15427376 0.15433687 0.15439998 0.15446309 0.1545262
 0.15458931 0.15465242 0.15471552 0.15477863 0.15484174 0.15490485
 0.15496796 0.15503107 0.15509418 0.15515729 0.1552204  0.15528351
 0.15534662 0.15540972 0.15547283 0.15553594 0.15559905 0.15566216
 0.15572527 0.15578838 0.15585149 0.1559146  0.15597771 0.15604082
 0.15610392 0.15616703 0.15623014 0.15629325 0.15635636 0.15641947
 0.15648258 0.15654569 0.1566088  0.15667191 0.15673502 0.15679813
 0.15686123 0.15692434 0.15698745 0.15705056 0.15711367 0.15717678
 0.15723989 0.157303   0.15736611 0.15742922 0.15749233 0.15755543
 0.15761854 0.15768165 0.15774476 0.15780787 0.15787098 0.15793409
 0.1579972  0.15806031 0.15812342 0.15818653 0.15824963 0.15831274
 0.15837585 0.15843896 0.15850207 0.15856518 0.15862829 0.1586914
 0.15875451 0.15881762 0.15888073 0.15894383 0.15900694 0.15907005
 0.15913316 0.15919627 0.15925938 0.15932249 0.1593856  0.15944871
 0.15951182 0.15957493 0.15963804 0.15970114 0.15976425 0.15982736
 0.15989047 0.15995358 0.16001669 0.1600798  0.16014291 0.16020602
 0.16026913 0.16033224 0.16039534 0.16045845 0.16052156 0.16058467
 0.16064778 0.16071089 0.160774   0.16083711 0.16090022 0.16096333
 0.16102644 0.16108954 0.16115265 0.16121576 0.16127887 0.16134198
 0.16140509 0.1614682  0.16153131 0.16159442 0.16165753 0.16172064
 0.16178374 0.16184685 0.16190996 0.16197307 0.16203618 0.16209929
 0.1621624  0.16222551 0.16228862 0.16235173 0.16241484 0.16247794
 0.16254105 0.16260416 0.16266727 0.16273038 0.16279349 0.1628566
 0.16291971 0.16298282 0.16304593 0.16310904 0.16317215 0.16323525
 0.16329836 0.16336147 0.16342458 0.16348769 0.1635508  0.16361391
 0.16367702 0.16374013 0.16380324 0.16386635 0.16392945 0.16399256
 0.16405567 0.16411878 0.16418189 0.164245  ]","[0.12646341 0.12869537 0.13096203 0.13326384 0.13560125 0.13797472
 0.14038471 0.14283169 0.14531611 0.14783845 0.15039919 0.15299881
 0.1556378  0.15831663 0.1610358  0.16379582 0.16659718 0.16944038
 0.17232593 0.17525436 0.17822616 0.18124188 0.18430202 0.18740712
 0.19055771 0.19375434 0.19699753 0.20028785 0.20362583 0.20701203
 0.210447   0.21393132 0.21746554 0.22105023 0.22468597 0.22837333
 0.2321129  0.23590525 0.23975099 0.2436507  0.24760497 0.25161441
 0.25567963 0.25980122 0.2639798  0.26821599 0.2725104  0.27686366
 0.2812764  0.28574923 0.2902828  0.29487774 0.29953469 0.3042543
 0.30903721 0.31388407 0.31879553 0.32377226 0.32881491 0.33392414
 0.33910062 0.34434502 0.349658   0.35504026 0.36049246 0.36601528
 0.37160941 0.37727554 0.38301434 0.38882653 0.39471278 0.4006738
 0.40671028 0.41282293 0.41901245 0.42527954 0.43162492 0.43804929
 0.44455337 0.45113788 0.45780352 0.46455101 0.47138108 0.47829445
 0.48529184 0.49237398 0.49954158 0.50679539 0.51413612 0.5215645
 0.52908128 0.53668717 0.54438291 0.55216924 0.56004689 0.5680166
 0.57607909 0.58423511 0.59248539 0.60083067 0.60927168 0.61780916
 0.62644385 0.63517648 0.6440078  0.65293852 0.66196939 0.67110115
 0.68033452 0.68967024 0.69910905 0.70865166 0.71829881 0.72805123
 0.73790964 0.74787478 0.75794735 0.76812809 0.7784177  0.78881692
 0.79932645 0.809947   0.82067929 0.83152402 0.8424819  0.85355363
 0.8647399  0.87604141 0.88745886 0.89899293 0.9106443  0.92241366
 0.93430169 0.94630905 0.95843641 0.97068444 0.9830538  0.99554515
 1.00815913 1.02089638 1.03375755 1.04674328 1.05985419 1.0730909
 1.08645404 1.09994421 1.11356202 1.12730806 1.14118294 1.15518724
 1.16932154 1.1835864  1.19798241 1.2125101  1.22717004 1.24196276
 1.25688881 1.27194871 1.28714297 1.30247212 1.31793664 1.33353705
 1.34927381 1.36514741 1.38115831 1.39730697 1.41359383 1.43001935
 1.44658394 1.46328802 1.480132   1.49711628 1.51424124 1.53150727
 1.54891472 1.56646395 1.5841553  1.60198911 1.61996569 1.63808536
 1.6563484  1.67475511 1.69330575 1.71200058 1.73083984 1.74982378
 1.76895261 1.78822654 1.80764576 1.82721046 1.84692079 1.86677691
 1.88677896 1.90692706 1.92722132 1.94766184 1.9682487  1.98898196
 2.00986167 2.03088787 2.05206057 2.07337979 2.0948455  2.11645767
 2.13821628 2.16012125 2.1821725  2.20436995 2.22671349 2.24920298
 2.27183828 2.29461924 2.31754567 2.34061737 2.36383414 2.38719574
 2.41070193 2.43435242 2.45814695 2.4820852  2.50616686 2.53039157
 2.55475899 2.57926873 2.60392039 2.62871356 2.6536478  2.67872266
 2.70393766 2.72929231 2.75478609 2.78041847 2.80618889 2.83209678
 2.85814155 2.88432258 2.91063924 2.93709086 2.96367679 2.99039631
 3.01724872 3.04423327 3.0713492  3.09859574 3.12597209 3.15347742
 3.18111089 3.20887163 3.23675877 3.26477139 3.29290857 3.32116935
 3.34955277 3.37805783 3.40668351 3.43542879 3.46429261 3.49327388
 3.5223715  3.55158436 3.5809113  3.61035116 3.63990276 3.66956488
 3.69933629 3.72921573 3.75920195 3.78929362 3.81948945 3.84978808
 3.88018815 3.91068829 3.94128708 3.9719831  4.00277489 4.033661
 4.06463991 4.09571013 4.12687012 4.15811832 4.18945315 4.22087302
 4.2523763  4.28396135 4.31562651 4.3473701  4.37919041 4.41108572
 4.44305428 4.47509433 4.50720407 4.53938171 4.57162542 4.60393334
 4.63630361 4.66873435 4.70122364 4.73376956 4.76637016 4.79902349
 4.83172754 4.86448033 4.89727982 4.93012398 4.96301074 4.99593803
 5.02890376 5.0619058  5.09494202 5.12801028 5.16110841 5.19423423
 5.22738552 5.26056008 5.29375567 5.32697003 5.36020091 5.39344601
 5.42670303 5.45996967 5.49324359 5.52652245 5.55980389 5.59308552
 5.62636498 5.65963984 5.6929077  5.72616612 5.75941266 5.79264487
 5.82586028 5.8590564  5.89223074 5.9253808  5.95850407 5.991598
 6.02466007 6.05768772 6.0906784  6.12362953 6.15653854 6.18940283
 6.22221981 6.25498688 6.28770141 6.32036079 6.35296238 6.38550354
 6.41798164 6.45039401 6.48273801 6.51501096 6.54721019 6.57933304
 6.61137681 6.64333884 6.67521641 6.70700685 6.73870746 6.77031554
 6.80182838 6.83324328 6.86455753 6.89576843 6.92687326 6.95786933
 6.9887539  7.01952428 7.05017776 7.08071161 7.11112314 7.14140964
 7.1715684  7.20159672 7.2314919  7.26125123 7.29087204 7.32035162
 7.34968729 7.37887637 7.40791618 7.43680406 7.46553734 7.49411335
 7.52252945 7.550783   7.57887135 7.60679188 7.63454196 7.66211899
 7.68952036 7.71674348 7.74378576 7.77064463 7.79731753 7.82380191
 7.85009522 7.87619495 7.90209857 7.92780358 7.95330749 7.97860783
 8.00370213 8.02858796 8.05326286 8.07772444 8.10197028 8.12599799
 8.14980522 8.17338961 8.19674881 8.21988052 8.24278243 8.26545226
 8.28788774 8.31008664 8.33204673 8.35376579 8.37524165 8.39647215
 8.41745513 8.43818848 8.45867008 8.47889788 8.4988698  8.51858382
 8.53803791 8.5572301  8.57615843 8.59482094 8.61321572 8.63134089
 8.64919457 8.66677493 8.68408014 8.70110843 8.71785802 8.73432718
 8.7505142  8.7664174  8.78203512 8.79736573 8.81240764 8.82715927
 8.84161908 8.85578555 8.8696572  8.88323258 8.89651026 8.90948884
 8.92216695 8.93454327 8.94661648 8.95838531 8.96984851 8.98100488
 8.99185324 9.00239243 9.01262133 9.02253887 9.03214398 9.04143566
 9.0504129  9.05907476 9.06742031 9.07544867 9.08315897 9.09055039
 9.09762216 9.1043735  9.1108037  9.11691208 9.12269797 9.12816077
 9.13329988 9.13811475 9.14260488 9.14676977 9.15060898 9.15412211
 9.15730877 9.16016861 9.16270135 9.16490669 9.16678442 9.16833432
 9.16955622 9.17045    9.17101557 9.17125285 9.17116183 9.17074251
 9.16999495 9.16891921 9.16751542 9.16578372 9.16372431 9.1613374
 9.15862325 9.15558215 9.15221443 9.14852044 9.14450059 9.1401553
 9.13548505 9.13049032 9.12517167 9.11952964 9.11356486 9.10727795
 9.10066959 9.09374049 9.08649138 9.07892304 9.07103628 9.06283194
 9.05431089 9.04547404 9.03632232 9.02685673 9.01707825 9.00698793
 8.99658684 8.98587608 8.9748568  8.96353014 8.95189732 8.93995956
 8.92771812 8.9151743  8.90232941 8.88918482 8.8757419  8.86200206
 8.84796675 8.83363744 8.81901563 8.80410286 8.78890067 8.77341066
 8.75763445 8.74157367 8.72522999 8.70860512 8.69170078 8.67451872
 8.65706072 8.63932859 8.62132414 8.60304924 8.58450577 8.56569563
 8.54662076 8.5272831  8.50768463 8.48782736 8.46771331 8.44734452
 8.42672307 8.40585105 8.38473056 8.36336375 8.34175276 8.31989978
 8.29780701 8.27547665 8.25291094 8.23011215 8.20708253 8.1838244
 8.16034004 8.13663181 8.11270203 8.08855307 8.06418732 8.03960715
 8.014815   7.98981327 7.96460442 7.9391909  7.91357517 7.88775973
 7.86174706 7.83553968 7.80914011 7.78255089 7.75577456 7.72881367
 7.7016708  7.67434852 7.64684943 7.61917612 7.59133121 7.5633173
 7.53513702 7.50679302 7.47828792 7.44962438 7.42080505 7.39183259
 7.36270968 7.33343899 7.30402319 7.27446497 7.24476702 7.21493203
 7.18496269 7.15486171 7.12463179 7.09427563 7.06379593 7.03319542
 7.00247679 6.97164275 6.94069602 6.90963931 6.87847533 6.84720679
 6.81583639 6.78436685 6.75280087 6.72114116 6.6893904  6.65755131
 6.62562658 6.5936189  6.56153095 6.52936541 6.49712497 6.4648123
 6.43243006 6.39998092 6.36746752 6.33489253 6.30225857 6.26956829
 6.2368243  6.20402923 6.1711857  6.13829629 6.10536361 6.07239023
 6.03937873 6.00633168 5.97325163 5.94014112 5.90700269 5.87383885
 5.84065212 5.807445   5.77421997 5.74097951 5.70772608 5.67446212
 5.64119008 5.60791238 5.57463142 5.5413496  5.5080693  5.47479289
 5.44152272 5.40826112 5.37501042 5.34177293 5.30855093 5.2753467
 5.24216249 5.20900056 5.17586312 5.14275238 5.10967055 5.07661978
 5.04360225 5.01062008 4.97767541 4.94477033 4.91190694 4.87908729
 4.84631345 4.81358743 4.78091126 4.74828693 4.7157164  4.68320164
 4.65074458 4.61834714 4.58601121 4.55373866 4.52153137 4.48939115
 4.45731983 4.4253192  4.39339104 4.3615371  4.32975912 4.29805881
 4.26643786 4.23489795 4.20344072 4.1720678  4.14078081 4.10958133
 4.07847093 4.04745114 4.01652351 3.98568951 3.95495064 3.92430836
 3.8937641  3.86331927 3.83297528 3.80273348 3.77259524 3.74256188
 3.71263471 3.68281501 3.65310405 3.62350306 3.59401327 3.56463588
 3.53537205 3.50622295 3.47718971 3.44827343 3.41947521 3.39079612
 3.36223719 3.33379945 3.30548391 3.27729155 3.24922332 3.22128017
 3.193463   3.16577272 3.1382102  3.11077629 3.08347182 3.0562976
 3.02925442 3.00234305 2.97556423 2.9489187  2.92240716 2.89603029
 2.86978876 2.84368321 2.81771426 2.79188252 2.76618857 2.74063298
 2.71521628 2.689939   2.66480165 2.6398047  2.61494863 2.59023387
 2.56566085 2.54122998 2.51694164 2.49279621 2.46879403 2.44493543
 2.42122073 2.39765022 2.37422418 2.35094285 2.32780649 2.30481531
 2.28196953 2.25926931 2.23671484 2.21430626 2.19204371 2.16992731
 2.14795716 2.12613334 2.10445592 2.08292495 2.06154047 2.0403025
 2.01921103 1.99826606 1.97746756 1.95681549 1.93630978 1.91595037
 1.89573716 1.87567006 1.85574894 1.83597368 1.81634412 1.79686011
 1.77752147 1.75832802 1.73927956 1.72037587 1.70161672 1.68300187
 1.66453108 1.64620406 1.62802056 1.60998027 1.59208289 1.57432811
 1.5567156  1.53924503 1.52191604 1.50472828 1.48768137 1.47077493
 1.45400858 1.43738189 1.42089447 1.40454589 1.38833571 1.37226349
 1.35632878 1.34053111 1.32487002 1.30934502 1.29395562 1.27870133
 1.26358163 1.24859602 1.23374396 1.21902493 1.20443839 1.18998379
 1.17566057 1.16146817 1.14740603 1.13347356 1.11967019 1.10599532
 1.09244836 1.07902871 1.06573575 1.05256887 1.03952745 1.02661086
 1.01381848 1.00114966 0.98860376 0.97618013 0.96387813 0.95169709
 0.93963635 0.92769524 0.9158731  0.90416924 0.892583   0.88111368
 0.8697606  0.85852307 0.8474004  0.83639189 0.82549683 0.81471454
 0.80404429 0.79348539 0.78303711 0.77269876 0.7624696  0.75234893
 0.74233602 0.73243015 0.7226306  0.71293664 0.70334754 0.69386258
 0.68448103 0.67520215 0.66602521 0.65694948 0.64797423 0.63909872
 0.63032222 0.62164398 0.61306328 0.60457938 0.59619155 0.58789903
 0.57970111 0.57159704 0.56358609 0.55566752 0.5478406  0.54010459
 0.53245875 0.52490237 0.51743469 0.510055   0.50276256 0.49555664
 0.48843652 0.48140146 0.47445075 0.46758366 0.46079946 0.45409744
 0.44747688 0.44093706 0.43447726 0.42809678 0.4217949  0.4155709
 0.4094241  0.40335377 0.39735922 0.39143974 0.38559465 0.37982323
 0.37412481 0.36849869 0.36294419 0.35746061 0.35204728 0.34670351
 0.34142864 0.33622198 0.33108287 0.32601065 0.32100463 0.31606417
 0.31118861 0.30637729 0.30162957 0.29694478 0.29232229 0.28776146
 0.28326164 0.27882221 0.27444253 0.27012198 0.26585993 0.26165576
 0.25750885 0.25341859 0.24938438 0.2454056  0.24148166 0.23761195
 0.23379589 0.23003287 0.22632233 0.22266366 0.2190563  0.21549966
 0.21199318 0.2085363  0.20512843 0.20176904 0.19845756 0.19519344
 0.19197614 0.1888051  0.1856798  0.18259969 0.17956425 0.17657295
 0.17362526 0.17072067 0.16785866 0.16503873 0.16226035 0.15952305
 0.1568263  0.15416962 0.15155253 0.14897452 0.14643513 0.14393387
 0.14147028 0.13904387 0.13665418 0.13430076 0.13198314 0.12970088
 0.12745352 0.12524061 0.12306172 0.12091641 0.11880425 0.1167248
 0.11467765 0.11266236 0.11067853 0.10872574 0.10680358 0.10491164
 0.10304953 0.10121685 0.09941321 0.0976382  0.09589146 0.0941726
 0.09248123 0.090817   0.08917951 0.08756842]",restricted_age_optimal,True,True,True,10,4,all_original_constraints_remained,-129.52687044488698,-131.69733900751334,-127.35640188226061,1.107402268483882,-2.067917195187472,-2.1025690728006086,-2.0332653175743345,0.01767985426592873,-2.067875347786947,-2.1025265241674598,-2.0332241714064336,0.017679496487607426,0.07184201673699224,0.06854560942302923,0.07525865993168783,0.0017123493913252825,large,129.52687044488712,127.35640188226076,131.69733900751348,1.1074022684838825,2.067917195187474,2.033265317574337,2.1025690728006112,0.017679854265928736,2.0678753477869494,2.0332241714064363,2.1025265241674624,0.017679496487607433,0.928157983263008,0.9247413400683124,0.931454390576971,0.0017123493913252792
0.130051,0.215796,0.159125,0.0115052184911644,11365,100.0,"[0.130051   0.13250086 0.13495071 0.13740057 0.13985043 0.14230029
 0.14475014 0.1472     0.14964986 0.15209971 0.15454957 0.15699943
 0.15944929 0.16189914 0.164349   0.16679886 0.16924871 0.17169857
 0.17414843 0.17659829 0.17904814 0.181498   0.18394786 0.18639771
 0.18884757 0.19129743 0.19374729 0.19619714 0.198647   0.20109686
 0.20354671 0.20599657 0.20844643 0.21089629 0.21334614 0.215796  ]","[0.16717994 0.30796304 0.75670919 1.4958205  2.23493181 3.54597448
 5.4641443  6.07127145 7.14474263 7.89265288 7.92784866 8.08622965
 8.08622965 7.20633524 6.97756269 6.19445667 5.06819182 4.25868896
 3.02683678 2.37571491 1.97976243 1.23185218 0.90629125 0.57193137
 0.43114826 0.25516938 0.10558733 0.0791905  0.08798944 0.03519578
 0.         0.00879894 0.         0.00879894 0.00879894]",0.0025,35,normal,0.1597832151341839,"[0.130051   0.13013683 0.13022266 0.13030849 0.13039432 0.13048015
 0.13056598 0.13065182 0.13073765 0.13082348 0.13090931 0.13099514
 0.13108097 0.1311668  0.13125263 0.13133846 0.13142429 0.13151012
 0.13159595 0.13168179 0.13176762 0.13185345 0.13193928 0.13202511
 0.13211094 0.13219677 0.1322826  0.13236843 0.13245426 0.13254009
 0.13262592 0.13271176 0.13279759 0.13288342 0.13296925 0.13305508
 0.13314091 0.13322674 0.13331257 0.1333984  0.13348423 0.13357006
 0.13365589 0.13374173 0.13382756 0.13391339 0.13399922 0.13408505
 0.13417088 0.13425671 0.13434254 0.13442837 0.1345142  0.13460003
 0.13468586 0.1347717  0.13485753 0.13494336 0.13502919 0.13511502
 0.13520085 0.13528668 0.13537251 0.13545834 0.13554417 0.13563
 0.13571583 0.13580167 0.1358875  0.13597333 0.13605916 0.13614499
 0.13623082 0.13631665 0.13640248 0.13648831 0.13657414 0.13665997
 0.1367458  0.13683164 0.13691747 0.1370033  0.13708913 0.13717496
 0.13726079 0.13734662 0.13743245 0.13751828 0.13760411 0.13768994
 0.13777577 0.13786161 0.13794744 0.13803327 0.1381191  0.13820493
 0.13829076 0.13837659 0.13846242 0.13854825 0.13863408 0.13871991
 0.13880574 0.13889158 0.13897741 0.13906324 0.13914907 0.1392349
 0.13932073 0.13940656 0.13949239 0.13957822 0.13966405 0.13974988
 0.13983571 0.13992155 0.14000738 0.14009321 0.14017904 0.14026487
 0.1403507  0.14043653 0.14052236 0.14060819 0.14069402 0.14077985
 0.14086568 0.14095152 0.14103735 0.14112318 0.14120901 0.14129484
 0.14138067 0.1414665  0.14155233 0.14163816 0.14172399 0.14180982
 0.14189565 0.14198149 0.14206732 0.14215315 0.14223898 0.14232481
 0.14241064 0.14249647 0.1425823  0.14266813 0.14275396 0.14283979
 0.14292562 0.14301146 0.14309729 0.14318312 0.14326895 0.14335478
 0.14344061 0.14352644 0.14361227 0.1436981  0.14378393 0.14386976
 0.14395559 0.14404143 0.14412726 0.14421309 0.14429892 0.14438475
 0.14447058 0.14455641 0.14464224 0.14472807 0.1448139  0.14489973
 0.14498556 0.1450714  0.14515723 0.14524306 0.14532889 0.14541472
 0.14550055 0.14558638 0.14567221 0.14575804 0.14584387 0.1459297
 0.14601553 0.14610137 0.1461872  0.14627303 0.14635886 0.14644469
 0.14653052 0.14661635 0.14670218 0.14678801 0.14687384 0.14695967
 0.1470455  0.14713134 0.14721717 0.147303   0.14738883 0.14747466
 0.14756049 0.14764632 0.14773215 0.14781798 0.14790381 0.14798964
 0.14807547 0.14816131 0.14824714 0.14833297 0.1484188  0.14850463
 0.14859046 0.14867629 0.14876212 0.14884795 0.14893378 0.14901961
 0.14910544 0.14919128 0.14927711 0.14936294 0.14944877 0.1495346
 0.14962043 0.14970626 0.14979209 0.14987792 0.14996375 0.15004958
 0.15013541 0.15022125 0.15030708 0.15039291 0.15047874 0.15056457
 0.1506504  0.15073623 0.15082206 0.15090789 0.15099372 0.15107955
 0.15116538 0.15125122 0.15133705 0.15142288 0.15150871 0.15159454
 0.15168037 0.1517662  0.15185203 0.15193786 0.15202369 0.15210952
 0.15219535 0.15228119 0.15236702 0.15245285 0.15253868 0.15262451
 0.15271034 0.15279617 0.152882   0.15296783 0.15305366 0.15313949
 0.15322532 0.15331116 0.15339699 0.15348282 0.15356865 0.15365448
 0.15374031 0.15382614 0.15391197 0.1539978  0.15408363 0.15416946
 0.15425529 0.15434113 0.15442696 0.15451279 0.15459862 0.15468445
 0.15477028 0.15485611 0.15494194 0.15502777 0.1551136  0.15519943
 0.15528526 0.1553711  0.15545693 0.15554276 0.15562859 0.15571442
 0.15580025 0.15588608 0.15597191 0.15605774 0.15614357 0.1562294
 0.15631523 0.15640107 0.1564869  0.15657273 0.15665856 0.15674439
 0.15683022 0.15691605 0.15700188 0.15708771 0.15717354 0.15725937
 0.1573452  0.15743104 0.15751687 0.1576027  0.15768853 0.15777436
 0.15786019 0.15794602 0.15803185 0.15811768 0.15820351 0.15828934
 0.15837517 0.15846101 0.15854684 0.15863267 0.1587185  0.15880433
 0.15889016 0.15897599 0.15906182 0.15914765 0.15923348 0.15931931
 0.15940514 0.15949097 0.15957681 0.15966264 0.15974847 0.1598343
 0.15992013 0.16000596 0.16009179 0.16017762 0.16026345 0.16034928
 0.16043511 0.16052094 0.16060678 0.16069261 0.16077844 0.16086427
 0.1609501  0.16103593 0.16112176 0.16120759 0.16129342 0.16137925
 0.16146508 0.16155091 0.16163675 0.16172258 0.16180841 0.16189424
 0.16198007 0.1620659  0.16215173 0.16223756 0.16232339 0.16240922
 0.16249505 0.16258088 0.16266672 0.16275255 0.16283838 0.16292421
 0.16301004 0.16309587 0.1631817  0.16326753 0.16335336 0.16343919
 0.16352502 0.16361085 0.16369669 0.16378252 0.16386835 0.16395418
 0.16404001 0.16412584 0.16421167 0.1642975  0.16438333 0.16446916
 0.16455499 0.16464082 0.16472666 0.16481249 0.16489832 0.16498415
 0.16506998 0.16515581 0.16524164 0.16532747 0.1654133  0.16549913
 0.16558496 0.16567079 0.16575663 0.16584246 0.16592829 0.16601412
 0.16609995 0.16618578 0.16627161 0.16635744 0.16644327 0.1665291
 0.16661493 0.16670076 0.1667866  0.16687243 0.16695826 0.16704409
 0.16712992 0.16721575 0.16730158 0.16738741 0.16747324 0.16755907
 0.1676449  0.16773073 0.16781657 0.1679024  0.16798823 0.16807406
 0.16815989 0.16824572 0.16833155 0.16841738 0.16850321 0.16858904
 0.16867487 0.1687607  0.16884654 0.16893237 0.1690182  0.16910403
 0.16918986 0.16927569 0.16936152 0.16944735 0.16953318 0.16961901
 0.16970484 0.16979067 0.16987651 0.16996234 0.17004817 0.170134
 0.17021983 0.17030566 0.17039149 0.17047732 0.17056315 0.17064898
 0.17073481 0.17082064 0.17090648 0.17099231 0.17107814 0.17116397
 0.1712498  0.17133563 0.17142146 0.17150729 0.17159312 0.17167895
 0.17176478 0.17185061 0.17193645 0.17202228 0.17210811 0.17219394
 0.17227977 0.1723656  0.17245143 0.17253726 0.17262309 0.17270892
 0.17279475 0.17288058 0.17296642 0.17305225 0.17313808 0.17322391
 0.17330974 0.17339557 0.1734814  0.17356723 0.17365306 0.17373889
 0.17382472 0.17391055 0.17399639 0.17408222 0.17416805 0.17425388
 0.17433971 0.17442554 0.17451137 0.1745972  0.17468303 0.17476886
 0.17485469 0.17494052 0.17502636 0.17511219 0.17519802 0.17528385
 0.17536968 0.17545551 0.17554134 0.17562717 0.175713   0.17579883
 0.17588466 0.17597049 0.17605633 0.17614216 0.17622799 0.17631382
 0.17639965 0.17648548 0.17657131 0.17665714 0.17674297 0.1768288
 0.17691463 0.17700046 0.1770863  0.17717213 0.17725796 0.17734379
 0.17742962 0.17751545 0.17760128 0.17768711 0.17777294 0.17785877
 0.1779446  0.17803043 0.17811627 0.1782021  0.17828793 0.17837376
 0.17845959 0.17854542 0.17863125 0.17871708 0.17880291 0.17888874
 0.17897457 0.1790604  0.17914624 0.17923207 0.1793179  0.17940373
 0.17948956 0.17957539 0.17966122 0.17974705 0.17983288 0.17991871
 0.18000454 0.18009037 0.18017621 0.18026204 0.18034787 0.1804337
 0.18051953 0.18060536 0.18069119 0.18077702 0.18086285 0.18094868
 0.18103451 0.18112034 0.18120618 0.18129201 0.18137784 0.18146367
 0.1815495  0.18163533 0.18172116 0.18180699 0.18189282 0.18197865
 0.18206448 0.18215031 0.18223615 0.18232198 0.18240781 0.18249364
 0.18257947 0.1826653  0.18275113 0.18283696 0.18292279 0.18300862
 0.18309445 0.18318028 0.18326612 0.18335195 0.18343778 0.18352361
 0.18360944 0.18369527 0.1837811  0.18386693 0.18395276 0.18403859
 0.18412442 0.18421025 0.18429609 0.18438192 0.18446775 0.18455358
 0.18463941 0.18472524 0.18481107 0.1848969  0.18498273 0.18506856
 0.18515439 0.18524022 0.18532606 0.18541189 0.18549772 0.18558355
 0.18566938 0.18575521 0.18584104 0.18592687 0.1860127  0.18609853
 0.18618436 0.18627019 0.18635603 0.18644186 0.18652769 0.18661352
 0.18669935 0.18678518 0.18687101 0.18695684 0.18704267 0.1871285
 0.18721433 0.18730016 0.18738599 0.18747183 0.18755766 0.18764349
 0.18772932 0.18781515 0.18790098 0.18798681 0.18807264 0.18815847
 0.1882443  0.18833013 0.18841596 0.1885018  0.18858763 0.18867346
 0.18875929 0.18884512 0.18893095 0.18901678 0.18910261 0.18918844
 0.18927427 0.1893601  0.18944593 0.18953177 0.1896176  0.18970343
 0.18978926 0.18987509 0.18996092 0.19004675 0.19013258 0.19021841
 0.19030424 0.19039007 0.1904759  0.19056174 0.19064757 0.1907334
 0.19081923 0.19090506 0.19099089 0.19107672 0.19116255 0.19124838
 0.19133421 0.19142004 0.19150587 0.19159171 0.19167754 0.19176337
 0.1918492  0.19193503 0.19202086 0.19210669 0.19219252 0.19227835
 0.19236418 0.19245001 0.19253584 0.19262168 0.19270751 0.19279334
 0.19287917 0.192965   0.19305083 0.19313666 0.19322249 0.19330832
 0.19339415 0.19347998 0.19356581 0.19365165 0.19373748 0.19382331
 0.19390914 0.19399497 0.1940808  0.19416663 0.19425246 0.19433829
 0.19442412 0.19450995 0.19459578 0.19468162 0.19476745 0.19485328
 0.19493911 0.19502494 0.19511077 0.1951966  0.19528243 0.19536826
 0.19545409 0.19553992 0.19562575 0.19571159 0.19579742 0.19588325
 0.19596908 0.19605491 0.19614074 0.19622657 0.1963124  0.19639823
 0.19648406 0.19656989 0.19665572 0.19674156 0.19682739 0.19691322
 0.19699905 0.19708488 0.19717071 0.19725654 0.19734237 0.1974282
 0.19751403 0.19759986 0.19768569 0.19777153 0.19785736 0.19794319
 0.19802902 0.19811485 0.19820068 0.19828651 0.19837234 0.19845817
 0.198544   0.19862983 0.19871566 0.1988015  0.19888733 0.19897316
 0.19905899 0.19914482 0.19923065 0.19931648 0.19940231 0.19948814
 0.19957397 0.1996598  0.19974563 0.19983147 0.1999173  0.20000313
 0.20008896 0.20017479 0.20026062 0.20034645 0.20043228 0.20051811
 0.20060394 0.20068977 0.2007756  0.20086144 0.20094727 0.2010331
 0.20111893 0.20120476 0.20129059 0.20137642 0.20146225 0.20154808
 0.20163391 0.20171974 0.20180557 0.20189141 0.20197724 0.20206307
 0.2021489  0.20223473 0.20232056 0.20240639 0.20249222 0.20257805
 0.20266388 0.20274971 0.20283554 0.20292138 0.20300721 0.20309304
 0.20317887 0.2032647  0.20335053 0.20343636 0.20352219 0.20360802
 0.20369385 0.20377968 0.20386551 0.20395135 0.20403718 0.20412301
 0.20420884 0.20429467 0.2043805  0.20446633 0.20455216 0.20463799
 0.20472382 0.20480965 0.20489548 0.20498132 0.20506715 0.20515298
 0.20523881 0.20532464 0.20541047 0.2054963  0.20558213 0.20566796
 0.20575379 0.20583962 0.20592545 0.20601129 0.20609712 0.20618295
 0.20626878 0.20635461 0.20644044 0.20652627 0.2066121  0.20669793
 0.20678376 0.20686959 0.20695542 0.20704126 0.20712709 0.20721292
 0.20729875 0.20738458 0.20747041 0.20755624 0.20764207 0.2077279
 0.20781373 0.20789956 0.20798539 0.20807123 0.20815706 0.20824289
 0.20832872 0.20841455 0.20850038 0.20858621 0.20867204 0.20875787
 0.2088437  0.20892953 0.20901536 0.2091012  0.20918703 0.20927286
 0.20935869 0.20944452 0.20953035 0.20961618 0.20970201 0.20978784
 0.20987367 0.2099595  0.21004533 0.21013117 0.210217   0.21030283
 0.21038866 0.21047449 0.21056032 0.21064615 0.21073198 0.21081781
 0.21090364 0.21098947 0.2110753  0.21116114 0.21124697 0.2113328
 0.21141863 0.21150446 0.21159029 0.21167612 0.21176195 0.21184778
 0.21193361 0.21201944 0.21210527 0.21219111 0.21227694 0.21236277
 0.2124486  0.21253443 0.21262026 0.21270609 0.21279192 0.21287775
 0.21296358 0.21304941 0.21313524 0.21322108 0.21330691 0.21339274
 0.21347857 0.2135644  0.21365023 0.21373606 0.21382189 0.21390772
 0.21399355 0.21407938 0.21416521 0.21425105 0.21433688 0.21442271
 0.21450854 0.21459437 0.2146802  0.21476603 0.21485186 0.21493769
 0.21502352 0.21510935 0.21519518 0.21528102 0.21536685 0.21545268
 0.21553851 0.21562434 0.21571017 0.215796  ]","[3.01290416e-01 3.07146751e-01 3.13099492e-01 3.19149839e-01
 3.25298999e-01 3.31548184e-01 3.37898613e-01 3.44351513e-01
 3.50908115e-01 3.57569656e-01 3.64337381e-01 3.71212539e-01
 3.78196384e-01 3.85290177e-01 3.92495183e-01 3.99812672e-01
 4.07243920e-01 4.14790205e-01 4.22452812e-01 4.30233030e-01
 4.38132149e-01 4.46151466e-01 4.54292280e-01 4.62555893e-01
 4.70943612e-01 4.79456744e-01 4.88096600e-01 4.96864495e-01
 5.05761742e-01 5.14789660e-01 5.23949567e-01 5.33242782e-01
 5.42670627e-01 5.52234423e-01 5.61935493e-01 5.71775158e-01
 5.81754741e-01 5.91875564e-01 6.02138946e-01 6.12546209e-01
 6.23098670e-01 6.33797645e-01 6.44644451e-01 6.55640399e-01
 6.66786798e-01 6.78084955e-01 6.89536174e-01 7.01141754e-01
 7.12902991e-01 7.24821174e-01 7.36897592e-01 7.49133524e-01
 7.61530246e-01 7.74089027e-01 7.86811131e-01 7.99697815e-01
 8.12750327e-01 8.25969910e-01 8.39357798e-01 8.52915216e-01
 8.66643382e-01 8.80543504e-01 8.94616780e-01 9.08864398e-01
 9.23287537e-01 9.37887364e-01 9.52665035e-01 9.67621694e-01
 9.82758474e-01 9.98076494e-01 1.01357686e+00 1.02926067e+00
 1.04512900e+00 1.06118291e+00 1.07742345e+00 1.09385167e+00
 1.11046858e+00 1.12727517e+00 1.14427244e+00 1.16146136e+00
 1.17884288e+00 1.19641793e+00 1.21418742e+00 1.23215225e+00
 1.25031331e+00 1.26867143e+00 1.28722746e+00 1.30598221e+00
 1.32493648e+00 1.34409103e+00 1.36344661e+00 1.38300395e+00
 1.40276376e+00 1.42272670e+00 1.44289343e+00 1.46326457e+00
 1.48384074e+00 1.50462251e+00 1.52561043e+00 1.54680501e+00
 1.56820677e+00 1.58981615e+00 1.61163362e+00 1.63365956e+00
 1.65589438e+00 1.67833840e+00 1.70099197e+00 1.72385536e+00
 1.74692884e+00 1.77021263e+00 1.79370692e+00 1.81741189e+00
 1.84132765e+00 1.86545430e+00 1.88979190e+00 1.91434047e+00
 1.93910001e+00 1.96407048e+00 1.98925178e+00 2.01464381e+00
 2.04024640e+00 2.06605937e+00 2.09208249e+00 2.11831549e+00
 2.14475806e+00 2.17140985e+00 2.19827049e+00 2.22533955e+00
 2.25261655e+00 2.28010101e+00 2.30779236e+00 2.33569002e+00
 2.36379337e+00 2.39210173e+00 2.42061438e+00 2.44933056e+00
 2.47824949e+00 2.50737031e+00 2.53669213e+00 2.56621402e+00
 2.59593501e+00 2.62585408e+00 2.65597015e+00 2.68628212e+00
 2.71678883e+00 2.74748908e+00 2.77838161e+00 2.80946513e+00
 2.84073830e+00 2.87219973e+00 2.90384798e+00 2.93568157e+00
 2.96769896e+00 2.99989859e+00 3.03227882e+00 3.06483799e+00
 3.09757435e+00 3.13048616e+00 3.16357158e+00 3.19682876e+00
 3.23025577e+00 3.26385065e+00 3.29761139e+00 3.33153593e+00
 3.36562215e+00 3.39986790e+00 3.43427097e+00 3.46882911e+00
 3.50354000e+00 3.53840129e+00 3.57341059e+00 3.60856543e+00
 3.64386332e+00 3.67930171e+00 3.71487801e+00 3.75058956e+00
 3.78643367e+00 3.82240760e+00 3.85850857e+00 3.89473373e+00
 3.93108020e+00 3.96754504e+00 4.00412528e+00 4.04081790e+00
 4.07761981e+00 4.11452790e+00 4.15153900e+00 4.18864990e+00
 4.22585735e+00 4.26315804e+00 4.30054862e+00 4.33802571e+00
 4.37558587e+00 4.41322561e+00 4.45094142e+00 4.48872973e+00
 4.52658693e+00 4.56450937e+00 4.60249336e+00 4.64053517e+00
 4.67863102e+00 4.71677709e+00 4.75496954e+00 4.79320447e+00
 4.83147795e+00 4.86978601e+00 4.90812464e+00 4.94648981e+00
 4.98487743e+00 5.02328338e+00 5.06170352e+00 5.10013366e+00
 5.13856958e+00 5.17700704e+00 5.21544175e+00 5.25386940e+00
 5.29228564e+00 5.33068609e+00 5.36906636e+00 5.40742200e+00
 5.44574857e+00 5.48404157e+00 5.52229648e+00 5.56050878e+00
 5.59867389e+00 5.63678724e+00 5.67484421e+00 5.71284017e+00
 5.75077047e+00 5.78863043e+00 5.82641538e+00 5.86412059e+00
 5.90174134e+00 5.93927289e+00 5.97671049e+00 6.01404935e+00
 6.05128469e+00 6.08841172e+00 6.12542562e+00 6.16232158e+00
 6.19909476e+00 6.23574033e+00 6.27225344e+00 6.30862924e+00
 6.34486288e+00 6.38094948e+00 6.41688420e+00 6.45266216e+00
 6.48827849e+00 6.52372833e+00 6.55900681e+00 6.59410906e+00
 6.62903023e+00 6.66376547e+00 6.69830991e+00 6.73265872e+00
 6.76680705e+00 6.80075009e+00 6.83448301e+00 6.86800102e+00
 6.90129930e+00 6.93437309e+00 6.96721762e+00 6.99982814e+00
 7.03219991e+00 7.06432822e+00 7.09620837e+00 7.12783568e+00
 7.15920551e+00 7.19031322e+00 7.22115419e+00 7.25172385e+00
 7.28201764e+00 7.31203102e+00 7.34175950e+00 7.37119859e+00
 7.40034386e+00 7.42919089e+00 7.45773530e+00 7.48597275e+00
 7.51389893e+00 7.54150956e+00 7.56880039e+00 7.59576724e+00
 7.62240594e+00 7.64871237e+00 7.67468245e+00 7.70031214e+00
 7.72559745e+00 7.75053443e+00 7.77511917e+00 7.79934781e+00
 7.82321656e+00 7.84672163e+00 7.86985932e+00 7.89262597e+00
 7.91501797e+00 7.93703175e+00 7.95866382e+00 7.97991071e+00
 8.00076905e+00 8.02123547e+00 8.04130670e+00 8.06097952e+00
 8.08025076e+00 8.09911731e+00 8.11757612e+00 8.13562421e+00
 8.15325864e+00 8.17047657e+00 8.18727520e+00 8.20365178e+00
 8.21960365e+00 8.23512821e+00 8.25022292e+00 8.26488531e+00
 8.27911298e+00 8.29290359e+00 8.30625489e+00 8.31916467e+00
 8.33163082e+00 8.34365127e+00 8.35522405e+00 8.36634725e+00
 8.37701903e+00 8.38723763e+00 8.39700135e+00 8.40630858e+00
 8.41515777e+00 8.42354746e+00 8.43147626e+00 8.43894284e+00
 8.44594598e+00 8.45248449e+00 8.45855730e+00 8.46416340e+00
 8.46930185e+00 8.47397179e+00 8.47817245e+00 8.48190313e+00
 8.48516320e+00 8.48795213e+00 8.49026943e+00 8.49211474e+00
 8.49348774e+00 8.49438820e+00 8.49481597e+00 8.49477098e+00
 8.49425324e+00 8.49326283e+00 8.49179992e+00 8.48986476e+00
 8.48745766e+00 8.48457903e+00 8.48122934e+00 8.47740917e+00
 8.47311914e+00 8.46835996e+00 8.46313244e+00 8.45743745e+00
 8.45127592e+00 8.44464889e+00 8.43755746e+00 8.43000281e+00
 8.42198619e+00 8.41350894e+00 8.40457245e+00 8.39517822e+00
 8.38532780e+00 8.37502282e+00 8.36426499e+00 8.35305608e+00
 8.34139795e+00 8.32929251e+00 8.31674177e+00 8.30374779e+00
 8.29031271e+00 8.27643874e+00 8.26212815e+00 8.24738330e+00
 8.23220659e+00 8.21660050e+00 8.20056760e+00 8.18411048e+00
 8.16723185e+00 8.14993443e+00 8.13222104e+00 8.11409456e+00
 8.09555791e+00 8.07661411e+00 8.05726620e+00 8.03751731e+00
 8.01737061e+00 7.99682934e+00 7.97589680e+00 7.95457633e+00
 7.93287135e+00 7.91078531e+00 7.88832173e+00 7.86548419e+00
 7.84227629e+00 7.81870171e+00 7.79476418e+00 7.77046747e+00
 7.74581539e+00 7.72081182e+00 7.69546066e+00 7.66976588e+00
 7.64373147e+00 7.61736149e+00 7.59066002e+00 7.56363118e+00
 7.53627916e+00 7.50860815e+00 7.48062240e+00 7.45232619e+00
 7.42372385e+00 7.39481972e+00 7.36561819e+00 7.33612367e+00
 7.30634063e+00 7.27627353e+00 7.24592689e+00 7.21530524e+00
 7.18441315e+00 7.15325520e+00 7.12183601e+00 7.09016021e+00
 7.05823247e+00 7.02605746e+00 6.99363989e+00 6.96098447e+00
 6.92809594e+00 6.89497906e+00 6.86163858e+00 6.82807931e+00
 6.79430602e+00 6.76032354e+00 6.72613668e+00 6.69175027e+00
 6.65716914e+00 6.62239814e+00 6.58744213e+00 6.55230596e+00
 6.51699450e+00 6.48151259e+00 6.44586513e+00 6.41005696e+00
 6.37409296e+00 6.33797800e+00 6.30171693e+00 6.26531462e+00
 6.22877593e+00 6.19210570e+00 6.15530878e+00 6.11839000e+00
 6.08135420e+00 6.04420618e+00 6.00695077e+00 5.96959275e+00
 5.93213691e+00 5.89458801e+00 5.85695082e+00 5.81923007e+00
 5.78143048e+00 5.74355677e+00 5.70561362e+00 5.66760569e+00
 5.62953763e+00 5.59141408e+00 5.55323963e+00 5.51501887e+00
 5.47675636e+00 5.43845663e+00 5.40012418e+00 5.36176351e+00
 5.32337906e+00 5.28497526e+00 5.24655652e+00 5.20812719e+00
 5.16969163e+00 5.13125413e+00 5.09281898e+00 5.05439042e+00
 5.01597266e+00 4.97756988e+00 4.93918622e+00 4.90082579e+00
 4.86249266e+00 4.82419088e+00 4.78592443e+00 4.74769728e+00
 4.70951336e+00 4.67137655e+00 4.63329070e+00 4.59525960e+00
 4.55728704e+00 4.51937673e+00 4.48153237e+00 4.44375758e+00
 4.40605597e+00 4.36843110e+00 4.33088649e+00 4.29342560e+00
 4.25605187e+00 4.21876867e+00 4.18157934e+00 4.14448718e+00
 4.10749544e+00 4.07060732e+00 4.03382597e+00 3.99715451e+00
 3.96059600e+00 3.92415345e+00 3.88782985e+00 3.85162810e+00
 3.81555110e+00 3.77960166e+00 3.74378257e+00 3.70809655e+00
 3.67254630e+00 3.63713445e+00 3.60186359e+00 3.56673626e+00
 3.53175494e+00 3.49692209e+00 3.46224009e+00 3.42771129e+00
 3.39333799e+00 3.35912243e+00 3.32506682e+00 3.29117329e+00
 3.25744396e+00 3.22388088e+00 3.19048604e+00 3.15726141e+00
 3.12420888e+00 3.09133033e+00 3.05862755e+00 3.02610231e+00
 2.99375633e+00 2.96159126e+00 2.92960872e+00 2.89781029e+00
 2.86619748e+00 2.83477178e+00 2.80353460e+00 2.77248732e+00
 2.74163129e+00 2.71096778e+00 2.68049805e+00 2.65022327e+00
 2.62014461e+00 2.59026316e+00 2.56057999e+00 2.53109610e+00
 2.50181246e+00 2.47273000e+00 2.44384960e+00 2.41517208e+00
 2.38669826e+00 2.35842887e+00 2.33036462e+00 2.30250617e+00
 2.27485415e+00 2.24740914e+00 2.22017167e+00 2.19314225e+00
 2.16632132e+00 2.13970932e+00 2.11330661e+00 2.08711354e+00
 2.06113040e+00 2.03535745e+00 2.00979492e+00 1.98444298e+00
 1.95930180e+00 1.93437147e+00 1.90965208e+00 1.88514366e+00
 1.86084621e+00 1.83675970e+00 1.81288407e+00 1.78921921e+00
 1.76576500e+00 1.74252125e+00 1.71948777e+00 1.69666434e+00
 1.67405068e+00 1.65164649e+00 1.62945146e+00 1.60746522e+00
 1.58568739e+00 1.56411756e+00 1.54275527e+00 1.52160006e+00
 1.50065142e+00 1.47990882e+00 1.45937172e+00 1.43903952e+00
 1.41891163e+00 1.39898740e+00 1.37926618e+00 1.35974729e+00
 1.34043003e+00 1.32131365e+00 1.30239742e+00 1.28368055e+00
 1.26516225e+00 1.24684170e+00 1.22871806e+00 1.21079047e+00
 1.19305806e+00 1.17551991e+00 1.15817512e+00 1.14102275e+00
 1.12406184e+00 1.10729143e+00 1.09071051e+00 1.07431809e+00
 1.05811315e+00 1.04209464e+00 1.02626151e+00 1.01061270e+00
 9.95147121e-01 9.79863681e-01 9.64761268e-01 9.49838762e-01
 9.35095027e-01 9.20528918e-01 9.06139274e-01 8.91924929e-01
 8.77884700e-01 8.64017398e-01 8.50321822e-01 8.36796763e-01
 8.23441002e-01 8.10253312e-01 7.97232456e-01 7.84377192e-01
 7.71686269e-01 7.59158428e-01 7.46792406e-01 7.34586932e-01
 7.22540729e-01 7.10652515e-01 6.98921003e-01 6.87344901e-01
 6.75922914e-01 6.64653739e-01 6.53536075e-01 6.42568614e-01
 6.31750045e-01 6.21079055e-01 6.10554330e-01 6.00174553e-01
 5.89938405e-01 5.79844565e-01 5.69891713e-01 5.60078527e-01
 5.50403686e-01 5.40865866e-01 5.31463745e-01 5.22196004e-01
 5.13061319e-01 5.04058372e-01 4.95185845e-01 4.86442420e-01
 4.77826783e-01 4.69337621e-01 4.60973623e-01 4.52733482e-01
 4.44615891e-01 4.36619551e-01 4.28743161e-01 4.20985427e-01
 4.13345058e-01 4.05820765e-01 3.98411267e-01 3.91115284e-01
 3.83931542e-01 3.76858772e-01 3.69895709e-01 3.63041095e-01
 3.56293675e-01 3.49652201e-01 3.43115432e-01 3.36682129e-01
 3.30351063e-01 3.24121008e-01 3.17990748e-01 3.11959070e-01
 3.06024770e-01 3.00186648e-01 2.94443515e-01 2.88794186e-01
 2.83237484e-01 2.77772238e-01 2.72397288e-01 2.67111478e-01
 2.61913661e-01 2.56802697e-01 2.51777456e-01 2.46836813e-01
 2.41979653e-01 2.37204869e-01 2.32511361e-01 2.27898038e-01
 2.23363819e-01 2.18907627e-01 2.14528399e-01 2.10225077e-01
 2.05996612e-01 2.01841964e-01 1.97760104e-01 1.93750007e-01
 1.89810662e-01 1.85941063e-01 1.82140216e-01 1.78407132e-01
 1.74740835e-01 1.71140357e-01 1.67604736e-01 1.64133024e-01
 1.60724279e-01 1.57377568e-01 1.54091969e-01 1.50866567e-01
 1.47700458e-01 1.44592746e-01 1.41542544e-01 1.38548976e-01
 1.35611173e-01 1.32728276e-01 1.29899436e-01 1.27123812e-01
 1.24400573e-01 1.21728895e-01 1.19107967e-01 1.16536984e-01
 1.14015150e-01 1.11541680e-01 1.09115798e-01 1.06736735e-01
 1.04403732e-01 1.02116039e-01 9.98729159e-02 9.76736300e-02
 9.55174581e-02 9.34036859e-02 9.13316077e-02 8.93005266e-02
 8.73097546e-02 8.53586120e-02 8.34464280e-02 8.15725404e-02
 7.97362954e-02 7.79370477e-02 7.61741604e-02 7.44470051e-02
 7.27549618e-02 7.10974185e-02 6.94737716e-02 6.78834258e-02
 6.63257937e-02 6.48002960e-02 6.33063615e-02 6.18434269e-02
 6.04109367e-02 5.90083435e-02 5.76351073e-02 5.62906960e-02
 5.49745851e-02 5.36862578e-02 5.24252046e-02 5.11909237e-02
 4.99829204e-02 4.88007075e-02 4.76438050e-02 4.65117403e-02
 4.54040475e-02 4.43202682e-02 4.32599506e-02 4.22226501e-02
 4.12079289e-02 4.02153559e-02 3.92445068e-02 3.82949639e-02
 3.73663160e-02 3.64581586e-02 3.55700936e-02 3.47017291e-02
 3.38526797e-02 3.30225662e-02 3.22110154e-02 3.14176605e-02
 3.06421404e-02 2.98841002e-02 2.91431908e-02 2.84190689e-02
 2.77113970e-02 2.70198433e-02 2.63440814e-02 2.56837909e-02
 2.50386563e-02 2.44083680e-02 2.37926215e-02 2.31911177e-02
 2.26035625e-02 2.20296672e-02 2.14691479e-02 2.09217260e-02
 2.03871277e-02 1.98650840e-02 1.93553307e-02 1.88576086e-02
 1.83716629e-02 1.78972436e-02 1.74341051e-02 1.69820064e-02
 1.65407109e-02 1.61099863e-02 1.56896046e-02 1.52793423e-02
 1.48789796e-02 1.44883012e-02 1.41070958e-02 1.37351559e-02
 1.33722782e-02 1.30182630e-02 1.26729146e-02 1.23360410e-02
 1.20074540e-02 1.16869689e-02 1.13744047e-02 1.10695838e-02
 1.07723322e-02 1.04824793e-02 1.01998578e-02 9.92430389e-03
 9.65565677e-03 9.39375900e-03 9.13845628e-03 8.88959740e-03
 8.64703420e-03 8.41062153e-03 8.18021718e-03 7.95568185e-03
 7.73687910e-03 7.52367528e-03 7.31593950e-03 7.11354360e-03
 6.91636206e-03 6.72427198e-03 6.53715305e-03 6.35488746e-03
 6.17735991e-03 6.00445751e-03 5.83606979e-03 5.67208861e-03
 5.51240816e-03 5.35692488e-03 5.20553746e-03 5.05814675e-03
 4.91465576e-03 4.77496962e-03 4.63899550e-03 4.50664262e-03
 4.37782218e-03 4.25244735e-03 4.13043319e-03 4.01169668e-03
 3.89615662e-03 3.78373361e-03 3.67435006e-03 3.56793008e-03
 3.46439953e-03 3.36368592e-03 3.26571839e-03 3.17042773e-03
 3.07774626e-03 2.98760789e-03 2.89994801e-03 2.81470352e-03
 2.73181276e-03 2.65121552e-03 2.57285296e-03 2.49666762e-03
 2.42260340e-03 2.35060548e-03 2.28062036e-03 2.21259578e-03
 2.14648072e-03 2.08222537e-03 2.01978110e-03 1.95910045e-03
 1.90013709e-03 1.84284580e-03 1.78718243e-03 1.73310393e-03
 1.68056826e-03 1.62953441e-03 1.57996238e-03 1.53181312e-03
 1.48504856e-03 1.43963154e-03 1.39552583e-03 1.35269610e-03
 1.31110788e-03 1.27072754e-03 1.23152233e-03 1.19346028e-03
 1.15651022e-03 1.12064178e-03 1.08582535e-03 1.05203206e-03
 1.01923376e-03 9.87403029e-04 9.56513140e-04 9.26538042e-04
 8.97452352e-04 8.69231337e-04 8.41850897e-04 8.15287555e-04
 7.89518438e-04 7.64521266e-04 7.40274336e-04 7.16756510e-04
 6.93947202e-04 6.71826363e-04 6.50374468e-04 6.29572509e-04
 6.09401975e-04 5.89844846e-04 5.70883578e-04 5.52501093e-04
 5.34680766e-04 5.17406419e-04 5.00662303e-04 4.84433092e-04
 4.68703873e-04 4.53460133e-04 4.38687753e-04 4.24372995e-04
 4.10502492e-04 3.97063244e-04 3.84042603e-04 3.71428268e-04
 3.59208273e-04 3.47370983e-04 3.35905082e-04 3.24799567e-04
 3.14043738e-04 3.03627193e-04 2.93539818e-04 2.83771782e-04
 2.74313526e-04 2.65155761e-04 2.56289458e-04 2.47705841e-04
 2.39396382e-04 2.31352793e-04 2.23567022e-04 2.16031243e-04
 2.08737856e-04 2.01679475e-04 1.94848925e-04 1.88239239e-04
 1.81843646e-04 1.75655573e-04 1.69668635e-04 1.63876631e-04
 1.58273541e-04 1.52853518e-04 1.47610887e-04 1.42540137e-04
 1.37635917e-04 1.32893036e-04 1.28306451e-04 1.23871271e-04
 1.19582746e-04 1.15436269e-04 1.11427367e-04 1.07551702e-04
 1.03805063e-04 1.00183365e-04 9.66826451e-05 9.32990586e-05
 9.00288762e-05 8.68684808e-05 8.38143639e-05 8.08631230e-05
 7.80114583e-05 7.52561701e-05 7.25941558e-05 7.00224069e-05
 6.75380069e-05 6.51381283e-05 6.28200301e-05 6.05810554e-05]",no_age_optimal,False,False,True,0,0,no_age_constraints_used,-125.29608146093112,-127.4238233225013,-123.16833959936093,1.0856025306350234,-1.3648679035176932,-1.3880456959910643,-1.3416901110443211,0.011825621621721186,-1.364844621129806,-1.3880220182283916,-1.3416672240312195,0.011825419896185041,0.16724964552688087,0.16317810002984168,0.1713861002555716,0.0020939225172540614,large,125.29608146093128,123.16833959936109,127.42382332250146,1.0856025306350237,1.364867903517695,1.3416901110443227,1.3880456959910659,0.011825621621721188,1.3648446211298078,1.341667224031221,1.388022018228393,0.011825419896185043,0.8327503544731194,0.8286138997444288,0.8368218999701587,0.0020939225172540593
0.11146,0.17086,0.143456,0.0102164176356896,568,100.0,"[0.11146  0.113935 0.11641  0.118885 0.12136  0.123835 0.12631  0.128785
 0.13126  0.133735 0.13621  0.138685 0.14116  0.143635 0.14611  0.148585
 0.15106  0.153535 0.15601  0.158485 0.16096  0.163435 0.16591  0.168385
 0.17086 ]","[ 0.17605634  0.17605634  0.52816901  0.52816901  1.76056338  2.28873239
  2.81690141  4.22535211  5.1056338   8.62676056  8.09859155  7.92253521
  8.09859155 10.03521127  9.15492958  8.27464789  6.69014085  5.63380282
  3.6971831   2.28873239  1.58450704  0.88028169  0.70422535  0.70422535]",0.0025,24,normal,0.1430888503521126,"[0.11146    0.11151946 0.11157892 0.11163838 0.11169784 0.1117573
 0.11181676 0.11187622 0.11193568 0.11199514 0.11205459 0.11211405
 0.11217351 0.11223297 0.11229243 0.11235189 0.11241135 0.11247081
 0.11253027 0.11258973 0.11264919 0.11270865 0.11276811 0.11282757
 0.11288703 0.11294649 0.11300595 0.11306541 0.11312486 0.11318432
 0.11324378 0.11330324 0.1133627  0.11342216 0.11348162 0.11354108
 0.11360054 0.11366    0.11371946 0.11377892 0.11383838 0.11389784
 0.1139573  0.11401676 0.11407622 0.11413568 0.11419514 0.11425459
 0.11431405 0.11437351 0.11443297 0.11449243 0.11455189 0.11461135
 0.11467081 0.11473027 0.11478973 0.11484919 0.11490865 0.11496811
 0.11502757 0.11508703 0.11514649 0.11520595 0.11526541 0.11532486
 0.11538432 0.11544378 0.11550324 0.1155627  0.11562216 0.11568162
 0.11574108 0.11580054 0.11586    0.11591946 0.11597892 0.11603838
 0.11609784 0.1161573  0.11621676 0.11627622 0.11633568 0.11639514
 0.11645459 0.11651405 0.11657351 0.11663297 0.11669243 0.11675189
 0.11681135 0.11687081 0.11693027 0.11698973 0.11704919 0.11710865
 0.11716811 0.11722757 0.11728703 0.11734649 0.11740595 0.11746541
 0.11752486 0.11758432 0.11764378 0.11770324 0.1177627  0.11782216
 0.11788162 0.11794108 0.11800054 0.11806    0.11811946 0.11817892
 0.11823838 0.11829784 0.1183573  0.11841676 0.11847622 0.11853568
 0.11859514 0.11865459 0.11871405 0.11877351 0.11883297 0.11889243
 0.11895189 0.11901135 0.11907081 0.11913027 0.11918973 0.11924919
 0.11930865 0.11936811 0.11942757 0.11948703 0.11954649 0.11960595
 0.11966541 0.11972486 0.11978432 0.11984378 0.11990324 0.1199627
 0.12002216 0.12008162 0.12014108 0.12020054 0.12026    0.12031946
 0.12037892 0.12043838 0.12049784 0.1205573  0.12061676 0.12067622
 0.12073568 0.12079514 0.12085459 0.12091405 0.12097351 0.12103297
 0.12109243 0.12115189 0.12121135 0.12127081 0.12133027 0.12138973
 0.12144919 0.12150865 0.12156811 0.12162757 0.12168703 0.12174649
 0.12180595 0.12186541 0.12192486 0.12198432 0.12204378 0.12210324
 0.1221627  0.12222216 0.12228162 0.12234108 0.12240054 0.12246
 0.12251946 0.12257892 0.12263838 0.12269784 0.1227573  0.12281676
 0.12287622 0.12293568 0.12299514 0.12305459 0.12311405 0.12317351
 0.12323297 0.12329243 0.12335189 0.12341135 0.12347081 0.12353027
 0.12358973 0.12364919 0.12370865 0.12376811 0.12382757 0.12388703
 0.12394649 0.12400595 0.12406541 0.12412486 0.12418432 0.12424378
 0.12430324 0.1243627  0.12442216 0.12448162 0.12454108 0.12460054
 0.12466    0.12471946 0.12477892 0.12483838 0.12489784 0.1249573
 0.12501676 0.12507622 0.12513568 0.12519514 0.12525459 0.12531405
 0.12537351 0.12543297 0.12549243 0.12555189 0.12561135 0.12567081
 0.12573027 0.12578973 0.12584919 0.12590865 0.12596811 0.12602757
 0.12608703 0.12614649 0.12620595 0.12626541 0.12632486 0.12638432
 0.12644378 0.12650324 0.1265627  0.12662216 0.12668162 0.12674108
 0.12680054 0.12686    0.12691946 0.12697892 0.12703838 0.12709784
 0.1271573  0.12721676 0.12727622 0.12733568 0.12739514 0.12745459
 0.12751405 0.12757351 0.12763297 0.12769243 0.12775189 0.12781135
 0.12787081 0.12793027 0.12798973 0.12804919 0.12810865 0.12816811
 0.12822757 0.12828703 0.12834649 0.12840595 0.12846541 0.12852486
 0.12858432 0.12864378 0.12870324 0.1287627  0.12882216 0.12888162
 0.12894108 0.12900054 0.12906    0.12911946 0.12917892 0.12923838
 0.12929784 0.1293573  0.12941676 0.12947622 0.12953568 0.12959514
 0.12965459 0.12971405 0.12977351 0.12983297 0.12989243 0.12995189
 0.13001135 0.13007081 0.13013027 0.13018973 0.13024919 0.13030865
 0.13036811 0.13042757 0.13048703 0.13054649 0.13060595 0.13066541
 0.13072486 0.13078432 0.13084378 0.13090324 0.1309627  0.13102216
 0.13108162 0.13114108 0.13120054 0.13126    0.13131946 0.13137892
 0.13143838 0.13149784 0.1315573  0.13161676 0.13167622 0.13173568
 0.13179514 0.13185459 0.13191405 0.13197351 0.13203297 0.13209243
 0.13215189 0.13221135 0.13227081 0.13233027 0.13238973 0.13244919
 0.13250865 0.13256811 0.13262757 0.13268703 0.13274649 0.13280595
 0.13286541 0.13292486 0.13298432 0.13304378 0.13310324 0.1331627
 0.13322216 0.13328162 0.13334108 0.13340054 0.13346    0.13351946
 0.13357892 0.13363838 0.13369784 0.1337573  0.13381676 0.13387622
 0.13393568 0.13399514 0.13405459 0.13411405 0.13417351 0.13423297
 0.13429243 0.13435189 0.13441135 0.13447081 0.13453027 0.13458973
 0.13464919 0.13470865 0.13476811 0.13482757 0.13488703 0.13494649
 0.13500595 0.13506541 0.13512486 0.13518432 0.13524378 0.13530324
 0.1353627  0.13542216 0.13548162 0.13554108 0.13560054 0.13566
 0.13571946 0.13577892 0.13583838 0.13589784 0.1359573  0.13601676
 0.13607622 0.13613568 0.13619514 0.13625459 0.13631405 0.13637351
 0.13643297 0.13649243 0.13655189 0.13661135 0.13667081 0.13673027
 0.13678973 0.13684919 0.13690865 0.13696811 0.13702757 0.13708703
 0.13714649 0.13720595 0.13726541 0.13732486 0.13738432 0.13744378
 0.13750324 0.1375627  0.13762216 0.13768162 0.13774108 0.13780054
 0.13786    0.13791946 0.13797892 0.13803838 0.13809784 0.1381573
 0.13821676 0.13827622 0.13833568 0.13839514 0.13845459 0.13851405
 0.13857351 0.13863297 0.13869243 0.13875189 0.13881135 0.13887081
 0.13893027 0.13898973 0.13904919 0.13910865 0.13916811 0.13922757
 0.13928703 0.13934649 0.13940595 0.13946541 0.13952486 0.13958432
 0.13964378 0.13970324 0.1397627  0.13982216 0.13988162 0.13994108
 0.14000054 0.14006    0.14011946 0.14017892 0.14023838 0.14029784
 0.1403573  0.14041676 0.14047622 0.14053568 0.14059514 0.14065459
 0.14071405 0.14077351 0.14083297 0.14089243 0.14095189 0.14101135
 0.14107081 0.14113027 0.14118973 0.14124919 0.14130865 0.14136811
 0.14142757 0.14148703 0.14154649 0.14160595 0.14166541 0.14172486
 0.14178432 0.14184378 0.14190324 0.1419627  0.14202216 0.14208162
 0.14214108 0.14220054 0.14226    0.14231946 0.14237892 0.14243838
 0.14249784 0.1425573  0.14261676 0.14267622 0.14273568 0.14279514
 0.14285459 0.14291405 0.14297351 0.14303297 0.14309243 0.14315189
 0.14321135 0.14327081 0.14333027 0.14338973 0.14344919 0.14350865
 0.14356811 0.14362757 0.14368703 0.14374649 0.14380595 0.14386541
 0.14392486 0.14398432 0.14404378 0.14410324 0.1441627  0.14422216
 0.14428162 0.14434108 0.14440054 0.14446    0.14451946 0.14457892
 0.14463838 0.14469784 0.1447573  0.14481676 0.14487622 0.14493568
 0.14499514 0.14505459 0.14511405 0.14517351 0.14523297 0.14529243
 0.14535189 0.14541135 0.14547081 0.14553027 0.14558973 0.14564919
 0.14570865 0.14576811 0.14582757 0.14588703 0.14594649 0.14600595
 0.14606541 0.14612486 0.14618432 0.14624378 0.14630324 0.1463627
 0.14642216 0.14648162 0.14654108 0.14660054 0.14666    0.14671946
 0.14677892 0.14683838 0.14689784 0.1469573  0.14701676 0.14707622
 0.14713568 0.14719514 0.14725459 0.14731405 0.14737351 0.14743297
 0.14749243 0.14755189 0.14761135 0.14767081 0.14773027 0.14778973
 0.14784919 0.14790865 0.14796811 0.14802757 0.14808703 0.14814649
 0.14820595 0.14826541 0.14832486 0.14838432 0.14844378 0.14850324
 0.1485627  0.14862216 0.14868162 0.14874108 0.14880054 0.14886
 0.14891946 0.14897892 0.14903838 0.14909784 0.1491573  0.14921676
 0.14927622 0.14933568 0.14939514 0.14945459 0.14951405 0.14957351
 0.14963297 0.14969243 0.14975189 0.14981135 0.14987081 0.14993027
 0.14998973 0.15004919 0.15010865 0.15016811 0.15022757 0.15028703
 0.15034649 0.15040595 0.15046541 0.15052486 0.15058432 0.15064378
 0.15070324 0.1507627  0.15082216 0.15088162 0.15094108 0.15100054
 0.15106    0.15111946 0.15117892 0.15123838 0.15129784 0.1513573
 0.15141676 0.15147622 0.15153568 0.15159514 0.15165459 0.15171405
 0.15177351 0.15183297 0.15189243 0.15195189 0.15201135 0.15207081
 0.15213027 0.15218973 0.15224919 0.15230865 0.15236811 0.15242757
 0.15248703 0.15254649 0.15260595 0.15266541 0.15272486 0.15278432
 0.15284378 0.15290324 0.1529627  0.15302216 0.15308162 0.15314108
 0.15320054 0.15326    0.15331946 0.15337892 0.15343838 0.15349784
 0.1535573  0.15361676 0.15367622 0.15373568 0.15379514 0.15385459
 0.15391405 0.15397351 0.15403297 0.15409243 0.15415189 0.15421135
 0.15427081 0.15433027 0.15438973 0.15444919 0.15450865 0.15456811
 0.15462757 0.15468703 0.15474649 0.15480595 0.15486541 0.15492486
 0.15498432 0.15504378 0.15510324 0.1551627  0.15522216 0.15528162
 0.15534108 0.15540054 0.15546    0.15551946 0.15557892 0.15563838
 0.15569784 0.1557573  0.15581676 0.15587622 0.15593568 0.15599514
 0.15605459 0.15611405 0.15617351 0.15623297 0.15629243 0.15635189
 0.15641135 0.15647081 0.15653027 0.15658973 0.15664919 0.15670865
 0.15676811 0.15682757 0.15688703 0.15694649 0.15700595 0.15706541
 0.15712486 0.15718432 0.15724378 0.15730324 0.1573627  0.15742216
 0.15748162 0.15754108 0.15760054 0.15766    0.15771946 0.15777892
 0.15783838 0.15789784 0.1579573  0.15801676 0.15807622 0.15813568
 0.15819514 0.15825459 0.15831405 0.15837351 0.15843297 0.15849243
 0.15855189 0.15861135 0.15867081 0.15873027 0.15878973 0.15884919
 0.15890865 0.15896811 0.15902757 0.15908703 0.15914649 0.15920595
 0.15926541 0.15932486 0.15938432 0.15944378 0.15950324 0.1595627
 0.15962216 0.15968162 0.15974108 0.15980054 0.15986    0.15991946
 0.15997892 0.16003838 0.16009784 0.1601573  0.16021676 0.16027622
 0.16033568 0.16039514 0.16045459 0.16051405 0.16057351 0.16063297
 0.16069243 0.16075189 0.16081135 0.16087081 0.16093027 0.16098973
 0.16104919 0.16110865 0.16116811 0.16122757 0.16128703 0.16134649
 0.16140595 0.16146541 0.16152486 0.16158432 0.16164378 0.16170324
 0.1617627  0.16182216 0.16188162 0.16194108 0.16200054 0.16206
 0.16211946 0.16217892 0.16223838 0.16229784 0.1623573  0.16241676
 0.16247622 0.16253568 0.16259514 0.16265459 0.16271405 0.16277351
 0.16283297 0.16289243 0.16295189 0.16301135 0.16307081 0.16313027
 0.16318973 0.16324919 0.16330865 0.16336811 0.16342757 0.16348703
 0.16354649 0.16360595 0.16366541 0.16372486 0.16378432 0.16384378
 0.16390324 0.1639627  0.16402216 0.16408162 0.16414108 0.16420054
 0.16426    0.16431946 0.16437892 0.16443838 0.16449784 0.1645573
 0.16461676 0.16467622 0.16473568 0.16479514 0.16485459 0.16491405
 0.16497351 0.16503297 0.16509243 0.16515189 0.16521135 0.16527081
 0.16533027 0.16538973 0.16544919 0.16550865 0.16556811 0.16562757
 0.16568703 0.16574649 0.16580595 0.16586541 0.16592486 0.16598432
 0.16604378 0.16610324 0.1661627  0.16622216 0.16628162 0.16634108
 0.16640054 0.16646    0.16651946 0.16657892 0.16663838 0.16669784
 0.1667573  0.16681676 0.16687622 0.16693568 0.16699514 0.16705459
 0.16711405 0.16717351 0.16723297 0.16729243 0.16735189 0.16741135
 0.16747081 0.16753027 0.16758973 0.16764919 0.16770865 0.16776811
 0.16782757 0.16788703 0.16794649 0.16800595 0.16806541 0.16812486
 0.16818432 0.16824378 0.16830324 0.1683627  0.16842216 0.16848162
 0.16854108 0.16860054 0.16866    0.16871946 0.16877892 0.16883838
 0.16889784 0.1689573  0.16901676 0.16907622 0.16913568 0.16919514
 0.16925459 0.16931405 0.16937351 0.16943297 0.16949243 0.16955189
 0.16961135 0.16967081 0.16973027 0.16978973 0.16984919 0.16990865
 0.16996811 0.17002757 0.17008703 0.17014649 0.17020595 0.17026541
 0.17032486 0.17038432 0.17044378 0.17050324 0.1705627  0.17062216
 0.17068162 0.17074108 0.17080054 0.17086   ]","[0.08015646 0.08161243 0.08309203 0.08459559 0.08612344 0.08767591
 0.08925335 0.09085609 0.09248447 0.09413885 0.09581958 0.09752702
 0.09926152 0.10102344 0.10281315 0.10463103 0.10647745 0.10835277
 0.11025739 0.11219169 0.11415606 0.11615089 0.11817657 0.12023351
 0.12232211 0.12444277 0.12659591 0.12878194 0.13100129 0.13325436
 0.1355416  0.13786342 0.14022027 0.14261258 0.14504079 0.14750535
 0.15000671 0.15254531 0.15512163 0.15773611 0.16038922 0.16308144
 0.16581323 0.16858507 0.17139743 0.17425082 0.1771457  0.18008258
 0.18306195 0.18608431 0.18915016 0.19226    0.19541436 0.19861375
 0.20185868 0.20514967 0.20848726 0.21187196 0.21530433 0.21878489
 0.22231418 0.22589276 0.22952116 0.23319995 0.23692968 0.2407109
 0.24454419 0.2484301  0.25236922 0.25636211 0.26040936 0.26451154
 0.26866924 0.27288305 0.27715356 0.28148136 0.28586707 0.29031127
 0.29481458 0.2993776  0.30400095 0.30868524 0.3134311  0.31823914
 0.32310999 0.32804428 0.33304265 0.33810572 0.34323413 0.34842853
 0.35368956 0.35901787 0.3644141  0.36987892 0.37541297 0.38101691
 0.3866914  0.39243712 0.39825471 0.40414486 0.41010824 0.4161455
 0.42225735 0.42844444 0.43470746 0.4410471  0.44746403 0.45395895
 0.46053255 0.46718551 0.47391852 0.48073229 0.4876275  0.49460487
 0.50166507 0.50880882 0.51603682 0.52334977 0.53074838 0.53823335
 0.54580539 0.55346521 0.56121351 0.56905102 0.57697843 0.58499647
 0.59310583 0.60130725 0.60960142 0.61798906 0.6264709  0.63504763
 0.64371998 0.65248866 0.66135439 0.67031787 0.67937982 0.68854096
 0.69780199 0.70716364 0.7166266  0.7261916  0.73585934 0.74563053
 0.75550587 0.76548607 0.77557185 0.78576389 0.79606291 0.8064696
 0.81698465 0.82760878 0.83834266 0.84918699 0.86014247 0.87120977
 0.88238959 0.8936826  0.90508948 0.91661091 0.92824756 0.9400001
 0.95186919 0.96385551 0.9759597  0.98818243 1.00052434 1.01298608
 1.0255683  1.03827163 1.05109671 1.06404416 1.07711462 1.0903087
 1.10362702 1.11707018 1.1306388  1.14433347 1.15815478 1.17210333
 1.18617968 1.20038443 1.21471814 1.22918136 1.24377467 1.25849861
 1.27335371 1.28834052 1.30345957 1.31871138 1.33409646 1.34961532
 1.36526845 1.38105636 1.39697951 1.41303839 1.42923346 1.44556518
 1.462034   1.47864036 1.49538468 1.5122674  1.52928891 1.54644964
 1.56374996 1.58119026 1.59877091 1.61649229 1.63435473 1.65235859
 1.67050419 1.68879185 1.70722189 1.7257946  1.74451026 1.76336917
 1.78237157 1.80151772 1.82080787 1.84024223 1.85982103 1.87954446
 1.89941273 1.919426   1.93958444 1.95988821 1.98033744 2.00093226
 2.02167277 2.04255909 2.06359128 2.08476942 2.10609358 2.12756377
 2.14918005 2.17094241 2.19285086 2.21490538 2.23710593 2.25945246
 2.28194493 2.30458324 2.3273673  2.350297   2.37337221 2.3965928
 2.41995861 2.44346945 2.46712514 2.49092548 2.51487022 2.53895915
 2.56319198 2.58756846 2.61208829 2.63675114 2.66155671 2.68650464
 2.71159457 2.73682611 2.76219887 2.78771243 2.81336636 2.83916019
 2.86509347 2.89116568 2.91737634 2.9437249  2.97021082 2.99683354
 3.02359246 3.05048698 3.07751649 3.10468033 3.13197785 3.15940836
 3.18697116 3.21466552 3.24249072 3.27044598 3.29853053 3.32674356
 3.35508427 3.38355179 3.41214528 3.44086386 3.46970662 3.49867264
 3.52776098 3.55697068 3.58630075 3.6157502  3.64531801 3.67500312
 3.70480447 3.73472098 3.76475155 3.79489505 3.82515033 3.85551622
 3.88599155 3.9165751  3.94726564 3.97806193 4.00896269 4.03996663
 4.07107246 4.10227882 4.13358438 4.16498776 4.19648757 4.22808239
 4.2597708  4.29155134 4.32342253 4.35538288 4.38743088 4.419565
 4.45178368 4.48408534 4.51646839 4.54893122 4.5814722  4.61408966
 4.64678195 4.67954735 4.71238418 4.74529068 4.77826512 4.81130572
 4.84441069 4.87757823 4.91080651 4.94409369 4.9774379  5.01083726
 5.04428987 5.07779381 5.11134714 5.14494792 5.17859417 5.21228389
 5.2460151  5.27978575 5.3135938  5.34743721 5.3813139  5.41522177
 5.44915871 5.48312261 5.51711131 5.55112268 5.58515453 5.61920468
 5.65327092 5.68735104 5.72144281 5.75554398 5.78965229 5.82376546
 5.8578812  5.89199722 5.9261112  5.96022079 5.99432368 6.02841749
 6.06249986 6.09656841 6.13062076 6.16465448 6.19866718 6.23265641
 6.26661976 6.30055476 6.33445895 6.36832988 6.40216506 6.43596201
 6.46971821 6.50343118 6.53709839 6.57071733 6.60428545 6.63780022
 6.67125909 6.70465951 6.73799892 6.77127475 6.80448443 6.83762537
 6.870695   6.90369071 6.93660992 6.96945003 7.00220843 7.0348825
 7.06746965 7.09996726 7.1323727  7.16468335 7.1968966  7.22900981
 7.26102037 7.29292563 7.32472299 7.35640979 7.38798342 7.41944125
 7.45078064 7.48199898 7.51309363 7.54406196 7.57490136 7.6056092
 7.63618288 7.66661976 7.69691724 7.72707272 7.75708359 7.78694725
 7.81666111 7.84622258 7.87562907 7.90487802 7.93396685 7.96289299
 7.99165389 8.02024701 8.04866979 8.07691972 8.10499425 8.13289089
 8.16060713 8.18814046 8.2154884  8.24264849 8.26961824 8.29639522
 8.32297699 8.3493611  8.37554514 8.40152672 8.42730344 8.45287292
 8.4782328  8.50338073 8.52831437 8.55303141 8.57752953 8.60180646
 8.62585992 8.64968765 8.67328741 8.69665698 8.71979415 8.74269674
 8.76536257 8.7877895  8.80997539 8.83191813 8.85361563 8.8750658
 8.8962666  8.917216   8.93791197 8.95835253 8.97853571 8.99845956
 9.01812215 9.03752158 9.05665597 9.07552345 9.0941222  9.11245039
 9.13050625 9.148288   9.16579392 9.18302228 9.19997139 9.21663959
 9.23302524 9.24912672 9.26494246 9.28047088 9.29571046 9.31065968
 9.32531707 9.33968118 9.35375057 9.36752384 9.38099964 9.39417662
 9.40705346 9.41962888 9.43190163 9.44387048 9.45553423 9.46689171
 9.47794179 9.48868336 9.49911534 9.50923669 9.51904638 9.52854343
 9.53772689 9.54659583 9.55514935 9.5633866  9.57130675 9.57890898
 9.58619254 9.5931567  9.59980074 9.60612399 9.61212582 9.61780562
 9.62316281 9.62819684 9.63290722 9.63729346 9.64135511 9.64509178
 9.64850306 9.65158863 9.65434816 9.65678138 9.65888803 9.66066792
 9.66212084 9.66324666 9.66404527 9.66451658 9.66466053 9.66447713
 9.66396639 9.66312835 9.66196311 9.66047078 9.65865152 9.6565055
 9.65403295 9.65123412 9.64810929 9.64465878 9.64088295 9.63678216
 9.63235684 9.62760744 9.62253444 9.61713835 9.61141972 9.60537913
 9.59901719 9.59233455 9.58533187 9.57800987 9.57036929 9.5624109
 9.5541355  9.54554392 9.53663704 9.52741575 9.51788098 9.50803368
 9.49787485 9.48740551 9.47662671 9.46553954 9.45414509 9.44244452
 9.43043899 9.41812971 9.4055179  9.39260483 9.37939178 9.36588006
 9.35207103 9.33796606 9.32356654 9.30887391 9.29388963 9.27861516
 9.26305204 9.24720179 9.23106598 9.2146462  9.19794407 9.18096122
 9.16369934 9.14616009 9.12834522 9.11025645 9.09189557 9.07326434
 9.0543646  9.03519819 9.01576695 8.99607278 8.97611758 8.95590328
 8.93543184 8.91470523 8.89372544 8.87249448 8.8510144  8.82928725
 8.8073151  8.78510005 8.76264423 8.73994975 8.71701878 8.69385349
 8.67045607 8.64682873 8.62297368 8.59889318 8.57458948 8.55006485
 8.52532159 8.50036201 8.47518842 8.44980316 8.42420858 8.39840706
 8.37240096 8.34619268 8.31978462 8.29317921 8.26637887 8.23938605
 8.2122032  8.18483279 8.15727729 8.12953919 8.10162098 8.07352518
 8.04525429 8.01681085 7.98819738 7.95941644 7.93047056 7.9013623
 7.87209424 7.84266893 7.81308897 7.78335692 7.75347539 7.72344696
 7.69327423 7.66295981 7.63250631 7.60191633 7.5711925  7.54033742
 7.50935373 7.47824404 7.44701098 7.41565718 7.38418526 7.35259785
 7.32089759 7.28908709 7.257169   7.22514594 7.19302053 7.16079541
 7.12847319 7.09605651 7.06354798 7.03095022 6.99826584 6.96549746
 6.93264769 6.89971912 6.86671437 6.83363601 6.80048665 6.76726886
 6.73398524 6.70063834 6.66723074 6.633765   6.60024366 6.56666928
 6.5330444  6.49937154 6.46565323 6.43189198 6.3980903  6.36425068
 6.33037561 6.29646757 6.26252903 6.22856244 6.19457024 6.16055489
 6.12651879 6.09246437 6.05839402 6.02431015 5.99021512 5.9561113
 5.92200105 5.88788671 5.8537706  5.81965504 5.78554234 5.75143477
 5.71733461 5.68324413 5.64916556 5.61510114 5.58105308 5.54702358
 5.51301483 5.479029   5.44506824 5.41113469 5.37723046 5.34335768
 5.30951842 5.27571476 5.24194876 5.20822244 5.17453785 5.14089698
 5.10730181 5.07375432 5.04025646 5.00681017 4.97341736 4.94007992
 4.90679974 4.87357868 4.84041858 4.80732127 4.77428855 4.7413222
 4.708424   4.67559569 4.642839   4.61015565 4.57754731 4.54501566
 4.51256236 4.48018903 4.44789728 4.41568871 4.38356489 4.35152736
 4.31957767 4.28771733 4.25594781 4.2242706  4.19268715 4.16119889
 4.12980722 4.09851354 4.06731922 4.0362256  4.00523402 3.97434578
 3.94356216 3.91288445 3.88231388 3.85185167 3.82149904 3.79125717
 3.76112722 3.73111033 3.70120764 3.67142023 3.6417492  3.6121956
 3.58276048 3.55344486 3.52424973 3.49517607 3.46622486 3.43739701
 3.40869346 3.3801151  3.35166281 3.32333745 3.29513985 3.26707084
 3.2391312  3.21132173 3.18364318 3.15609628 3.12868176 3.10140032
 3.07425262 3.04723935 3.02036113 2.99361858 2.96701232 2.94054292
 2.91421095 2.88801695 2.86196144 2.83604494 2.81026794 2.78463091
 2.75913429 2.73377852 2.70856402 2.68349118 2.65856038 2.63377199
 2.60912635 2.58462378 2.5602646  2.53604909 2.51197752 2.48805016
 2.46426724 2.44062899 2.41713562 2.3937873  2.37058422 2.34752653
 2.32461437 2.30184786 2.27922712 2.25675224 2.23442329 2.21224033
 2.19020341 2.16831256 2.1465678  2.12496913 2.10351653 2.08220997
 2.06104942 2.0400348  2.01916606 1.99844311 1.97786584 1.95743414
 1.93714789 1.91700695 1.89701116 1.87716035 1.85745435 1.83789297
 1.818476   1.79920321 1.78007439 1.76108929 1.74224766 1.72354923
 1.70499373 1.68658086 1.66831034 1.65018183 1.63219503 1.6143496
 1.5966452  1.57908148 1.56165806 1.54437458 1.52723065 1.51022588
 1.49335987 1.47663219 1.46004243 1.44359015 1.42727492 1.41109628
 1.39505378 1.37914695 1.36337531 1.34773838 1.33223566 1.31686667
 1.30163088 1.28652779 1.27155688 1.25671761 1.24200944 1.22743184
 1.21298424 1.19866611 1.18447686 1.17041593 1.15648275 1.14267673
 1.12899728 1.11544381 1.10201572 1.0887124  1.07553325 1.06247764
 1.04954497 1.03673459 1.02404589 1.01147822 0.99903095 0.98670343
 0.97449502 0.96240507 0.95043291 0.93857789 0.92683935 0.91521662
 0.90370903 0.8923159  0.88103657 0.86987035 0.85881655 0.8478745
 0.83704352 0.82632289 0.81571195 0.80520998 0.79481631 0.78453022
 0.77435101 0.764278   0.75431046 0.74444771 0.73468902 0.7250337
 0.71548104 0.70603032 0.69668083 0.68743187 0.67828272 0.66923267
 0.66028101 0.65142701 0.64266998 0.63400918 0.62544392 0.61697348
 0.60859713 0.60031417 0.59212389 0.58402556 0.57601848 0.56810194
 0.56027522 0.55253762 0.54488841 0.5373269  0.52985237 0.52246412
 0.51516145 0.50794363 0.50080999 0.4937598  0.48679237 0.47990701
 0.47310301 0.46637968 0.45973632 0.45317224 0.44668675 0.44027916
 0.43394879 0.42769496 0.42151697 0.41541415 0.40938582 0.4034313
 0.39754993 0.39174103 0.38600393 0.38033797 0.37474249 0.36921682
 0.3637603  0.35837229 0.35305212 0.34779915 0.34261273 0.33749223
 0.33243699 0.32744638 0.32251976 0.31765651 0.312856   0.30811759
 0.30344067 0.29882463 0.29426883 0.28977268 0.28533555 0.28095686
 0.27663599 0.27237234 0.26816532 0.26401434 0.25991881 0.25587815
 0.25189177 0.24795909 0.24407955 0.24025256]",restricted_age_optimal,True,True,True,10,1,constraints_[1]_remained,-39.29714176008997,-41.279786575235846,-37.314496944944096,1.0115720649893196,-1.6631720646876416,-1.7470834975058247,-1.579260631869458,0.04281274221366617,-1.6631344587651213,-1.7470439942649763,-1.579224923265266,0.0428117741763231,0.11979470998561914,0.10835075846758957,0.13206544662387243,0.006048419400933286,large,39.297141760089985,37.31449694494411,41.27978657523586,1.0115720649893196,1.6631720646876424,1.5792606318694586,1.7470834975058254,0.04281274221366617,1.6631344587651222,1.5792249232652666,1.747043994264977,0.0428117741763231,0.8802052900143811,0.8679345533761276,0.8916492415324104,0.006048419400933282
0.101199,0.164245,0.1320609999999999,0.0107467804694974,3804,100.0,"[0.101199   0.10362385 0.10604869 0.10847354 0.11089838 0.11332323
 0.11574808 0.11817292 0.12059777 0.12302262 0.12544746 0.12787231
 0.13029715 0.132722   0.13514685 0.13757169 0.13999654 0.14242138
 0.14484623 0.14727108 0.14969592 0.15212077 0.15454562 0.15697046
 0.15939531 0.16182015 0.164245  ]","[0.2891693  0.36803365 0.36803365 1.15667718 2.12933754 2.73396425
 2.94426919 5.07360673 5.80967403 6.6508938  7.22923239 8.75394322
 8.80651945 8.07045216 8.25446898 7.70241851 6.09884332 5.09989485
 4.46898002 3.20715037 1.65615142 1.4721346  0.99894848 0.42060988
 0.13144059 0.10515247]",0.0025,26,normal,0.132077306256572,"[0.101199   0.10126211 0.10132522 0.10138833 0.10145144 0.10151455
 0.10157765 0.10164076 0.10170387 0.10176698 0.10183009 0.1018932
 0.10195631 0.10201942 0.10208253 0.10214564 0.10220875 0.10227185
 0.10233496 0.10239807 0.10246118 0.10252429 0.1025874  0.10265051
 0.10271362 0.10277673 0.10283984 0.10290295 0.10296606 0.10302916
 0.10309227 0.10315538 0.10321849 0.1032816  0.10334471 0.10340782
 0.10347093 0.10353404 0.10359715 0.10366026 0.10372336 0.10378647
 0.10384958 0.10391269 0.1039758  0.10403891 0.10410202 0.10416513
 0.10422824 0.10429135 0.10435446 0.10441756 0.10448067 0.10454378
 0.10460689 0.10467    0.10473311 0.10479622 0.10485933 0.10492244
 0.10498555 0.10504866 0.10511176 0.10517487 0.10523798 0.10530109
 0.1053642  0.10542731 0.10549042 0.10555353 0.10561664 0.10567975
 0.10574286 0.10580596 0.10586907 0.10593218 0.10599529 0.1060584
 0.10612151 0.10618462 0.10624773 0.10631084 0.10637395 0.10643706
 0.10650017 0.10656327 0.10662638 0.10668949 0.1067526  0.10681571
 0.10687882 0.10694193 0.10700504 0.10706815 0.10713126 0.10719437
 0.10725747 0.10732058 0.10738369 0.1074468  0.10750991 0.10757302
 0.10763613 0.10769924 0.10776235 0.10782546 0.10788857 0.10795167
 0.10801478 0.10807789 0.108141   0.10820411 0.10826722 0.10833033
 0.10839344 0.10845655 0.10851966 0.10858277 0.10864587 0.10870898
 0.10877209 0.1088352  0.10889831 0.10896142 0.10902453 0.10908764
 0.10915075 0.10921386 0.10927697 0.10934008 0.10940318 0.10946629
 0.1095294  0.10959251 0.10965562 0.10971873 0.10978184 0.10984495
 0.10990806 0.10997117 0.11003428 0.11009738 0.11016049 0.1102236
 0.11028671 0.11034982 0.11041293 0.11047604 0.11053915 0.11060226
 0.11066537 0.11072848 0.11079158 0.11085469 0.1109178  0.11098091
 0.11104402 0.11110713 0.11117024 0.11123335 0.11129646 0.11135957
 0.11142268 0.11148578 0.11154889 0.111612   0.11167511 0.11173822
 0.11180133 0.11186444 0.11192755 0.11199066 0.11205377 0.11211688
 0.11217998 0.11224309 0.1123062  0.11236931 0.11243242 0.11249553
 0.11255864 0.11262175 0.11268486 0.11274797 0.11281108 0.11287419
 0.11293729 0.1130004  0.11306351 0.11312662 0.11318973 0.11325284
 0.11331595 0.11337906 0.11344217 0.11350528 0.11356839 0.11363149
 0.1136946  0.11375771 0.11382082 0.11388393 0.11394704 0.11401015
 0.11407326 0.11413637 0.11419948 0.11426259 0.11432569 0.1143888
 0.11445191 0.11451502 0.11457813 0.11464124 0.11470435 0.11476746
 0.11483057 0.11489368 0.11495679 0.11501989 0.115083   0.11514611
 0.11520922 0.11527233 0.11533544 0.11539855 0.11546166 0.11552477
 0.11558788 0.11565099 0.1157141  0.1157772  0.11584031 0.11590342
 0.11596653 0.11602964 0.11609275 0.11615586 0.11621897 0.11628208
 0.11634519 0.1164083  0.1164714  0.11653451 0.11659762 0.11666073
 0.11672384 0.11678695 0.11685006 0.11691317 0.11697628 0.11703939
 0.1171025  0.1171656  0.11722871 0.11729182 0.11735493 0.11741804
 0.11748115 0.11754426 0.11760737 0.11767048 0.11773359 0.1177967
 0.1178598  0.11792291 0.11798602 0.11804913 0.11811224 0.11817535
 0.11823846 0.11830157 0.11836468 0.11842779 0.1184909  0.11855401
 0.11861711 0.11868022 0.11874333 0.11880644 0.11886955 0.11893266
 0.11899577 0.11905888 0.11912199 0.1191851  0.11924821 0.11931131
 0.11937442 0.11943753 0.11950064 0.11956375 0.11962686 0.11968997
 0.11975308 0.11981619 0.1198793  0.11994241 0.12000551 0.12006862
 0.12013173 0.12019484 0.12025795 0.12032106 0.12038417 0.12044728
 0.12051039 0.1205735  0.12063661 0.12069971 0.12076282 0.12082593
 0.12088904 0.12095215 0.12101526 0.12107837 0.12114148 0.12120459
 0.1212677  0.12133081 0.12139391 0.12145702 0.12152013 0.12158324
 0.12164635 0.12170946 0.12177257 0.12183568 0.12189879 0.1219619
 0.12202501 0.12208812 0.12215122 0.12221433 0.12227744 0.12234055
 0.12240366 0.12246677 0.12252988 0.12259299 0.1226561  0.12271921
 0.12278232 0.12284542 0.12290853 0.12297164 0.12303475 0.12309786
 0.12316097 0.12322408 0.12328719 0.1233503  0.12341341 0.12347652
 0.12353962 0.12360273 0.12366584 0.12372895 0.12379206 0.12385517
 0.12391828 0.12398139 0.1240445  0.12410761 0.12417072 0.12423382
 0.12429693 0.12436004 0.12442315 0.12448626 0.12454937 0.12461248
 0.12467559 0.1247387  0.12480181 0.12486492 0.12492803 0.12499113
 0.12505424 0.12511735 0.12518046 0.12524357 0.12530668 0.12536979
 0.1254329  0.12549601 0.12555912 0.12562223 0.12568533 0.12574844
 0.12581155 0.12587466 0.12593777 0.12600088 0.12606399 0.1261271
 0.12619021 0.12625332 0.12631643 0.12637953 0.12644264 0.12650575
 0.12656886 0.12663197 0.12669508 0.12675819 0.1268213  0.12688441
 0.12694752 0.12701063 0.12707373 0.12713684 0.12719995 0.12726306
 0.12732617 0.12738928 0.12745239 0.1275155  0.12757861 0.12764172
 0.12770483 0.12776793 0.12783104 0.12789415 0.12795726 0.12802037
 0.12808348 0.12814659 0.1282097  0.12827281 0.12833592 0.12839903
 0.12846214 0.12852524 0.12858835 0.12865146 0.12871457 0.12877768
 0.12884079 0.1289039  0.12896701 0.12903012 0.12909323 0.12915634
 0.12921944 0.12928255 0.12934566 0.12940877 0.12947188 0.12953499
 0.1295981  0.12966121 0.12972432 0.12978743 0.12985054 0.12991364
 0.12997675 0.13003986 0.13010297 0.13016608 0.13022919 0.1302923
 0.13035541 0.13041852 0.13048163 0.13054474 0.13060784 0.13067095
 0.13073406 0.13079717 0.13086028 0.13092339 0.1309865  0.13104961
 0.13111272 0.13117583 0.13123894 0.13130205 0.13136515 0.13142826
 0.13149137 0.13155448 0.13161759 0.1316807  0.13174381 0.13180692
 0.13187003 0.13193314 0.13199625 0.13205935 0.13212246 0.13218557
 0.13224868 0.13231179 0.1323749  0.13243801 0.13250112 0.13256423
 0.13262734 0.13269045 0.13275355 0.13281666 0.13287977 0.13294288
 0.13300599 0.1330691  0.13313221 0.13319532 0.13325843 0.13332154
 0.13338465 0.13344775 0.13351086 0.13357397 0.13363708 0.13370019
 0.1337633  0.13382641 0.13388952 0.13395263 0.13401574 0.13407885
 0.13414195 0.13420506 0.13426817 0.13433128 0.13439439 0.1344575
 0.13452061 0.13458372 0.13464683 0.13470994 0.13477305 0.13483616
 0.13489926 0.13496237 0.13502548 0.13508859 0.1351517  0.13521481
 0.13527792 0.13534103 0.13540414 0.13546725 0.13553036 0.13559346
 0.13565657 0.13571968 0.13578279 0.1358459  0.13590901 0.13597212
 0.13603523 0.13609834 0.13616145 0.13622456 0.13628766 0.13635077
 0.13641388 0.13647699 0.1365401  0.13660321 0.13666632 0.13672943
 0.13679254 0.13685565 0.13691876 0.13698186 0.13704497 0.13710808
 0.13717119 0.1372343  0.13729741 0.13736052 0.13742363 0.13748674
 0.13754985 0.13761296 0.13767607 0.13773917 0.13780228 0.13786539
 0.1379285  0.13799161 0.13805472 0.13811783 0.13818094 0.13824405
 0.13830716 0.13837027 0.13843337 0.13849648 0.13855959 0.1386227
 0.13868581 0.13874892 0.13881203 0.13887514 0.13893825 0.13900136
 0.13906447 0.13912757 0.13919068 0.13925379 0.1393169  0.13938001
 0.13944312 0.13950623 0.13956934 0.13963245 0.13969556 0.13975867
 0.13982177 0.13988488 0.13994799 0.1400111  0.14007421 0.14013732
 0.14020043 0.14026354 0.14032665 0.14038976 0.14045287 0.14051597
 0.14057908 0.14064219 0.1407053  0.14076841 0.14083152 0.14089463
 0.14095774 0.14102085 0.14108396 0.14114707 0.14121018 0.14127328
 0.14133639 0.1413995  0.14146261 0.14152572 0.14158883 0.14165194
 0.14171505 0.14177816 0.14184127 0.14190438 0.14196748 0.14203059
 0.1420937  0.14215681 0.14221992 0.14228303 0.14234614 0.14240925
 0.14247236 0.14253547 0.14259858 0.14266168 0.14272479 0.1427879
 0.14285101 0.14291412 0.14297723 0.14304034 0.14310345 0.14316656
 0.14322967 0.14329278 0.14335588 0.14341899 0.1434821  0.14354521
 0.14360832 0.14367143 0.14373454 0.14379765 0.14386076 0.14392387
 0.14398698 0.14405009 0.14411319 0.1441763  0.14423941 0.14430252
 0.14436563 0.14442874 0.14449185 0.14455496 0.14461807 0.14468118
 0.14474429 0.14480739 0.1448705  0.14493361 0.14499672 0.14505983
 0.14512294 0.14518605 0.14524916 0.14531227 0.14537538 0.14543849
 0.14550159 0.1455647  0.14562781 0.14569092 0.14575403 0.14581714
 0.14588025 0.14594336 0.14600647 0.14606958 0.14613269 0.14619579
 0.1462589  0.14632201 0.14638512 0.14644823 0.14651134 0.14657445
 0.14663756 0.14670067 0.14676378 0.14682689 0.14688999 0.1469531
 0.14701621 0.14707932 0.14714243 0.14720554 0.14726865 0.14733176
 0.14739487 0.14745798 0.14752109 0.1475842  0.1476473  0.14771041
 0.14777352 0.14783663 0.14789974 0.14796285 0.14802596 0.14808907
 0.14815218 0.14821529 0.1482784  0.1483415  0.14840461 0.14846772
 0.14853083 0.14859394 0.14865705 0.14872016 0.14878327 0.14884638
 0.14890949 0.1489726  0.1490357  0.14909881 0.14916192 0.14922503
 0.14928814 0.14935125 0.14941436 0.14947747 0.14954058 0.14960369
 0.1496668  0.1497299  0.14979301 0.14985612 0.14991923 0.14998234
 0.15004545 0.15010856 0.15017167 0.15023478 0.15029789 0.150361
 0.15042411 0.15048721 0.15055032 0.15061343 0.15067654 0.15073965
 0.15080276 0.15086587 0.15092898 0.15099209 0.1510552  0.15111831
 0.15118141 0.15124452 0.15130763 0.15137074 0.15143385 0.15149696
 0.15156007 0.15162318 0.15168629 0.1517494  0.15181251 0.15187561
 0.15193872 0.15200183 0.15206494 0.15212805 0.15219116 0.15225427
 0.15231738 0.15238049 0.1524436  0.15250671 0.15256981 0.15263292
 0.15269603 0.15275914 0.15282225 0.15288536 0.15294847 0.15301158
 0.15307469 0.1531378  0.15320091 0.15326402 0.15332712 0.15339023
 0.15345334 0.15351645 0.15357956 0.15364267 0.15370578 0.15376889
 0.153832   0.15389511 0.15395822 0.15402132 0.15408443 0.15414754
 0.15421065 0.15427376 0.15433687 0.15439998 0.15446309 0.1545262
 0.15458931 0.15465242 0.15471552 0.15477863 0.15484174 0.15490485
 0.15496796 0.15503107 0.15509418 0.15515729 0.1552204  0.15528351
 0.15534662 0.15540972 0.15547283 0.15553594 0.15559905 0.15566216
 0.15572527 0.15578838 0.15585149 0.1559146  0.15597771 0.15604082
 0.15610392 0.15616703 0.15623014 0.15629325 0.15635636 0.15641947
 0.15648258 0.15654569 0.1566088  0.15667191 0.15673502 0.15679813
 0.15686123 0.15692434 0.15698745 0.15705056 0.15711367 0.15717678
 0.15723989 0.157303   0.15736611 0.15742922 0.15749233 0.15755543
 0.15761854 0.15768165 0.15774476 0.15780787 0.15787098 0.15793409
 0.1579972  0.15806031 0.15812342 0.15818653 0.15824963 0.15831274
 0.15837585 0.15843896 0.15850207 0.15856518 0.15862829 0.1586914
 0.15875451 0.15881762 0.15888073 0.15894383 0.15900694 0.15907005
 0.15913316 0.15919627 0.15925938 0.15932249 0.1593856  0.15944871
 0.15951182 0.15957493 0.15963804 0.15970114 0.15976425 0.15982736
 0.15989047 0.15995358 0.16001669 0.1600798  0.16014291 0.16020602
 0.16026913 0.16033224 0.16039534 0.16045845 0.16052156 0.16058467
 0.16064778 0.16071089 0.160774   0.16083711 0.16090022 0.16096333
 0.16102644 0.16108954 0.16115265 0.16121576 0.16127887 0.16134198
 0.16140509 0.1614682  0.16153131 0.16159442 0.16165753 0.16172064
 0.16178374 0.16184685 0.16190996 0.16197307 0.16203618 0.16209929
 0.1621624  0.16222551 0.16228862 0.16235173 0.16241484 0.16247794
 0.16254105 0.16260416 0.16266727 0.16273038 0.16279349 0.1628566
 0.16291971 0.16298282 0.16304593 0.16310904 0.16317215 0.16323525
 0.16329836 0.16336147 0.16342458 0.16348769 0.1635508  0.16361391
 0.16367702 0.16374013 0.16380324 0.16386635 0.16392945 0.16399256
 0.16405567 0.16411878 0.16418189 0.164245  ]","[0.14508708 0.14755334 0.15005635 0.15259655 0.15517441 0.15779037
 0.1604449  0.16313846 0.16587152 0.16864455 0.17145803 0.17431243
 0.17720825 0.18014595 0.18312605 0.18614902 0.18921537 0.19232559
 0.1954802  0.19867971 0.20192461 0.20521544 0.2085527  0.21193693
 0.21536865 0.21884839 0.22237668 0.22595406 0.22958108 0.23325827
 0.23698619 0.24076538 0.2445964  0.24847982 0.25241618 0.25640607
 0.26045004 0.26454866 0.26870252 0.27291219 0.27717825 0.28150129
 0.2858819  0.29032066 0.29481818 0.29937504 0.30399185 0.30866922
 0.31340775 0.31820805 0.32307073 0.32799641 0.3329857  0.33803924
 0.34315763 0.34834151 0.3535915  0.35890825 0.36429237 0.36974451
 0.37526531 0.38085541 0.38651546 0.39224609 0.39804796 0.40392172
 0.40986802 0.41588752 0.42198087 0.42814873 0.43439176 0.44071063
 0.44710599 0.45357852 0.46012889 0.46675775 0.47346578 0.48025366
 0.48712206 0.49407164 0.50110309 0.50821708 0.5154143  0.52269541
 0.53006111 0.53751206 0.54504895 0.55267246 0.56038328 0.56818209
 0.57606956 0.58404639 0.59211325 0.60027083 0.60851981 0.61686088
 0.62529472 0.63382201 0.64244343 0.65115967 0.65997141 0.66887932
 0.67788409 0.68698639 0.69618691 0.70548632 0.71488529 0.7243845
 0.73398462 0.74368633 0.75349029 0.76339716 0.77340762 0.78352233
 0.79374194 0.80406712 0.81449853 0.82503682 0.83568263 0.84643662
 0.85729944 0.86827172 0.87935411 0.89054724 0.90185175 0.91326825
 0.92479739 0.93643978 0.94819604 0.96006677 0.9720526  0.98415413
 0.99637196 1.00870667 1.02115888 1.03372915 1.04641807 1.05922622
 1.07215417 1.08520248 1.09837172 1.11166243 1.12507517 1.13861047
 1.15226887 1.1660509  1.17995708 1.19398794 1.20814397 1.22242568
 1.23683356 1.25136811 1.26602979 1.2808191  1.29573648 1.3107824
 1.3259573  1.34126163 1.35669581 1.37226028 1.38795545 1.40378172
 1.41973948 1.43582914 1.45205106 1.46840562 1.48489317 1.50151407
 1.51826866 1.53515725 1.55218019 1.56933776 1.58663028 1.60405803
 1.62162129 1.63932031 1.65715537 1.67512669 1.69323451 1.71147906
 1.72986054 1.74837914 1.76703505 1.78582844 1.80475947 1.82382829
 1.84303503 1.86237981 1.88186274 1.90148392 1.92124342 1.94114131
 1.96117764 1.98135247 2.0016658  2.02211766 2.04270804 2.06343693
 2.08430429 2.10531007 2.12645423 2.14773667 2.16915731 2.19071605
 2.21241276 2.2342473  2.25621952 2.27832925 2.30057631 2.3229605
 2.3454816  2.36813937 2.39093357 2.41386393 2.43693016 2.46013197
 2.48346904 2.50694104 2.53054761 2.55428838 2.57816298 2.60217098
 2.62631199 2.65058555 2.67499121 2.69952849 2.72419691 2.74899594
 2.77392507 2.79898374 2.82417139 2.84948744 2.87493128 2.90050229
 2.92619982 2.95202323 2.97797183 3.00404493 3.0302418  3.05656172
 3.08300393 3.10956765 3.1362521  3.16305646 3.18997989 3.21702156
 3.24418058 3.27145607 3.29884712 3.32635279 3.35397214 3.38170421
 3.40954799 3.43750248 3.46556666 3.49373948 3.52201987 3.55040673
 3.57889897 3.60749546 3.63619504 3.66499656 3.69389882 3.72290062
 3.75200073 3.78119791 3.81049089 3.83987838 3.86935908 3.89893166
 3.92859477 3.95834706 3.98818714 4.0181136  4.04812502 4.07821996
 4.10839696 4.13865453 4.16899117 4.19940536 4.22989556 4.26046022
 4.29109775 4.32180656 4.35258504 4.38343155 4.41434443 4.44532202
 4.47636262 4.50746454 4.53862603 4.56984536 4.60112076 4.63245046
 4.66383265 4.69526552 4.72674723 4.75827594 4.78984977 4.82146684
 4.85312525 4.88482308 4.9165584  4.94832924 4.98013364 5.01196962
 5.04383518 5.07572829 5.10764694 5.13958906 5.1715526  5.20353548
 5.2355356  5.26755086 5.29957913 5.33161829 5.36366617 5.39572061
 5.42777944 5.45984047 5.49190148 5.52396026 5.55601459 5.58806221
 5.62010088 5.65212832 5.68414226 5.7161404  5.74812044 5.78008008
 5.81201698 5.84392882 5.87581324 5.90766789 5.93949042 5.97127844
 6.00302957 6.03474142 6.06641159 6.09803767 6.12961725 6.1611479
 6.19262718 6.22405267 6.25542191 6.28673244 6.31798182 6.34916758
 6.38028725 6.41133834 6.44231839 6.47322491 6.5040554  6.53480737
 6.56547834 6.59606578 6.62656721 6.65698012 6.68730199 6.71753032
 6.74766259 6.77769629 6.80762891 6.83745793 6.86718084 6.89679511
 6.92629824 6.9556877  6.98496099 7.0141156  7.04314901 7.07205871
 7.1008422  7.12949698 7.15802055 7.18641041 7.21466406 7.24277902
 7.27075282 7.29858296 7.32626698 7.3538024  7.38118678 7.40841764
 7.43549255 7.46240907 7.48916476 7.51575719 7.54218395 7.56844264
 7.59453084 7.62044618 7.64618627 7.67174874 7.69713123 7.72233139
 7.74734688 7.77217539 7.79681459 7.82126218 7.84551587 7.86957339
 7.89343247 7.91709086 7.94054633 7.96379665 7.98683963 8.00967306
 8.03229477 8.0547026  8.07689441 8.09886807 8.12062147 8.14215251
 8.16345912 8.18453924 8.20539083 8.22601186 8.24640034 8.26655427
 8.2864717  8.30615067 8.32558927 8.34478559 8.36373774 8.38244387
 8.40090212 8.41911068 8.43706775 8.45477156 8.47222035 8.48941239
 8.50634597 8.52301941 8.53943104 8.55557923 8.57146238 8.58707887
 8.60242717 8.61750571 8.632313   8.64684755 8.66110788 8.67509257
 8.6888002  8.70222939 8.71537879 8.72824705 8.74083289 8.75313502
 8.76515219 8.77688319 8.78832682 8.79948192 8.81034735 8.820922
 8.8312048  8.84119469 8.85089066 8.86029171 8.86939688 8.87820524
 8.88671589 8.89492795 8.90284058 8.91045297 8.91776433 8.92477392
 8.93148102 8.93788493 8.94398499 8.94978058 8.95527111 8.96045599
 8.9653347  8.96990674 8.97417164 8.97812894 8.98177826 8.9851192
 8.98815142 8.99087461 8.9932885  8.99539282 8.99718736 8.99867194
 8.99984639 9.00071061 9.0012645  9.00150801 9.0014411  9.00106379
 9.00037611 8.99937814 8.99806998 8.99645176 8.99452365 8.99228586
 8.9897386  8.98688216 8.98371681 8.98024289 8.97646076 8.9723708
 8.96797345 8.96326915 8.95825839 8.95294168 8.94731958 8.94139266
 8.93516153 8.92862684 8.92178926 8.91464949 8.90720826 8.89946634
 8.89142453 8.88308365 8.87444456 8.86550814 8.8562753  8.846747
 8.8369242  8.82680791 8.81639917 8.80569903 8.7947086  8.78342898
 8.77186132 8.76000681 8.74786664 8.73544206 8.72273431 8.70974469
 8.69647452 8.68292513 8.66909789 8.6549942  8.64061548 8.62596318
 8.61103877 8.59584376 8.58037965 8.56464802 8.54865042 8.53238846
 8.51586377 8.49907798 8.48203278 8.46472985 8.44717091 8.42935771
 8.411292   8.39297558 8.37441025 8.35559784 8.3365402  8.31723921
 8.29769675 8.27791475 8.25789513 8.23763984 8.21715087 8.1964302
 8.17547985 8.15430184 8.13289823 8.11127108 8.08942247 8.06735451
 8.04506932 8.02256902 7.99985577 7.97693174 7.95379911 7.93046008
 7.90691686 7.88317168 7.85922679 7.83508442 7.81074686 7.78621639
 7.7614953  7.73658591 7.71149052 7.68621147 7.66075111 7.63511178
 7.60929585 7.5833057  7.55714371 7.53081228 7.5043138  7.4776507
 7.45082538 7.42384028 7.39669784 7.3694005  7.34195071 7.31435093
 7.28660361 7.25871124 7.23067629 7.20250123 7.17418856 7.14574076
 7.11716032 7.08844975 7.05961154 7.0306482  7.00156224 6.97235616
 6.94303248 6.91359371 6.88404236 6.85438095 6.82461199 6.79473801
 6.7647615  6.734685   6.70451101 6.67424205 6.64388063 6.61342925
 6.58289044 6.55226668 6.52156049 6.49077436 6.45991079 6.42897227
 6.39796129 6.36688033 6.33573187 6.30451839 6.27324234 6.2419062
 6.21051241 6.17906343 6.14756171 6.11600967 6.08440975 6.05276436
 6.02107593 5.98934685 5.95757953 5.92577634 5.89393968 5.8620719
 5.83017537 5.79825244 5.76630546 5.73433674 5.70234861 5.67034337
 5.63832334 5.60629078 5.57424797 5.54219718 5.51014066 5.47808064
 5.44601936 5.41395901 5.3819018  5.34984992 5.31780553 5.28577081
 5.25374788 5.22173889 5.18974594 5.15777115 5.12581659 5.09388433
 5.06197644 5.03009496 4.99824191 4.96641929 4.93462912 4.90287335
 4.87115396 4.83947289 4.80783206 4.7762334  4.74467879 4.71317011
 4.68170922 4.65029798 4.6189382  4.58763169 4.55638024 4.52518562
 4.4940496  4.46297391 4.43196026 4.40101036 4.37012588 4.3393085
 4.30855986 4.27788158 4.24727526 4.21674251 4.18628488 4.15590394
 4.1256012  4.09537818 4.06523638 4.03517727 4.00520229 3.9753129
 3.94551049 3.91579647 3.88617222 3.85663908 3.82719841 3.7978515
 3.76859966 3.73944417 3.71038629 3.68142725 3.65256827 3.62381055
 3.59515527 3.56660358 3.53815663 3.50981553 3.48158139 3.45345527
 3.42543825 3.39753135 3.36973561 3.34205202 3.31448155 3.28702518
 3.25968383 3.23245844 3.2053499  3.17835909 3.15148689 3.12473412
 3.09810161 3.07159018 3.04520059 3.01893362 2.99279002 2.96677051
 2.94087579 2.91510656 2.88946349 2.86394723 2.8385584  2.81329763
 2.78816551 2.76316261 2.7382895  2.71354671 2.68893476 2.66445416
 2.64010539 2.61588892 2.59180519 2.56785464 2.54403769 2.52035472
 2.49680612 2.47339225 2.45011345 2.42697004 2.40396235 2.38109065
 2.35835523 2.33575635 2.31329424 2.29096914 2.26878126 2.24673078
 2.22481789 2.20304275 2.1814055  2.15990628 2.1385452  2.11732236
 2.09623785 2.07529173 2.05448406 2.03381488 2.01328421 1.99289207
 1.97263845 1.95252333 1.93254668 1.91270845 1.89300859 1.87344702
 1.85402366 1.8347384  1.81559113 1.79658173 1.77771005 1.75897594
 1.74037924 1.72191978 1.70359736 1.68541177 1.66736282 1.64945027
 1.63167389 1.61403342 1.59652861 1.5791592  1.56192488 1.54482539
 1.5278604  1.51102961 1.4943327  1.47776933 1.46133915 1.44504181
 1.42887695 1.4128442  1.39694317 1.38117347 1.36553469 1.35002644
 1.33464828 1.3193998  1.30428056 1.2892901  1.27442799 1.25969376
 1.24508694 1.23060705 1.21625362 1.20202615 1.18792415 1.1739471
 1.1600945  1.14636583 1.13276056 1.11927816 1.10591809 1.09267981
 1.07956277 1.06656642 1.05369018 1.0409335  1.02829579 1.01577649
 1.00337501 0.99109075 0.97892314 0.96687156 0.95493542 0.9431141
 0.93140701 0.91981352 0.90833301 0.89696486 0.88570845 0.87456313
 0.86352829 0.85260327 0.84178745 0.83108017 0.82048079 0.80998865
 0.79960312 0.78932353 0.77914922 0.76907953 0.75911381 0.74925138
 0.73949158 0.72983375 0.72027721 0.71082129 0.70146533 0.69220863
 0.68305053 0.67399036 0.66502743 0.65616106 0.64739057 0.63871529
 0.63013453 0.62164761 0.61325385 0.60495256 0.59674306 0.58862467
 0.58059671 0.57265848 0.56480932 0.55704853 0.54937543 0.54178934
 0.53428958 0.52687546 0.51954631 0.51230145 0.50514019 0.49806187
 0.49106579 0.48415129 0.47731768 0.47056431 0.46389049 0.45729555
 0.45077882 0.44433963 0.43797733 0.43169123 0.42548069 0.41934503
 0.41328359 0.40729573 0.40138078 0.39553809 0.38976701 0.38406689
 0.37843707 0.37287693 0.3673858  0.36196306 0.35660806 0.35132017
 0.34609875 0.34094318 0.33585282 0.33082706 0.32586527 0.32096682
 0.31613111 0.31135751 0.30664542 0.30199423 0.29740333 0.29287213
 0.28840001 0.28398639 0.27963067 0.27533227 0.27109059 0.26690505
 0.26277507 0.25870008 0.25467949 0.25071275 0.24679928 0.24293852
 0.23912991 0.23537289 0.2316669  0.22801141 0.22440586 0.2208497
 0.21734241 0.21388343 0.21047225 0.20710833 0.20379115 0.20052019
 0.19729492 0.19411483 0.19097941 0.18788816 0.18484057 0.18183615
 0.17887439 0.1759548  0.1730769  0.17024019 0.16744421 0.16468847
 0.16197249 0.15929582 0.15665797 0.15405849 0.15149692 0.14897281
 0.1464857  0.14403514 0.1416207  0.13924192 0.13689839 0.13458965
 0.13231529 0.13007487 0.12786798 0.1256942  0.12355311 0.12144431
 0.11936738 0.11732193 0.11530755 0.11332384 0.11137043 0.10944691
 0.10755291 0.10568803 0.10385191 0.10204417]",restricted_age_optimal,True,True,True,10,1,constraints_[2]_remained,-119.70863897827947,-121.85281663794024,-117.5644613186187,1.0939882959961322,-2.051012031597732,-2.087749014119479,-2.0142750490759833,0.018743702849401626,-2.0509697784090544,-2.0877060041070337,-2.0142335527110733,0.01874331670773068,0.07349376179834989,0.06994093533222674,0.07718297717506854,0.0018472644427128457,large,119.70863897827975,117.56446131861898,121.85281663794052,1.0939882959961327,2.051012031597737,2.014275049075988,2.087749014119484,0.018743702849401633,2.0509697784090593,2.014233552711078,2.0877060041070385,0.018743316707730686,0.9265062382016507,0.9228170228249319,0.9300590646677737,0.0018472644427128364
0.101469,0.164245,0.132573,0.0103429603473502,3557,100.0,"[0.101469   0.10388346 0.10629792 0.10871238 0.11112685 0.11354131
 0.11595577 0.11837023 0.12078469 0.12319915 0.12561362 0.12802808
 0.13044254 0.132857   0.13527146 0.13768592 0.14010038 0.14251485
 0.14492931 0.14734377 0.14975823 0.15217269 0.15458715 0.15700162
 0.15941608 0.16183054 0.164245  ]","[0.22490863 0.25302221 0.11245432 1.01208884 1.63058757 2.05229126
 3.09249367 4.69496767 5.81951082 6.7753725  7.28141692 9.33370818
 8.94011808 8.20916503 8.9120045  7.81557492 6.10064661 5.48214788
 4.27326399 3.17683441 1.63058757 1.51813326 0.98397526 0.42170368
 0.14056789 0.11245432]",0.0025,26,normal,0.1326294315434354,"[0.101469   0.10153184 0.10159468 0.10165752 0.10172036 0.10178319
 0.10184603 0.10190887 0.10197171 0.10203455 0.10209739 0.10216023
 0.10222307 0.1022859  0.10234874 0.10241158 0.10247442 0.10253726
 0.1026001  0.10266294 0.10272578 0.10278862 0.10285145 0.10291429
 0.10297713 0.10303997 0.10310281 0.10316565 0.10322849 0.10329133
 0.10335417 0.103417   0.10347984 0.10354268 0.10360552 0.10366836
 0.1037312  0.10379404 0.10385688 0.10391971 0.10398255 0.10404539
 0.10410823 0.10417107 0.10423391 0.10429675 0.10435959 0.10442243
 0.10448526 0.1045481  0.10461094 0.10467378 0.10473662 0.10479946
 0.1048623  0.10492514 0.10498797 0.10505081 0.10511365 0.10517649
 0.10523933 0.10530217 0.10536501 0.10542785 0.10549069 0.10555352
 0.10561636 0.1056792  0.10574204 0.10580488 0.10586772 0.10593056
 0.1059934  0.10605624 0.10611907 0.10618191 0.10624475 0.10630759
 0.10637043 0.10643327 0.10649611 0.10655895 0.10662178 0.10668462
 0.10674746 0.1068103  0.10687314 0.10693598 0.10699882 0.10706166
 0.1071245  0.10718733 0.10725017 0.10731301 0.10737585 0.10743869
 0.10750153 0.10756437 0.10762721 0.10769005 0.10775288 0.10781572
 0.10787856 0.1079414  0.10800424 0.10806708 0.10812992 0.10819276
 0.10825559 0.10831843 0.10838127 0.10844411 0.10850695 0.10856979
 0.10863263 0.10869547 0.10875831 0.10882114 0.10888398 0.10894682
 0.10900966 0.1090725  0.10913534 0.10919818 0.10926102 0.10932385
 0.10938669 0.10944953 0.10951237 0.10957521 0.10963805 0.10970089
 0.10976373 0.10982657 0.1098894  0.10995224 0.11001508 0.11007792
 0.11014076 0.1102036  0.11026644 0.11032928 0.11039212 0.11045495
 0.11051779 0.11058063 0.11064347 0.11070631 0.11076915 0.11083199
 0.11089483 0.11095766 0.1110205  0.11108334 0.11114618 0.11120902
 0.11127186 0.1113347  0.11139754 0.11146038 0.11152321 0.11158605
 0.11164889 0.11171173 0.11177457 0.11183741 0.11190025 0.11196309
 0.11202592 0.11208876 0.1121516  0.11221444 0.11227728 0.11234012
 0.11240296 0.1124658  0.11252864 0.11259147 0.11265431 0.11271715
 0.11277999 0.11284283 0.11290567 0.11296851 0.11303135 0.11309419
 0.11315702 0.11321986 0.1132827  0.11334554 0.11340838 0.11347122
 0.11353406 0.1135969  0.11365973 0.11372257 0.11378541 0.11384825
 0.11391109 0.11397393 0.11403677 0.11409961 0.11416245 0.11422528
 0.11428812 0.11435096 0.1144138  0.11447664 0.11453948 0.11460232
 0.11466516 0.11472799 0.11479083 0.11485367 0.11491651 0.11497935
 0.11504219 0.11510503 0.11516787 0.11523071 0.11529354 0.11535638
 0.11541922 0.11548206 0.1155449  0.11560774 0.11567058 0.11573342
 0.11579626 0.11585909 0.11592193 0.11598477 0.11604761 0.11611045
 0.11617329 0.11623613 0.11629897 0.1163618  0.11642464 0.11648748
 0.11655032 0.11661316 0.116676   0.11673884 0.11680168 0.11686452
 0.11692735 0.11699019 0.11705303 0.11711587 0.11717871 0.11724155
 0.11730439 0.11736723 0.11743007 0.1174929  0.11755574 0.11761858
 0.11768142 0.11774426 0.1178071  0.11786994 0.11793278 0.11799561
 0.11805845 0.11812129 0.11818413 0.11824697 0.11830981 0.11837265
 0.11843549 0.11849833 0.11856116 0.118624   0.11868684 0.11874968
 0.11881252 0.11887536 0.1189382  0.11900104 0.11906387 0.11912671
 0.11918955 0.11925239 0.11931523 0.11937807 0.11944091 0.11950375
 0.11956659 0.11962942 0.11969226 0.1197551  0.11981794 0.11988078
 0.11994362 0.12000646 0.1200693  0.12013214 0.12019497 0.12025781
 0.12032065 0.12038349 0.12044633 0.12050917 0.12057201 0.12063485
 0.12069768 0.12076052 0.12082336 0.1208862  0.12094904 0.12101188
 0.12107472 0.12113756 0.1212004  0.12126323 0.12132607 0.12138891
 0.12145175 0.12151459 0.12157743 0.12164027 0.12170311 0.12176594
 0.12182878 0.12189162 0.12195446 0.1220173  0.12208014 0.12214298
 0.12220582 0.12226866 0.12233149 0.12239433 0.12245717 0.12252001
 0.12258285 0.12264569 0.12270853 0.12277137 0.12283421 0.12289704
 0.12295988 0.12302272 0.12308556 0.1231484  0.12321124 0.12327408
 0.12333692 0.12339975 0.12346259 0.12352543 0.12358827 0.12365111
 0.12371395 0.12377679 0.12383963 0.12390247 0.1239653  0.12402814
 0.12409098 0.12415382 0.12421666 0.1242795  0.12434234 0.12440518
 0.12446802 0.12453085 0.12459369 0.12465653 0.12471937 0.12478221
 0.12484505 0.12490789 0.12497073 0.12503356 0.1250964  0.12515924
 0.12522208 0.12528492 0.12534776 0.1254106  0.12547344 0.12553628
 0.12559911 0.12566195 0.12572479 0.12578763 0.12585047 0.12591331
 0.12597615 0.12603899 0.12610182 0.12616466 0.1262275  0.12629034
 0.12635318 0.12641602 0.12647886 0.1265417  0.12660454 0.12666737
 0.12673021 0.12679305 0.12685589 0.12691873 0.12698157 0.12704441
 0.12710725 0.12717009 0.12723292 0.12729576 0.1273586  0.12742144
 0.12748428 0.12754712 0.12760996 0.1276728  0.12773563 0.12779847
 0.12786131 0.12792415 0.12798699 0.12804983 0.12811267 0.12817551
 0.12823835 0.12830118 0.12836402 0.12842686 0.1284897  0.12855254
 0.12861538 0.12867822 0.12874106 0.12880389 0.12886673 0.12892957
 0.12899241 0.12905525 0.12911809 0.12918093 0.12924377 0.12930661
 0.12936944 0.12943228 0.12949512 0.12955796 0.1296208  0.12968364
 0.12974648 0.12980932 0.12987216 0.12993499 0.12999783 0.13006067
 0.13012351 0.13018635 0.13024919 0.13031203 0.13037487 0.1304377
 0.13050054 0.13056338 0.13062622 0.13068906 0.1307519  0.13081474
 0.13087758 0.13094042 0.13100325 0.13106609 0.13112893 0.13119177
 0.13125461 0.13131745 0.13138029 0.13144313 0.13150596 0.1315688
 0.13163164 0.13169448 0.13175732 0.13182016 0.131883   0.13194584
 0.13200868 0.13207151 0.13213435 0.13219719 0.13226003 0.13232287
 0.13238571 0.13244855 0.13251139 0.13257423 0.13263706 0.1326999
 0.13276274 0.13282558 0.13288842 0.13295126 0.1330141  0.13307694
 0.13313977 0.13320261 0.13326545 0.13332829 0.13339113 0.13345397
 0.13351681 0.13357965 0.13364249 0.13370532 0.13376816 0.133831
 0.13389384 0.13395668 0.13401952 0.13408236 0.1341452  0.13420804
 0.13427087 0.13433371 0.13439655 0.13445939 0.13452223 0.13458507
 0.13464791 0.13471075 0.13477358 0.13483642 0.13489926 0.1349621
 0.13502494 0.13508778 0.13515062 0.13521346 0.1352763  0.13533913
 0.13540197 0.13546481 0.13552765 0.13559049 0.13565333 0.13571617
 0.13577901 0.13584184 0.13590468 0.13596752 0.13603036 0.1360932
 0.13615604 0.13621888 0.13628172 0.13634456 0.13640739 0.13647023
 0.13653307 0.13659591 0.13665875 0.13672159 0.13678443 0.13684727
 0.13691011 0.13697294 0.13703578 0.13709862 0.13716146 0.1372243
 0.13728714 0.13734998 0.13741282 0.13747565 0.13753849 0.13760133
 0.13766417 0.13772701 0.13778985 0.13785269 0.13791553 0.13797837
 0.1380412  0.13810404 0.13816688 0.13822972 0.13829256 0.1383554
 0.13841824 0.13848108 0.13854391 0.13860675 0.13866959 0.13873243
 0.13879527 0.13885811 0.13892095 0.13898379 0.13904663 0.13910946
 0.1391723  0.13923514 0.13929798 0.13936082 0.13942366 0.1394865
 0.13954934 0.13961218 0.13967501 0.13973785 0.13980069 0.13986353
 0.13992637 0.13998921 0.14005205 0.14011489 0.14017772 0.14024056
 0.1403034  0.14036624 0.14042908 0.14049192 0.14055476 0.1406176
 0.14068044 0.14074327 0.14080611 0.14086895 0.14093179 0.14099463
 0.14105747 0.14112031 0.14118315 0.14124598 0.14130882 0.14137166
 0.1414345  0.14149734 0.14156018 0.14162302 0.14168586 0.1417487
 0.14181153 0.14187437 0.14193721 0.14200005 0.14206289 0.14212573
 0.14218857 0.14225141 0.14231425 0.14237708 0.14243992 0.14250276
 0.1425656  0.14262844 0.14269128 0.14275412 0.14281696 0.14287979
 0.14294263 0.14300547 0.14306831 0.14313115 0.14319399 0.14325683
 0.14331967 0.14338251 0.14344534 0.14350818 0.14357102 0.14363386
 0.1436967  0.14375954 0.14382238 0.14388522 0.14394806 0.14401089
 0.14407373 0.14413657 0.14419941 0.14426225 0.14432509 0.14438793
 0.14445077 0.1445136  0.14457644 0.14463928 0.14470212 0.14476496
 0.1448278  0.14489064 0.14495348 0.14501632 0.14507915 0.14514199
 0.14520483 0.14526767 0.14533051 0.14539335 0.14545619 0.14551903
 0.14558186 0.1456447  0.14570754 0.14577038 0.14583322 0.14589606
 0.1459589  0.14602174 0.14608458 0.14614741 0.14621025 0.14627309
 0.14633593 0.14639877 0.14646161 0.14652445 0.14658729 0.14665013
 0.14671296 0.1467758  0.14683864 0.14690148 0.14696432 0.14702716
 0.14709    0.14715284 0.14721567 0.14727851 0.14734135 0.14740419
 0.14746703 0.14752987 0.14759271 0.14765555 0.14771839 0.14778122
 0.14784406 0.1479069  0.14796974 0.14803258 0.14809542 0.14815826
 0.1482211  0.14828393 0.14834677 0.14840961 0.14847245 0.14853529
 0.14859813 0.14866097 0.14872381 0.14878665 0.14884948 0.14891232
 0.14897516 0.149038   0.14910084 0.14916368 0.14922652 0.14928936
 0.1493522  0.14941503 0.14947787 0.14954071 0.14960355 0.14966639
 0.14972923 0.14979207 0.14985491 0.14991774 0.14998058 0.15004342
 0.15010626 0.1501691  0.15023194 0.15029478 0.15035762 0.15042046
 0.15048329 0.15054613 0.15060897 0.15067181 0.15073465 0.15079749
 0.15086033 0.15092317 0.15098601 0.15104884 0.15111168 0.15117452
 0.15123736 0.1513002  0.15136304 0.15142588 0.15148872 0.15155155
 0.15161439 0.15167723 0.15174007 0.15180291 0.15186575 0.15192859
 0.15199143 0.15205427 0.1521171  0.15217994 0.15224278 0.15230562
 0.15236846 0.1524313  0.15249414 0.15255698 0.15261981 0.15268265
 0.15274549 0.15280833 0.15287117 0.15293401 0.15299685 0.15305969
 0.15312253 0.15318536 0.1532482  0.15331104 0.15337388 0.15343672
 0.15349956 0.1535624  0.15362524 0.15368808 0.15375091 0.15381375
 0.15387659 0.15393943 0.15400227 0.15406511 0.15412795 0.15419079
 0.15425362 0.15431646 0.1543793  0.15444214 0.15450498 0.15456782
 0.15463066 0.1546935  0.15475634 0.15481917 0.15488201 0.15494485
 0.15500769 0.15507053 0.15513337 0.15519621 0.15525905 0.15532188
 0.15538472 0.15544756 0.1555104  0.15557324 0.15563608 0.15569892
 0.15576176 0.1558246  0.15588743 0.15595027 0.15601311 0.15607595
 0.15613879 0.15620163 0.15626447 0.15632731 0.15639015 0.15645298
 0.15651582 0.15657866 0.1566415  0.15670434 0.15676718 0.15683002
 0.15689286 0.15695569 0.15701853 0.15708137 0.15714421 0.15720705
 0.15726989 0.15733273 0.15739557 0.15745841 0.15752124 0.15758408
 0.15764692 0.15770976 0.1577726  0.15783544 0.15789828 0.15796112
 0.15802395 0.15808679 0.15814963 0.15821247 0.15827531 0.15833815
 0.15840099 0.15846383 0.15852667 0.1585895  0.15865234 0.15871518
 0.15877802 0.15884086 0.1589037  0.15896654 0.15902938 0.15909222
 0.15915505 0.15921789 0.15928073 0.15934357 0.15940641 0.15946925
 0.15953209 0.15959493 0.15965776 0.1597206  0.15978344 0.15984628
 0.15990912 0.15997196 0.1600348  0.16009764 0.16016048 0.16022331
 0.16028615 0.16034899 0.16041183 0.16047467 0.16053751 0.16060035
 0.16066319 0.16072603 0.16078886 0.1608517  0.16091454 0.16097738
 0.16104022 0.16110306 0.1611659  0.16122874 0.16129157 0.16135441
 0.16141725 0.16148009 0.16154293 0.16160577 0.16166861 0.16173145
 0.16179429 0.16185712 0.16191996 0.1619828  0.16204564 0.16210848
 0.16217132 0.16223416 0.162297   0.16235983 0.16242267 0.16248551
 0.16254835 0.16261119 0.16267403 0.16273687 0.16279971 0.16286255
 0.16292538 0.16298822 0.16305106 0.1631139  0.16317674 0.16323958
 0.16330242 0.16336526 0.1634281  0.16349093 0.16355377 0.16361661
 0.16367945 0.16374229 0.16380513 0.16386797 0.16393081 0.16399364
 0.16405648 0.16411932 0.16418216 0.164245  ]","[0.09957585 0.10141338 0.10328101 0.10517915 0.10710822 0.10906864
 0.11106085 0.11308527 0.11514234 0.11723251 0.11935621 0.12151389
 0.12370602 0.12593304 0.12819543 0.13049364 0.13282815 0.13519943
 0.13760797 0.14005424 0.14253874 0.14506196 0.1476244  0.15022655
 0.15286893 0.15555205 0.15827641 0.16104255 0.16385098 0.16670224
 0.16959685 0.17253535 0.17551829 0.17854621 0.18161966 0.18473919
 0.18790538 0.19111877 0.19437994 0.19768946 0.20104791 0.20445586
 0.20791391 0.21142264 0.21498265 0.21859453 0.2222589  0.22597635
 0.22974749 0.23357295 0.23745334 0.24138928 0.24538141 0.24943035
 0.25353674 0.25770123 0.26192445 0.26620705 0.27054969 0.27495303
 0.27941771 0.28394441 0.2885338  0.29318654 0.29790332 0.3026848
 0.30753168 0.31244463 0.31742436 0.32247155 0.3275869  0.33277111
 0.33802489 0.34334894 0.34874397 0.3542107  0.35974984 0.36536212
 0.37104825 0.37680897 0.38264501 0.38855709 0.39454595 0.40061233
 0.40675697 0.41298062 0.41928401 0.4256679  0.43213304 0.43868018
 0.44531007 0.45202348 0.45882116 0.46570388 0.4726724  0.47972748
 0.4868699  0.49410042 0.5014198  0.50882884 0.51632829 0.52391893
 0.53160154 0.5393769  0.54724578 0.55520896 0.56326723 0.57142137
 0.57967215 0.58802035 0.59646677 0.60501218 0.61365737 0.62240311
 0.6312502  0.64019941 0.64925153 0.65840734 0.66766762 0.67703315
 0.68650472 0.69608309 0.70576906 0.71556339 0.72546686 0.73548025
 0.74560432 0.75583986 0.76618763 0.7766484  0.78722293 0.79791198
 0.80871632 0.8196367  0.83067389 0.84182862 0.85310166 0.86449375
 0.87600562 0.88763803 0.8993917  0.91126738 0.92326578 0.93538763
 0.94763366 0.96000457 0.97250108 0.9851239  0.99787372 1.01075125
 1.02375717 1.03689217 1.05015694 1.06355213 1.07707844 1.0907365
 1.10452699 1.11845056 1.13250783 1.14669946 1.16102607 1.17548829
 1.19008672 1.20482197 1.21969466 1.23470535 1.24985465 1.26514313
 1.28057134 1.29613986 1.31184923 1.32769999 1.34369267 1.35982779
 1.37610587 1.3925274  1.40909289 1.42580281 1.44265764 1.45965783
 1.47680383 1.4940961  1.51153505 1.5291211  1.54685465 1.56473611
 1.58276586 1.60094425 1.61927166 1.63774842 1.65637488 1.67515134
 1.69407811 1.7131555  1.73238377 1.75176319 1.77129402 1.7909765
 1.81081084 1.83079727 1.85093596 1.87122711 1.89167088 1.91226741
 1.93301685 1.9539193  1.97497489 1.99618368 2.01754576 2.03906118
 2.06072997 2.08255217 2.10452776 2.12665675 2.1489391  2.17137477
 2.19396368 2.21670577 2.23960092 2.26264903 2.28584995 2.30920353
 2.3327096  2.35636797 2.38017842 2.40414072 2.42825464 2.45251988
 2.47693618 2.50150322 2.52622068 2.5510882  2.57610542 2.60127195
 2.62658739 2.6520513  2.67766323 2.70342272 2.72932927 2.75538237
 2.78158149 2.80792607 2.83441554 2.8610493  2.88782672 2.91474718
 2.94180999 2.96901449 2.99635995 3.02384566 3.05147086 3.07923477
 3.1071366  3.13517553 3.16335071 3.19166129 3.22010637 3.24868505
 3.27739639 3.30623943 3.3352132  3.36431669 3.39354887 3.4229087
 3.45239511 3.48200699 3.51174323 3.5416027  3.57158421 3.60168658
 3.6319086  3.66224904 3.69270662 3.72328008 3.75396809 3.78476934
 3.81568246 3.84670609 3.87783881 3.90907921 3.94042583 3.9718772
 4.00343184 4.03508821 4.06684478 4.09869999 4.13065224 4.16269993
 4.19484142 4.22707505 4.25939914 4.29181199 4.32431187 4.35689703
 4.3895657  4.42231609 4.45514637 4.48805472 4.52103926 4.55409811
 4.58722937 4.62043111 4.65370138 4.68703821 4.72043961 4.75390355
 4.78742801 4.82101093 4.85465022 4.8883438  4.92208954 4.95588531
 4.98972893 5.02361824 5.05755103 5.09152509 5.12553816 5.15958801
 5.19367234 5.22778886 5.26193525 5.29610919 5.33030831 5.36453026
 5.39877263 5.43303303 5.46730903 5.5015982  5.53589807 5.57020617
 5.60452002 5.63883711 5.67315491 5.70747089 5.7417825  5.77608717
 5.81038232 5.84466535 5.87893366 5.91318461 5.94741558 5.98162391
 6.01580695 6.049962   6.0840864  6.11817743 6.1522324  6.18624856
 6.22022321 6.25415358 6.28803693 6.32187049 6.3556515  6.38937716
 6.4230447  6.45665131 6.49019419 6.52367051 6.55707747 6.59041224
 6.62367197 6.65685384 6.68995498 6.72297256 6.75590372 6.78874559
 6.82149532 6.85415003 6.88670685 6.91916292 6.95151534 6.98376125
 7.01589776 7.04792199 7.07983107 7.1116221  7.14329221 7.17483851
 7.20625813 7.23754818 7.26870578 7.29972807 7.33061217 7.36135521
 7.39195432 7.42240664 7.45270931 7.48285949 7.51285432 7.54269097
 7.57236659 7.60187837 7.63122347 7.66039908 7.6894024  7.71823064
 7.74688099 7.77535069 7.80363696 7.83173705 7.8596482  7.88736768
 7.91489276 7.94222073 7.96934889 7.99627454 8.02299502 8.04950766
 8.07580981 8.10189884 8.12777214 8.1534271  8.17886113 8.20407168
 8.22905617 8.25381208 8.27833689 8.30262811 8.32668324 8.35049982
 8.37407542 8.39740761 8.42049399 8.44333217 8.46591979 8.48825452
 8.51033403 8.53215603 8.55371824 8.57501842 8.59605434 8.61682379
 8.6373246  8.65755462 8.6775117  8.69719375 8.7165987  8.73572448
 8.75456907 8.77313047 8.79140672 8.80939586 8.82709597 8.84450518
 8.86162162 8.87844346 8.89496889 8.91119615 8.92712348 8.94274919
 8.95807158 8.973089   8.98779983 9.00220249 9.01629541 9.03007707
 9.04354598 9.05670067 9.06953971 9.08206171 9.09426531 9.10614918
 9.11771201 9.12895256 9.13986958 9.15046189 9.16072834 9.17066779
 9.18027915 9.18956138 9.19851345 9.20713438 9.21542323 9.22337908
 9.23100106 9.23828833 9.24524008 9.25185556 9.25813403 9.26407479
 9.26967721 9.27494065 9.27986453 9.28444831 9.28869149 9.29259359
 9.29615419 9.29937289 9.30224933 9.3047832  9.30697421 9.30882213
 9.31032675 9.31148789 9.31230544 9.31277931 9.31290943 9.3126958
 9.31213844 9.31123741 9.30999282 9.30840479 9.30647351 9.30419918
 9.30158207 9.29862245 9.29532066 9.29167707 9.28769207 9.2833661
 9.27869965 9.27369323 9.2683474  9.26266273 9.25663987 9.25027947
 9.24358223 9.2365489  9.22918025 9.22147708 9.21344026 9.20507065
 9.19636919 9.18733683 9.17797455 9.16828339 9.1582644  9.14791869
 9.13724739 9.12625167 9.11493271 9.10329178 9.09133012 9.07904905
 9.06644991 9.05353405 9.0403029  9.02675788 9.01290047 8.99873217
 8.9842545  8.96946904 8.95437739 8.93898116 8.92328203 8.90728168
 8.89098182 8.87438422 8.85749065 8.84030293 8.82282288 8.80505237
 8.78699331 8.76864762 8.75001724 8.73110415 8.71191037 8.69243792
 8.67268886 8.65266528 8.63236929 8.61180302 8.59096864 8.56986832
 8.54850428 8.52687875 8.50499398 8.48285226 8.46045589 8.43780718
 8.41490849 8.39176218 8.36837064 8.34473628 8.32086152 8.29674881
 8.27240062 8.24781944 8.22300777 8.19796813 8.17270306 8.14721512
 8.12150688 8.09558094 8.06943989 8.04308636 8.01652299 7.98975243
 7.96277733 7.93560039 7.90822429 7.88065173 7.85288544 7.82492814
 7.79678257 7.76845149 7.73993765 7.71124383 7.6823728  7.65332737
 7.62411033 7.59472448 7.56517264 7.53545764 7.50558231 7.47554948
 7.44536199 7.4150227  7.38453446 7.35390012 7.32312255 7.29220462
 7.2611492  7.22995915 7.19863736 7.16718671 7.13561006 7.10391031
 7.07209034 7.04015303 7.00810125 6.9759379  6.94366585 6.91128799
 6.87880719 6.84622632 6.81354826 6.78077589 6.74791206 6.71495965
 6.68192151 6.64880049 6.61559945 6.58232123 6.54896866 6.51554459
 6.48205184 6.44849322 6.41487155 6.38118964 6.34745027 6.31365624
 6.27981033 6.24591531 6.21197393 6.17798895 6.1439631  6.10989913
 6.07579974 6.04166765 6.00750555 5.97331613 5.93910205 5.90486598
 5.87061057 5.83633844 5.80205223 5.76775453 5.73344794 5.69913503
 5.66481837 5.63050051 5.59618398 5.5618713  5.52756497 5.49326747
 5.45898128 5.42470884 5.3904526  5.35621497 5.32199835 5.28780512
 5.25363766 5.21949831 5.1853894  5.15131324 5.11727212 5.08326831
 5.04930407 5.01538164 4.98150323 4.94767103 4.91388722 4.88015396
 4.84647337 4.81284758 4.77927867 4.74576872 4.71231979 4.6789339
 4.64561305 4.61235925 4.57917445 4.5460606  4.51301963 4.48005342
 4.44716387 4.41435282 4.38162212 4.34897357 4.31640897 4.28393007
 4.25153862 4.21923635 4.18702495 4.1549061  4.12288145 4.09095262
 4.05912123 4.02738885 3.99575705 3.96422737 3.9328013  3.90148035
 3.87026598 3.83915963 3.80816272 3.77727665 3.74650278 3.71584248
 3.68529705 3.6548678  3.62455602 3.59436295 3.56428983 3.53433786
 3.50450822 3.47480209 3.44522058 3.41576482 3.3864359  3.35723489
 3.32816282 3.29922072 3.27040958 3.24173038 3.21318407 3.18477158
 3.15649381 3.12835165 3.10034594 3.07247754 3.04474726 3.01715587
 2.98970417 2.96239288 2.93522274 2.90819444 2.88130868 2.85456609
 2.82796733 2.80151301 2.77520371 2.74904001 2.72302246 2.69715159
 2.6714279  2.64585188 2.620424   2.5951447  2.5700144  2.54503351
 2.52020241 2.49552146 2.47099101 2.44661138 2.42238287 2.39830576
 2.37438032 2.3506068  2.32698541 2.30351637 2.28019985 2.25703604
 2.23402508 2.2111671  2.18846221 2.16591052 2.14351209 2.12126699
 2.09917526 2.07723693 2.05545201 2.03382047 2.01234231 1.99101747
 1.9698459  1.94882753 1.92796225 1.90724997 1.88669056 1.86628388
 1.84602978 1.8259281  1.80597864 1.7861812  1.76653559 1.74704156
 1.72769888 1.70850728 1.68946651 1.67057628 1.65183629 1.63324623
 1.61480578 1.5965146  1.57837235 1.56037866 1.54253317 1.52483548
 1.5072852  1.48988192 1.47262523 1.45551469 1.43854985 1.42173027
 1.40505548 1.38852501 1.37213836 1.35589506 1.33979459 1.32383643
 1.30802007 1.29234497 1.27681058 1.26141637 1.24616175 1.23104618
 1.21606906 1.20122982 1.18652785 1.17196257 1.15753335 1.14323959
 1.12908066 1.11505592 1.10116474 1.08740648 1.07378049 1.06028609
 1.04692264 1.03368946 1.02058588 1.00761121 0.99476477 0.98204587
 0.9694538  0.95698786 0.94464735 0.93243156 0.92033976 0.90837124
 0.89652527 0.88480112 0.87319806 0.86171535 0.85035225 0.83910802
 0.82798191 0.81697317 0.80608105 0.79530478 0.78464362 0.7740968
 0.76366355 0.75334312 0.74313473 0.73303761 0.72305099 0.7131741
 0.70340617 0.69374641 0.68419406 0.67474832 0.66540843 0.6561736
 0.64704306 0.63801601 0.62909167 0.62026928 0.61154803 0.60292715
 0.59440586 0.58598337 0.57765891 0.56943168 0.5613009  0.5532658
 0.5453256  0.53747951 0.52972675 0.52206655 0.51449814 0.50702072
 0.49963354 0.49233581 0.48512677 0.47800564 0.47097165 0.46402405
 0.45716206 0.45038491 0.44369186 0.43708214 0.43055499 0.42410966
 0.41774539 0.41146144 0.40525706 0.3991315  0.39308401 0.38711387
 0.38122033 0.37540266 0.36966013 0.363992   0.35839755 0.35287607
 0.34742682 0.3420491  0.33674218 0.33150537 0.32633795 0.32123923
 0.31620849 0.31124505 0.3063482  0.30151728 0.29675158 0.29205042
 0.28741313 0.28283903 0.27832746 0.27387774 0.26948921 0.26516121
 0.26089309 0.2566842  0.25253388 0.24844151 0.24440642 0.240428
 0.23650561 0.23263863 0.22882642 0.22506837 0.22136388 0.21771232
 0.21411309 0.21056559 0.20706923 0.2036234  0.20022753 0.19688102
 0.1935833  0.19033379 0.18713192 0.18397712 0.18086883 0.17780649
 0.17478955 0.17181745 0.16888966 0.16600563 0.16316483 0.16036672
 0.15761078 0.15489648 0.15222331 0.14959075 0.14699829 0.14444542
 0.14193166 0.13945649 0.13701943 0.13461998 0.13225768 0.12993203
 0.12764257 0.12538881 0.12317031 0.12098659 0.1188372  0.11672169
 0.1146396  0.1125905  0.11057395 0.1085895  0.10663673 0.10471522
 0.10282453 0.10096425 0.09913397 0.09733327 0.09556176 0.09381903
 0.09210467 0.09041831 0.08875955 0.087128  ]",restricted_age_optimal,True,True,True,10,1,constraints_[3]_remained,-114.90985097334594,-117.04124874403396,-112.77845320265791,1.0874678246642413,-2.0290843562926866,-2.0667206932725617,-1.9914480193128097,0.019202565596483766,-2.029042269293904,-2.0666778256258658,-1.9914067129619404,0.01920216729941328,0.0756792397154481,0.07195807468570403,0.07954522515029666,0.0019352913753293577,large,114.90985097334608,112.77845320265806,117.0412487440341,1.0874678246642415,2.029084356292689,1.9914480193128123,2.0667206932725644,0.01920256559648377,2.0290422692939063,1.991406712961943,2.0666778256258684,0.019202167299413285,0.9243207602845521,0.9204547748497036,0.9280419253142962,0.0019352913753293538
0.10171,0.164245,0.1327344999999999,0.0105117052111201,2252,100.0,"[0.10171    0.10411519 0.10652038 0.10892558 0.11133077 0.11373596
 0.11614115 0.11854635 0.12095154 0.12335673 0.12576192 0.12816712
 0.13057231 0.1329775  0.13538269 0.13778788 0.14019308 0.14259827
 0.14500346 0.14740865 0.14981385 0.15221904 0.15462423 0.15702942
 0.15943462 0.16183981 0.164245  ]","[0.22202487 0.31083481 0.08880995 0.71047957 1.90941385 2.57548845
 2.79751332 4.26287744 6.21669627 7.01598579 6.97158082 8.8365897
 9.01420959 7.81527531 8.6589698  7.90408526 6.1722913  5.3285968
 4.61811723 3.10834813 1.86500888 1.55417407 1.15452931 0.57726465
 0.13321492 0.17761989]",0.0025,26,normal,0.1329114218472469,"[0.10171    0.1017726  0.1018352  0.10189779 0.10196039 0.10202299
 0.10208559 0.10214818 0.10221078 0.10227338 0.10233598 0.10239857
 0.10246117 0.10252377 0.10258637 0.10264896 0.10271156 0.10277416
 0.10283676 0.10289935 0.10296195 0.10302455 0.10308715 0.10314974
 0.10321234 0.10327494 0.10333754 0.10340014 0.10346273 0.10352533
 0.10358793 0.10365053 0.10371312 0.10377572 0.10383832 0.10390092
 0.10396351 0.10402611 0.10408871 0.10415131 0.1042139  0.1042765
 0.1043391  0.1044017  0.10446429 0.10452689 0.10458949 0.10465209
 0.10471468 0.10477728 0.10483988 0.10490248 0.10496508 0.10502767
 0.10509027 0.10515287 0.10521547 0.10527806 0.10534066 0.10540326
 0.10546586 0.10552845 0.10559105 0.10565365 0.10571625 0.10577884
 0.10584144 0.10590404 0.10596664 0.10602923 0.10609183 0.10615443
 0.10621703 0.10627962 0.10634222 0.10640482 0.10646742 0.10653002
 0.10659261 0.10665521 0.10671781 0.10678041 0.106843   0.1069056
 0.1069682  0.1070308  0.10709339 0.10715599 0.10721859 0.10728119
 0.10734378 0.10740638 0.10746898 0.10753158 0.10759417 0.10765677
 0.10771937 0.10778197 0.10784456 0.10790716 0.10796976 0.10803236
 0.10809495 0.10815755 0.10822015 0.10828275 0.10834535 0.10840794
 0.10847054 0.10853314 0.10859574 0.10865833 0.10872093 0.10878353
 0.10884613 0.10890872 0.10897132 0.10903392 0.10909652 0.10915911
 0.10922171 0.10928431 0.10934691 0.1094095  0.1094721  0.1095347
 0.1095973  0.10965989 0.10972249 0.10978509 0.10984769 0.10991029
 0.10997288 0.11003548 0.11009808 0.11016068 0.11022327 0.11028587
 0.11034847 0.11041107 0.11047366 0.11053626 0.11059886 0.11066146
 0.11072405 0.11078665 0.11084925 0.11091185 0.11097444 0.11103704
 0.11109964 0.11116224 0.11122483 0.11128743 0.11135003 0.11141263
 0.11147523 0.11153782 0.11160042 0.11166302 0.11172562 0.11178821
 0.11185081 0.11191341 0.11197601 0.1120386  0.1121012  0.1121638
 0.1122264  0.11228899 0.11235159 0.11241419 0.11247679 0.11253938
 0.11260198 0.11266458 0.11272718 0.11278977 0.11285237 0.11291497
 0.11297757 0.11304017 0.11310276 0.11316536 0.11322796 0.11329056
 0.11335315 0.11341575 0.11347835 0.11354095 0.11360354 0.11366614
 0.11372874 0.11379134 0.11385393 0.11391653 0.11397913 0.11404173
 0.11410432 0.11416692 0.11422952 0.11429212 0.11435471 0.11441731
 0.11447991 0.11454251 0.11460511 0.1146677  0.1147303  0.1147929
 0.1148555  0.11491809 0.11498069 0.11504329 0.11510589 0.11516848
 0.11523108 0.11529368 0.11535628 0.11541887 0.11548147 0.11554407
 0.11560667 0.11566926 0.11573186 0.11579446 0.11585706 0.11591965
 0.11598225 0.11604485 0.11610745 0.11617005 0.11623264 0.11629524
 0.11635784 0.11642044 0.11648303 0.11654563 0.11660823 0.11667083
 0.11673342 0.11679602 0.11685862 0.11692122 0.11698381 0.11704641
 0.11710901 0.11717161 0.1172342  0.1172968  0.1173594  0.117422
 0.11748459 0.11754719 0.11760979 0.11767239 0.11773498 0.11779758
 0.11786018 0.11792278 0.11798538 0.11804797 0.11811057 0.11817317
 0.11823577 0.11829836 0.11836096 0.11842356 0.11848616 0.11854875
 0.11861135 0.11867395 0.11873655 0.11879914 0.11886174 0.11892434
 0.11898694 0.11904953 0.11911213 0.11917473 0.11923733 0.11929992
 0.11936252 0.11942512 0.11948772 0.11955032 0.11961291 0.11967551
 0.11973811 0.11980071 0.1198633  0.1199259  0.1199885  0.1200511
 0.12011369 0.12017629 0.12023889 0.12030149 0.12036408 0.12042668
 0.12048928 0.12055188 0.12061447 0.12067707 0.12073967 0.12080227
 0.12086486 0.12092746 0.12099006 0.12105266 0.12111526 0.12117785
 0.12124045 0.12130305 0.12136565 0.12142824 0.12149084 0.12155344
 0.12161604 0.12167863 0.12174123 0.12180383 0.12186643 0.12192902
 0.12199162 0.12205422 0.12211682 0.12217941 0.12224201 0.12230461
 0.12236721 0.1224298  0.1224924  0.122555   0.1226176  0.1226802
 0.12274279 0.12280539 0.12286799 0.12293059 0.12299318 0.12305578
 0.12311838 0.12318098 0.12324357 0.12330617 0.12336877 0.12343137
 0.12349396 0.12355656 0.12361916 0.12368176 0.12374435 0.12380695
 0.12386955 0.12393215 0.12399474 0.12405734 0.12411994 0.12418254
 0.12424514 0.12430773 0.12437033 0.12443293 0.12449553 0.12455812
 0.12462072 0.12468332 0.12474592 0.12480851 0.12487111 0.12493371
 0.12499631 0.1250589  0.1251215  0.1251841  0.1252467  0.12530929
 0.12537189 0.12543449 0.12549709 0.12555968 0.12562228 0.12568488
 0.12574748 0.12581008 0.12587267 0.12593527 0.12599787 0.12606047
 0.12612306 0.12618566 0.12624826 0.12631086 0.12637345 0.12643605
 0.12649865 0.12656125 0.12662384 0.12668644 0.12674904 0.12681164
 0.12687423 0.12693683 0.12699943 0.12706203 0.12712462 0.12718722
 0.12724982 0.12731242 0.12737502 0.12743761 0.12750021 0.12756281
 0.12762541 0.127688   0.1277506  0.1278132  0.1278758  0.12793839
 0.12800099 0.12806359 0.12812619 0.12818878 0.12825138 0.12831398
 0.12837658 0.12843917 0.12850177 0.12856437 0.12862697 0.12868956
 0.12875216 0.12881476 0.12887736 0.12893995 0.12900255 0.12906515
 0.12912775 0.12919035 0.12925294 0.12931554 0.12937814 0.12944074
 0.12950333 0.12956593 0.12962853 0.12969113 0.12975372 0.12981632
 0.12987892 0.12994152 0.13000411 0.13006671 0.13012931 0.13019191
 0.1302545  0.1303171  0.1303797  0.1304423  0.13050489 0.13056749
 0.13063009 0.13069269 0.13075529 0.13081788 0.13088048 0.13094308
 0.13100568 0.13106827 0.13113087 0.13119347 0.13125607 0.13131866
 0.13138126 0.13144386 0.13150646 0.13156905 0.13163165 0.13169425
 0.13175685 0.13181944 0.13188204 0.13194464 0.13200724 0.13206983
 0.13213243 0.13219503 0.13225763 0.13232023 0.13238282 0.13244542
 0.13250802 0.13257062 0.13263321 0.13269581 0.13275841 0.13282101
 0.1328836  0.1329462  0.1330088  0.1330714  0.13313399 0.13319659
 0.13325919 0.13332179 0.13338438 0.13344698 0.13350958 0.13357218
 0.13363477 0.13369737 0.13375997 0.13382257 0.13388517 0.13394776
 0.13401036 0.13407296 0.13413556 0.13419815 0.13426075 0.13432335
 0.13438595 0.13444854 0.13451114 0.13457374 0.13463634 0.13469893
 0.13476153 0.13482413 0.13488673 0.13494932 0.13501192 0.13507452
 0.13513712 0.13519971 0.13526231 0.13532491 0.13538751 0.13545011
 0.1355127  0.1355753  0.1356379  0.1357005  0.13576309 0.13582569
 0.13588829 0.13595089 0.13601348 0.13607608 0.13613868 0.13620128
 0.13626387 0.13632647 0.13638907 0.13645167 0.13651426 0.13657686
 0.13663946 0.13670206 0.13676465 0.13682725 0.13688985 0.13695245
 0.13701505 0.13707764 0.13714024 0.13720284 0.13726544 0.13732803
 0.13739063 0.13745323 0.13751583 0.13757842 0.13764102 0.13770362
 0.13776622 0.13782881 0.13789141 0.13795401 0.13801661 0.1380792
 0.1381418  0.1382044  0.138267   0.13832959 0.13839219 0.13845479
 0.13851739 0.13857998 0.13864258 0.13870518 0.13876778 0.13883038
 0.13889297 0.13895557 0.13901817 0.13908077 0.13914336 0.13920596
 0.13926856 0.13933116 0.13939375 0.13945635 0.13951895 0.13958155
 0.13964414 0.13970674 0.13976934 0.13983194 0.13989453 0.13995713
 0.14001973 0.14008233 0.14014492 0.14020752 0.14027012 0.14033272
 0.14039532 0.14045791 0.14052051 0.14058311 0.14064571 0.1407083
 0.1407709  0.1408335  0.1408961  0.14095869 0.14102129 0.14108389
 0.14114649 0.14120908 0.14127168 0.14133428 0.14139688 0.14145947
 0.14152207 0.14158467 0.14164727 0.14170986 0.14177246 0.14183506
 0.14189766 0.14196026 0.14202285 0.14208545 0.14214805 0.14221065
 0.14227324 0.14233584 0.14239844 0.14246104 0.14252363 0.14258623
 0.14264883 0.14271143 0.14277402 0.14283662 0.14289922 0.14296182
 0.14302441 0.14308701 0.14314961 0.14321221 0.1432748  0.1433374
 0.1434     0.1434626  0.1435252  0.14358779 0.14365039 0.14371299
 0.14377559 0.14383818 0.14390078 0.14396338 0.14402598 0.14408857
 0.14415117 0.14421377 0.14427637 0.14433896 0.14440156 0.14446416
 0.14452676 0.14458935 0.14465195 0.14471455 0.14477715 0.14483974
 0.14490234 0.14496494 0.14502754 0.14509014 0.14515273 0.14521533
 0.14527793 0.14534053 0.14540312 0.14546572 0.14552832 0.14559092
 0.14565351 0.14571611 0.14577871 0.14584131 0.1459039  0.1459665
 0.1460291  0.1460917  0.14615429 0.14621689 0.14627949 0.14634209
 0.14640468 0.14646728 0.14652988 0.14659248 0.14665508 0.14671767
 0.14678027 0.14684287 0.14690547 0.14696806 0.14703066 0.14709326
 0.14715586 0.14721845 0.14728105 0.14734365 0.14740625 0.14746884
 0.14753144 0.14759404 0.14765664 0.14771923 0.14778183 0.14784443
 0.14790703 0.14796962 0.14803222 0.14809482 0.14815742 0.14822002
 0.14828261 0.14834521 0.14840781 0.14847041 0.148533   0.1485956
 0.1486582  0.1487208  0.14878339 0.14884599 0.14890859 0.14897119
 0.14903378 0.14909638 0.14915898 0.14922158 0.14928417 0.14934677
 0.14940937 0.14947197 0.14953456 0.14959716 0.14965976 0.14972236
 0.14978495 0.14984755 0.14991015 0.14997275 0.15003535 0.15009794
 0.15016054 0.15022314 0.15028574 0.15034833 0.15041093 0.15047353
 0.15053613 0.15059872 0.15066132 0.15072392 0.15078652 0.15084911
 0.15091171 0.15097431 0.15103691 0.1510995  0.1511621  0.1512247
 0.1512873  0.15134989 0.15141249 0.15147509 0.15153769 0.15160029
 0.15166288 0.15172548 0.15178808 0.15185068 0.15191327 0.15197587
 0.15203847 0.15210107 0.15216366 0.15222626 0.15228886 0.15235146
 0.15241405 0.15247665 0.15253925 0.15260185 0.15266444 0.15272704
 0.15278964 0.15285224 0.15291483 0.15297743 0.15304003 0.15310263
 0.15316523 0.15322782 0.15329042 0.15335302 0.15341562 0.15347821
 0.15354081 0.15360341 0.15366601 0.1537286  0.1537912  0.1538538
 0.1539164  0.15397899 0.15404159 0.15410419 0.15416679 0.15422938
 0.15429198 0.15435458 0.15441718 0.15447977 0.15454237 0.15460497
 0.15466757 0.15473017 0.15479276 0.15485536 0.15491796 0.15498056
 0.15504315 0.15510575 0.15516835 0.15523095 0.15529354 0.15535614
 0.15541874 0.15548134 0.15554393 0.15560653 0.15566913 0.15573173
 0.15579432 0.15585692 0.15591952 0.15598212 0.15604471 0.15610731
 0.15616991 0.15623251 0.15629511 0.1563577  0.1564203  0.1564829
 0.1565455  0.15660809 0.15667069 0.15673329 0.15679589 0.15685848
 0.15692108 0.15698368 0.15704628 0.15710887 0.15717147 0.15723407
 0.15729667 0.15735926 0.15742186 0.15748446 0.15754706 0.15760965
 0.15767225 0.15773485 0.15779745 0.15786005 0.15792264 0.15798524
 0.15804784 0.15811044 0.15817303 0.15823563 0.15829823 0.15836083
 0.15842342 0.15848602 0.15854862 0.15861122 0.15867381 0.15873641
 0.15879901 0.15886161 0.1589242  0.1589868  0.1590494  0.159112
 0.15917459 0.15923719 0.15929979 0.15936239 0.15942498 0.15948758
 0.15955018 0.15961278 0.15967538 0.15973797 0.15980057 0.15986317
 0.15992577 0.15998836 0.16005096 0.16011356 0.16017616 0.16023875
 0.16030135 0.16036395 0.16042655 0.16048914 0.16055174 0.16061434
 0.16067694 0.16073953 0.16080213 0.16086473 0.16092733 0.16098992
 0.16105252 0.16111512 0.16117772 0.16124032 0.16130291 0.16136551
 0.16142811 0.16149071 0.1615533  0.1616159  0.1616785  0.1617411
 0.16180369 0.16186629 0.16192889 0.16199149 0.16205408 0.16211668
 0.16217928 0.16224188 0.16230447 0.16236707 0.16242967 0.16249227
 0.16255486 0.16261746 0.16268006 0.16274266 0.16280526 0.16286785
 0.16293045 0.16299305 0.16305565 0.16311824 0.16318084 0.16324344
 0.16330604 0.16336863 0.16343123 0.16349383 0.16355643 0.16361902
 0.16368162 0.16374422 0.16380682 0.16386941 0.16393201 0.16399461
 0.16405721 0.1641198  0.1641824  0.164245  ]","[0.11148147 0.11346753 0.11548488 0.11753393 0.11961509 0.12172878
 0.12387544 0.12605547 0.12826933 0.13051743 0.13280023 0.13511817
 0.13747168 0.13986123 0.14228727 0.14475026 0.14725066 0.14978895
 0.15236558 0.15498104 0.1576358  0.16033036 0.16306519 0.16584078
 0.16865765 0.17151627 0.17441716 0.17736083 0.18034778 0.18337853
 0.1864536  0.18957351 0.19273879 0.19594998 0.1992076  0.20251219
 0.20586431 0.20926449 0.21271328 0.21621125 0.21975894 0.22335693
 0.22700577 0.23070604 0.23445832 0.23826317 0.24212118 0.24603293
 0.24999902 0.25402003 0.25809657 0.26222923 0.26641861 0.27066532
 0.27496997 0.27933318 0.28375556 0.28823774 0.29278033 0.29738396
 0.30204927 0.30677689 0.31156746 0.31642161 0.32134    0.32632326
 0.33137205 0.33648702 0.34166883 0.34691813 0.35223559 0.35762187
 0.36307765 0.36860358 0.37420034 0.37986862 0.38560908 0.3914224
 0.39730928 0.40327039 0.40930643 0.41541808 0.42160603 0.42787099
 0.43421364 0.44063469 0.44713484 0.45371478 0.46037523 0.46711688
 0.47394045 0.48084665 0.48783618 0.49490976 0.5020681  0.50931192
 0.51664193 0.52405885 0.53156339 0.53915628 0.54683824 0.55460998
 0.56247223 0.5704257  0.57847112 0.58660922 0.59484071 0.60316631
 0.61158676 0.62010276 0.62871505 0.63742435 0.64623138 0.65513685
 0.6641415  0.67324604 0.68245119 0.69175766 0.70116618 0.71067746
 0.72029222 0.73001117 0.73983502 0.74976448 0.75980026 0.76994307
 0.78019361 0.79055259 0.80102069 0.81159863 0.8222871  0.83308679
 0.84399838 0.85502257 0.86616004 0.87741147 0.88877754 0.90025892
 0.91185628 0.92357029 0.93540161 0.9473509  0.9594188  0.97160598
 0.98391308 0.99634074 1.00888959 1.02156026 1.03435338 1.04726957
 1.06030945 1.07347363 1.0867627  1.10017727 1.11371792 1.12738525
 1.14117984 1.15510225 1.16915305 1.1833328  1.19764205 1.21208136
 1.22665125 1.24135225 1.2561849  1.27114969 1.28624715 1.30147776
 1.31684203 1.33234042 1.34797341 1.36374148 1.37964506 1.39568462
 1.41186057 1.42817336 1.4446234  1.46121109 1.47793684 1.49480103
 1.51180404 1.52894623 1.54622796 1.56364957 1.5812114  1.59891378
 1.616757   1.63474137 1.65286718 1.6711347  1.6895442  1.70809593
 1.72679013 1.74562701 1.76460681 1.7837297  1.8029959  1.82240556
 1.84195884 1.86165591 1.88149688 1.90148187 1.921611   1.94188435
 1.962302   1.98286401 2.00357042 2.02442127 2.04541658 2.06655635
 2.08784055 2.10926917 2.13084216 2.15255945 2.17442097 2.19642662
 2.2185763  2.24086988 2.26330721 2.28588814 2.30861249 2.33148006
 2.35449064 2.37764401 2.40093992 2.4243781  2.44795828 2.47168015
 2.4955434  2.51954768 2.54369266 2.56797795 2.59240316 2.61696788
 2.64167169 2.66651414 2.69149476 2.71661306 2.74186855 2.76726069
 2.79278895 2.81845275 2.84425152 2.87018466 2.89625153 2.92245151
 2.94878392 2.97524809 3.0018433  3.02856885 3.05542397 3.08240792
 3.1095199  3.13675912 3.16412473 3.19161591 3.21923177 3.24697144
 3.274834   3.30281852 3.33092406 3.35914963 3.38749426 3.41595691
 3.44453656 3.47323215 3.50204261 3.53096683 3.56000369 3.58915205
 3.61841075 3.64777861 3.67725442 3.70683695 3.73652495 3.76631716
 3.79621229 3.82620901 3.85630601 3.88650193 3.91679538 3.94718498
 3.9776693  4.00824691 4.03891635 4.06967614 4.10052477 4.13146072
 4.16248245 4.19358839 4.22477697 4.25604656 4.28739556 4.3188223
 4.35032513 4.38190235 4.41355226 4.44527313 4.47706321 4.50892074
 4.54084392 4.57283095 4.60488001 4.63698924 4.66915678 4.70138075
 4.73365924 4.76599033 4.79837208 4.83080252 4.86327968 4.89580157
 4.92836616 4.96097142 4.99361531 5.02629575 5.05901065 5.09175792
 5.12453544 5.15734105 5.19017262 5.22302797 5.25590492 5.28880125
 5.32171476 5.3546432  5.38758433 5.42053588 5.45349557 5.4864611
 5.51943017 5.55240046 5.58536961 5.61833529 5.65129512 5.68424673
 5.71718773 5.7501157  5.78302824 5.81592291 5.84879728 5.88164889
 5.91447527 5.94727395 5.98004245 6.01277826 6.04547889 6.0781418
 6.11076449 6.1433444  6.175879   6.20836574 6.24080204 6.27318534
 6.30551307 6.33778264 6.36999145 6.4021369  6.4342164  6.46622733
 6.49816707 6.530033   6.5618225  6.59353292 6.62516164 6.65670601
 6.68816339 6.71953113 6.75080659 6.7819871  6.81307001 6.84405268
 6.87493243 6.90570661 6.93637255 6.96692761 6.99736911 7.02769441
 7.05790083 7.08798572 7.11794643 7.1477803  7.17748468 7.20705691
 7.23649436 7.26579438 7.29495434 7.32397159 7.3528435  7.38156747
 7.41014085 7.43856104 7.46682544 7.49493145 7.52287646 7.55065789
 7.57827317 7.60571973 7.632995   7.66009644 7.68702149 7.71376763
 7.74033234 7.76671309 7.7929074  7.81891277 7.84472672 7.87034679
 7.89577052 7.92099548 7.94601923 7.97083937 7.99545349 8.01985921
 8.04405417 8.06803599 8.09180236 8.11535094 8.13867942 8.16178553
 8.18466698 8.20732152 8.22974691 8.25194094 8.2739014  8.29562612
 8.31711293 8.33835969 8.35936428 8.38012459 8.40063855 8.42090409
 8.44091918 8.4606818  8.48018996 8.49944168 8.51843502 8.53716805
 8.55563886 8.57384558 8.59178635 8.60945935 8.62686276 8.64399481
 8.66085375 8.67743783 8.69374536 8.70977467 8.72552409 8.74099202
 8.75617684 8.77107699 8.78569092 8.80001713 8.81405413 8.82780046
 8.84125468 8.85441541 8.86728127 8.87985091 8.89212303 8.90409634
 8.9157696  8.92714157 8.93821107 8.94897694 8.95943805 8.9695933
 8.97944162 8.98898197 8.99821336 9.0071348  9.01574537 9.02404414
 9.03203025 9.03970286 9.04706114 9.05410433 9.06083167 9.06724246
 9.07333602 9.0791117  9.08456889 9.08970701 9.09452551 9.09902389
 9.10320167 9.1070584  9.11059368 9.11380712 9.11669839 9.11926718
 9.12151322 9.12343627 9.12503611 9.1263126  9.12726558 9.12789495
 9.12820066 9.12818266 9.12784096 9.12717559 9.12618663 9.12487418
 9.12323838 9.12127941 9.11899747 9.1163928  9.11346569 9.11021644
 9.1066454  9.10275294 9.09853949 9.09400549 9.08915141 9.08397778
 9.07848515 9.07267409 9.06654522 9.06009919 9.05333669 9.04625843
 9.03886515 9.03115764 9.02313672 9.01480323 9.00615805 8.99720209
 8.9879363  8.97836164 8.96847914 8.95828983 8.94779478 8.93699508
 8.92589189 8.91448635 8.90277967 8.89077306 8.87846779 8.86586514
 8.85296643 8.839773   8.82628622 8.8125075  8.79843826 8.78407998
 8.76943414 8.75450226 8.73928588 8.72378658 8.70800595 8.69194562
 8.67560725 8.65899251 8.64210312 8.62494081 8.60750733 8.58980446
 8.57183403 8.55359785 8.53509778 8.51633571 8.49731355 8.47803321
 8.45849666 8.43870586 8.41866282 8.39836955 8.3778281  8.35704052
 8.33600889 8.31473533 8.29322196 8.27147092 8.24948438 8.22726451
 8.20481352 8.18213364 8.15922709 8.13609615 8.11274307 8.08917016
 8.06537972 8.04137408 8.01715557 7.99272656 7.96808941 7.94324651
 7.91820026 7.89295308 7.86750739 7.84186564 7.81603028 7.79000378
 7.76378861 7.73738728 7.71080227 7.68403611 7.65709132 7.62997042
 7.60267598 7.57521053 7.54757665 7.51977689 7.49181385 7.46369011
 7.43540825 7.40697089 7.37838064 7.34964009 7.32075188 7.29171863
 7.26254298 7.23322754 7.20377497 7.17418791 7.144469   7.1146209
 7.08464625 7.05454771 7.02432794 6.99398959 6.96353532 6.93296781
 6.90228969 6.87150364 6.84061231 6.80961837 6.77852447 6.74733327
 6.71604742 6.68466958 6.6532024  6.62164851 6.59001058 6.55829123
 6.52649311 6.49461884 6.46267105 6.43065237 6.39856541 6.36641278
 6.33419708 6.30192092 6.26958689 6.23719756 6.20475552 6.17226334
 6.13972357 6.10713878 6.07451149 6.04184426 6.0091396  5.97640003
 5.94362805 5.91082616 5.87799685 5.84514259 5.81226585 5.77936907
 5.74645469 5.71352515 5.68058286 5.64763021 5.61466962 5.58170343
 5.54873404 5.51576378 5.48279498 5.44982998 5.41687109 5.38392058
 5.35098075 5.31805386 5.28514216 5.25224787 5.21937322 5.1865204
 5.15369161 5.12088901 5.08811476 5.05537098 5.02265981 4.98998333
 4.95734364 4.92474279 4.89218285 4.85966584 4.82719378 4.79476865
 4.76239244 4.7300671  4.69779458 4.66557679 4.63341564 4.60131301
 4.56927076 4.53729074 4.50537477 4.47352466 4.44174218 4.41002912
 4.37838721 4.34681818 4.31532373 4.28390555 4.2525653  4.22130464
 4.19012517 4.15902852 4.12801625 4.09708993 4.06625111 4.03550129
 4.00484199 3.97427468 3.94380082 3.91342185 3.88313917 3.85295419
 3.82286827 3.79288278 3.76299903 3.73321835 3.70354201 3.67397129
 3.64450743 3.61515165 3.58590516 3.55676914 3.52774475 3.49883312
 3.47003539 3.44135264 3.41278594 3.38433637 3.35600493 3.32779266
 3.29970053 3.27172952 3.24388058 3.21615464 3.1885526  3.16107534
 3.13372374 3.10649864 3.07940085 3.05243119 3.02559044 2.99887935
 2.97229867 2.94584912 2.91953141 2.8933462  2.86729416 2.84137594
 2.81559215 2.78994339 2.76443024 2.73905327 2.71381302 2.68871
 2.66374472 2.63891767 2.6142293  2.58968007 2.5652704  2.5410007
 2.51687135 2.49288273 2.46903519 2.44532906 2.42176466 2.39834228
 2.37506221 2.35192471 2.32893002 2.30607836 2.28336996 2.26080499
 2.23838363 2.21610605 2.19397238 2.17198275 2.15013727 2.12843602
 2.10687908 2.08546652 2.06419838 2.04307468 2.02209543 2.00126065
 1.98057029 1.96002434 1.93962274 1.91936543 1.89925234 1.87928336
 1.8594584  1.83977733 1.82024003 1.80084633 1.78159608 1.76248911
 1.74352521 1.72470421 1.70602587 1.68748997 1.66909627 1.65084452
 1.63273445 1.61476579 1.59693824 1.57925152 1.56170529 1.54429925
 1.52703306 1.50990636 1.49291881 1.47607003 1.45935966 1.44278729
 1.42635254 1.41005499 1.39389422 1.37786981 1.36198131 1.34622829
 1.33061029 1.31512684 1.29977746 1.28456168 1.269479   1.25452892
 1.23971094 1.22502455 1.2104692  1.19604439 1.18174956 1.16758418
 1.15354768 1.13963952 1.12585911 1.1122059  1.09867929 1.08527871
 1.07200355 1.05885323 1.04582714 1.03292466 1.02014519 1.00748809
 0.99495275 0.98253854 0.97024481 0.95807092 0.94601624 0.9340801
 0.92226186 0.91056086 0.89897643 0.8875079  0.87615462 0.86491589
 0.85379105 0.84277941 0.8318803  0.82109301 0.81041687 0.79985118
 0.78939525 0.77904836 0.76880984 0.75867897 0.74865504 0.73873736
 0.72892521 0.71921789 0.70961467 0.70011485 0.69071771 0.68142254
 0.67222862 0.66313522 0.65414164 0.64524715 0.63645103 0.62775255
 0.619151   0.61064566 0.6022358  0.59392069 0.58569962 0.57757187
 0.56953671 0.56159342 0.55374127 0.54597955 0.53830754 0.53072451
 0.52322974 0.51582252 0.50850213 0.50126786 0.49411898 0.48705478
 0.48007455 0.47317757 0.46636315 0.45963056 0.4529791  0.44640806
 0.43991675 0.43350445 0.42717047 0.42091411 0.41473468 0.40863147
 0.4026038  0.39665098 0.39077232 0.38496713 0.37923473 0.37357444
 0.36798558 0.36246749 0.35701948 0.35164088 0.34633103 0.34108927
 0.33591492 0.33080734 0.32576587 0.32078986 0.31587865 0.3110316
 0.30624806 0.3015274  0.29686898 0.29227217 0.28773632 0.28326083
 0.27884506 0.27448839 0.27019022 0.26594991 0.26176687 0.25764048
 0.25357015 0.24955527 0.24559525 0.2416895  0.23783743 0.23403846
 0.230292   0.22659748 0.22295432 0.21936195 0.21581981 0.21232734
 0.20888398 0.20548917 0.20214237 0.19884302 0.19559059 0.19238454
 0.18922433 0.18610943 0.18303931 0.18001346 0.17703135 0.17409247
 0.1711963  0.16834235 0.1655301  0.16275906 0.16002873 0.15733862
 0.15468825 0.15207714 0.14950479 0.14697075 0.14447453 0.14201567
 0.13959371 0.13720819 0.13485865 0.13254465 0.13026573 0.12802145
 0.12581138 0.12363508 0.12149211 0.11938206 0.11730449 0.11525899
 0.11324514 0.11126253 0.10931076 0.10738941]",restricted_age_optimal,True,True,True,10,1,constraints_[4]_remained,-91.22872860109455,-93.30239780557372,-89.15505939661537,1.0580139333355192,-1.9876996468142325,-2.0328809357410553,-1.9425183578874086,0.023052101611666178,-1.9876568745232992,-2.0328371912171,-1.9424765578294974,0.02305160556529502,0.07993845606509159,0.07529750409944334,0.08479252435022844,0.0024218418278630113,large,91.22872860109462,89.15505939661544,93.30239780557379,1.0580139333355192,1.987699646814234,1.9425183578874101,2.032880935741057,0.023052101611666178,1.9876568745233008,1.942476557829499,2.0328371912171015,0.02305160556529502,0.9200615439349085,0.9152074756497717,0.9247024959005568,0.0024218418278630074
0.101199,0.154576,0.1259974999999999,0.0092730839106175,2144,100.0,"[0.101199   0.10362523 0.10605145 0.10847768 0.11090391 0.11333014
 0.11575636 0.11818259 0.12060882 0.12303505 0.12546127 0.1278875
 0.13031373 0.13273995 0.13516618 0.13759241 0.14001864 0.14244486
 0.14487109 0.14729732 0.14972355 0.15214977 0.154576  ]","[ 0.5130597   0.65298507  1.07276119  2.23880597  4.33768657  5.2238806
  5.92350746  8.90858209  8.81529851  9.93470149 10.07462687  9.46828358
  8.48880597  7.13619403  5.69029851  4.43097015  2.79850746  1.95895522
  1.30597015  0.74626866  0.09328358  0.18656716]",0.0025,22,normal,0.1261322229477612,"[0.101199   0.10125243 0.10130586 0.10135929 0.10141272 0.10146615
 0.10151958 0.10157301 0.10162644 0.10167987 0.1017333  0.10178673
 0.10184017 0.1018936  0.10194703 0.10200046 0.10205389 0.10210732
 0.10216075 0.10221418 0.10226761 0.10232104 0.10237447 0.1024279
 0.10248133 0.10253476 0.10258819 0.10264162 0.10269505 0.10274848
 0.10280191 0.10285534 0.10290877 0.1029622  0.10301563 0.10306907
 0.1031225  0.10317593 0.10322936 0.10328279 0.10333622 0.10338965
 0.10344308 0.10349651 0.10354994 0.10360337 0.1036568  0.10371023
 0.10376366 0.10381709 0.10387052 0.10392395 0.10397738 0.10403081
 0.10408424 0.10413767 0.1041911  0.10424453 0.10429796 0.1043514
 0.10440483 0.10445826 0.10451169 0.10456512 0.10461855 0.10467198
 0.10472541 0.10477884 0.10483227 0.1048857  0.10493913 0.10499256
 0.10504599 0.10509942 0.10515285 0.10520628 0.10525971 0.10531314
 0.10536657 0.10542    0.10547343 0.10552686 0.1055803  0.10563373
 0.10568716 0.10574059 0.10579402 0.10584745 0.10590088 0.10595431
 0.10600774 0.10606117 0.1061146  0.10616803 0.10622146 0.10627489
 0.10632832 0.10638175 0.10643518 0.10648861 0.10654204 0.10659547
 0.1066489  0.10670233 0.10675576 0.1068092  0.10686263 0.10691606
 0.10696949 0.10702292 0.10707635 0.10712978 0.10718321 0.10723664
 0.10729007 0.1073435  0.10739693 0.10745036 0.10750379 0.10755722
 0.10761065 0.10766408 0.10771751 0.10777094 0.10782437 0.1078778
 0.10793123 0.10798466 0.1080381  0.10809153 0.10814496 0.10819839
 0.10825182 0.10830525 0.10835868 0.10841211 0.10846554 0.10851897
 0.1085724  0.10862583 0.10867926 0.10873269 0.10878612 0.10883955
 0.10889298 0.10894641 0.10899984 0.10905327 0.1091067  0.10916013
 0.10921356 0.10926699 0.10932043 0.10937386 0.10942729 0.10948072
 0.10953415 0.10958758 0.10964101 0.10969444 0.10974787 0.1098013
 0.10985473 0.10990816 0.10996159 0.11001502 0.11006845 0.11012188
 0.11017531 0.11022874 0.11028217 0.1103356  0.11038903 0.11044246
 0.11049589 0.11054933 0.11060276 0.11065619 0.11070962 0.11076305
 0.11081648 0.11086991 0.11092334 0.11097677 0.1110302  0.11108363
 0.11113706 0.11119049 0.11124392 0.11129735 0.11135078 0.11140421
 0.11145764 0.11151107 0.1115645  0.11161793 0.11167136 0.11172479
 0.11177823 0.11183166 0.11188509 0.11193852 0.11199195 0.11204538
 0.11209881 0.11215224 0.11220567 0.1122591  0.11231253 0.11236596
 0.11241939 0.11247282 0.11252625 0.11257968 0.11263311 0.11268654
 0.11273997 0.1127934  0.11284683 0.11290026 0.11295369 0.11300713
 0.11306056 0.11311399 0.11316742 0.11322085 0.11327428 0.11332771
 0.11338114 0.11343457 0.113488   0.11354143 0.11359486 0.11364829
 0.11370172 0.11375515 0.11380858 0.11386201 0.11391544 0.11396887
 0.1140223  0.11407573 0.11412916 0.11418259 0.11423603 0.11428946
 0.11434289 0.11439632 0.11444975 0.11450318 0.11455661 0.11461004
 0.11466347 0.1147169  0.11477033 0.11482376 0.11487719 0.11493062
 0.11498405 0.11503748 0.11509091 0.11514434 0.11519777 0.1152512
 0.11530463 0.11535806 0.11541149 0.11546492 0.11551836 0.11557179
 0.11562522 0.11567865 0.11573208 0.11578551 0.11583894 0.11589237
 0.1159458  0.11599923 0.11605266 0.11610609 0.11615952 0.11621295
 0.11626638 0.11631981 0.11637324 0.11642667 0.1164801  0.11653353
 0.11658696 0.11664039 0.11669382 0.11674726 0.11680069 0.11685412
 0.11690755 0.11696098 0.11701441 0.11706784 0.11712127 0.1171747
 0.11722813 0.11728156 0.11733499 0.11738842 0.11744185 0.11749528
 0.11754871 0.11760214 0.11765557 0.117709   0.11776243 0.11781586
 0.11786929 0.11792272 0.11797616 0.11802959 0.11808302 0.11813645
 0.11818988 0.11824331 0.11829674 0.11835017 0.1184036  0.11845703
 0.11851046 0.11856389 0.11861732 0.11867075 0.11872418 0.11877761
 0.11883104 0.11888447 0.1189379  0.11899133 0.11904476 0.11909819
 0.11915162 0.11920506 0.11925849 0.11931192 0.11936535 0.11941878
 0.11947221 0.11952564 0.11957907 0.1196325  0.11968593 0.11973936
 0.11979279 0.11984622 0.11989965 0.11995308 0.12000651 0.12005994
 0.12011337 0.1201668  0.12022023 0.12027366 0.12032709 0.12038052
 0.12043395 0.12048739 0.12054082 0.12059425 0.12064768 0.12070111
 0.12075454 0.12080797 0.1208614  0.12091483 0.12096826 0.12102169
 0.12107512 0.12112855 0.12118198 0.12123541 0.12128884 0.12134227
 0.1213957  0.12144913 0.12150256 0.12155599 0.12160942 0.12166285
 0.12171629 0.12176972 0.12182315 0.12187658 0.12193001 0.12198344
 0.12203687 0.1220903  0.12214373 0.12219716 0.12225059 0.12230402
 0.12235745 0.12241088 0.12246431 0.12251774 0.12257117 0.1226246
 0.12267803 0.12273146 0.12278489 0.12283832 0.12289175 0.12294519
 0.12299862 0.12305205 0.12310548 0.12315891 0.12321234 0.12326577
 0.1233192  0.12337263 0.12342606 0.12347949 0.12353292 0.12358635
 0.12363978 0.12369321 0.12374664 0.12380007 0.1238535  0.12390693
 0.12396036 0.12401379 0.12406722 0.12412065 0.12417409 0.12422752
 0.12428095 0.12433438 0.12438781 0.12444124 0.12449467 0.1245481
 0.12460153 0.12465496 0.12470839 0.12476182 0.12481525 0.12486868
 0.12492211 0.12497554 0.12502897 0.1250824  0.12513583 0.12518926
 0.12524269 0.12529612 0.12534955 0.12540298 0.12545642 0.12550985
 0.12556328 0.12561671 0.12567014 0.12572357 0.125777   0.12583043
 0.12588386 0.12593729 0.12599072 0.12604415 0.12609758 0.12615101
 0.12620444 0.12625787 0.1263113  0.12636473 0.12641816 0.12647159
 0.12652502 0.12657845 0.12663188 0.12668532 0.12673875 0.12679218
 0.12684561 0.12689904 0.12695247 0.1270059  0.12705933 0.12711276
 0.12716619 0.12721962 0.12727305 0.12732648 0.12737991 0.12743334
 0.12748677 0.1275402  0.12759363 0.12764706 0.12770049 0.12775392
 0.12780735 0.12786078 0.12791422 0.12796765 0.12802108 0.12807451
 0.12812794 0.12818137 0.1282348  0.12828823 0.12834166 0.12839509
 0.12844852 0.12850195 0.12855538 0.12860881 0.12866224 0.12871567
 0.1287691  0.12882253 0.12887596 0.12892939 0.12898282 0.12903625
 0.12908968 0.12914312 0.12919655 0.12924998 0.12930341 0.12935684
 0.12941027 0.1294637  0.12951713 0.12957056 0.12962399 0.12967742
 0.12973085 0.12978428 0.12983771 0.12989114 0.12994457 0.129998
 0.13005143 0.13010486 0.13015829 0.13021172 0.13026515 0.13031858
 0.13037202 0.13042545 0.13047888 0.13053231 0.13058574 0.13063917
 0.1306926  0.13074603 0.13079946 0.13085289 0.13090632 0.13095975
 0.13101318 0.13106661 0.13112004 0.13117347 0.1312269  0.13128033
 0.13133376 0.13138719 0.13144062 0.13149405 0.13154748 0.13160091
 0.13165435 0.13170778 0.13176121 0.13181464 0.13186807 0.1319215
 0.13197493 0.13202836 0.13208179 0.13213522 0.13218865 0.13224208
 0.13229551 0.13234894 0.13240237 0.1324558  0.13250923 0.13256266
 0.13261609 0.13266952 0.13272295 0.13277638 0.13282981 0.13288325
 0.13293668 0.13299011 0.13304354 0.13309697 0.1331504  0.13320383
 0.13325726 0.13331069 0.13336412 0.13341755 0.13347098 0.13352441
 0.13357784 0.13363127 0.1336847  0.13373813 0.13379156 0.13384499
 0.13389842 0.13395185 0.13400528 0.13405871 0.13411215 0.13416558
 0.13421901 0.13427244 0.13432587 0.1343793  0.13443273 0.13448616
 0.13453959 0.13459302 0.13464645 0.13469988 0.13475331 0.13480674
 0.13486017 0.1349136  0.13496703 0.13502046 0.13507389 0.13512732
 0.13518075 0.13523418 0.13528761 0.13534105 0.13539448 0.13544791
 0.13550134 0.13555477 0.1356082  0.13566163 0.13571506 0.13576849
 0.13582192 0.13587535 0.13592878 0.13598221 0.13603564 0.13608907
 0.1361425  0.13619593 0.13624936 0.13630279 0.13635622 0.13640965
 0.13646308 0.13651651 0.13656994 0.13662338 0.13667681 0.13673024
 0.13678367 0.1368371  0.13689053 0.13694396 0.13699739 0.13705082
 0.13710425 0.13715768 0.13721111 0.13726454 0.13731797 0.1373714
 0.13742483 0.13747826 0.13753169 0.13758512 0.13763855 0.13769198
 0.13774541 0.13779884 0.13785228 0.13790571 0.13795914 0.13801257
 0.138066   0.13811943 0.13817286 0.13822629 0.13827972 0.13833315
 0.13838658 0.13844001 0.13849344 0.13854687 0.1386003  0.13865373
 0.13870716 0.13876059 0.13881402 0.13886745 0.13892088 0.13897431
 0.13902774 0.13908118 0.13913461 0.13918804 0.13924147 0.1392949
 0.13934833 0.13940176 0.13945519 0.13950862 0.13956205 0.13961548
 0.13966891 0.13972234 0.13977577 0.1398292  0.13988263 0.13993606
 0.13998949 0.14004292 0.14009635 0.14014978 0.14020321 0.14025664
 0.14031008 0.14036351 0.14041694 0.14047037 0.1405238  0.14057723
 0.14063066 0.14068409 0.14073752 0.14079095 0.14084438 0.14089781
 0.14095124 0.14100467 0.1410581  0.14111153 0.14116496 0.14121839
 0.14127182 0.14132525 0.14137868 0.14143211 0.14148554 0.14153897
 0.14159241 0.14164584 0.14169927 0.1417527  0.14180613 0.14185956
 0.14191299 0.14196642 0.14201985 0.14207328 0.14212671 0.14218014
 0.14223357 0.142287   0.14234043 0.14239386 0.14244729 0.14250072
 0.14255415 0.14260758 0.14266101 0.14271444 0.14276787 0.14282131
 0.14287474 0.14292817 0.1429816  0.14303503 0.14308846 0.14314189
 0.14319532 0.14324875 0.14330218 0.14335561 0.14340904 0.14346247
 0.1435159  0.14356933 0.14362276 0.14367619 0.14372962 0.14378305
 0.14383648 0.14388991 0.14394334 0.14399677 0.14405021 0.14410364
 0.14415707 0.1442105  0.14426393 0.14431736 0.14437079 0.14442422
 0.14447765 0.14453108 0.14458451 0.14463794 0.14469137 0.1447448
 0.14479823 0.14485166 0.14490509 0.14495852 0.14501195 0.14506538
 0.14511881 0.14517224 0.14522567 0.14527911 0.14533254 0.14538597
 0.1454394  0.14549283 0.14554626 0.14559969 0.14565312 0.14570655
 0.14575998 0.14581341 0.14586684 0.14592027 0.1459737  0.14602713
 0.14608056 0.14613399 0.14618742 0.14624085 0.14629428 0.14634771
 0.14640114 0.14645457 0.14650801 0.14656144 0.14661487 0.1466683
 0.14672173 0.14677516 0.14682859 0.14688202 0.14693545 0.14698888
 0.14704231 0.14709574 0.14714917 0.1472026  0.14725603 0.14730946
 0.14736289 0.14741632 0.14746975 0.14752318 0.14757661 0.14763004
 0.14768347 0.1477369  0.14779034 0.14784377 0.1478972  0.14795063
 0.14800406 0.14805749 0.14811092 0.14816435 0.14821778 0.14827121
 0.14832464 0.14837807 0.1484315  0.14848493 0.14853836 0.14859179
 0.14864522 0.14869865 0.14875208 0.14880551 0.14885894 0.14891237
 0.1489658  0.14901924 0.14907267 0.1491261  0.14917953 0.14923296
 0.14928639 0.14933982 0.14939325 0.14944668 0.14950011 0.14955354
 0.14960697 0.1496604  0.14971383 0.14976726 0.14982069 0.14987412
 0.14992755 0.14998098 0.15003441 0.15008784 0.15014127 0.1501947
 0.15024814 0.15030157 0.150355   0.15040843 0.15046186 0.15051529
 0.15056872 0.15062215 0.15067558 0.15072901 0.15078244 0.15083587
 0.1508893  0.15094273 0.15099616 0.15104959 0.15110302 0.15115645
 0.15120988 0.15126331 0.15131674 0.15137017 0.1514236  0.15147704
 0.15153047 0.1515839  0.15163733 0.15169076 0.15174419 0.15179762
 0.15185105 0.15190448 0.15195791 0.15201134 0.15206477 0.1521182
 0.15217163 0.15222506 0.15227849 0.15233192 0.15238535 0.15243878
 0.15249221 0.15254564 0.15259907 0.1526525  0.15270593 0.15275937
 0.1528128  0.15286623 0.15291966 0.15297309 0.15302652 0.15307995
 0.15313338 0.15318681 0.15324024 0.15329367 0.1533471  0.15340053
 0.15345396 0.15350739 0.15356082 0.15361425 0.15366768 0.15372111
 0.15377454 0.15382797 0.1538814  0.15393483 0.15398827 0.1540417
 0.15409513 0.15414856 0.15420199 0.15425542 0.15430885 0.15436228
 0.15441571 0.15446914 0.15452257 0.154576  ]","[ 0.28102869  0.28541166  0.28985337  0.29435442  0.29891545  0.30353708
  0.30821993  0.31296463  0.31777182  0.32264214  0.32757623  0.33257474
  0.3376383   0.34276759  0.34796324  0.35322592  0.35855629  0.36395501
  0.36942276  0.3749602   0.38056801  0.38624687  0.39199745  0.39782044
  0.40371653  0.4096864   0.41573075  0.42185026  0.42804565  0.4343176
  0.44066682  0.44709402  0.4535999   0.46018517  0.46685055  0.47359674
  0.48042447  0.48733445  0.49432741  0.50140407  0.50856515  0.51581138
  0.52314349  0.53056221  0.53806827  0.54566241  0.55334535  0.56111785
  0.56898063  0.57693443  0.58498     0.59311807  0.6013494   0.60967472
  0.61809477  0.62661031  0.63522208  0.64393083  0.6527373   0.66164225
  0.67064641  0.67975054  0.68895539  0.69826171  0.70767023  0.71718172
  0.72679693  0.73651658  0.74634145  0.75627226  0.76630978  0.77645473
  0.78670788  0.79706996  0.8075417   0.81812387  0.82881718  0.83962239
  0.85054023  0.86157143  0.87271673  0.88397686  0.89535254  0.9068445
  0.91845348  0.93018018  0.94202534  0.95398966  0.96607387  0.97827866
  0.99060476  1.00305286  1.01562366  1.02831787  1.04113618  1.05407928
  1.06714786  1.08034259  1.09366416  1.10711324  1.1206905   1.1343966
  1.14823221  1.16219798  1.17629456  1.1905226   1.20488273  1.21937559
  1.23400181  1.24876201  1.26365681  1.27868681  1.29385263  1.30915485
  1.32459408  1.3401709   1.35588587  1.37173958  1.38773259  1.40386545
  1.42013871  1.43655292  1.4531086   1.46980628  1.48664647  1.50362969
  1.52075644  1.5380272   1.55544246  1.57300269  1.59070836  1.60855992
  1.62655781  1.64470248  1.66299434  1.68143382  1.70002131  1.71875722
  1.73764192  1.7566758   1.77585922  1.79519252  1.81467606  1.83431015
  1.85409512  1.87403127  1.89411891  1.9143583   1.93474973  1.95529345
  1.9759897   1.99683873  2.01784074  2.03899595  2.06030455  2.08176673
  2.10338264  2.12515245  2.14707629  2.16915428  2.19138655  2.21377319
  2.23631427  2.25900988  2.28186006  2.30486485  2.32802427  2.35133834
  2.37480705  2.39843036  2.42220826  2.44614067  2.47022753  2.49446876
  2.51886426  2.54341389  2.56811753  2.59297503  2.61798621  2.64315089
  2.66846887  2.69393992  2.71956381  2.74534028  2.77126906  2.79734986
  2.82358236  2.84996624  2.87650116  2.90318675  2.93002262  2.95700839
  2.98414362  3.01142788  3.03886072  3.06644165  3.09417018  3.1220458
  3.15006797  3.17823614  3.20654973  3.23500815  3.2636108   3.29235703
  3.3212462   3.35027763  3.37945063  3.40876448  3.43821846  3.46781182
  3.49754377  3.52741352  3.55742026  3.58756315  3.61784134  3.64825395
  3.67880008  3.70947882  3.74028921  3.77123031  3.80230113  3.83350067
  3.8648279   3.89628178  3.92786124  3.9595652   3.99139255  4.02334215
  4.05541286  4.0876035   4.11991288  4.15233978  4.18488297  4.21754119
  4.25031316  4.28319758  4.31619313  4.34929846  4.38251221  4.415833
  4.44925942  4.48279003  4.51642339  4.55015803  4.58399246  4.61792517
  4.65195461  4.68607924  4.72029748  4.75460773  4.78900838  4.82349778
  4.85807429  4.89273621  4.92748184  4.96230948  4.99721737  5.03220376
  5.06726686  5.10240487  5.13761597  5.17289832  5.20825006  5.2436693
  5.27915414  5.31470268  5.35031295  5.38598302  5.42171089  5.45749458
  5.49333206  5.52922131  5.56516026  5.60114686  5.63717901  5.6732546
  5.70937151  5.74552759  5.78172069  5.81794863  5.85420921  5.89050022
  5.92681944  5.96316461  5.99953348  6.03592377  6.07233319  6.10875942
  6.14520014  6.18165301  6.21811568  6.25458578  6.29106091  6.32753868
  6.36401668  6.40049248  6.43696364  6.47342769  6.50988219  6.54632463
  6.58275254  6.61916339  6.65555469  6.69192388  6.72826844  6.7645858
  6.80087341  6.83712868  6.87334904  6.90953188  6.9456746   6.98177459
  7.01782921  7.05383584  7.08979182  7.12569452  7.16154127  7.19732939
  7.23305622  7.26871908  7.30431527  7.3398421   7.37529687  7.41067687
  7.44597938  7.48120169  7.51634107  7.5513948   7.58636014  7.62123436
  7.65601472  7.69069846  7.72528286  7.75976516  7.79414261  7.82841245
  7.86257194  7.89661831  7.93054883  7.96436072  7.99805123  8.03161761
  8.0650571   8.09836696  8.13154442  8.16458674  8.19749117  8.23025497
  8.26287539  8.2953497   8.32767516  8.35984904  8.39186861  8.42373116
  8.45543397  8.48697432  8.51834952  8.54955686  8.58059366  8.61145723
  8.64214489  8.67265398  8.70298184  8.73312582  8.76308327  8.79285156
  8.82242807  8.85181019  8.88099532  8.90998086  8.93876424  8.96734289
  8.99571425  9.02387578  9.05182496  9.07955926  9.10707618  9.13437324
  9.16144796  9.18829788  9.21492055  9.24131356  9.26747447  9.29340091
  9.31909048  9.34454083  9.36974962  9.3947145   9.41943317  9.44390335
  9.46812276  9.49208914  9.51580027  9.53925392  9.56244791  9.58538006
  9.60804822  9.63045026  9.65258406  9.67444754  9.69603864  9.71735531
  9.73839554  9.75915731  9.77963867  9.79983766  9.81975235  9.83938084
  9.85872126  9.87777176  9.89653051  9.9149957   9.93316557  9.95103836
  9.96861236  9.98588586 10.0028572  10.01952473 10.03588685 10.05194196
 10.06768852 10.08312498 10.09824985 10.11306166 10.12755895 10.14174033
 10.1556044  10.1691498  10.18237522 10.19527936 10.20786096 10.22011877
 10.2320516  10.24365827 10.25493765 10.26588862 10.27651011 10.28680107
 10.29676048 10.30638736 10.31568076 10.32463977 10.3332635  10.34155109
 10.34950172 10.35711462 10.36438901 10.37132419 10.37791947 10.38417418
 10.39008772 10.39565949 10.40088894 10.40577555 10.41031883 10.41451834
 10.41837365 10.42188439 10.4250502  10.42787076 10.43034581 10.43247508
 10.43425837 10.43569551 10.43678634 10.43753076 10.4379287  10.43798011
 10.43768499 10.43704338 10.43605533 10.43472094 10.43304034 10.43101371
 10.42864124 10.42592317 10.42285978 10.41945136 10.41569825 10.41160083
 10.40715951 10.40237473 10.39724695 10.3917767  10.38596452 10.37981098
 10.37331669 10.3664823  10.35930848 10.35179596 10.34394546 10.33575777
 10.32723369 10.31837408 10.30917981 10.29965178 10.28979094 10.27959826
 10.26907474 10.25822143 10.24703938 10.23552971 10.22369354 10.21153203
 10.19904639 10.18623782 10.1731076  10.15965701 10.14588736 10.13179999
 10.11739629 10.10267766 10.08764553 10.07230137 10.05664667 10.04068295
 10.02441177 10.00783469  9.99095333  9.97376932  9.95628431  9.9385
  9.92041811  9.90204036  9.88336853  9.86440441  9.84514983  9.82560662
  9.80577665  9.78566182  9.76526405  9.74458528  9.72362747  9.70239262
  9.68088274  9.65909987  9.63704606  9.61472339  9.59213398  9.56927994
  9.54616342  9.52278659  9.49915163  9.47526076  9.4511162   9.42672019
  9.40207501  9.37718295  9.3520463   9.32666738  9.30104855  9.27519215
  9.24910056  9.22277617  9.19622139  9.16943865  9.14243038  9.11519904
  9.0877471   9.06007704  9.03219136  9.00409257  8.97578321  8.9472658
  8.91854291  8.88961708  8.86049091  8.83116697  8.80164787  8.77193621
  8.74203461  8.71194571  8.68167214  8.65121654  8.62058159  8.58976994
  8.55878426  8.52762724  8.49630157  8.46480994  8.43315506  8.40133963
  8.36936636  8.33723799  8.30495722  8.27252679  8.23994944  8.2072279
  8.17436491  8.14136322  8.10822557  8.07495472  8.04155341  8.00802439
  7.97437042  7.94059426  7.90669866  7.87268638  7.83856016  7.80432278
  7.76997697  7.7355255   7.70097111  7.66631656  7.63156458  7.59671793
  7.56177934  7.52675155  7.4916373   7.45643932  7.42116032  7.38580303
  7.35037017  7.31486444  7.27928854  7.24364519  7.20793706  7.17216684
  7.13633721  7.10045084  7.06451039  7.02851851  6.99247786  6.95639106
  6.92026074  6.88408953  6.84788004  6.81163485  6.77535657  6.73904777
  6.70271101  6.66634886  6.62996386  6.59355855  6.55713544  6.52069705
  6.48424587  6.44778439  6.41131509  6.37484041  6.33836281  6.30188472
  6.26540855  6.22893671  6.19247159  6.15601557  6.11957099  6.08314022
  6.04672557  6.01032937  5.9739539   5.93760146  5.90127431  5.86497469
  5.82870485  5.792467    5.75626333  5.72009604  5.68396728  5.64787921
  5.61183395  5.57583362  5.53988031  5.5039761   5.46812304  5.43232318
  5.39657854  5.36089111  5.32526289  5.28969583  5.25419189  5.21875298
  5.18338101  5.14807788  5.11284544  5.07768555  5.04260004  5.0075907
  4.97265933  4.9378077   4.90303755  4.86835061  4.83374859  4.79923316
  4.76480601  4.73046876  4.69622305  4.66207048  4.62801263  4.59405106
  4.56018731  4.5264229   4.49275933  4.45919808  4.4257406   4.39238832
  4.35914266  4.32600501  4.29297675  4.26005922  4.22725374  4.19456163
  4.16198418  4.12952264  4.09717826  4.06495226  4.03284584  4.00086018
  3.96899644  3.93725575  3.90563924  3.87414798  3.84278306  3.81154552
  3.7804364   3.74945671  3.71860743  3.68788953  3.65730395  3.62685163
  3.59653346  3.56635033  3.5363031   3.50639262  3.47661969  3.44698513
  3.41748972  3.3881342   3.35891933  3.32984582  3.30091437  3.27212566
  3.24348034  3.21497905  3.18662242  3.15841104  3.13034549  3.10242633
  3.0746541   3.04702932  3.01955249  2.9922241   2.9650446   2.93801443
  2.91113404  2.88440382  2.85782415  2.83139541  2.80511796  2.77899211
  2.7530182   2.7271965   2.70152731  2.67601088  2.65064746  2.62543727
  2.60038052  2.5754774   2.55072809  2.52613274  2.5016915   2.47740448
  2.4532718   2.42929355  2.4054698   2.38180061  2.35828603  2.33492607
  2.31172076  2.28867009  2.26577404  2.24303257  2.22044564  2.19801318
  2.17573512  2.15361136  2.13164179  2.10982629  2.08816472  2.06665695
  2.0453028   2.02410209  2.00305464  1.98216024  1.96141868  1.94082972
  1.92039313  1.90010865  1.87997602  1.85999494  1.84016515  1.82048632
  1.80095814  1.7815803   1.76235244  1.74327423  1.7243453   1.70556527
  1.68693378  1.66845043  1.65011481  1.63192651  1.61388511  1.59599018
  1.57824126  1.56063793  1.5431797   1.52586611  1.50869668  1.49167092
  1.47478834  1.45804842  1.44145066  1.42499454  1.40867951  1.39250504
  1.3764706   1.36057561  1.34481953  1.32920178  1.31372178  1.29837897
  1.28317274  1.2681025   1.25316764  1.23836757  1.22370166  1.20916929
  1.19476984  1.18050267  1.16636715  1.15236263  1.13848847  1.12474401
  1.11112858  1.09764154  1.08428221  1.07104991  1.05794397  1.04496371
  1.03210845  1.01937748  1.00677013  0.99428569  0.98192347  0.96968276
  0.95756284  0.94556302  0.93368258  0.9219208   0.91027697  0.89875036
  0.88734025  0.87604591  0.86486662  0.85380164  0.84285024  0.83201168
  0.82128524  0.81067017  0.80016574  0.7897712   0.77948581  0.76930883
  0.75923951  0.74927711  0.73942089  0.72967009  0.72002397  0.71048178
  0.70104278  0.69170622  0.68247134  0.6733374   0.66430365  0.65536934
  0.64653373  0.63779606  0.62915559  0.62061158  0.61216326  0.60380991
  0.59555077  0.58738511  0.57931217  0.57133121  0.5634415   0.55564229
  0.54793285  0.54031244  0.53278032  0.52533577  0.51797803  0.51070639
  0.50352012  0.49641849  0.48940077  0.48246624  0.47561418  0.46884387
  0.46215458  0.45554562  0.44901625  0.44256578  0.4361935   0.42989869
  0.42368066  0.4175387   0.41147212  0.40548023  0.39956232  0.39371771
  0.38794571  0.38224564  0.37661682  0.37105857  0.36557021  0.36015108
  0.35480049  0.3495178   0.34430233  0.33915342  0.33407042  0.32905268
  0.32409954  0.31921037  0.31438451  0.30962133  0.30492019  0.30028047
  0.29570152  0.29118274  0.28672348  0.28232315  0.27798111  0.27369677
  0.26946952  0.26529875  0.26118386  0.25712425  0.25311935  0.24916854
  0.24527127  0.24142693  0.23763496  0.23389479  0.23020584  0.22656754
  0.22297935  0.2194407   0.21595103  0.21250981  0.20911648  0.2057705
  0.20247134  0.19921846  0.19601133  0.19284943  0.18973224  0.18665923
  0.18362991  0.18064374  0.17770024  0.1747989   0.17193922  0.16912071
  0.16634288  0.16360524  0.16090732  0.15824863  0.15562871  0.15304708
  0.15050327  0.14799684  0.14552731  0.14309425  0.14069718  0.13833569
  0.13600931  0.13371761  0.13146017  0.12923654  0.12704631  0.12488905
  0.12276434  0.12067178  0.11861095  0.11658144  0.11458285  0.11261479
  0.11067686  0.10876866  0.10688981  0.10503994  0.10321865  0.10142557
  0.09966033  0.09792256  0.0962119   0.09452799]",restricted_age_optimal,True,True,True,10,2,"constraints_[1, 2]_remained",-97.61556078566117,-99.70558534919164,-95.52553622213071,1.0663586576163169,-2.1763870207460982,-2.222985148098928,-2.1297888933932674,0.023774991642903,-2.176340042618829,-2.2229371641336644,-2.129742921103993,0.023774478450822468,0.061913769310185364,0.05799221398455474,0.066039278060406,0.002052352205230073,large,97.61556078566134,95.52553622213088,99.70558534919181,1.066358657616317,2.1763870207461022,2.129788893393271,2.2229851480989327,0.023774991642903004,2.176340042618833,2.129742921103997,2.2229371641336684,0.02377447845082247,0.938086230689815,0.9339607219395943,0.9420077860154455,0.0020523522052300646
0.101469,0.164245,0.1325465,0.0103122690394377,3952,100.0,"[0.101469   0.10388346 0.10629792 0.10871238 0.11112685 0.11354131
 0.11595577 0.11837023 0.12078469 0.12319915 0.12561362 0.12802808
 0.13044254 0.132857   0.13527146 0.13768592 0.14010038 0.14251485
 0.14492931 0.14734377 0.14975823 0.15217269 0.15458715 0.15700162
 0.15941608 0.16183054 0.164245  ]","[0.20242915 0.22773279 0.10121457 0.98684211 1.6194332  2.10020243
 3.03643725 4.60526316 5.8451417  6.85728745 7.41396761 9.41295547
 8.88157895 8.32489879 8.75506073 7.74291498 6.04757085 5.49089069
 4.40283401 3.06174089 1.69534413 1.54352227 0.96153846 0.43016194
 0.15182186 0.10121457]",0.0025,26,normal,0.132647729757085,"[0.101469   0.10153184 0.10159468 0.10165752 0.10172036 0.10178319
 0.10184603 0.10190887 0.10197171 0.10203455 0.10209739 0.10216023
 0.10222307 0.1022859  0.10234874 0.10241158 0.10247442 0.10253726
 0.1026001  0.10266294 0.10272578 0.10278862 0.10285145 0.10291429
 0.10297713 0.10303997 0.10310281 0.10316565 0.10322849 0.10329133
 0.10335417 0.103417   0.10347984 0.10354268 0.10360552 0.10366836
 0.1037312  0.10379404 0.10385688 0.10391971 0.10398255 0.10404539
 0.10410823 0.10417107 0.10423391 0.10429675 0.10435959 0.10442243
 0.10448526 0.1045481  0.10461094 0.10467378 0.10473662 0.10479946
 0.1048623  0.10492514 0.10498797 0.10505081 0.10511365 0.10517649
 0.10523933 0.10530217 0.10536501 0.10542785 0.10549069 0.10555352
 0.10561636 0.1056792  0.10574204 0.10580488 0.10586772 0.10593056
 0.1059934  0.10605624 0.10611907 0.10618191 0.10624475 0.10630759
 0.10637043 0.10643327 0.10649611 0.10655895 0.10662178 0.10668462
 0.10674746 0.1068103  0.10687314 0.10693598 0.10699882 0.10706166
 0.1071245  0.10718733 0.10725017 0.10731301 0.10737585 0.10743869
 0.10750153 0.10756437 0.10762721 0.10769005 0.10775288 0.10781572
 0.10787856 0.1079414  0.10800424 0.10806708 0.10812992 0.10819276
 0.10825559 0.10831843 0.10838127 0.10844411 0.10850695 0.10856979
 0.10863263 0.10869547 0.10875831 0.10882114 0.10888398 0.10894682
 0.10900966 0.1090725  0.10913534 0.10919818 0.10926102 0.10932385
 0.10938669 0.10944953 0.10951237 0.10957521 0.10963805 0.10970089
 0.10976373 0.10982657 0.1098894  0.10995224 0.11001508 0.11007792
 0.11014076 0.1102036  0.11026644 0.11032928 0.11039212 0.11045495
 0.11051779 0.11058063 0.11064347 0.11070631 0.11076915 0.11083199
 0.11089483 0.11095766 0.1110205  0.11108334 0.11114618 0.11120902
 0.11127186 0.1113347  0.11139754 0.11146038 0.11152321 0.11158605
 0.11164889 0.11171173 0.11177457 0.11183741 0.11190025 0.11196309
 0.11202592 0.11208876 0.1121516  0.11221444 0.11227728 0.11234012
 0.11240296 0.1124658  0.11252864 0.11259147 0.11265431 0.11271715
 0.11277999 0.11284283 0.11290567 0.11296851 0.11303135 0.11309419
 0.11315702 0.11321986 0.1132827  0.11334554 0.11340838 0.11347122
 0.11353406 0.1135969  0.11365973 0.11372257 0.11378541 0.11384825
 0.11391109 0.11397393 0.11403677 0.11409961 0.11416245 0.11422528
 0.11428812 0.11435096 0.1144138  0.11447664 0.11453948 0.11460232
 0.11466516 0.11472799 0.11479083 0.11485367 0.11491651 0.11497935
 0.11504219 0.11510503 0.11516787 0.11523071 0.11529354 0.11535638
 0.11541922 0.11548206 0.1155449  0.11560774 0.11567058 0.11573342
 0.11579626 0.11585909 0.11592193 0.11598477 0.11604761 0.11611045
 0.11617329 0.11623613 0.11629897 0.1163618  0.11642464 0.11648748
 0.11655032 0.11661316 0.116676   0.11673884 0.11680168 0.11686452
 0.11692735 0.11699019 0.11705303 0.11711587 0.11717871 0.11724155
 0.11730439 0.11736723 0.11743007 0.1174929  0.11755574 0.11761858
 0.11768142 0.11774426 0.1178071  0.11786994 0.11793278 0.11799561
 0.11805845 0.11812129 0.11818413 0.11824697 0.11830981 0.11837265
 0.11843549 0.11849833 0.11856116 0.118624   0.11868684 0.11874968
 0.11881252 0.11887536 0.1189382  0.11900104 0.11906387 0.11912671
 0.11918955 0.11925239 0.11931523 0.11937807 0.11944091 0.11950375
 0.11956659 0.11962942 0.11969226 0.1197551  0.11981794 0.11988078
 0.11994362 0.12000646 0.1200693  0.12013214 0.12019497 0.12025781
 0.12032065 0.12038349 0.12044633 0.12050917 0.12057201 0.12063485
 0.12069768 0.12076052 0.12082336 0.1208862  0.12094904 0.12101188
 0.12107472 0.12113756 0.1212004  0.12126323 0.12132607 0.12138891
 0.12145175 0.12151459 0.12157743 0.12164027 0.12170311 0.12176594
 0.12182878 0.12189162 0.12195446 0.1220173  0.12208014 0.12214298
 0.12220582 0.12226866 0.12233149 0.12239433 0.12245717 0.12252001
 0.12258285 0.12264569 0.12270853 0.12277137 0.12283421 0.12289704
 0.12295988 0.12302272 0.12308556 0.1231484  0.12321124 0.12327408
 0.12333692 0.12339975 0.12346259 0.12352543 0.12358827 0.12365111
 0.12371395 0.12377679 0.12383963 0.12390247 0.1239653  0.12402814
 0.12409098 0.12415382 0.12421666 0.1242795  0.12434234 0.12440518
 0.12446802 0.12453085 0.12459369 0.12465653 0.12471937 0.12478221
 0.12484505 0.12490789 0.12497073 0.12503356 0.1250964  0.12515924
 0.12522208 0.12528492 0.12534776 0.1254106  0.12547344 0.12553628
 0.12559911 0.12566195 0.12572479 0.12578763 0.12585047 0.12591331
 0.12597615 0.12603899 0.12610182 0.12616466 0.1262275  0.12629034
 0.12635318 0.12641602 0.12647886 0.1265417  0.12660454 0.12666737
 0.12673021 0.12679305 0.12685589 0.12691873 0.12698157 0.12704441
 0.12710725 0.12717009 0.12723292 0.12729576 0.1273586  0.12742144
 0.12748428 0.12754712 0.12760996 0.1276728  0.12773563 0.12779847
 0.12786131 0.12792415 0.12798699 0.12804983 0.12811267 0.12817551
 0.12823835 0.12830118 0.12836402 0.12842686 0.1284897  0.12855254
 0.12861538 0.12867822 0.12874106 0.12880389 0.12886673 0.12892957
 0.12899241 0.12905525 0.12911809 0.12918093 0.12924377 0.12930661
 0.12936944 0.12943228 0.12949512 0.12955796 0.1296208  0.12968364
 0.12974648 0.12980932 0.12987216 0.12993499 0.12999783 0.13006067
 0.13012351 0.13018635 0.13024919 0.13031203 0.13037487 0.1304377
 0.13050054 0.13056338 0.13062622 0.13068906 0.1307519  0.13081474
 0.13087758 0.13094042 0.13100325 0.13106609 0.13112893 0.13119177
 0.13125461 0.13131745 0.13138029 0.13144313 0.13150596 0.1315688
 0.13163164 0.13169448 0.13175732 0.13182016 0.131883   0.13194584
 0.13200868 0.13207151 0.13213435 0.13219719 0.13226003 0.13232287
 0.13238571 0.13244855 0.13251139 0.13257423 0.13263706 0.1326999
 0.13276274 0.13282558 0.13288842 0.13295126 0.1330141  0.13307694
 0.13313977 0.13320261 0.13326545 0.13332829 0.13339113 0.13345397
 0.13351681 0.13357965 0.13364249 0.13370532 0.13376816 0.133831
 0.13389384 0.13395668 0.13401952 0.13408236 0.1341452  0.13420804
 0.13427087 0.13433371 0.13439655 0.13445939 0.13452223 0.13458507
 0.13464791 0.13471075 0.13477358 0.13483642 0.13489926 0.1349621
 0.13502494 0.13508778 0.13515062 0.13521346 0.1352763  0.13533913
 0.13540197 0.13546481 0.13552765 0.13559049 0.13565333 0.13571617
 0.13577901 0.13584184 0.13590468 0.13596752 0.13603036 0.1360932
 0.13615604 0.13621888 0.13628172 0.13634456 0.13640739 0.13647023
 0.13653307 0.13659591 0.13665875 0.13672159 0.13678443 0.13684727
 0.13691011 0.13697294 0.13703578 0.13709862 0.13716146 0.1372243
 0.13728714 0.13734998 0.13741282 0.13747565 0.13753849 0.13760133
 0.13766417 0.13772701 0.13778985 0.13785269 0.13791553 0.13797837
 0.1380412  0.13810404 0.13816688 0.13822972 0.13829256 0.1383554
 0.13841824 0.13848108 0.13854391 0.13860675 0.13866959 0.13873243
 0.13879527 0.13885811 0.13892095 0.13898379 0.13904663 0.13910946
 0.1391723  0.13923514 0.13929798 0.13936082 0.13942366 0.1394865
 0.13954934 0.13961218 0.13967501 0.13973785 0.13980069 0.13986353
 0.13992637 0.13998921 0.14005205 0.14011489 0.14017772 0.14024056
 0.1403034  0.14036624 0.14042908 0.14049192 0.14055476 0.1406176
 0.14068044 0.14074327 0.14080611 0.14086895 0.14093179 0.14099463
 0.14105747 0.14112031 0.14118315 0.14124598 0.14130882 0.14137166
 0.1414345  0.14149734 0.14156018 0.14162302 0.14168586 0.1417487
 0.14181153 0.14187437 0.14193721 0.14200005 0.14206289 0.14212573
 0.14218857 0.14225141 0.14231425 0.14237708 0.14243992 0.14250276
 0.1425656  0.14262844 0.14269128 0.14275412 0.14281696 0.14287979
 0.14294263 0.14300547 0.14306831 0.14313115 0.14319399 0.14325683
 0.14331967 0.14338251 0.14344534 0.14350818 0.14357102 0.14363386
 0.1436967  0.14375954 0.14382238 0.14388522 0.14394806 0.14401089
 0.14407373 0.14413657 0.14419941 0.14426225 0.14432509 0.14438793
 0.14445077 0.1445136  0.14457644 0.14463928 0.14470212 0.14476496
 0.1448278  0.14489064 0.14495348 0.14501632 0.14507915 0.14514199
 0.14520483 0.14526767 0.14533051 0.14539335 0.14545619 0.14551903
 0.14558186 0.1456447  0.14570754 0.14577038 0.14583322 0.14589606
 0.1459589  0.14602174 0.14608458 0.14614741 0.14621025 0.14627309
 0.14633593 0.14639877 0.14646161 0.14652445 0.14658729 0.14665013
 0.14671296 0.1467758  0.14683864 0.14690148 0.14696432 0.14702716
 0.14709    0.14715284 0.14721567 0.14727851 0.14734135 0.14740419
 0.14746703 0.14752987 0.14759271 0.14765555 0.14771839 0.14778122
 0.14784406 0.1479069  0.14796974 0.14803258 0.14809542 0.14815826
 0.1482211  0.14828393 0.14834677 0.14840961 0.14847245 0.14853529
 0.14859813 0.14866097 0.14872381 0.14878665 0.14884948 0.14891232
 0.14897516 0.149038   0.14910084 0.14916368 0.14922652 0.14928936
 0.1493522  0.14941503 0.14947787 0.14954071 0.14960355 0.14966639
 0.14972923 0.14979207 0.14985491 0.14991774 0.14998058 0.15004342
 0.15010626 0.1501691  0.15023194 0.15029478 0.15035762 0.15042046
 0.15048329 0.15054613 0.15060897 0.15067181 0.15073465 0.15079749
 0.15086033 0.15092317 0.15098601 0.15104884 0.15111168 0.15117452
 0.15123736 0.1513002  0.15136304 0.15142588 0.15148872 0.15155155
 0.15161439 0.15167723 0.15174007 0.15180291 0.15186575 0.15192859
 0.15199143 0.15205427 0.1521171  0.15217994 0.15224278 0.15230562
 0.15236846 0.1524313  0.15249414 0.15255698 0.15261981 0.15268265
 0.15274549 0.15280833 0.15287117 0.15293401 0.15299685 0.15305969
 0.15312253 0.15318536 0.1532482  0.15331104 0.15337388 0.15343672
 0.15349956 0.1535624  0.15362524 0.15368808 0.15375091 0.15381375
 0.15387659 0.15393943 0.15400227 0.15406511 0.15412795 0.15419079
 0.15425362 0.15431646 0.1543793  0.15444214 0.15450498 0.15456782
 0.15463066 0.1546935  0.15475634 0.15481917 0.15488201 0.15494485
 0.15500769 0.15507053 0.15513337 0.15519621 0.15525905 0.15532188
 0.15538472 0.15544756 0.1555104  0.15557324 0.15563608 0.15569892
 0.15576176 0.1558246  0.15588743 0.15595027 0.15601311 0.15607595
 0.15613879 0.15620163 0.15626447 0.15632731 0.15639015 0.15645298
 0.15651582 0.15657866 0.1566415  0.15670434 0.15676718 0.15683002
 0.15689286 0.15695569 0.15701853 0.15708137 0.15714421 0.15720705
 0.15726989 0.15733273 0.15739557 0.15745841 0.15752124 0.15758408
 0.15764692 0.15770976 0.1577726  0.15783544 0.15789828 0.15796112
 0.15802395 0.15808679 0.15814963 0.15821247 0.15827531 0.15833815
 0.15840099 0.15846383 0.15852667 0.1585895  0.15865234 0.15871518
 0.15877802 0.15884086 0.1589037  0.15896654 0.15902938 0.15909222
 0.15915505 0.15921789 0.15928073 0.15934357 0.15940641 0.15946925
 0.15953209 0.15959493 0.15965776 0.1597206  0.15978344 0.15984628
 0.15990912 0.15997196 0.1600348  0.16009764 0.16016048 0.16022331
 0.16028615 0.16034899 0.16041183 0.16047467 0.16053751 0.16060035
 0.16066319 0.16072603 0.16078886 0.1608517  0.16091454 0.16097738
 0.16104022 0.16110306 0.1611659  0.16122874 0.16129157 0.16135441
 0.16141725 0.16148009 0.16154293 0.16160577 0.16166861 0.16173145
 0.16179429 0.16185712 0.16191996 0.1619828  0.16204564 0.16210848
 0.16217132 0.16223416 0.162297   0.16235983 0.16242267 0.16248551
 0.16254835 0.16261119 0.16267403 0.16273687 0.16279971 0.16286255
 0.16292538 0.16298822 0.16305106 0.1631139  0.16317674 0.16323958
 0.16330242 0.16336526 0.1634281  0.16349093 0.16355377 0.16361661
 0.16367945 0.16374229 0.16380513 0.16386797 0.16393081 0.16399364
 0.16405648 0.16411932 0.16418216 0.164245  ]","[0.09668658 0.09848259 0.10030824 0.10216394 0.10405011 0.10596716
 0.10791553 0.10989564 0.11190792 0.11395283 0.11603079 0.11814225
 0.12028767 0.12246751 0.12468222 0.12693226 0.12921811 0.13154025
 0.13389914 0.13629527 0.13872912 0.1412012  0.14371199 0.146262
 0.14885173 0.15148168 0.15415238 0.15686434 0.15961808 0.16241414
 0.16525303 0.16813531 0.1710615  0.17403216 0.17704783 0.18010908
 0.18321645 0.18637051 0.18957182 0.19282097 0.19611852 0.19946506
 0.20286117 0.20630744 0.20980447 0.21335286 0.2169532  0.2206061
 0.22431218 0.22807205 0.23188634 0.23575566 0.23968064 0.24366192
 0.24770014 0.25179593 0.25594994 0.26016282 0.26443523 0.26876782
 0.27316125 0.27761619 0.28213331 0.28671328 0.29135678 0.29606449
 0.3008371  0.30567529 0.31057976 0.3155512  0.32059031 0.32569781
 0.33087438 0.33612075 0.34143763 0.34682574 0.35228579 0.35781851
 0.36342463 0.36910488 0.37485999 0.3806907  0.38659774 0.39258186
 0.39864381 0.40478434 0.41100418 0.41730411 0.42368487 0.43014722
 0.43669192 0.44331974 0.45003144 0.45682779 0.46370956 0.47067752
 0.47773245 0.48487511 0.4921063  0.49942678 0.50683734 0.51433876
 0.52193183 0.52961732 0.53739603 0.54526873 0.55323623 0.56129931
 0.56945876 0.57771536 0.58606992 0.59452322 0.60307605 0.61172921
 0.62048349 0.62933968 0.63829857 0.64736096 0.65652763 0.66579938
 0.675177   0.68466128 0.694253   0.70395296 0.71376195 0.72368073
 0.73371012 0.74385087 0.75410378 0.76446963 0.77494919 0.78554323
 0.79625254 0.80707788 0.81802001 0.82907971 0.84025774 0.85155486
 0.86297181 0.87450937 0.88616827 0.89794926 0.90985309 0.92188049
 0.9340322  0.94630894 0.95871146 0.97124045 0.98389665 0.99668076
 1.00959349 1.02263554 1.03580761 1.04911038 1.06254454 1.07611078
 1.08980976 1.10364214 1.11760859 1.13170976 1.1459463  1.16031884
 1.17482802 1.18947447 1.20425879 1.21918159 1.23424349 1.24944507
 1.26478691 1.28026959 1.29589368 1.31165974 1.32756832 1.34361995
 1.35981517 1.3761545  1.39263844 1.4092675  1.42604218 1.44296294
 1.46003026 1.47724461 1.49460641 1.51211612 1.52977415 1.54758093
 1.56553684 1.58364228 1.60189763 1.62030326 1.6388595  1.65756671
 1.6764252  1.6954353  1.7145973  1.73391148 1.75337813 1.77299748
 1.7927698  1.81269531 1.83277422 1.85300674 1.87339304 1.8939333
 1.91462767 1.9354763  1.9564793  1.97763678 1.99894883 2.02041553
 2.04203693 2.06381308 2.085744   2.10782969 2.13007016 2.15246536
 2.17501526 2.19771979 2.22057888 2.24359242 2.26676029 2.29008236
 2.31355848 2.33718847 2.36097215 2.38490929 2.40899967 2.43324304
 2.45763912 2.48218764 2.50688828 2.5317407  2.55674457 2.5818995
 2.60720511 2.63266099 2.6582667  2.6840218  2.7099258  2.73597821
 2.76217851 2.78852617 2.81502062 2.84166128 2.86844756 2.89537881
 2.92245439 2.94967364 2.97703586 3.00454034 3.03218633 3.05997308
 3.0878998  3.11596569 3.14416992 3.17251164 3.20098997 3.22960401
 3.25835285 3.28723554 3.3162511  3.34539856 3.37467689 3.40408506
 3.433622   3.46328663 3.49307784 3.52299449 3.55303543 3.58319949
 3.61348544 3.64389207 3.67441813 3.70506233 3.73582339 3.76669996
 3.79769072 3.82879427 3.86000924 3.8913342  3.9227677  3.95430829
 3.98595446 4.01770471 4.0495575  4.08151126 4.11356441 4.14571534
 4.17796242 4.21030399 4.24273837 4.27526387 4.30787874 4.34058124
 4.37336961 4.40624204 4.43919672 4.47223181 4.50534543 4.53853571
 4.57180073 4.60513857 4.63854727 4.67202485 4.70556932 4.73917865
 4.77285081 4.80658373 4.84037533 4.8742235  4.90812611 4.94208102
 4.97608606 5.01013904 5.04423775 5.07837996 5.11256341 5.14678585
 5.18104498 5.2153385  5.24966407 5.28401935 5.31840197 5.35280956
 5.3872397  5.42168999 5.45615797 5.4906412  5.5251372  5.55964348
 5.59415755 5.62867686 5.66319889 5.69772109 5.73224087 5.76675566
 5.80126285 5.83575982 5.87024396 5.9047126  5.93916311 5.97359279
 6.00799897 6.04237896 6.07673003 6.11104947 6.14533454 6.1795825
 6.21379059 6.24795604 6.28207607 6.3161479  6.35016872 6.38413573
 6.41804611 6.45189704 6.48568567 6.51940918 6.5530647  6.58664938
 6.62016036 6.65359478 6.68694974 6.72022238 6.7534098  6.78650911
 6.81951742 6.85243183 6.88524943 6.91796732 6.95058259 6.98309232
 7.01549361 7.04778353 7.07995918 7.11201763 7.14395597 7.17577128
 7.20746065 7.23902116 7.27044989 7.30174395 7.33290041 7.36391638
 7.39478894 7.42551521 7.45609228 7.48651727 7.5167873  7.54689948
 7.57685093 7.60663881 7.63626023 7.66571236 7.69499235 7.72409736
 7.75302456 7.78177114 7.81033429 7.8387112  7.8668991  7.8948952
 7.92269675 7.95030098 7.97770515 8.00490654 8.03190244 8.05869013
 8.08526694 8.11163019 8.13777722 8.1637054  8.18941209 8.2148947
 8.24015061 8.26517726 8.2899721  8.31453258 8.33885617 8.36294039
 8.38678274 8.41038077 8.43373203 8.4568341  8.47968457 8.50228108
 8.52462126 8.54670278 8.56852332 8.59008061 8.61137236 8.63239635
 8.65315035 8.67363217 8.69383964 8.71377063 8.73342302 8.75279471
 8.77188365 8.7906878  8.80920515 8.82743373 8.84537156 8.86301675
 8.88036738 8.89742159 8.91417754 8.93063344 8.94678749 8.96263796
 8.97818313 8.9934213  9.00835084 9.02297011 9.03727753 9.05127154
 9.06495062 9.07831326 9.09135802 9.10408346 9.1164882  9.12857087
 9.14033014 9.15176474 9.1628734  9.1736549  9.18410806 9.19423173
 9.20402478 9.21348614 9.22261477 9.23140965 9.23986983 9.24799435
 9.25578232 9.26323289 9.27034522 9.27711853 9.28355206 9.28964511
 9.29539699 9.30080707 9.30587474 9.31059945 9.31498067 9.31901792
 9.32271073 9.32605871 9.32906147 9.33171869 9.33403008 9.33599536
 9.33761433 9.3388868  9.33981263 9.34039172 9.340624   9.34050945
 9.34004808 9.33923995 9.33808514 9.33658377 9.33473603 9.33254211
 9.33000225 9.32711675 9.32388592 9.32031012 9.31638975 9.31212525
 9.30751708 9.30256577 9.29727185 9.29163593 9.28565862 9.2793406
 9.27268255 9.26568521 9.25834938 9.25067584 9.24266547 9.23431913
 9.22563776 9.21662232 9.20727379 9.19759321 9.18758166 9.17724022
 9.16657005 9.15557231 9.14424822 9.13259901 9.12062598 9.10833042
 9.09571369 9.08277717 9.06952228 9.05595045 9.04206318 9.02786198
 9.01334839 8.998524   8.98339041 8.96794926 8.95220224 8.93615105
 8.91979742 8.90314313 8.88618996 8.86893974 8.85139434 8.83355563
 8.81542553 8.79700599 8.77829897 8.75930648 8.74003054 8.72047321
 8.70063656 8.6805227  8.66013377 8.63947192 8.61853933 8.59733823
 8.57587083 8.55413939 8.53214621 8.50989357 8.48738382 8.46461929
 8.44160236 8.41833542 8.39482089 8.3710612  8.34705881 8.32281619
 8.29833584 8.27362028 8.24867203 8.22349366 8.19808772 8.1724568
 8.14660352 8.12053048 8.09424033 8.06773572 8.04101931 8.01409379
 7.98696186 7.95962621 7.93208959 7.90435472 7.87642435 7.84830125
 7.81998818 7.79148794 7.76280332 7.73393711 7.70489215 7.67567124
 7.64627723 7.61671295 7.58698126 7.55708501 7.52702707 7.49681031
 7.4664376  7.43591183 7.40523588 7.37441265 7.34344504 7.31233595
 7.28108827 7.24970493 7.21818883 7.18654287 7.15476999 7.12287309
 7.09085508 7.05871889 7.02646743 6.99410362 6.96163038 6.92905061
 6.89636723 6.86358315 6.83070128 6.79772452 6.76465577 6.73149794
 6.6982539  6.66492656 6.6315188  6.59803349 6.5644735  6.5308417
 6.49714096 6.46337411 6.42954402 6.3956535  6.3617054  6.32770253
 6.2936477  6.25954372 6.22539338 6.19119945 6.15696472 6.12269193
 6.08838385 6.05404321 6.01967274 5.98527515 5.95085314 5.9164094
 5.88194662 5.84746744 5.81297453 5.77847051 5.74395801 5.70943963
 5.67491797 5.6403956  5.60587507 5.57135894 5.53684974 5.50234996
 5.46786212 5.43338869 5.39893212 5.36449487 5.33007936 5.29568799
 5.26132316 5.22698724 5.19268258 5.15841152 5.12417637 5.08997942
 5.05582296 5.02170923 4.98764048 4.95361893 4.91964675 4.88572615
 4.85185926 4.81804822 4.78429514 4.75060213 4.71697123 4.68340452
 4.64990401 4.6164717  4.58310959 4.54981963 4.51660376 4.4834639
 4.45040195 4.41741977 4.38451921 4.35170211 4.31897025 4.28632544
 4.25376941 4.22130391 4.18893064 4.1566513  4.12446754 4.09238102
 4.06039334 4.0285061  3.99672087 3.96503919 3.9334626  3.90199258
 3.87063061 3.83937814 3.80823661 3.77720741 3.74629192 3.7154915
 3.68480749 3.65424118 3.62379387 3.59346681 3.56326124 3.53317837
 3.50321939 3.47338547 3.44367775 3.41409734 3.38464534 3.35532281
 3.32613082 3.29707036 3.26814246 3.23934808 3.21068817 3.18216367
 3.15377548 3.12552448 3.09741154 3.06943748 3.04160313 3.01390927
 2.98635667 2.95894608 2.93167822 2.90455379 2.87757346 2.85073791
 2.82404775 2.7975036  2.77110604 2.74485566 2.71875298 2.69279855
 2.66699285 2.64133638 2.61582959 2.59047292 2.56526679 2.5402116
 2.51530772 2.49055552 2.46595533 2.44150747 2.41721223 2.39306989
 2.3690807  2.3452449  2.32156272 2.29803435 2.27465996 2.25143973
 2.22837379 2.20546226 2.18270525 2.16010285 2.13765513 2.11536213
 2.0932239  2.07124044 2.04941175 2.02773782 2.00621861 1.98485407
 1.96364413 1.9425887  1.92168769 1.90094096 1.8803484  1.85990986
 1.83962516 1.81949413 1.79951657 1.77969227 1.76002102 1.74050256
 1.72113665 1.70192302 1.68286139 1.66395147 1.64519294 1.62658549
 1.60812877 1.58982245 1.57166616 1.55365953 1.53580218 1.5180937
 1.50053368 1.48312172 1.46585737 1.44874019 1.43176973 1.41494552
 1.39826708 1.38173393 1.36534556 1.34910148 1.33300117 1.31704409
 1.30122971 1.28555749 1.27002687 1.25463728 1.23938815 1.22427891
 1.20930895 1.19447769 1.17978451 1.16522881 1.15080995 1.13652732
 1.12238026 1.10836815 1.09449033 1.08074614 1.06713492 1.053656
 1.0403087  1.02709234 1.01400623 1.00104968 0.98822199 0.97552245
 0.96295035 0.95050499 0.93818563 0.92599156 0.91392204 0.90197635
 0.89015374 0.87845348 0.86687481 0.855417   0.84407929 0.83286092
 0.82176114 0.81077918 0.79991428 0.78916567 0.77853259 0.76801425
 0.75760989 0.74731873 0.73713999 0.72707289 0.71711665 0.70727048
 0.6975336  0.68790522 0.67838455 0.66897082 0.65966322 0.65046096
 0.64136326 0.63236933 0.62347836 0.61468958 0.60600218 0.59741538
 0.58892838 0.5805404  0.57225063 0.56405829 0.55596259 0.54796273
 0.54005793 0.5322474  0.52453036 0.516906   0.50937356 0.50193225
 0.49458127 0.48731986 0.48014723 0.47306261 0.46606522 0.45915427
 0.45232901 0.44558866 0.43893245 0.43235962 0.4258694  0.41946103
 0.41313375 0.40688681 0.40071944 0.3946309  0.38862044 0.38268732
 0.37683078 0.37105009 0.36534451 0.35971331 0.35415575 0.34867112
 0.34325867 0.33791769 0.33264747 0.32744728 0.32231641 0.31725416
 0.31225983 0.3073327  0.30247209 0.2976773  0.29294763 0.28828241
 0.28368095 0.27914257 0.2746666  0.27025236 0.2658992  0.26160643
 0.25737342 0.2531995  0.24908401 0.24502633 0.24102579 0.23708177
 0.23319362 0.22936072 0.22558245 0.22185818 0.21818729 0.21456918
 0.21100323 0.20748883 0.2040254  0.20061232 0.19724902 0.19393491
 0.19066939 0.1874519  0.18428187 0.18115871 0.17808187 0.17505079
 0.17206491 0.16912369 0.16622656 0.163373   0.16056247 0.15779442
 0.15506834 0.15238369 0.14973996 0.14713664 0.1445732  0.14204915
 0.13956399 0.13711721 0.13470833 0.13233685 0.1300023  0.12770418
 0.12544204 0.12321538 0.12102376 0.11886671 0.11674377 0.11465449
 0.11259841 0.1105751  0.10858412 0.10662502 0.10469739 0.10280079
 0.10093479 0.09909899 0.09729296 0.0955163  0.0937686  0.09204947
 0.09035849 0.08869529 0.08705946 0.08545064]",restricted_age_optimal,True,True,True,10,2,"constraints_[1, 3]_remained",-121.06730642071024,-123.21477610766848,-118.91983673375199,1.0956679326238707,-2.039211652903692,-2.075382815370007,-2.003040490437376,0.018455013842922058,-2.039169812908078,-2.075340233224221,-2.002999392591934,0.018454635187917245,0.07466376915003417,0.07112179087468523,0.0783388025103058,0.0018408916813730115,large,121.06730642071038,118.91983673375213,123.21477610766863,1.095667932623871,2.039211652903694,2.003040490437378,2.075382815370009,0.01845501384292206,2.03916981290808,2.0029993925919363,2.0753402332242232,0.018454635187917248,0.9253362308499661,0.9216611974896944,0.9288782091253149,0.0018408916813730078
0.10171,0.164245,0.1327094999999999,0.0104557068166357,2492,100.0,"[0.10171    0.10411519 0.10652038 0.10892558 0.11133077 0.11373596
 0.11614115 0.11854635 0.12095154 0.12335673 0.12576192 0.12816712
 0.13057231 0.1329775  0.13538269 0.13778788 0.14019308 0.14259827
 0.14500346 0.14740865 0.14981385 0.15221904 0.15462423 0.15702942
 0.15943462 0.16183981 0.164245  ]","[0.20064205 0.28089888 0.08025682 0.7223114  1.88603531 2.5682183
 2.72873194 4.33386838 6.2600321  6.9823435  7.06260032 9.06902087
 8.90850722 7.82504013 8.50722311 8.105939   6.01926164 5.41733547
 4.69502408 2.929374   1.80577849 1.64526485 1.16372392 0.52166934
 0.12038523 0.16051364]",0.0025,26,normal,0.1328929482343499,"[0.10171    0.1017726  0.1018352  0.10189779 0.10196039 0.10202299
 0.10208559 0.10214818 0.10221078 0.10227338 0.10233598 0.10239857
 0.10246117 0.10252377 0.10258637 0.10264896 0.10271156 0.10277416
 0.10283676 0.10289935 0.10296195 0.10302455 0.10308715 0.10314974
 0.10321234 0.10327494 0.10333754 0.10340014 0.10346273 0.10352533
 0.10358793 0.10365053 0.10371312 0.10377572 0.10383832 0.10390092
 0.10396351 0.10402611 0.10408871 0.10415131 0.1042139  0.1042765
 0.1043391  0.1044017  0.10446429 0.10452689 0.10458949 0.10465209
 0.10471468 0.10477728 0.10483988 0.10490248 0.10496508 0.10502767
 0.10509027 0.10515287 0.10521547 0.10527806 0.10534066 0.10540326
 0.10546586 0.10552845 0.10559105 0.10565365 0.10571625 0.10577884
 0.10584144 0.10590404 0.10596664 0.10602923 0.10609183 0.10615443
 0.10621703 0.10627962 0.10634222 0.10640482 0.10646742 0.10653002
 0.10659261 0.10665521 0.10671781 0.10678041 0.106843   0.1069056
 0.1069682  0.1070308  0.10709339 0.10715599 0.10721859 0.10728119
 0.10734378 0.10740638 0.10746898 0.10753158 0.10759417 0.10765677
 0.10771937 0.10778197 0.10784456 0.10790716 0.10796976 0.10803236
 0.10809495 0.10815755 0.10822015 0.10828275 0.10834535 0.10840794
 0.10847054 0.10853314 0.10859574 0.10865833 0.10872093 0.10878353
 0.10884613 0.10890872 0.10897132 0.10903392 0.10909652 0.10915911
 0.10922171 0.10928431 0.10934691 0.1094095  0.1094721  0.1095347
 0.1095973  0.10965989 0.10972249 0.10978509 0.10984769 0.10991029
 0.10997288 0.11003548 0.11009808 0.11016068 0.11022327 0.11028587
 0.11034847 0.11041107 0.11047366 0.11053626 0.11059886 0.11066146
 0.11072405 0.11078665 0.11084925 0.11091185 0.11097444 0.11103704
 0.11109964 0.11116224 0.11122483 0.11128743 0.11135003 0.11141263
 0.11147523 0.11153782 0.11160042 0.11166302 0.11172562 0.11178821
 0.11185081 0.11191341 0.11197601 0.1120386  0.1121012  0.1121638
 0.1122264  0.11228899 0.11235159 0.11241419 0.11247679 0.11253938
 0.11260198 0.11266458 0.11272718 0.11278977 0.11285237 0.11291497
 0.11297757 0.11304017 0.11310276 0.11316536 0.11322796 0.11329056
 0.11335315 0.11341575 0.11347835 0.11354095 0.11360354 0.11366614
 0.11372874 0.11379134 0.11385393 0.11391653 0.11397913 0.11404173
 0.11410432 0.11416692 0.11422952 0.11429212 0.11435471 0.11441731
 0.11447991 0.11454251 0.11460511 0.1146677  0.1147303  0.1147929
 0.1148555  0.11491809 0.11498069 0.11504329 0.11510589 0.11516848
 0.11523108 0.11529368 0.11535628 0.11541887 0.11548147 0.11554407
 0.11560667 0.11566926 0.11573186 0.11579446 0.11585706 0.11591965
 0.11598225 0.11604485 0.11610745 0.11617005 0.11623264 0.11629524
 0.11635784 0.11642044 0.11648303 0.11654563 0.11660823 0.11667083
 0.11673342 0.11679602 0.11685862 0.11692122 0.11698381 0.11704641
 0.11710901 0.11717161 0.1172342  0.1172968  0.1173594  0.117422
 0.11748459 0.11754719 0.11760979 0.11767239 0.11773498 0.11779758
 0.11786018 0.11792278 0.11798538 0.11804797 0.11811057 0.11817317
 0.11823577 0.11829836 0.11836096 0.11842356 0.11848616 0.11854875
 0.11861135 0.11867395 0.11873655 0.11879914 0.11886174 0.11892434
 0.11898694 0.11904953 0.11911213 0.11917473 0.11923733 0.11929992
 0.11936252 0.11942512 0.11948772 0.11955032 0.11961291 0.11967551
 0.11973811 0.11980071 0.1198633  0.1199259  0.1199885  0.1200511
 0.12011369 0.12017629 0.12023889 0.12030149 0.12036408 0.12042668
 0.12048928 0.12055188 0.12061447 0.12067707 0.12073967 0.12080227
 0.12086486 0.12092746 0.12099006 0.12105266 0.12111526 0.12117785
 0.12124045 0.12130305 0.12136565 0.12142824 0.12149084 0.12155344
 0.12161604 0.12167863 0.12174123 0.12180383 0.12186643 0.12192902
 0.12199162 0.12205422 0.12211682 0.12217941 0.12224201 0.12230461
 0.12236721 0.1224298  0.1224924  0.122555   0.1226176  0.1226802
 0.12274279 0.12280539 0.12286799 0.12293059 0.12299318 0.12305578
 0.12311838 0.12318098 0.12324357 0.12330617 0.12336877 0.12343137
 0.12349396 0.12355656 0.12361916 0.12368176 0.12374435 0.12380695
 0.12386955 0.12393215 0.12399474 0.12405734 0.12411994 0.12418254
 0.12424514 0.12430773 0.12437033 0.12443293 0.12449553 0.12455812
 0.12462072 0.12468332 0.12474592 0.12480851 0.12487111 0.12493371
 0.12499631 0.1250589  0.1251215  0.1251841  0.1252467  0.12530929
 0.12537189 0.12543449 0.12549709 0.12555968 0.12562228 0.12568488
 0.12574748 0.12581008 0.12587267 0.12593527 0.12599787 0.12606047
 0.12612306 0.12618566 0.12624826 0.12631086 0.12637345 0.12643605
 0.12649865 0.12656125 0.12662384 0.12668644 0.12674904 0.12681164
 0.12687423 0.12693683 0.12699943 0.12706203 0.12712462 0.12718722
 0.12724982 0.12731242 0.12737502 0.12743761 0.12750021 0.12756281
 0.12762541 0.127688   0.1277506  0.1278132  0.1278758  0.12793839
 0.12800099 0.12806359 0.12812619 0.12818878 0.12825138 0.12831398
 0.12837658 0.12843917 0.12850177 0.12856437 0.12862697 0.12868956
 0.12875216 0.12881476 0.12887736 0.12893995 0.12900255 0.12906515
 0.12912775 0.12919035 0.12925294 0.12931554 0.12937814 0.12944074
 0.12950333 0.12956593 0.12962853 0.12969113 0.12975372 0.12981632
 0.12987892 0.12994152 0.13000411 0.13006671 0.13012931 0.13019191
 0.1302545  0.1303171  0.1303797  0.1304423  0.13050489 0.13056749
 0.13063009 0.13069269 0.13075529 0.13081788 0.13088048 0.13094308
 0.13100568 0.13106827 0.13113087 0.13119347 0.13125607 0.13131866
 0.13138126 0.13144386 0.13150646 0.13156905 0.13163165 0.13169425
 0.13175685 0.13181944 0.13188204 0.13194464 0.13200724 0.13206983
 0.13213243 0.13219503 0.13225763 0.13232023 0.13238282 0.13244542
 0.13250802 0.13257062 0.13263321 0.13269581 0.13275841 0.13282101
 0.1328836  0.1329462  0.1330088  0.1330714  0.13313399 0.13319659
 0.13325919 0.13332179 0.13338438 0.13344698 0.13350958 0.13357218
 0.13363477 0.13369737 0.13375997 0.13382257 0.13388517 0.13394776
 0.13401036 0.13407296 0.13413556 0.13419815 0.13426075 0.13432335
 0.13438595 0.13444854 0.13451114 0.13457374 0.13463634 0.13469893
 0.13476153 0.13482413 0.13488673 0.13494932 0.13501192 0.13507452
 0.13513712 0.13519971 0.13526231 0.13532491 0.13538751 0.13545011
 0.1355127  0.1355753  0.1356379  0.1357005  0.13576309 0.13582569
 0.13588829 0.13595089 0.13601348 0.13607608 0.13613868 0.13620128
 0.13626387 0.13632647 0.13638907 0.13645167 0.13651426 0.13657686
 0.13663946 0.13670206 0.13676465 0.13682725 0.13688985 0.13695245
 0.13701505 0.13707764 0.13714024 0.13720284 0.13726544 0.13732803
 0.13739063 0.13745323 0.13751583 0.13757842 0.13764102 0.13770362
 0.13776622 0.13782881 0.13789141 0.13795401 0.13801661 0.1380792
 0.1381418  0.1382044  0.138267   0.13832959 0.13839219 0.13845479
 0.13851739 0.13857998 0.13864258 0.13870518 0.13876778 0.13883038
 0.13889297 0.13895557 0.13901817 0.13908077 0.13914336 0.13920596
 0.13926856 0.13933116 0.13939375 0.13945635 0.13951895 0.13958155
 0.13964414 0.13970674 0.13976934 0.13983194 0.13989453 0.13995713
 0.14001973 0.14008233 0.14014492 0.14020752 0.14027012 0.14033272
 0.14039532 0.14045791 0.14052051 0.14058311 0.14064571 0.1407083
 0.1407709  0.1408335  0.1408961  0.14095869 0.14102129 0.14108389
 0.14114649 0.14120908 0.14127168 0.14133428 0.14139688 0.14145947
 0.14152207 0.14158467 0.14164727 0.14170986 0.14177246 0.14183506
 0.14189766 0.14196026 0.14202285 0.14208545 0.14214805 0.14221065
 0.14227324 0.14233584 0.14239844 0.14246104 0.14252363 0.14258623
 0.14264883 0.14271143 0.14277402 0.14283662 0.14289922 0.14296182
 0.14302441 0.14308701 0.14314961 0.14321221 0.1432748  0.1433374
 0.1434     0.1434626  0.1435252  0.14358779 0.14365039 0.14371299
 0.14377559 0.14383818 0.14390078 0.14396338 0.14402598 0.14408857
 0.14415117 0.14421377 0.14427637 0.14433896 0.14440156 0.14446416
 0.14452676 0.14458935 0.14465195 0.14471455 0.14477715 0.14483974
 0.14490234 0.14496494 0.14502754 0.14509014 0.14515273 0.14521533
 0.14527793 0.14534053 0.14540312 0.14546572 0.14552832 0.14559092
 0.14565351 0.14571611 0.14577871 0.14584131 0.1459039  0.1459665
 0.1460291  0.1460917  0.14615429 0.14621689 0.14627949 0.14634209
 0.14640468 0.14646728 0.14652988 0.14659248 0.14665508 0.14671767
 0.14678027 0.14684287 0.14690547 0.14696806 0.14703066 0.14709326
 0.14715586 0.14721845 0.14728105 0.14734365 0.14740625 0.14746884
 0.14753144 0.14759404 0.14765664 0.14771923 0.14778183 0.14784443
 0.14790703 0.14796962 0.14803222 0.14809482 0.14815742 0.14822002
 0.14828261 0.14834521 0.14840781 0.14847041 0.148533   0.1485956
 0.1486582  0.1487208  0.14878339 0.14884599 0.14890859 0.14897119
 0.14903378 0.14909638 0.14915898 0.14922158 0.14928417 0.14934677
 0.14940937 0.14947197 0.14953456 0.14959716 0.14965976 0.14972236
 0.14978495 0.14984755 0.14991015 0.14997275 0.15003535 0.15009794
 0.15016054 0.15022314 0.15028574 0.15034833 0.15041093 0.15047353
 0.15053613 0.15059872 0.15066132 0.15072392 0.15078652 0.15084911
 0.15091171 0.15097431 0.15103691 0.1510995  0.1511621  0.1512247
 0.1512873  0.15134989 0.15141249 0.15147509 0.15153769 0.15160029
 0.15166288 0.15172548 0.15178808 0.15185068 0.15191327 0.15197587
 0.15203847 0.15210107 0.15216366 0.15222626 0.15228886 0.15235146
 0.15241405 0.15247665 0.15253925 0.15260185 0.15266444 0.15272704
 0.15278964 0.15285224 0.15291483 0.15297743 0.15304003 0.15310263
 0.15316523 0.15322782 0.15329042 0.15335302 0.15341562 0.15347821
 0.15354081 0.15360341 0.15366601 0.1537286  0.1537912  0.1538538
 0.1539164  0.15397899 0.15404159 0.15410419 0.15416679 0.15422938
 0.15429198 0.15435458 0.15441718 0.15447977 0.15454237 0.15460497
 0.15466757 0.15473017 0.15479276 0.15485536 0.15491796 0.15498056
 0.15504315 0.15510575 0.15516835 0.15523095 0.15529354 0.15535614
 0.15541874 0.15548134 0.15554393 0.15560653 0.15566913 0.15573173
 0.15579432 0.15585692 0.15591952 0.15598212 0.15604471 0.15610731
 0.15616991 0.15623251 0.15629511 0.1563577  0.1564203  0.1564829
 0.1565455  0.15660809 0.15667069 0.15673329 0.15679589 0.15685848
 0.15692108 0.15698368 0.15704628 0.15710887 0.15717147 0.15723407
 0.15729667 0.15735926 0.15742186 0.15748446 0.15754706 0.15760965
 0.15767225 0.15773485 0.15779745 0.15786005 0.15792264 0.15798524
 0.15804784 0.15811044 0.15817303 0.15823563 0.15829823 0.15836083
 0.15842342 0.15848602 0.15854862 0.15861122 0.15867381 0.15873641
 0.15879901 0.15886161 0.1589242  0.1589868  0.1590494  0.159112
 0.15917459 0.15923719 0.15929979 0.15936239 0.15942498 0.15948758
 0.15955018 0.15961278 0.15967538 0.15973797 0.15980057 0.15986317
 0.15992577 0.15998836 0.16005096 0.16011356 0.16017616 0.16023875
 0.16030135 0.16036395 0.16042655 0.16048914 0.16055174 0.16061434
 0.16067694 0.16073953 0.16080213 0.16086473 0.16092733 0.16098992
 0.16105252 0.16111512 0.16117772 0.16124032 0.16130291 0.16136551
 0.16142811 0.16149071 0.1615533  0.1616159  0.1616785  0.1617411
 0.16180369 0.16186629 0.16192889 0.16199149 0.16205408 0.16211668
 0.16217928 0.16224188 0.16230447 0.16236707 0.16242967 0.16249227
 0.16255486 0.16261746 0.16268006 0.16274266 0.16280526 0.16286785
 0.16293045 0.16299305 0.16305565 0.16311824 0.16318084 0.16324344
 0.16330604 0.16336863 0.16343123 0.16349383 0.16355643 0.16361902
 0.16368162 0.16374422 0.16380682 0.16386941 0.16393201 0.16399461
 0.16405721 0.1641198  0.1641824  0.164245  ]","[0.10746415 0.10939823 0.11136312 0.11335925 0.11538702 0.11744685
 0.11953917 0.1216644  0.12382298 0.12601534 0.12824192 0.13050316
 0.13279952 0.13513143 0.13749937 0.13990379 0.14234515 0.14482392
 0.14734057 0.14989558 0.15248944 0.15512262 0.15779561 0.16050891
 0.16326301 0.16605842 0.16889563 0.17177517 0.17469754 0.17766325
 0.18067284 0.18372682 0.18682573 0.1899701  0.19316046 0.19639737
 0.19968136 0.20301299 0.2063928  0.20982137 0.21329924 0.21682699
 0.22040518 0.22403439 0.2277152  0.23144819 0.23523394 0.23907304
 0.24296609 0.24691369 0.25091643 0.25497492 0.25908976 0.26326158
 0.26749098 0.27177859 0.27612503 0.28053092 0.2849969  0.2895236
 0.29411165 0.2987617  0.30347439 0.30825038 0.3130903  0.31799482
 0.32296459 0.32800027 0.33310254 0.33827204 0.34350946 0.34881546
 0.35419073 0.35963595 0.36515178 0.37073893 0.37639807 0.3821299
 0.38793511 0.39381439 0.39976845 0.40579798 0.41190369 0.41808628
 0.42434646 0.43068493 0.43710242 0.44359963 0.45017729 0.4568361
 0.46357678 0.47040007 0.47730668 0.48429733 0.49137276 0.49853369
 0.50578085 0.51311496 0.52053677 0.528047   0.53564639 0.54333567
 0.55111557 0.55898684 0.56695021 0.57500641 0.58315619 0.59140028
 0.59973941 0.60817434 0.61670579 0.62533451 0.63406123 0.64288669
 0.65181163 0.66083678 0.66996288 0.67919067 0.68852088 0.69795424
 0.70749149 0.71713335 0.72688057 0.73673385 0.74669395 0.75676156
 0.76693744 0.77722228 0.78761681 0.79812175 0.80873782 0.81946572
 0.83030616 0.84125985 0.8523275  0.8635098  0.87480746 0.88622116
 0.89775159 0.90939946 0.92116542 0.93305018 0.94505439 0.95717874
 0.96942388 0.98179049 0.99427921 1.0068907  1.01962561 1.03248458
 1.04546825 1.05857724 1.07181219 1.08517372 1.09866243 1.11227893
 1.12602384 1.13989774 1.15390122 1.16803486 1.18229924 1.19669493
 1.21122249 1.22588246 1.2406754  1.25560185 1.27066233 1.28585736
 1.30118746 1.31665313 1.33225487 1.34799317 1.3638685  1.37988134
 1.39603214 1.41232135 1.42874942 1.44531677 1.46202383 1.478871
 1.49585869 1.51298728 1.53025715 1.54766868 1.56522222 1.5829181
 1.60075668 1.61873826 1.63686316 1.65513168 1.6735441  1.69210069
 1.71080173 1.72964745 1.74863809 1.76777387 1.78705501 1.80648169
 1.82605411 1.84577242 1.86563679 1.88564735 1.90580423 1.92610753
 1.94655737 1.96715381 1.98789693 2.00878678 2.02982339 2.05100679
 2.07233698 2.09381395 2.11543767 2.1372081  2.15912519 2.18118886
 2.20339901 2.22575553 2.24825831 2.2709072  2.29370203 2.31664264
 2.33972882 2.36296037 2.38633705 2.40985862 2.43352481 2.45733533
 2.48128988 2.50538815 2.52962978 2.55401443 2.57854171 2.60321122
 2.62802256 2.65297528 2.67806893 2.70330303 2.7286771  2.75419061
 2.77984304 2.80563383 2.83156241 2.85762818 2.88383053 2.91016882
 2.93664241 2.9632506  2.98999271 3.01686803 3.0438758  3.07101528
 3.09828568 3.1256862  3.15321603 3.18087431 3.20866018 3.23657276
 3.26461114 3.29277438 3.32106155 3.34947166 3.37800373 3.40665674
 3.43542964 3.4643214  3.49333091 3.52245709 3.5516988  3.5810549
 3.61052423 3.64010559 3.66979777 3.69959955 3.72950965 3.75952682
 3.78964974 3.8198771  3.85020756 3.88063975 3.91117228 3.94180375
 3.97253273 4.00335776 4.03427738 4.06529009 4.09639437 4.12758869
 4.15887148 4.19024117 4.22169615 4.2532348  4.28485548 4.31655652
 4.34833624 4.38019292 4.41212484 4.44413026 4.47620739 4.50835446
 4.54056965 4.57285112 4.60519704 4.63760552 4.67007468 4.7026026
 4.73518736 4.76782701 4.80051957 4.83326305 4.86605546 4.89889475
 4.93177889 4.96470582 4.99767344 5.03067967 5.06372237 5.09679941
 5.12990865 5.1630479  5.19621497 5.22940767 5.26262376 5.29586101
 5.32911716 5.36238994 5.39567705 5.42897621 5.46228507 5.49560131
 5.52892258 5.56224652 5.59557073 5.62889284 5.66221042 5.69552106
 5.72882233 5.76211176 5.79538691 5.82864529 5.86188442 5.8951018
 5.92829492 5.96146126 5.99459828 6.02770343 6.06077416 6.09380791
 6.1268021  6.15975414 6.19266144 6.22552139 6.25833138 6.29108879
 6.32379099 6.35643534 6.3890192  6.42153991 6.45399482 6.48638126
 6.51869657 6.55093805 6.58310304 6.61518884 6.64719277 6.67911212
 6.7109442  6.74268631 6.77433573 6.80588976 6.83734569 6.8687008
 6.89995239 6.93109772 6.96213408 6.99305877 7.02386905 7.05456222
 7.08513555 7.11558632 7.14591184 7.17610937 7.20617622 7.23610967
 7.26590702 7.29556557 7.32508262 7.35445549 7.38368147 7.4127579
 7.44168208 7.47045136 7.49906306 7.52751452 7.5558031  7.58392616
 7.61188104 7.63966514 7.66727582 7.69471048 7.72196652 7.74904136
 7.7759324  7.80263708 7.82915284 7.85547714 7.88160745 7.90754124
 7.93327599 7.95880923 7.98413846 8.00926122 8.03417505 8.05887752
 8.0833662  8.10763869 8.13169258 8.15552552 8.17913513 8.20251908
 8.22567504 8.24860071 8.2712938  8.29375204 8.31597318 8.337955
 8.35969527 8.38119181 8.40244245 8.42344505 8.44419746 8.4646976
 8.48494337 8.50493271 8.52466359 8.54413399 8.56334191 8.58228539
 8.60096248 8.61937127 8.63750985 8.65537636 8.67296896 8.69028582
 8.70732514 8.72408518 8.74056417 8.75676042 8.77267223 8.78829794
 8.80363593 8.81868459 8.83344235 8.84790767 8.86207901 8.87595491
 8.88953389 8.90281454 8.91579545 8.92847526 8.94085262 8.95292623
 8.96469482 8.97615713 8.98731196 8.99815812 9.00869447 9.01891987
 9.02883326 9.03843357 9.04771977 9.0566909  9.06534597 9.07368409
 9.08170434 9.08940589 9.0967879  9.10384959 9.1105902  9.11700902
 9.12310534 9.12887853 9.13432796 9.13945305 9.14425324 9.14872803
 9.15287694 9.15669951 9.16019535 9.16336406 9.16620532 9.16871882
 9.17090428 9.17276148 9.17429021 9.17549031 9.17636164 9.17690413
 9.1771177  9.17700233 9.17655805 9.17578488 9.17468293 9.1732523
 9.17149315 9.16940568 9.16699009 9.16424666 9.16117567 9.15777747
 9.15405241 9.15000088 9.14562334 9.14092025 9.1358921  9.13053945
 9.12486286 9.11886294 9.11254034 9.10589574 9.09892983 9.09164337
 9.08403714 9.07611195 9.06786865 9.05930811 9.05043125 9.04123901
 9.03173237 9.02191235 9.01177999 9.00133637 8.99058259 8.97951979
 8.96814916 8.95647188 8.94448921 8.9322024  8.91961275 8.9067216
 8.89353029 8.88004023 8.86625283 8.85216954 8.83779184 8.82312123
 8.80815926 8.79290748 8.7773675  8.76154094 8.74542944 8.72903468
 8.71235838 8.69540225 8.67816807 8.66065761 8.64287269 8.62481514
 8.60648683 8.58788964 8.56902549 8.54989632 8.53050408 8.51085076
 8.49093837 8.47076895 8.45034454 8.42966722 8.4087391  8.38756229
 8.36613894 8.34447121 8.32256128 8.30041136 8.27802367 8.25540046
 8.23254399 8.20945655 8.18614042 8.16259794 8.13883144 8.11484326
 8.09063579 8.06621141 8.04157251 8.01672153 7.99166089 7.96639305
 7.94092046 7.91524561 7.88937098 7.86329909 7.83703244 7.81057357
 7.78392503 7.75708936 7.73006913 7.70286692 7.67548532 7.64792691
 7.62019432 7.59229015 7.56421703 7.53597759 7.50757448 7.47901034
 7.45028784 7.42140962 7.39237837 7.36319676 7.33386746 7.30439318
 7.27477659 7.2450204  7.2151273  7.18509999 7.15494119 7.12465361
 7.09423994 7.06370292 7.03304525 7.00226965 6.97137884 6.94037553
 6.90926245 6.8780423  6.84671782 6.8152917  6.78376668 6.75214545
 6.72043073 6.68862523 6.65673165 6.6247527  6.59269106 6.56054943
 6.5283305  6.49603695 6.46367147 6.43123672 6.39873538 6.3661701
 6.33354353 6.30085832 6.26811712 6.23532255 6.20247724 6.16958381
 6.13664485 6.10366298 6.07064077 6.03758081 6.00448567 5.9713579
 5.93820005 5.90501466 5.87180426 5.83857136 5.80531846 5.77204806
 5.73876263 5.70546465 5.67215655 5.63884078 5.60551978 5.57219594
 5.53887167 5.50554936 5.47223137 5.43892005 5.40561776 5.37232681
 5.33904951 5.30578816 5.27254503 5.23932238 5.20612247 5.17294751
 5.13979972 5.1066813  5.07359442 5.04054124 5.0075239  4.97454453
 4.94160524 4.9087081  4.8758552  4.84304859 4.81029028 4.77758231
 4.74492666 4.71232531 4.67978021 4.64729331 4.61486651 4.58250172
 4.55020081 4.51796564 4.48579804 4.45369984 4.42167283 4.38971878
 4.35783945 4.32603657 4.29431187 4.26266702 4.2311037  4.19962357
 4.16822825 4.13691935 4.10569845 4.07456713 4.04352692 4.01257935
 3.98172592 3.95096811 3.92030738 3.88974516 3.85928286 3.82892189
 3.79866361 3.76850936 3.73846048 3.70851828 3.67868403 3.648959
 3.61934442 3.58984152 3.56045149 3.5311755  3.50201471 3.47297025
 3.44404323 3.41523472 3.38654581 3.35797753 3.3295309  3.30120692
 3.27300658 3.24493082 3.21698059 3.18915679 3.16146033 3.13389206
 3.10645285 3.07914351 3.05196486 3.02491769 2.99800275 2.97122079
 2.94457254 2.91805869 2.89167994 2.86543693 2.83933032 2.81336072
 2.78752873 2.76183493 2.73627989 2.71086413 2.68558818 2.66045255
 2.6354577  2.61060411 2.58589221 2.56132242 2.53689515 2.51261078
 2.48846968 2.46447218 2.44061863 2.41690931 2.39334454 2.36992457
 2.34664967 2.32352006 2.30053597 2.27769759 2.25500511 2.2324587
 2.21005849 2.18780463 2.16569722 2.14373636 2.12192213 2.1002546
 2.07873382 2.0573598  2.03613258 2.01505214 1.99411848 1.97333156
 1.95269133 1.93219773 1.91185068 1.8916501  1.87159587 1.85168787
 1.83192596 1.81231001 1.79283983 1.77351526 1.7543361  1.73530215
 1.71641318 1.69766898 1.67906928 1.66061385 1.64230239 1.62413464
 1.60611031 1.58822907 1.57049061 1.55289461 1.53544073 1.5181286
 1.50095786 1.48392814 1.46703906 1.45029021 1.43368119 1.41721159
 1.40088096 1.38468889 1.36863491 1.35271857 1.33693941 1.32129695
 1.3057907  1.29042018 1.27518487 1.26008428 1.24511787 1.23028512
 1.21558551 1.20101847 1.18658347 1.17227995 1.15810733 1.14406505
 1.13015252 1.11636917 1.10271439 1.08918759 1.07578815 1.06251548
 1.04936894 1.03634793 1.02345179 1.01067991 0.99803164 0.98550633
 0.97310333 0.96082199 0.94866165 0.93662164 0.92470129 0.91289993
 0.90121688 0.88965145 0.87820297 0.86687074 0.85565407 0.84455227
 0.83356462 0.82269044 0.81192902 0.80127964 0.79074159 0.78031417
 0.76999665 0.75978832 0.74968846 0.73969634 0.72981124 0.72003243
 0.71035919 0.70079079 0.69132648 0.68196555 0.67270727 0.66355088
 0.65449567 0.64554089 0.6366858  0.62792968 0.61927178 0.61071137
 0.6022477  0.59388004 0.58560765 0.57742979 0.56934573 0.56135472
 0.55345603 0.54564893 0.53793267 0.53030652 0.52276975 0.51532162
 0.5079614  0.50068835 0.49350176 0.48640088 0.47938499 0.47245336
 0.46560528 0.45884    0.45215682 0.44555501 0.43903386 0.43259265
 0.42623065 0.41994717 0.41374149 0.40761291 0.4015607  0.39558419
 0.38968265 0.3838554  0.37810173 0.37242096 0.36681239 0.36127534
 0.35580911 0.35041303 0.34508642 0.33982859 0.33463888 0.32951661
 0.32446112 0.31947174 0.31454781 0.30968867 0.30489366 0.30016214
 0.29549346 0.29088696 0.28634201 0.28185797 0.27743421 0.27307008
 0.26876498 0.26451826 0.26032932 0.25619752 0.25212227 0.24810295
 0.24413896 0.24022968 0.23637454 0.23257292 0.22882424 0.22512791
 0.22148336 0.21788999 0.21434724 0.21085454 0.20741131 0.204017
 0.20067105 0.19737289 0.19412198 0.19091778 0.18775973 0.18464731
 0.18157997 0.17855718 0.17557842 0.17264317 0.1697509  0.1669011
 0.16409327 0.16132688 0.15860146 0.15591648 0.15327147 0.15066592
 0.14809936 0.1455713  0.14308127 0.14062879 0.1382134  0.13583462
 0.13349199 0.13118507 0.12891339 0.12667651 0.12447398 0.12230536
 0.12017022 0.11806812 0.11599863 0.11396133 0.1119558  0.10998163
 0.10803839 0.10612568 0.1042431  0.10239024]",restricted_age_optimal,True,True,True,10,2,"constraints_[1, 4]_remained",-95.98555284640979,-98.07018898555357,-93.900916707266,1.0636094109826106,-1.9949187861607454,-2.038244887568339,-1.9515926847531508,0.022105559974236667,-1.9948761520994205,-2.0382013275707416,-1.9515509766280983,0.02210508754909029,0.07918270387633569,0.07476042546356583,0.08380026117168615,0.0023057660151022726,large,95.9855528464099,93.90091670726612,98.07018898555368,1.063609410982611,1.9949187861607476,1.9515926847531533,2.038244887568341,0.022105559974236674,1.9948761520994227,1.9515509766281007,2.0382013275707442,0.022105087549090296,0.9208172961236646,0.9161997388283141,0.9252395745364345,0.0023057660151022683
0.101199,0.164245,0.1325175,0.0106226866159106,4020,100.0,"[0.101199   0.10362385 0.10604869 0.10847354 0.11089838 0.11332323
 0.11574808 0.11817292 0.12059777 0.12302262 0.12544746 0.12787231
 0.13029715 0.132722   0.13514685 0.13757169 0.13999654 0.14242138
 0.14484623 0.14727108 0.14969592 0.15212077 0.15454562 0.15697046
 0.15939531 0.16182015 0.164245  ]","[0.27363184 0.34825871 0.34825871 1.09452736 1.8159204  2.58706468
 2.86069652 4.57711443 5.77114428 6.46766169 6.99004975 8.75621891
 8.93034826 8.25870647 8.58208955 8.00995025 6.41791045 5.17412935
 4.65174129 3.25870647 1.74129353 1.46766169 0.97014925 0.42288557
 0.12437811 0.09950249]",0.0025,26,normal,0.132413227363184,"[0.101199   0.10126211 0.10132522 0.10138833 0.10145144 0.10151455
 0.10157765 0.10164076 0.10170387 0.10176698 0.10183009 0.1018932
 0.10195631 0.10201942 0.10208253 0.10214564 0.10220875 0.10227185
 0.10233496 0.10239807 0.10246118 0.10252429 0.1025874  0.10265051
 0.10271362 0.10277673 0.10283984 0.10290295 0.10296606 0.10302916
 0.10309227 0.10315538 0.10321849 0.1032816  0.10334471 0.10340782
 0.10347093 0.10353404 0.10359715 0.10366026 0.10372336 0.10378647
 0.10384958 0.10391269 0.1039758  0.10403891 0.10410202 0.10416513
 0.10422824 0.10429135 0.10435446 0.10441756 0.10448067 0.10454378
 0.10460689 0.10467    0.10473311 0.10479622 0.10485933 0.10492244
 0.10498555 0.10504866 0.10511176 0.10517487 0.10523798 0.10530109
 0.1053642  0.10542731 0.10549042 0.10555353 0.10561664 0.10567975
 0.10574286 0.10580596 0.10586907 0.10593218 0.10599529 0.1060584
 0.10612151 0.10618462 0.10624773 0.10631084 0.10637395 0.10643706
 0.10650017 0.10656327 0.10662638 0.10668949 0.1067526  0.10681571
 0.10687882 0.10694193 0.10700504 0.10706815 0.10713126 0.10719437
 0.10725747 0.10732058 0.10738369 0.1074468  0.10750991 0.10757302
 0.10763613 0.10769924 0.10776235 0.10782546 0.10788857 0.10795167
 0.10801478 0.10807789 0.108141   0.10820411 0.10826722 0.10833033
 0.10839344 0.10845655 0.10851966 0.10858277 0.10864587 0.10870898
 0.10877209 0.1088352  0.10889831 0.10896142 0.10902453 0.10908764
 0.10915075 0.10921386 0.10927697 0.10934008 0.10940318 0.10946629
 0.1095294  0.10959251 0.10965562 0.10971873 0.10978184 0.10984495
 0.10990806 0.10997117 0.11003428 0.11009738 0.11016049 0.1102236
 0.11028671 0.11034982 0.11041293 0.11047604 0.11053915 0.11060226
 0.11066537 0.11072848 0.11079158 0.11085469 0.1109178  0.11098091
 0.11104402 0.11110713 0.11117024 0.11123335 0.11129646 0.11135957
 0.11142268 0.11148578 0.11154889 0.111612   0.11167511 0.11173822
 0.11180133 0.11186444 0.11192755 0.11199066 0.11205377 0.11211688
 0.11217998 0.11224309 0.1123062  0.11236931 0.11243242 0.11249553
 0.11255864 0.11262175 0.11268486 0.11274797 0.11281108 0.11287419
 0.11293729 0.1130004  0.11306351 0.11312662 0.11318973 0.11325284
 0.11331595 0.11337906 0.11344217 0.11350528 0.11356839 0.11363149
 0.1136946  0.11375771 0.11382082 0.11388393 0.11394704 0.11401015
 0.11407326 0.11413637 0.11419948 0.11426259 0.11432569 0.1143888
 0.11445191 0.11451502 0.11457813 0.11464124 0.11470435 0.11476746
 0.11483057 0.11489368 0.11495679 0.11501989 0.115083   0.11514611
 0.11520922 0.11527233 0.11533544 0.11539855 0.11546166 0.11552477
 0.11558788 0.11565099 0.1157141  0.1157772  0.11584031 0.11590342
 0.11596653 0.11602964 0.11609275 0.11615586 0.11621897 0.11628208
 0.11634519 0.1164083  0.1164714  0.11653451 0.11659762 0.11666073
 0.11672384 0.11678695 0.11685006 0.11691317 0.11697628 0.11703939
 0.1171025  0.1171656  0.11722871 0.11729182 0.11735493 0.11741804
 0.11748115 0.11754426 0.11760737 0.11767048 0.11773359 0.1177967
 0.1178598  0.11792291 0.11798602 0.11804913 0.11811224 0.11817535
 0.11823846 0.11830157 0.11836468 0.11842779 0.1184909  0.11855401
 0.11861711 0.11868022 0.11874333 0.11880644 0.11886955 0.11893266
 0.11899577 0.11905888 0.11912199 0.1191851  0.11924821 0.11931131
 0.11937442 0.11943753 0.11950064 0.11956375 0.11962686 0.11968997
 0.11975308 0.11981619 0.1198793  0.11994241 0.12000551 0.12006862
 0.12013173 0.12019484 0.12025795 0.12032106 0.12038417 0.12044728
 0.12051039 0.1205735  0.12063661 0.12069971 0.12076282 0.12082593
 0.12088904 0.12095215 0.12101526 0.12107837 0.12114148 0.12120459
 0.1212677  0.12133081 0.12139391 0.12145702 0.12152013 0.12158324
 0.12164635 0.12170946 0.12177257 0.12183568 0.12189879 0.1219619
 0.12202501 0.12208812 0.12215122 0.12221433 0.12227744 0.12234055
 0.12240366 0.12246677 0.12252988 0.12259299 0.1226561  0.12271921
 0.12278232 0.12284542 0.12290853 0.12297164 0.12303475 0.12309786
 0.12316097 0.12322408 0.12328719 0.1233503  0.12341341 0.12347652
 0.12353962 0.12360273 0.12366584 0.12372895 0.12379206 0.12385517
 0.12391828 0.12398139 0.1240445  0.12410761 0.12417072 0.12423382
 0.12429693 0.12436004 0.12442315 0.12448626 0.12454937 0.12461248
 0.12467559 0.1247387  0.12480181 0.12486492 0.12492803 0.12499113
 0.12505424 0.12511735 0.12518046 0.12524357 0.12530668 0.12536979
 0.1254329  0.12549601 0.12555912 0.12562223 0.12568533 0.12574844
 0.12581155 0.12587466 0.12593777 0.12600088 0.12606399 0.1261271
 0.12619021 0.12625332 0.12631643 0.12637953 0.12644264 0.12650575
 0.12656886 0.12663197 0.12669508 0.12675819 0.1268213  0.12688441
 0.12694752 0.12701063 0.12707373 0.12713684 0.12719995 0.12726306
 0.12732617 0.12738928 0.12745239 0.1275155  0.12757861 0.12764172
 0.12770483 0.12776793 0.12783104 0.12789415 0.12795726 0.12802037
 0.12808348 0.12814659 0.1282097  0.12827281 0.12833592 0.12839903
 0.12846214 0.12852524 0.12858835 0.12865146 0.12871457 0.12877768
 0.12884079 0.1289039  0.12896701 0.12903012 0.12909323 0.12915634
 0.12921944 0.12928255 0.12934566 0.12940877 0.12947188 0.12953499
 0.1295981  0.12966121 0.12972432 0.12978743 0.12985054 0.12991364
 0.12997675 0.13003986 0.13010297 0.13016608 0.13022919 0.1302923
 0.13035541 0.13041852 0.13048163 0.13054474 0.13060784 0.13067095
 0.13073406 0.13079717 0.13086028 0.13092339 0.1309865  0.13104961
 0.13111272 0.13117583 0.13123894 0.13130205 0.13136515 0.13142826
 0.13149137 0.13155448 0.13161759 0.1316807  0.13174381 0.13180692
 0.13187003 0.13193314 0.13199625 0.13205935 0.13212246 0.13218557
 0.13224868 0.13231179 0.1323749  0.13243801 0.13250112 0.13256423
 0.13262734 0.13269045 0.13275355 0.13281666 0.13287977 0.13294288
 0.13300599 0.1330691  0.13313221 0.13319532 0.13325843 0.13332154
 0.13338465 0.13344775 0.13351086 0.13357397 0.13363708 0.13370019
 0.1337633  0.13382641 0.13388952 0.13395263 0.13401574 0.13407885
 0.13414195 0.13420506 0.13426817 0.13433128 0.13439439 0.1344575
 0.13452061 0.13458372 0.13464683 0.13470994 0.13477305 0.13483616
 0.13489926 0.13496237 0.13502548 0.13508859 0.1351517  0.13521481
 0.13527792 0.13534103 0.13540414 0.13546725 0.13553036 0.13559346
 0.13565657 0.13571968 0.13578279 0.1358459  0.13590901 0.13597212
 0.13603523 0.13609834 0.13616145 0.13622456 0.13628766 0.13635077
 0.13641388 0.13647699 0.1365401  0.13660321 0.13666632 0.13672943
 0.13679254 0.13685565 0.13691876 0.13698186 0.13704497 0.13710808
 0.13717119 0.1372343  0.13729741 0.13736052 0.13742363 0.13748674
 0.13754985 0.13761296 0.13767607 0.13773917 0.13780228 0.13786539
 0.1379285  0.13799161 0.13805472 0.13811783 0.13818094 0.13824405
 0.13830716 0.13837027 0.13843337 0.13849648 0.13855959 0.1386227
 0.13868581 0.13874892 0.13881203 0.13887514 0.13893825 0.13900136
 0.13906447 0.13912757 0.13919068 0.13925379 0.1393169  0.13938001
 0.13944312 0.13950623 0.13956934 0.13963245 0.13969556 0.13975867
 0.13982177 0.13988488 0.13994799 0.1400111  0.14007421 0.14013732
 0.14020043 0.14026354 0.14032665 0.14038976 0.14045287 0.14051597
 0.14057908 0.14064219 0.1407053  0.14076841 0.14083152 0.14089463
 0.14095774 0.14102085 0.14108396 0.14114707 0.14121018 0.14127328
 0.14133639 0.1413995  0.14146261 0.14152572 0.14158883 0.14165194
 0.14171505 0.14177816 0.14184127 0.14190438 0.14196748 0.14203059
 0.1420937  0.14215681 0.14221992 0.14228303 0.14234614 0.14240925
 0.14247236 0.14253547 0.14259858 0.14266168 0.14272479 0.1427879
 0.14285101 0.14291412 0.14297723 0.14304034 0.14310345 0.14316656
 0.14322967 0.14329278 0.14335588 0.14341899 0.1434821  0.14354521
 0.14360832 0.14367143 0.14373454 0.14379765 0.14386076 0.14392387
 0.14398698 0.14405009 0.14411319 0.1441763  0.14423941 0.14430252
 0.14436563 0.14442874 0.14449185 0.14455496 0.14461807 0.14468118
 0.14474429 0.14480739 0.1448705  0.14493361 0.14499672 0.14505983
 0.14512294 0.14518605 0.14524916 0.14531227 0.14537538 0.14543849
 0.14550159 0.1455647  0.14562781 0.14569092 0.14575403 0.14581714
 0.14588025 0.14594336 0.14600647 0.14606958 0.14613269 0.14619579
 0.1462589  0.14632201 0.14638512 0.14644823 0.14651134 0.14657445
 0.14663756 0.14670067 0.14676378 0.14682689 0.14688999 0.1469531
 0.14701621 0.14707932 0.14714243 0.14720554 0.14726865 0.14733176
 0.14739487 0.14745798 0.14752109 0.1475842  0.1476473  0.14771041
 0.14777352 0.14783663 0.14789974 0.14796285 0.14802596 0.14808907
 0.14815218 0.14821529 0.1482784  0.1483415  0.14840461 0.14846772
 0.14853083 0.14859394 0.14865705 0.14872016 0.14878327 0.14884638
 0.14890949 0.1489726  0.1490357  0.14909881 0.14916192 0.14922503
 0.14928814 0.14935125 0.14941436 0.14947747 0.14954058 0.14960369
 0.1496668  0.1497299  0.14979301 0.14985612 0.14991923 0.14998234
 0.15004545 0.15010856 0.15017167 0.15023478 0.15029789 0.150361
 0.15042411 0.15048721 0.15055032 0.15061343 0.15067654 0.15073965
 0.15080276 0.15086587 0.15092898 0.15099209 0.1510552  0.15111831
 0.15118141 0.15124452 0.15130763 0.15137074 0.15143385 0.15149696
 0.15156007 0.15162318 0.15168629 0.1517494  0.15181251 0.15187561
 0.15193872 0.15200183 0.15206494 0.15212805 0.15219116 0.15225427
 0.15231738 0.15238049 0.1524436  0.15250671 0.15256981 0.15263292
 0.15269603 0.15275914 0.15282225 0.15288536 0.15294847 0.15301158
 0.15307469 0.1531378  0.15320091 0.15326402 0.15332712 0.15339023
 0.15345334 0.15351645 0.15357956 0.15364267 0.15370578 0.15376889
 0.153832   0.15389511 0.15395822 0.15402132 0.15408443 0.15414754
 0.15421065 0.15427376 0.15433687 0.15439998 0.15446309 0.1545262
 0.15458931 0.15465242 0.15471552 0.15477863 0.15484174 0.15490485
 0.15496796 0.15503107 0.15509418 0.15515729 0.1552204  0.15528351
 0.15534662 0.15540972 0.15547283 0.15553594 0.15559905 0.15566216
 0.15572527 0.15578838 0.15585149 0.1559146  0.15597771 0.15604082
 0.15610392 0.15616703 0.15623014 0.15629325 0.15635636 0.15641947
 0.15648258 0.15654569 0.1566088  0.15667191 0.15673502 0.15679813
 0.15686123 0.15692434 0.15698745 0.15705056 0.15711367 0.15717678
 0.15723989 0.157303   0.15736611 0.15742922 0.15749233 0.15755543
 0.15761854 0.15768165 0.15774476 0.15780787 0.15787098 0.15793409
 0.1579972  0.15806031 0.15812342 0.15818653 0.15824963 0.15831274
 0.15837585 0.15843896 0.15850207 0.15856518 0.15862829 0.1586914
 0.15875451 0.15881762 0.15888073 0.15894383 0.15900694 0.15907005
 0.15913316 0.15919627 0.15925938 0.15932249 0.1593856  0.15944871
 0.15951182 0.15957493 0.15963804 0.15970114 0.15976425 0.15982736
 0.15989047 0.15995358 0.16001669 0.1600798  0.16014291 0.16020602
 0.16026913 0.16033224 0.16039534 0.16045845 0.16052156 0.16058467
 0.16064778 0.16071089 0.160774   0.16083711 0.16090022 0.16096333
 0.16102644 0.16108954 0.16115265 0.16121576 0.16127887 0.16134198
 0.16140509 0.1614682  0.16153131 0.16159442 0.16165753 0.16172064
 0.16178374 0.16184685 0.16190996 0.16197307 0.16203618 0.16209929
 0.1621624  0.16222551 0.16228862 0.16235173 0.16241484 0.16247794
 0.16254105 0.16260416 0.16266727 0.16273038 0.16279349 0.1628566
 0.16291971 0.16298282 0.16304593 0.16310904 0.16317215 0.16323525
 0.16329836 0.16336147 0.16342458 0.16348769 0.1635508  0.16361391
 0.16367702 0.16374013 0.16380324 0.16386635 0.16392945 0.16399256
 0.16405567 0.16411878 0.16418189 0.164245  ]","[0.12145217 0.12358883 0.12575863 0.12796202 0.13019941 0.13247125
 0.13477797 0.13712002 0.13949784 0.14191189 0.14436262 0.14685049
 0.14937596 0.1519395  0.15454158 0.15718267 0.15986326 0.16258382
 0.16534485 0.16814683 0.17099025 0.17387563 0.17680345 0.17977423
 0.18278847 0.1858467  0.18894942 0.19209716 0.19529045 0.19852981
 0.20181578 0.2051489  0.20852971 0.21195875 0.21543657 0.21896373
 0.22254078 0.22616829 0.22984681 0.23357691 0.23735918 0.24119417
 0.24508248 0.24902468 0.25302137 0.25707312 0.26118054 0.26534421
 0.26956475 0.27384276 0.27817884 0.2825736  0.28702767 0.29154165
 0.29611616 0.30075185 0.30544932 0.31020921 0.31503216 0.3199188
 0.32486977 0.32988572 0.33496729 0.34011513 0.3453299  0.35061225
 0.35596284 0.36138232 0.36687137 0.37243064 0.37806081 0.38376255
 0.38953653 0.39538343 0.40130392 0.4072987  0.41336843 0.41951381
 0.42573553 0.43203427 0.43841073 0.44486559 0.45139956 0.45801333
 0.4647076  0.47148307 0.47834045 0.48528043 0.49230373 0.49941104
 0.50660309 0.51388056 0.52124418 0.52869466 0.5362327  0.54385903
 0.55157435 0.55937937 0.56727482 0.5752614  0.58333984 0.59151085
 0.59977514 0.60813343 0.61658644 0.62513487 0.63377946 0.6425209
 0.65135993 0.66029724 0.66933356 0.67846959 0.68770606 0.69704366
 0.70648311 0.71602512 0.7256704  0.73541964 0.74527356 0.75523286
 0.76529823 0.77547038 0.78575    0.79613779 0.80663443 0.81724062
 0.82795705 0.83878439 0.84972334 0.86077456 0.87193873 0.88321653
 0.89460862 0.90611567 0.91773834 0.92947729 0.94133316 0.95330661
 0.96539829 0.97760883 0.98993888 1.00238905 1.01495998 1.0276523
 1.04046661 1.05340352 1.06646365 1.07964759 1.09295594 1.10638929
 1.11994821 1.13363328 1.14744508 1.16138417 1.1754511  1.18964642
 1.20397067 1.21842439 1.23300812 1.24772236 1.26256763 1.27754443
 1.29265327 1.30789463 1.32326899 1.33877682 1.35441859 1.37019475
 1.38610575 1.40215202 1.41833398 1.43465207 1.45110667 1.4676982
 1.48442703 1.50129355 1.51829813 1.53544111 1.55272285 1.57014368
 1.58770393 1.6054039  1.6232439  1.64122421 1.65934513 1.6776069
 1.6960098  1.71455405 1.73323988 1.75206753 1.77103718 1.79014903
 1.80940326 1.82880003 1.8483395  1.8680218  1.88784705 1.90781537
 1.92792686 1.94818159 1.96857963 1.98912104 2.00980586 2.0306341
 2.05160578 2.07272089 2.0939794  2.11538129 2.13692649 2.15861494
 2.18044656 2.20242124 2.22453886 2.2467993  2.26920239 2.29174798
 2.31443589 2.3372659  2.36023781 2.38335137 2.40660634 2.43000245
 2.4535394  2.4772169  2.50103461 2.52499221 2.54908933 2.57332558
 2.59770058 2.62221392 2.64686515 2.67165383 2.69657948 2.72164162
 2.74683974 2.7721733  2.79764177 2.82324457 2.84898112 2.87485081
 2.90085303 2.92698711 2.9532524  2.97964821 3.00617384 3.03282856
 3.05961163 3.08652228 3.11355972 3.14072316 3.16801176 3.19542467
 3.22296103 3.25061995 3.27840052 3.30630182 3.33432288 3.36246274
 3.39072041 3.41909487 3.44758509 3.47619002 3.50490857 3.53373966
 3.56268216 3.59173494 3.62089684 3.65016667 3.67954323 3.7090253
 3.73861163 3.76830097 3.79809202 3.82798348 3.85797402 3.88806229
 3.91824692 3.94852652 3.97889967 4.00936495 4.0399209  4.07056605
 4.10129891 4.13211795 4.16302164 4.19400842 4.22507672 4.25622495
 4.28745147 4.31875466 4.35013286 4.38158439 4.41310755 4.44470062
 4.47636186 4.50808953 4.53988183 4.57173698 4.60365316 4.63562854
 4.66766125 4.69974944 4.7318912  4.76408463 4.79632779 4.82861875
 4.86095553 4.89333615 4.92575862 4.9582209  4.99072097 5.02325678
 5.05582624 5.08842727 5.12105777 5.15371562 5.18639867 5.21910477
 5.25183175 5.28457743 5.31733961 5.35011605 5.38290454 5.41570283
 5.44850864 5.48131971 5.51413375 5.54694844 5.57976147 5.61257051
 5.6453732  5.6781672  5.71095012 5.74371959 5.7764732  5.80920855
 5.84192322 5.87461477 5.90728076 5.93991874 5.97252624 6.00510078
 6.03763989 6.07014106 6.10260179 6.13501956 6.16739187 6.19971616
 6.23198991 6.26421056 6.29637557 6.32848237 6.36052838 6.39251104
 6.42442777 6.45627597 6.48805305 6.51975642 6.55138346 6.58293158
 6.61439816 6.64578058 6.67707622 6.70828246 6.73939668 6.77041624
 6.80133852 6.83216088 6.86288069 6.89349532 6.92400213 6.95439848
 6.98468175 7.01484928 7.04489846 7.07482665 7.10463122 7.13430953
 7.16385897 7.1932769  7.22256072 7.25170779 7.2807155  7.30958126
 7.33830244 7.36687646 7.39530072 7.42357263 7.4516896  7.47964908
 7.50744847 7.53508523 7.5625568  7.58986064 7.61699421 7.64395498
 7.67074044 7.69734807 7.72377537 7.75001987 7.77607908 7.80195054
 7.82763179 7.85312039 7.87841392 7.90350995 7.92840608 7.95309992
 7.9775891  8.00187126 8.02594404 8.04980512 8.07345217 8.09688291
 8.12009504 8.14308631 8.16585444 8.18839722 8.21071243 8.23279788
 8.25465137 8.27627075 8.29765389 8.31879865 8.33970294 8.36036467
 8.38078178 8.40095224 8.42087403 8.44054514 8.45996359 8.47912745
 8.49803477 8.51668365 8.53507221 8.55319857 8.57106091 8.5886574
 8.60598627 8.62304574 8.63983409 8.65634958 8.67259054 8.6885553
 8.70424222 8.7196497  8.73477615 8.74962002 8.76417977 8.77845391
 8.79244096 8.80613948 8.81954805 8.83266528 8.84548981 8.8580203
 8.87025547 8.88219403 8.89383475 8.9051764  8.91621781 8.92695783
 8.93739534 8.94752923 8.95735846 8.966882   8.97609884 8.98500803
 8.99360861 9.00189971 9.00988043 9.01754995 9.02490746 9.03195218
 9.03868337 9.04510032 9.05120236 9.05698884 9.06245915 9.06761272
 9.07244901 9.07696749 9.08116769 9.08504918 9.08861153 9.09185438
 9.09477738 9.09738021 9.09966261 9.10162434 9.10326518 9.10458496
 9.10558355 9.10626083 9.10661674 9.10665123 9.10636431 9.10575601
 9.10482638 9.10357553 9.10200358 9.10011072 9.09789713 9.09536305
 9.09250874 9.08933452 9.08584072 9.0820277  9.07789587 9.07344566
 9.06867755 9.06359204 9.05818966 9.05247099 9.04643663 9.04008722
 9.03342342 9.02644593 9.0191555  9.01155288 9.00363889 8.99541434
 8.98688011 8.97803708 8.9688862  8.95942841 8.94966471 8.93959612
 8.92922369 8.91854851 8.90757169 8.89629438 8.88471775 8.87284302
 8.86067141 8.84820419 8.83544267 8.82238815 8.809042   8.7954056
 8.78148036 8.76726772 8.75276914 8.73798613 8.7229202  8.70757291
 8.69194583 8.67604057 8.65985875 8.64340205 8.62667213 8.6096707
 8.59239951 8.57486031 8.55705488 8.53898503 8.5206526  8.50205944
 8.48320743 8.46409847 8.4447345  8.42511745 8.40524931 8.38513206
 8.36476771 8.34415831 8.32330591 8.30221259 8.28088044 8.25931158
 8.23750816 8.21547232 8.19320625 8.17071212 8.14799217 8.12504861
 8.1018837  8.07849969 8.05489887 8.03108353 8.00705599 7.98281858
 7.95837364 7.93372353 7.90887061 7.88381729 7.85856595 7.83311902
 7.80747891 7.78164807 7.75562895 7.72942402 7.70303574 7.6764666
 7.64971911 7.62279575 7.59569906 7.56843156 7.54099577 7.51339426
 7.48562955 7.45770422 7.42962084 7.40138196 7.37299019 7.3444481
 7.31575828 7.28692334 7.25794587 7.22882849 7.19957381 7.17018445
 7.14066301 7.11101214 7.08123445 7.05133258 7.02130914 6.99116679
 6.96090814 6.93053584 6.90005252 6.86946081 6.83876335 6.80796278
 6.77706173 6.74606282 6.7149687  6.68378199 6.65250532 6.6211413
 6.58969257 6.55816173 6.52655141 6.4948642  6.46310273 6.43126957
 6.39936734 6.36739861 6.33536597 6.30327201 6.27111928 6.23891035
 6.20664778 6.17433412 6.14197191 6.10956369 6.07711196 6.04461926
 6.01208809 5.97952094 5.94692031 5.91428866 5.88162848 5.84894221
 5.8162323  5.78350118 5.75075128 5.71798502 5.68520478 5.65241296
 5.61961193 5.58680406 5.55399169 5.52117716 5.48836279 5.45555089
 5.42274375 5.38994366 5.35715288 5.32437366 5.29160823 5.25885883
 5.22612764 5.19341688 5.16072869 5.12806526 5.09542871 5.06282117
 5.03024476 4.99770156 4.96519364 4.93272307 4.90029189 4.86790212
 4.83555576 4.8032548  4.77100121 4.73879695 4.70664393 4.67454409
 4.64249931 4.61051147 4.57858243 4.54671403 4.51490808 4.48316639
 4.45149074 4.41988289 4.38834458 4.35687753 4.32548345 4.29416402
 4.2629209  4.23175574 4.20067014 4.16966573 4.13874407 4.10790673
 4.07715525 4.04649115 4.01591593 3.98543106 3.95503801 3.92473821
 3.89453308 3.86442401 3.83441238 3.80449955 3.77468683 3.74497555
 3.715367   3.68586244 3.65646313 3.62717029 3.59798513 3.56890883
 3.53994256 3.51108747 3.48234466 3.45371526 3.42520032 3.39680093
 3.3685181  3.34035287 3.31230623 3.28437915 3.25657259 3.22888748
 3.20132473 3.17388525 3.1465699  3.11937953 3.09231497 3.06537704
 3.03856652 3.01188419 2.98533079 2.95890705 2.93261369 2.90645138
 2.88042081 2.85452262 2.82875744 2.80312588 2.77762854 2.75226597
 2.72703873 2.70194737 2.67699237 2.65217425 2.62749348 2.60295051
 2.57854578 2.55427971 2.5301527  2.50616512 2.48231735 2.45860973
 2.43504259 2.41161622 2.38833094 2.365187   2.34218467 2.31932418
 2.29660576 2.2740296  2.25159591 2.22930484 2.20715655 2.18515118
 2.16328885 2.14156966 2.1199937  2.09856105 2.07727175 2.05612586
 2.0351234  2.01426437 1.99354877 1.97297658 1.95254777 1.93226228
 1.91212006 1.89212101 1.87226506 1.85255209 1.83298197 1.81355459
 1.79426977 1.77512738 1.75612722 1.73726911 1.71855286 1.69997823
 1.68154502 1.66325298 1.64510185 1.62709138 1.60922128 1.59149128
 1.57390107 1.55645035 1.53913878 1.52196604 1.50493179 1.48803567
 1.47127731 1.45465634 1.43817238 1.42182503 1.40561388 1.38953852
 1.37359853 1.35779347 1.34212289 1.32658634 1.31118337 1.29591351
 1.28077627 1.26577116 1.2508977  1.23615538 1.22154369 1.20706211
 1.19271011 1.17848716 1.16439272 1.15042624 1.13658717 1.12287494
 1.10928899 1.09582874 1.08249361 1.06928301 1.05619636 1.04323305
 1.03039247 1.01767403 1.00507709 0.99260105 0.98024528 0.96800914
 0.955892   0.94389323 0.93201217 0.92024818 0.90860061 0.8970688
 0.88565209 0.87434981 0.86316131 0.8520859  0.84112291 0.83027167
 0.8195315  0.8089017  0.7983816  0.78797051 0.77766773 0.76747257
 0.75738434 0.74740233 0.73752586 0.7277542  0.71808667 0.70852255
 0.69906115 0.68970174 0.68044363 0.6712861  0.66222844 0.65326993
 0.64440987 0.63564754 0.62698223 0.61841321 0.60993979 0.60156123
 0.59327682 0.58508585 0.5769876  0.56898136 0.56106641 0.55324204
 0.54550753 0.53786216 0.53030523 0.52283602 0.51545381 0.50815791
 0.50094759 0.49382215 0.48678088 0.47982307 0.47294802 0.46615503
 0.45944339 0.4528124  0.44626136 0.43978957 0.43339635 0.42708098
 0.42084279 0.41468109 0.40859517 0.40258437 0.39664798 0.39078535
 0.38499577 0.37927858 0.37363311 0.36805867 0.36255461 0.35712025
 0.35175493 0.34645799 0.34122878 0.33606662 0.33097088 0.3259409
 0.32097604 0.31607564 0.31123908 0.3064657  0.30175489 0.297106
 0.2925184  0.28799148 0.28352461 0.27911717 0.27476855 0.27047813
 0.2662453  0.26206947 0.25795003 0.25388638 0.24987792 0.24592408
 0.24202425 0.23817786 0.23438433 0.23064307 0.22695353 0.22331512
 0.21972729 0.21618947 0.2127011  0.20926163 0.20587052 0.20252721
 0.19923117 0.19598184 0.19277871 0.18962124 0.1865089  0.18344117
 0.18041753 0.17743747 0.17450047 0.17160602 0.16875363 0.1659428
 0.16317302 0.16044382 0.15775469 0.15510516 0.15249474 0.14992297
 0.14738937 0.14489347 0.14243481 0.14001293 0.13762737 0.13527768
 0.13296341 0.13068412 0.12843937 0.12622873 0.12405175 0.12190801
 0.1197971  0.11771858 0.11567204 0.11365706 0.11167325 0.10972019
 0.10779748 0.10590473 0.10404154 0.10220752]",restricted_age_optimal,True,True,True,10,2,"constraints_[2, 3]_remained",-122.44447616206611,-124.59570479162973,-120.29324753250249,1.0975857957249426,-2.046791555221729,-2.082751663267061,-2.010831447176396,0.01834733103719316,-2.0467496376818404,-2.082709009277357,-2.010790266086323,0.018346955290586896,0.07391058223128327,0.07041628842325892,0.0775358539059953,0.0018160348911677017,large,122.44447616206625,120.29324753250263,124.59570479162987,1.0975857957249426,2.046791555221731,2.0108314471763986,2.0827516632670635,0.018347331037193163,2.0467496376818426,2.0107902660863255,2.0827090092773597,0.0183469552905869,0.9260894177687169,0.922464146094005,0.9295837115767414,0.0018160348911676978
0.101199,0.164245,0.132691,0.0105835836679739,3597,100.0,"[0.101199   0.10362385 0.10604869 0.10847354 0.11089838 0.11332323
 0.11574808 0.11817292 0.12059777 0.12302262 0.12544746 0.12787231
 0.13029715 0.132722   0.13514685 0.13757169 0.13999654 0.14242138
 0.14484623 0.14727108 0.14969592 0.15212077 0.15454562 0.15697046
 0.15939531 0.16182015 0.164245  ]","[0.41701418 0.36141229 0.22240756 1.22324159 1.66805671 2.27967751
 2.69669169 4.69835974 5.64359188 6.50542118 7.0058382  8.4792883
 8.89630247 8.25688073 8.95190436 8.20127884 6.56102307 5.19877676
 4.58715596 3.47511815 1.7236586  1.41784821 0.88963025 0.44481512
 0.08340284 0.11120378]",0.0025,26,normal,0.1325134598276341,"[0.101199   0.10126211 0.10132522 0.10138833 0.10145144 0.10151455
 0.10157765 0.10164076 0.10170387 0.10176698 0.10183009 0.1018932
 0.10195631 0.10201942 0.10208253 0.10214564 0.10220875 0.10227185
 0.10233496 0.10239807 0.10246118 0.10252429 0.1025874  0.10265051
 0.10271362 0.10277673 0.10283984 0.10290295 0.10296606 0.10302916
 0.10309227 0.10315538 0.10321849 0.1032816  0.10334471 0.10340782
 0.10347093 0.10353404 0.10359715 0.10366026 0.10372336 0.10378647
 0.10384958 0.10391269 0.1039758  0.10403891 0.10410202 0.10416513
 0.10422824 0.10429135 0.10435446 0.10441756 0.10448067 0.10454378
 0.10460689 0.10467    0.10473311 0.10479622 0.10485933 0.10492244
 0.10498555 0.10504866 0.10511176 0.10517487 0.10523798 0.10530109
 0.1053642  0.10542731 0.10549042 0.10555353 0.10561664 0.10567975
 0.10574286 0.10580596 0.10586907 0.10593218 0.10599529 0.1060584
 0.10612151 0.10618462 0.10624773 0.10631084 0.10637395 0.10643706
 0.10650017 0.10656327 0.10662638 0.10668949 0.1067526  0.10681571
 0.10687882 0.10694193 0.10700504 0.10706815 0.10713126 0.10719437
 0.10725747 0.10732058 0.10738369 0.1074468  0.10750991 0.10757302
 0.10763613 0.10769924 0.10776235 0.10782546 0.10788857 0.10795167
 0.10801478 0.10807789 0.108141   0.10820411 0.10826722 0.10833033
 0.10839344 0.10845655 0.10851966 0.10858277 0.10864587 0.10870898
 0.10877209 0.1088352  0.10889831 0.10896142 0.10902453 0.10908764
 0.10915075 0.10921386 0.10927697 0.10934008 0.10940318 0.10946629
 0.1095294  0.10959251 0.10965562 0.10971873 0.10978184 0.10984495
 0.10990806 0.10997117 0.11003428 0.11009738 0.11016049 0.1102236
 0.11028671 0.11034982 0.11041293 0.11047604 0.11053915 0.11060226
 0.11066537 0.11072848 0.11079158 0.11085469 0.1109178  0.11098091
 0.11104402 0.11110713 0.11117024 0.11123335 0.11129646 0.11135957
 0.11142268 0.11148578 0.11154889 0.111612   0.11167511 0.11173822
 0.11180133 0.11186444 0.11192755 0.11199066 0.11205377 0.11211688
 0.11217998 0.11224309 0.1123062  0.11236931 0.11243242 0.11249553
 0.11255864 0.11262175 0.11268486 0.11274797 0.11281108 0.11287419
 0.11293729 0.1130004  0.11306351 0.11312662 0.11318973 0.11325284
 0.11331595 0.11337906 0.11344217 0.11350528 0.11356839 0.11363149
 0.1136946  0.11375771 0.11382082 0.11388393 0.11394704 0.11401015
 0.11407326 0.11413637 0.11419948 0.11426259 0.11432569 0.1143888
 0.11445191 0.11451502 0.11457813 0.11464124 0.11470435 0.11476746
 0.11483057 0.11489368 0.11495679 0.11501989 0.115083   0.11514611
 0.11520922 0.11527233 0.11533544 0.11539855 0.11546166 0.11552477
 0.11558788 0.11565099 0.1157141  0.1157772  0.11584031 0.11590342
 0.11596653 0.11602964 0.11609275 0.11615586 0.11621897 0.11628208
 0.11634519 0.1164083  0.1164714  0.11653451 0.11659762 0.11666073
 0.11672384 0.11678695 0.11685006 0.11691317 0.11697628 0.11703939
 0.1171025  0.1171656  0.11722871 0.11729182 0.11735493 0.11741804
 0.11748115 0.11754426 0.11760737 0.11767048 0.11773359 0.1177967
 0.1178598  0.11792291 0.11798602 0.11804913 0.11811224 0.11817535
 0.11823846 0.11830157 0.11836468 0.11842779 0.1184909  0.11855401
 0.11861711 0.11868022 0.11874333 0.11880644 0.11886955 0.11893266
 0.11899577 0.11905888 0.11912199 0.1191851  0.11924821 0.11931131
 0.11937442 0.11943753 0.11950064 0.11956375 0.11962686 0.11968997
 0.11975308 0.11981619 0.1198793  0.11994241 0.12000551 0.12006862
 0.12013173 0.12019484 0.12025795 0.12032106 0.12038417 0.12044728
 0.12051039 0.1205735  0.12063661 0.12069971 0.12076282 0.12082593
 0.12088904 0.12095215 0.12101526 0.12107837 0.12114148 0.12120459
 0.1212677  0.12133081 0.12139391 0.12145702 0.12152013 0.12158324
 0.12164635 0.12170946 0.12177257 0.12183568 0.12189879 0.1219619
 0.12202501 0.12208812 0.12215122 0.12221433 0.12227744 0.12234055
 0.12240366 0.12246677 0.12252988 0.12259299 0.1226561  0.12271921
 0.12278232 0.12284542 0.12290853 0.12297164 0.12303475 0.12309786
 0.12316097 0.12322408 0.12328719 0.1233503  0.12341341 0.12347652
 0.12353962 0.12360273 0.12366584 0.12372895 0.12379206 0.12385517
 0.12391828 0.12398139 0.1240445  0.12410761 0.12417072 0.12423382
 0.12429693 0.12436004 0.12442315 0.12448626 0.12454937 0.12461248
 0.12467559 0.1247387  0.12480181 0.12486492 0.12492803 0.12499113
 0.12505424 0.12511735 0.12518046 0.12524357 0.12530668 0.12536979
 0.1254329  0.12549601 0.12555912 0.12562223 0.12568533 0.12574844
 0.12581155 0.12587466 0.12593777 0.12600088 0.12606399 0.1261271
 0.12619021 0.12625332 0.12631643 0.12637953 0.12644264 0.12650575
 0.12656886 0.12663197 0.12669508 0.12675819 0.1268213  0.12688441
 0.12694752 0.12701063 0.12707373 0.12713684 0.12719995 0.12726306
 0.12732617 0.12738928 0.12745239 0.1275155  0.12757861 0.12764172
 0.12770483 0.12776793 0.12783104 0.12789415 0.12795726 0.12802037
 0.12808348 0.12814659 0.1282097  0.12827281 0.12833592 0.12839903
 0.12846214 0.12852524 0.12858835 0.12865146 0.12871457 0.12877768
 0.12884079 0.1289039  0.12896701 0.12903012 0.12909323 0.12915634
 0.12921944 0.12928255 0.12934566 0.12940877 0.12947188 0.12953499
 0.1295981  0.12966121 0.12972432 0.12978743 0.12985054 0.12991364
 0.12997675 0.13003986 0.13010297 0.13016608 0.13022919 0.1302923
 0.13035541 0.13041852 0.13048163 0.13054474 0.13060784 0.13067095
 0.13073406 0.13079717 0.13086028 0.13092339 0.1309865  0.13104961
 0.13111272 0.13117583 0.13123894 0.13130205 0.13136515 0.13142826
 0.13149137 0.13155448 0.13161759 0.1316807  0.13174381 0.13180692
 0.13187003 0.13193314 0.13199625 0.13205935 0.13212246 0.13218557
 0.13224868 0.13231179 0.1323749  0.13243801 0.13250112 0.13256423
 0.13262734 0.13269045 0.13275355 0.13281666 0.13287977 0.13294288
 0.13300599 0.1330691  0.13313221 0.13319532 0.13325843 0.13332154
 0.13338465 0.13344775 0.13351086 0.13357397 0.13363708 0.13370019
 0.1337633  0.13382641 0.13388952 0.13395263 0.13401574 0.13407885
 0.13414195 0.13420506 0.13426817 0.13433128 0.13439439 0.1344575
 0.13452061 0.13458372 0.13464683 0.13470994 0.13477305 0.13483616
 0.13489926 0.13496237 0.13502548 0.13508859 0.1351517  0.13521481
 0.13527792 0.13534103 0.13540414 0.13546725 0.13553036 0.13559346
 0.13565657 0.13571968 0.13578279 0.1358459  0.13590901 0.13597212
 0.13603523 0.13609834 0.13616145 0.13622456 0.13628766 0.13635077
 0.13641388 0.13647699 0.1365401  0.13660321 0.13666632 0.13672943
 0.13679254 0.13685565 0.13691876 0.13698186 0.13704497 0.13710808
 0.13717119 0.1372343  0.13729741 0.13736052 0.13742363 0.13748674
 0.13754985 0.13761296 0.13767607 0.13773917 0.13780228 0.13786539
 0.1379285  0.13799161 0.13805472 0.13811783 0.13818094 0.13824405
 0.13830716 0.13837027 0.13843337 0.13849648 0.13855959 0.1386227
 0.13868581 0.13874892 0.13881203 0.13887514 0.13893825 0.13900136
 0.13906447 0.13912757 0.13919068 0.13925379 0.1393169  0.13938001
 0.13944312 0.13950623 0.13956934 0.13963245 0.13969556 0.13975867
 0.13982177 0.13988488 0.13994799 0.1400111  0.14007421 0.14013732
 0.14020043 0.14026354 0.14032665 0.14038976 0.14045287 0.14051597
 0.14057908 0.14064219 0.1407053  0.14076841 0.14083152 0.14089463
 0.14095774 0.14102085 0.14108396 0.14114707 0.14121018 0.14127328
 0.14133639 0.1413995  0.14146261 0.14152572 0.14158883 0.14165194
 0.14171505 0.14177816 0.14184127 0.14190438 0.14196748 0.14203059
 0.1420937  0.14215681 0.14221992 0.14228303 0.14234614 0.14240925
 0.14247236 0.14253547 0.14259858 0.14266168 0.14272479 0.1427879
 0.14285101 0.14291412 0.14297723 0.14304034 0.14310345 0.14316656
 0.14322967 0.14329278 0.14335588 0.14341899 0.1434821  0.14354521
 0.14360832 0.14367143 0.14373454 0.14379765 0.14386076 0.14392387
 0.14398698 0.14405009 0.14411319 0.1441763  0.14423941 0.14430252
 0.14436563 0.14442874 0.14449185 0.14455496 0.14461807 0.14468118
 0.14474429 0.14480739 0.1448705  0.14493361 0.14499672 0.14505983
 0.14512294 0.14518605 0.14524916 0.14531227 0.14537538 0.14543849
 0.14550159 0.1455647  0.14562781 0.14569092 0.14575403 0.14581714
 0.14588025 0.14594336 0.14600647 0.14606958 0.14613269 0.14619579
 0.1462589  0.14632201 0.14638512 0.14644823 0.14651134 0.14657445
 0.14663756 0.14670067 0.14676378 0.14682689 0.14688999 0.1469531
 0.14701621 0.14707932 0.14714243 0.14720554 0.14726865 0.14733176
 0.14739487 0.14745798 0.14752109 0.1475842  0.1476473  0.14771041
 0.14777352 0.14783663 0.14789974 0.14796285 0.14802596 0.14808907
 0.14815218 0.14821529 0.1482784  0.1483415  0.14840461 0.14846772
 0.14853083 0.14859394 0.14865705 0.14872016 0.14878327 0.14884638
 0.14890949 0.1489726  0.1490357  0.14909881 0.14916192 0.14922503
 0.14928814 0.14935125 0.14941436 0.14947747 0.14954058 0.14960369
 0.1496668  0.1497299  0.14979301 0.14985612 0.14991923 0.14998234
 0.15004545 0.15010856 0.15017167 0.15023478 0.15029789 0.150361
 0.15042411 0.15048721 0.15055032 0.15061343 0.15067654 0.15073965
 0.15080276 0.15086587 0.15092898 0.15099209 0.1510552  0.15111831
 0.15118141 0.15124452 0.15130763 0.15137074 0.15143385 0.15149696
 0.15156007 0.15162318 0.15168629 0.1517494  0.15181251 0.15187561
 0.15193872 0.15200183 0.15206494 0.15212805 0.15219116 0.15225427
 0.15231738 0.15238049 0.1524436  0.15250671 0.15256981 0.15263292
 0.15269603 0.15275914 0.15282225 0.15288536 0.15294847 0.15301158
 0.15307469 0.1531378  0.15320091 0.15326402 0.15332712 0.15339023
 0.15345334 0.15351645 0.15357956 0.15364267 0.15370578 0.15376889
 0.153832   0.15389511 0.15395822 0.15402132 0.15408443 0.15414754
 0.15421065 0.15427376 0.15433687 0.15439998 0.15446309 0.1545262
 0.15458931 0.15465242 0.15471552 0.15477863 0.15484174 0.15490485
 0.15496796 0.15503107 0.15509418 0.15515729 0.1552204  0.15528351
 0.15534662 0.15540972 0.15547283 0.15553594 0.15559905 0.15566216
 0.15572527 0.15578838 0.15585149 0.1559146  0.15597771 0.15604082
 0.15610392 0.15616703 0.15623014 0.15629325 0.15635636 0.15641947
 0.15648258 0.15654569 0.1566088  0.15667191 0.15673502 0.15679813
 0.15686123 0.15692434 0.15698745 0.15705056 0.15711367 0.15717678
 0.15723989 0.157303   0.15736611 0.15742922 0.15749233 0.15755543
 0.15761854 0.15768165 0.15774476 0.15780787 0.15787098 0.15793409
 0.1579972  0.15806031 0.15812342 0.15818653 0.15824963 0.15831274
 0.15837585 0.15843896 0.15850207 0.15856518 0.15862829 0.1586914
 0.15875451 0.15881762 0.15888073 0.15894383 0.15900694 0.15907005
 0.15913316 0.15919627 0.15925938 0.15932249 0.1593856  0.15944871
 0.15951182 0.15957493 0.15963804 0.15970114 0.15976425 0.15982736
 0.15989047 0.15995358 0.16001669 0.1600798  0.16014291 0.16020602
 0.16026913 0.16033224 0.16039534 0.16045845 0.16052156 0.16058467
 0.16064778 0.16071089 0.160774   0.16083711 0.16090022 0.16096333
 0.16102644 0.16108954 0.16115265 0.16121576 0.16127887 0.16134198
 0.16140509 0.1614682  0.16153131 0.16159442 0.16165753 0.16172064
 0.16178374 0.16184685 0.16190996 0.16197307 0.16203618 0.16209929
 0.1621624  0.16222551 0.16228862 0.16235173 0.16241484 0.16247794
 0.16254105 0.16260416 0.16266727 0.16273038 0.16279349 0.1628566
 0.16291971 0.16298282 0.16304593 0.16310904 0.16317215 0.16323525
 0.16329836 0.16336147 0.16342458 0.16348769 0.1635508  0.16361391
 0.16367702 0.16374013 0.16380324 0.16386635 0.16392945 0.16399256
 0.16405567 0.16411878 0.16418189 0.164245  ]","[0.11480918 0.11685065 0.11892419 0.12103022 0.12316917 0.12534147
 0.12754754 0.12978782 0.13206276 0.1343728  0.13671838 0.13909996
 0.14151799 0.14397294 0.14646527 0.14899544 0.15156394 0.15417122
 0.15681779 0.15950412 0.16223069 0.16499801 0.16780656 0.17065685
 0.17354939 0.17648467 0.17946322 0.18248556 0.18555219 0.18866365
 0.19182046 0.19502316 0.19827228 0.20156837 0.20491196 0.20830362
 0.21174388 0.2152333  0.21877245 0.22236189 0.22600219 0.22969391
 0.23343764 0.23723395 0.24108342 0.24498665 0.24894423 0.25295673
 0.25702478 0.26114896 0.26532988 0.26956815 0.27386439 0.2782192
 0.28263321 0.28710704 0.29164132 0.29623667 0.30089374 0.30561315
 0.31039554 0.31524157 0.32015187 0.32512709 0.33016789 0.33527492
 0.34044884 0.34569031 0.351      0.35637857 0.36182669 0.36734504
 0.37293429 0.37859513 0.38432822 0.39013426 0.39601393 0.40196791
 0.40799691 0.41410161 0.42028271 0.4265409  0.43287689 0.43929138
 0.44578507 0.45235866 0.45901287 0.4657484  0.47256597 0.47946628
 0.48645005 0.49351799 0.50067083 0.50790928 0.51523406 0.52264589
 0.53014549 0.53773358 0.54541089 0.55317815 0.56103606 0.56898537
 0.57702679 0.58516106 0.59338889 0.60171102 0.61012817 0.61864107
 0.62725045 0.63595702 0.64476152 0.65366467 0.66266719 0.67176982
 0.68097327 0.69027827 0.69968553 0.70919578 0.71880974 0.72852812
 0.73835164 0.74828101 0.75831695 0.76846017 0.77871138 0.78907128
 0.79954057 0.81011997 0.82081016 0.83161186 0.84252574 0.8535525
 0.86469283 0.87594742 0.88731695 0.89880208 0.91040351 0.92212189
 0.93395791 0.94591221 0.95798545 0.9701783  0.9824914  0.9949254
 1.00748093 1.02015863 1.03295914 1.04588307 1.05893105 1.07210368
 1.08540159 1.09882537 1.11237561 1.12605291 1.13985785 1.15379101
 1.16785295 1.18204425 1.19636545 1.21081711 1.22539977 1.24011397
 1.25496022 1.26993906 1.28505098 1.3002965  1.3156761  1.33119028
 1.34683951 1.36262425 1.37854498 1.39460213 1.41079615 1.42712747
 1.4435965  1.46020368 1.47694938 1.49383401 1.51085794 1.52802155
 1.5453252  1.56276922 1.58035397 1.59807976 1.61594691 1.63395573
 1.6521065  1.6703995  1.688835   1.70741325 1.72613451 1.74499898
 1.7640069  1.78315847 1.80245387 1.82189328 1.84147687 1.86120479
 1.88107716 1.90109412 1.92125577 1.94156221 1.9620135  1.98260972
 2.00335092 2.02423713 2.04526836 2.06644463 2.08776592 2.1092322
 2.13084342 2.15259954 2.17450047 2.19654612 2.21873638 2.24107113
 2.26355022 2.28617351 2.3089408  2.33185192 2.35490664 2.37810474
 2.40144598 2.42493009 2.44855679 2.47232578 2.49623675 2.52028935
 2.54448325 2.56881805 2.59329338 2.61790882 2.64266394 2.6675583
 2.69259143 2.71776284 2.74307202 2.76851846 2.79410161 2.81982089
 2.84567574 2.87166554 2.89778967 2.92404748 2.95043832 2.97696149
 3.0036163  3.03040201 3.05731788 3.08436315 3.11153703 3.1388387
 3.16626734 3.19382211 3.22150213 3.24930651 3.27723433 3.30528467
 3.33345656 3.36174904 3.39016111 3.41869174 3.4473399  3.47610453
 3.50498455 3.53397885 3.5630863  3.59230576 3.62163607 3.65107603
 3.68062443 3.71028004 3.74004161 3.76990786 3.79987749 3.8299492
 3.86012163 3.89039343 3.92076322 3.95122958 3.98179111 4.01244635
 4.04319384 4.07403209 4.10495958 4.13597479 4.16707617 4.19826215
 4.22953113 4.2608815  4.29231162 4.32381984 4.35540449 4.38706386
 4.41879625 4.45059992 4.4824731  4.51441402 4.54642089 4.57849189
 4.61062517 4.6428189  4.67507119 4.70738014 4.73974384 4.77216037
 4.80462776 4.83714405 4.86970725 4.90231535 4.93496632 4.96765812
 5.00038869 5.03315595 5.0659578  5.09879213 5.1316568  5.16454966
 5.19746856 5.2304113  5.2633757  5.29635952 5.32936055 5.36237653
 5.3954052  5.42844429 5.4614915  5.49454453 5.52760105 5.56065872
 5.5937152  5.62676812 5.65981509 5.69285374 5.72588165 5.75889641
 5.79189558 5.82487673 5.8578374  5.89077512 5.92368741 5.95657179
 5.98942576 6.0222468  6.05503239 6.08778001 6.12048711 6.15315114
 6.18576955 6.21833977 6.25085922 6.28332531 6.31573546 6.34808706
 6.38037752 6.41260421 6.44476452 6.47685582 6.50887548 6.54082086
 6.57268932 6.60447822 6.6361849  6.66780671 6.699341   6.73078509
 6.76213632 6.79339203 6.82454955 6.85560621 6.88655933 6.91740624
 6.94814427 6.97877074 7.00928298 7.03967831 7.06995407 7.10010757
 7.13013614 7.16003713 7.18980787 7.21944568 7.24894792 7.27831192
 7.30753503 7.33661461 7.36554801 7.3943326  7.42296573 7.45144479
 7.47976715 7.50793021 7.53593135 7.56376797 7.59143749 7.61893733
 7.6462649  7.67341764 7.70039301 7.72718845 7.75380142 7.78022941
 7.8064699  7.8325204  7.8583784  7.88404144 7.90950704 7.93477276
 7.95983616 7.98469481 8.00934631 8.03378826 8.05801828 8.082034
 8.10583308 8.12941318 8.15277199 8.1759072  8.19881654 8.22149774
 8.24394855 8.26616675 8.28815013 8.30989649 8.33140367 8.35266952
 8.37369191 8.39446872 8.41499787 8.4352773  8.45530495 8.4750788
 8.49459685 8.51385712 8.53285766 8.55159653 8.57007183 8.58828167
 8.60622419 8.62389755 8.64129995 8.65842959 8.67528473 8.69186361
 8.70816455 8.72418584 8.73992585 8.75538294 8.77055551 8.78544199
 8.80004083 8.81435052 8.82836957 8.84209651 8.85552992 8.86866839
 8.88151056 8.89405508 8.90630063 8.91824593 8.92988974 8.94123082
 8.95226799 8.96300009 8.97342598 8.98354458 8.9933548  9.00285562
 9.01204604 9.02092508 9.0294918  9.03774531 9.04568472 9.0533092
 9.06061793 9.06761015 9.0742851  9.08064209 9.08668044 9.0923995
 9.09779867 9.10287738 9.10763508 9.11207126 9.11618546 9.11997724
 9.1234462  9.12659196 9.12941418 9.13191258 9.13408688 9.13593685
 9.13746229 9.13866304 9.13953897 9.14009    9.14031605 9.14021711
 9.13979318 9.13904432 9.1379706  9.13657213 9.13484907 9.1328016
 9.13042994 9.12773434 9.12471508 9.12137249 9.11770693 9.11371879
 9.10940848 9.10477647 9.09982326 9.09454936 9.08895535 9.08304181
 9.07680937 9.07025869 9.06339048 9.05620545 9.04870437 9.04088804
 9.03275728 9.02431296 9.01555596 9.00648722 8.99710769 8.98741835
 8.97742025 8.96711442 8.95650195 8.94558397 8.93436161 8.92283606
 8.91100853 8.89888026 8.88645252 8.87372662 8.86070387 8.84738565
 8.83377335 8.81986838 8.80567219 8.79118626 8.7764121  8.76135125
 8.74600525 8.73037571 8.71446423 8.69827247 8.6818021  8.6650548
 8.64803232 8.63073639 8.61316879 8.59533133 8.57722583 8.55885413
 8.54021812 8.5213197  8.50216078 8.48274332 8.46306928 8.44314066
 8.42295947 8.40252775 8.38184755 8.36092097 8.33975009 8.31833704
 8.29668397 8.27479304 8.25266642 8.23030632 8.20771496 8.18489459
 8.16184745 8.13857582 8.115082   8.09136829 8.06743703 8.04329054
 8.0189312  7.99436138 7.96958346 7.94459986 7.91941298 7.89402526
 7.86843915 7.84265711 7.81668161 7.79051513 7.76416018 7.73761926
 7.71089488 7.68398959 7.65690592 7.62964642 7.60221366 7.5746102
 7.54683862 7.51890152 7.49080148 7.46254112 7.43412304 7.40554985
 7.37682419 7.34794868 7.31892596 7.28975867 7.26044946 7.23100097
 7.20141587 7.17169681 7.14184645 7.11186745 7.08176249 7.05153424
 7.02118536 6.99071853 6.96013642 6.9294417  6.89863706 6.86772516
 6.83670868 6.80559029 6.77437267 6.74305848 6.71165039 6.68015106
 6.64856317 6.61688937 6.58513231 6.55329465 6.52137904 6.48938812
 6.45732452 6.42519089 6.39298985 6.36072403 6.32839603 6.29600847
 6.26356395 6.23106506 6.19851439 6.16591453 6.13326803 6.10057747
 6.0678454  6.03507435 6.00226688 5.96942549 5.93655271 5.90365104
 5.87072297 5.83777098 5.80479755 5.77180513 5.73879618 5.70577313
 5.67273839 5.63969439 5.60664351 5.57358814 5.54053065 5.50747341
 5.47441874 5.44136898 5.40832643 5.37529341 5.3422722  5.30926505
 5.27627423 5.24330198 5.2103505  5.17742202 5.14451871 5.11164276
 5.07879631 5.0459815  5.01320046 4.98045529 4.94774808 4.9150809
 4.88245579 4.84987479 4.81733991 4.78485316 4.75241651 4.72003191
 4.68770132 4.65542664 4.62320979 4.59105264 4.55895706 4.52692489
 4.49495796 4.46305807 4.431227   4.39946653 4.36777839 4.33616431
 4.304626   4.27316513 4.24178337 4.21048237 4.17926374 4.14812908
 4.11707998 4.08611799 4.05524466 4.0244615  3.99377    3.96317165
 3.93266789 3.90226016 3.87194987 3.84173841 3.81162715 3.78161743
 3.75171059 3.72190792 3.69221072 3.66262024 3.63313772 3.60376438
 3.57450143 3.54535003 3.51631134 3.48738649 3.4585766  3.42988276
 3.40130603 3.37284747 3.3445081  3.31628892 3.28819092 3.26021507
 3.2323623  3.20463353 3.17702968 3.1495516  3.12220016 3.09497621
 3.06788054 3.04091397 3.01407726 2.98737116 2.96079642 2.93435374
 2.90804382 2.88186732 2.85582491 2.82991721 2.80414483 2.77850837
 2.7530084  2.72764546 2.70242011 2.67733283 2.65238414 2.62757451
 2.60290438 2.5783742  2.55398439 2.52973534 2.50562743 2.48166102
 2.45783646 2.43415407 2.41061415 2.387217   2.36396289 2.34085206
 2.31788475 2.29506118 2.27238155 2.24984604 2.22745481 2.20520802
 2.1831058  2.16114825 2.13933549 2.11766759 2.09614461 2.07476661
 2.05353362 2.03244566 2.01150273 1.99070482 1.9700519  1.94954392
 1.92918084 1.90896257 1.88888903 1.86896012 1.84917572 1.8295357
 1.81003991 1.79068821 1.7714804  1.75241633 1.73349577 1.71471853
 1.69608437 1.67759306 1.65924436 1.64103799 1.62297369 1.60505116
 1.58727012 1.56963025 1.55213122 1.53477271 1.51755437 1.50047585
 1.48353678 1.46673679 1.45007548 1.43355246 1.41716733 1.40091966
 1.38480903 1.36883499 1.35299712 1.33729494 1.321728   1.30629582
 1.29099792 1.2758338  1.26080297 1.24590492 1.23113914 1.2165051
 1.20200226 1.1876301  1.17338806 1.15927559 1.14529213 1.13143711
 1.11770995 1.10411009 1.09063692 1.07728985 1.06406829 1.05097163
 1.03799925 1.02515055 1.01242489 0.99982165 0.98734019 0.97497988
 0.96274008 0.95062013 0.93861938 0.92673719 0.91497287 0.90332578
 0.89179524 0.88038058 0.86908112 0.85789618 0.84682508 0.83586713
 0.82502164 0.81428792 0.80366527 0.79315299 0.78275039 0.77245675
 0.76227138 0.75219357 0.7422226  0.73235776 0.72259834 0.71294363
 0.7033929  0.69394545 0.68460054 0.67535746 0.66621548 0.65717389
 0.64823196 0.63938896 0.63064417 0.62199687 0.61344632 0.60499181
 0.5966326  0.58836797 0.5801972  0.57211955 0.5641343  0.55624072
 0.54843809 0.54072569 0.53310279 0.52556866 0.51812259 0.51076385
 0.50349172 0.49630548 0.48920442 0.48218781 0.47525494 0.4684051
 0.46163757 0.45495164 0.4483466  0.44182174 0.43537636 0.42900975
 0.42272121 0.41651005 0.41037555 0.40431702 0.39833378 0.39242512
 0.38659037 0.38082883 0.37513981 0.36952265 0.36397664 0.35850113
 0.35309544 0.34775889 0.34249082 0.33729055 0.33215744 0.32709082
 0.32209002 0.31715441 0.31228332 0.30747612 0.30273215 0.29805078
 0.29343136 0.28887327 0.28437587 0.27993854 0.27556064 0.27124157
 0.2669807  0.26277742 0.25863112 0.25454119 0.25050703 0.24652805
 0.24260363 0.2387332  0.23491617 0.23115194 0.22743995 0.22377961
 0.22017034 0.21661159 0.21310279 0.20964336 0.20623276 0.20287044
 0.19955584 0.19628841 0.19306762 0.18989292 0.18676378 0.18367968
 0.18064009 0.17764447 0.17469233 0.17178313 0.16891638 0.16609156
 0.16330817 0.16056572 0.15786371 0.15520165 0.15257906 0.14999545
 0.14745035 0.14494327 0.14247376 0.14004134 0.13764556 0.13528595
 0.13296207 0.13067345 0.12841967 0.12620027 0.12401481 0.12186287
 0.11974401 0.11765781 0.11560385 0.1135817  0.11159096 0.10963121
 0.10770205 0.10580307 0.10393388 0.10209408]",restricted_age_optimal,True,True,True,10,2,"constraints_[2, 4]_remained",-115.75289004253857,-117.886525295437,-113.61925478964014,1.0886094181976136,-2.033698019009835,-2.071184511014608,-1.9962115270050607,0.019126112673734003,-2.033655882927394,-2.0711415982515082,-1.9961701676032786,0.019125716400810067,0.07521534376697842,0.07152619758077991,0.07904781312559472,0.001918574863529423,large,115.75289004253875,113.61925478964032,117.88652529543718,1.088609418197614,2.033698019009838,1.9962115270050642,2.0711845110146117,0.01912611267373401,2.033655882927397,1.9961701676032821,2.071141598251512,0.019125716400810074,0.9247846562330219,0.9209521868744055,0.9284738024192204,0.0019185748635294176
0.101199,0.164245,0.1316215,0.0107675783841943,4384,100.0,"[0.101199   0.10362385 0.10604869 0.10847354 0.11089838 0.11332323
 0.11574808 0.11817292 0.12059777 0.12302262 0.12544746 0.12787231
 0.13029715 0.132722   0.13514685 0.13757169 0.13999654 0.14242138
 0.14484623 0.14727108 0.14969592 0.15212077 0.15454562 0.15697046
 0.15939531 0.16182015 0.164245  ]","[0.34215328 0.43339416 0.43339416 1.36861314 2.25821168 2.66879562
 3.42153285 5.33759124 5.95346715 6.68339416 7.55018248 8.55383212
 8.59945255 8.07481752 8.50821168 7.45894161 5.7709854  5.01824818
 4.35675182 2.85127737 1.57390511 1.36861314 0.79835766 0.41058394
 0.13686131 0.06843066]",0.0025,26,normal,0.131607106979927,"[0.101199   0.10126211 0.10132522 0.10138833 0.10145144 0.10151455
 0.10157765 0.10164076 0.10170387 0.10176698 0.10183009 0.1018932
 0.10195631 0.10201942 0.10208253 0.10214564 0.10220875 0.10227185
 0.10233496 0.10239807 0.10246118 0.10252429 0.1025874  0.10265051
 0.10271362 0.10277673 0.10283984 0.10290295 0.10296606 0.10302916
 0.10309227 0.10315538 0.10321849 0.1032816  0.10334471 0.10340782
 0.10347093 0.10353404 0.10359715 0.10366026 0.10372336 0.10378647
 0.10384958 0.10391269 0.1039758  0.10403891 0.10410202 0.10416513
 0.10422824 0.10429135 0.10435446 0.10441756 0.10448067 0.10454378
 0.10460689 0.10467    0.10473311 0.10479622 0.10485933 0.10492244
 0.10498555 0.10504866 0.10511176 0.10517487 0.10523798 0.10530109
 0.1053642  0.10542731 0.10549042 0.10555353 0.10561664 0.10567975
 0.10574286 0.10580596 0.10586907 0.10593218 0.10599529 0.1060584
 0.10612151 0.10618462 0.10624773 0.10631084 0.10637395 0.10643706
 0.10650017 0.10656327 0.10662638 0.10668949 0.1067526  0.10681571
 0.10687882 0.10694193 0.10700504 0.10706815 0.10713126 0.10719437
 0.10725747 0.10732058 0.10738369 0.1074468  0.10750991 0.10757302
 0.10763613 0.10769924 0.10776235 0.10782546 0.10788857 0.10795167
 0.10801478 0.10807789 0.108141   0.10820411 0.10826722 0.10833033
 0.10839344 0.10845655 0.10851966 0.10858277 0.10864587 0.10870898
 0.10877209 0.1088352  0.10889831 0.10896142 0.10902453 0.10908764
 0.10915075 0.10921386 0.10927697 0.10934008 0.10940318 0.10946629
 0.1095294  0.10959251 0.10965562 0.10971873 0.10978184 0.10984495
 0.10990806 0.10997117 0.11003428 0.11009738 0.11016049 0.1102236
 0.11028671 0.11034982 0.11041293 0.11047604 0.11053915 0.11060226
 0.11066537 0.11072848 0.11079158 0.11085469 0.1109178  0.11098091
 0.11104402 0.11110713 0.11117024 0.11123335 0.11129646 0.11135957
 0.11142268 0.11148578 0.11154889 0.111612   0.11167511 0.11173822
 0.11180133 0.11186444 0.11192755 0.11199066 0.11205377 0.11211688
 0.11217998 0.11224309 0.1123062  0.11236931 0.11243242 0.11249553
 0.11255864 0.11262175 0.11268486 0.11274797 0.11281108 0.11287419
 0.11293729 0.1130004  0.11306351 0.11312662 0.11318973 0.11325284
 0.11331595 0.11337906 0.11344217 0.11350528 0.11356839 0.11363149
 0.1136946  0.11375771 0.11382082 0.11388393 0.11394704 0.11401015
 0.11407326 0.11413637 0.11419948 0.11426259 0.11432569 0.1143888
 0.11445191 0.11451502 0.11457813 0.11464124 0.11470435 0.11476746
 0.11483057 0.11489368 0.11495679 0.11501989 0.115083   0.11514611
 0.11520922 0.11527233 0.11533544 0.11539855 0.11546166 0.11552477
 0.11558788 0.11565099 0.1157141  0.1157772  0.11584031 0.11590342
 0.11596653 0.11602964 0.11609275 0.11615586 0.11621897 0.11628208
 0.11634519 0.1164083  0.1164714  0.11653451 0.11659762 0.11666073
 0.11672384 0.11678695 0.11685006 0.11691317 0.11697628 0.11703939
 0.1171025  0.1171656  0.11722871 0.11729182 0.11735493 0.11741804
 0.11748115 0.11754426 0.11760737 0.11767048 0.11773359 0.1177967
 0.1178598  0.11792291 0.11798602 0.11804913 0.11811224 0.11817535
 0.11823846 0.11830157 0.11836468 0.11842779 0.1184909  0.11855401
 0.11861711 0.11868022 0.11874333 0.11880644 0.11886955 0.11893266
 0.11899577 0.11905888 0.11912199 0.1191851  0.11924821 0.11931131
 0.11937442 0.11943753 0.11950064 0.11956375 0.11962686 0.11968997
 0.11975308 0.11981619 0.1198793  0.11994241 0.12000551 0.12006862
 0.12013173 0.12019484 0.12025795 0.12032106 0.12038417 0.12044728
 0.12051039 0.1205735  0.12063661 0.12069971 0.12076282 0.12082593
 0.12088904 0.12095215 0.12101526 0.12107837 0.12114148 0.12120459
 0.1212677  0.12133081 0.12139391 0.12145702 0.12152013 0.12158324
 0.12164635 0.12170946 0.12177257 0.12183568 0.12189879 0.1219619
 0.12202501 0.12208812 0.12215122 0.12221433 0.12227744 0.12234055
 0.12240366 0.12246677 0.12252988 0.12259299 0.1226561  0.12271921
 0.12278232 0.12284542 0.12290853 0.12297164 0.12303475 0.12309786
 0.12316097 0.12322408 0.12328719 0.1233503  0.12341341 0.12347652
 0.12353962 0.12360273 0.12366584 0.12372895 0.12379206 0.12385517
 0.12391828 0.12398139 0.1240445  0.12410761 0.12417072 0.12423382
 0.12429693 0.12436004 0.12442315 0.12448626 0.12454937 0.12461248
 0.12467559 0.1247387  0.12480181 0.12486492 0.12492803 0.12499113
 0.12505424 0.12511735 0.12518046 0.12524357 0.12530668 0.12536979
 0.1254329  0.12549601 0.12555912 0.12562223 0.12568533 0.12574844
 0.12581155 0.12587466 0.12593777 0.12600088 0.12606399 0.1261271
 0.12619021 0.12625332 0.12631643 0.12637953 0.12644264 0.12650575
 0.12656886 0.12663197 0.12669508 0.12675819 0.1268213  0.12688441
 0.12694752 0.12701063 0.12707373 0.12713684 0.12719995 0.12726306
 0.12732617 0.12738928 0.12745239 0.1275155  0.12757861 0.12764172
 0.12770483 0.12776793 0.12783104 0.12789415 0.12795726 0.12802037
 0.12808348 0.12814659 0.1282097  0.12827281 0.12833592 0.12839903
 0.12846214 0.12852524 0.12858835 0.12865146 0.12871457 0.12877768
 0.12884079 0.1289039  0.12896701 0.12903012 0.12909323 0.12915634
 0.12921944 0.12928255 0.12934566 0.12940877 0.12947188 0.12953499
 0.1295981  0.12966121 0.12972432 0.12978743 0.12985054 0.12991364
 0.12997675 0.13003986 0.13010297 0.13016608 0.13022919 0.1302923
 0.13035541 0.13041852 0.13048163 0.13054474 0.13060784 0.13067095
 0.13073406 0.13079717 0.13086028 0.13092339 0.1309865  0.13104961
 0.13111272 0.13117583 0.13123894 0.13130205 0.13136515 0.13142826
 0.13149137 0.13155448 0.13161759 0.1316807  0.13174381 0.13180692
 0.13187003 0.13193314 0.13199625 0.13205935 0.13212246 0.13218557
 0.13224868 0.13231179 0.1323749  0.13243801 0.13250112 0.13256423
 0.13262734 0.13269045 0.13275355 0.13281666 0.13287977 0.13294288
 0.13300599 0.1330691  0.13313221 0.13319532 0.13325843 0.13332154
 0.13338465 0.13344775 0.13351086 0.13357397 0.13363708 0.13370019
 0.1337633  0.13382641 0.13388952 0.13395263 0.13401574 0.13407885
 0.13414195 0.13420506 0.13426817 0.13433128 0.13439439 0.1344575
 0.13452061 0.13458372 0.13464683 0.13470994 0.13477305 0.13483616
 0.13489926 0.13496237 0.13502548 0.13508859 0.1351517  0.13521481
 0.13527792 0.13534103 0.13540414 0.13546725 0.13553036 0.13559346
 0.13565657 0.13571968 0.13578279 0.1358459  0.13590901 0.13597212
 0.13603523 0.13609834 0.13616145 0.13622456 0.13628766 0.13635077
 0.13641388 0.13647699 0.1365401  0.13660321 0.13666632 0.13672943
 0.13679254 0.13685565 0.13691876 0.13698186 0.13704497 0.13710808
 0.13717119 0.1372343  0.13729741 0.13736052 0.13742363 0.13748674
 0.13754985 0.13761296 0.13767607 0.13773917 0.13780228 0.13786539
 0.1379285  0.13799161 0.13805472 0.13811783 0.13818094 0.13824405
 0.13830716 0.13837027 0.13843337 0.13849648 0.13855959 0.1386227
 0.13868581 0.13874892 0.13881203 0.13887514 0.13893825 0.13900136
 0.13906447 0.13912757 0.13919068 0.13925379 0.1393169  0.13938001
 0.13944312 0.13950623 0.13956934 0.13963245 0.13969556 0.13975867
 0.13982177 0.13988488 0.13994799 0.1400111  0.14007421 0.14013732
 0.14020043 0.14026354 0.14032665 0.14038976 0.14045287 0.14051597
 0.14057908 0.14064219 0.1407053  0.14076841 0.14083152 0.14089463
 0.14095774 0.14102085 0.14108396 0.14114707 0.14121018 0.14127328
 0.14133639 0.1413995  0.14146261 0.14152572 0.14158883 0.14165194
 0.14171505 0.14177816 0.14184127 0.14190438 0.14196748 0.14203059
 0.1420937  0.14215681 0.14221992 0.14228303 0.14234614 0.14240925
 0.14247236 0.14253547 0.14259858 0.14266168 0.14272479 0.1427879
 0.14285101 0.14291412 0.14297723 0.14304034 0.14310345 0.14316656
 0.14322967 0.14329278 0.14335588 0.14341899 0.1434821  0.14354521
 0.14360832 0.14367143 0.14373454 0.14379765 0.14386076 0.14392387
 0.14398698 0.14405009 0.14411319 0.1441763  0.14423941 0.14430252
 0.14436563 0.14442874 0.14449185 0.14455496 0.14461807 0.14468118
 0.14474429 0.14480739 0.1448705  0.14493361 0.14499672 0.14505983
 0.14512294 0.14518605 0.14524916 0.14531227 0.14537538 0.14543849
 0.14550159 0.1455647  0.14562781 0.14569092 0.14575403 0.14581714
 0.14588025 0.14594336 0.14600647 0.14606958 0.14613269 0.14619579
 0.1462589  0.14632201 0.14638512 0.14644823 0.14651134 0.14657445
 0.14663756 0.14670067 0.14676378 0.14682689 0.14688999 0.1469531
 0.14701621 0.14707932 0.14714243 0.14720554 0.14726865 0.14733176
 0.14739487 0.14745798 0.14752109 0.1475842  0.1476473  0.14771041
 0.14777352 0.14783663 0.14789974 0.14796285 0.14802596 0.14808907
 0.14815218 0.14821529 0.1482784  0.1483415  0.14840461 0.14846772
 0.14853083 0.14859394 0.14865705 0.14872016 0.14878327 0.14884638
 0.14890949 0.1489726  0.1490357  0.14909881 0.14916192 0.14922503
 0.14928814 0.14935125 0.14941436 0.14947747 0.14954058 0.14960369
 0.1496668  0.1497299  0.14979301 0.14985612 0.14991923 0.14998234
 0.15004545 0.15010856 0.15017167 0.15023478 0.15029789 0.150361
 0.15042411 0.15048721 0.15055032 0.15061343 0.15067654 0.15073965
 0.15080276 0.15086587 0.15092898 0.15099209 0.1510552  0.15111831
 0.15118141 0.15124452 0.15130763 0.15137074 0.15143385 0.15149696
 0.15156007 0.15162318 0.15168629 0.1517494  0.15181251 0.15187561
 0.15193872 0.15200183 0.15206494 0.15212805 0.15219116 0.15225427
 0.15231738 0.15238049 0.1524436  0.15250671 0.15256981 0.15263292
 0.15269603 0.15275914 0.15282225 0.15288536 0.15294847 0.15301158
 0.15307469 0.1531378  0.15320091 0.15326402 0.15332712 0.15339023
 0.15345334 0.15351645 0.15357956 0.15364267 0.15370578 0.15376889
 0.153832   0.15389511 0.15395822 0.15402132 0.15408443 0.15414754
 0.15421065 0.15427376 0.15433687 0.15439998 0.15446309 0.1545262
 0.15458931 0.15465242 0.15471552 0.15477863 0.15484174 0.15490485
 0.15496796 0.15503107 0.15509418 0.15515729 0.1552204  0.15528351
 0.15534662 0.15540972 0.15547283 0.15553594 0.15559905 0.15566216
 0.15572527 0.15578838 0.15585149 0.1559146  0.15597771 0.15604082
 0.15610392 0.15616703 0.15623014 0.15629325 0.15635636 0.15641947
 0.15648258 0.15654569 0.1566088  0.15667191 0.15673502 0.15679813
 0.15686123 0.15692434 0.15698745 0.15705056 0.15711367 0.15717678
 0.15723989 0.157303   0.15736611 0.15742922 0.15749233 0.15755543
 0.15761854 0.15768165 0.15774476 0.15780787 0.15787098 0.15793409
 0.1579972  0.15806031 0.15812342 0.15818653 0.15824963 0.15831274
 0.15837585 0.15843896 0.15850207 0.15856518 0.15862829 0.1586914
 0.15875451 0.15881762 0.15888073 0.15894383 0.15900694 0.15907005
 0.15913316 0.15919627 0.15925938 0.15932249 0.1593856  0.15944871
 0.15951182 0.15957493 0.15963804 0.15970114 0.15976425 0.15982736
 0.15989047 0.15995358 0.16001669 0.1600798  0.16014291 0.16020602
 0.16026913 0.16033224 0.16039534 0.16045845 0.16052156 0.16058467
 0.16064778 0.16071089 0.160774   0.16083711 0.16090022 0.16096333
 0.16102644 0.16108954 0.16115265 0.16121576 0.16127887 0.16134198
 0.16140509 0.1614682  0.16153131 0.16159442 0.16165753 0.16172064
 0.16178374 0.16184685 0.16190996 0.16197307 0.16203618 0.16209929
 0.1621624  0.16222551 0.16228862 0.16235173 0.16241484 0.16247794
 0.16254105 0.16260416 0.16266727 0.16273038 0.16279349 0.1628566
 0.16291971 0.16298282 0.16304593 0.16310904 0.16317215 0.16323525
 0.16329836 0.16336147 0.16342458 0.16348769 0.1635508  0.16361391
 0.16367702 0.16374013 0.16380324 0.16386635 0.16392945 0.16399256
 0.16405567 0.16411878 0.16418189 0.164245  ]","[0.16660159 0.16937919 0.17219717 0.17505603 0.17795624 0.18089828
 0.18388265 0.18690983 0.18998031 0.19309461 0.19625321 0.19945664
 0.20270538 0.20599997 0.20934091 0.21272873 0.21616395 0.21964709
 0.2231787  0.2267593  0.23038943 0.23406963 0.23780045 0.24158244
 0.24541614 0.24930212 0.25324093 0.25723313 0.2612793  0.26537999
 0.26953578 0.27374725 0.27801497 0.28233952 0.2867215  0.29116148
 0.29566006 0.30021783 0.30483539 0.30951334 0.31425228 0.31905282
 0.32391557 0.32884113 0.33383012 0.33888317 0.34400088 0.34918388
 0.3544328  0.35974826 0.36513089 0.37058133 0.37610022 0.38168818
 0.38734585 0.39307389 0.39887293 0.40474362 0.41068661 0.41670254
 0.42279208 0.42895587 0.43519457 0.44150884 0.44789934 0.45436673
 0.46091167 0.46753482 0.47423686 0.48101844 0.48788024 0.49482293
 0.50184718 0.50895365 0.51614302 0.52341597 0.53077317 0.5382153
 0.54574302 0.55335703 0.56105798 0.56884657 0.57672347 0.58468935
 0.5927449  0.60089079 0.60912771 0.61745632 0.62587731 0.63439136
 0.64299913 0.65170131 0.66049858 0.66939161 0.67838106 0.68746763
 0.69665197 0.70593476 0.71531667 0.72479837 0.73438052 0.7440638
 0.75384885 0.76373636 0.77372696 0.78382133 0.79402012 0.80432399
 0.81473357 0.82524953 0.83587251 0.84660314 0.85744208 0.86838996
 0.87944741 0.89061506 0.90189354 0.91328347 0.92478548 0.93640018
 0.94812819 0.9599701  0.97192653 0.98399807 0.99618532 1.00848888
 1.02090932 1.03344722 1.04610317 1.05887774 1.07177148 1.08478497
 1.09791875 1.11117337 1.12454938 1.13804731 1.15166769 1.16541105
 1.1792779  1.19326876 1.20738413 1.22162451 1.23599039 1.25048224
 1.26510056 1.27984579 1.29471841 1.30971887 1.32484761 1.34010507
 1.35549168 1.37100785 1.386654   1.40243053 1.41833784 1.4343763
 1.45054629 1.46684818 1.48328232 1.49984906 1.51654874 1.53338169
 1.55034821 1.56744862 1.58468321 1.60205226 1.61955606 1.63719485
 1.6549689  1.67287845 1.69092372 1.70910493 1.72742229 1.745876
 1.76446622 1.78319314 1.80205691 1.82105768 1.84019557 1.85947071
 1.87888321 1.89843315 1.91812062 1.93794568 1.95790839 1.97800878
 1.99824689 2.01862272 2.03913627 2.05978752 2.08057645 2.101503
 2.12256712 2.14376872 2.16510773 2.18658403 2.2081975  2.22994801
 2.2518354  2.27385951 2.29602016 2.31831714 2.34075023 2.36331922
 2.38602384 2.40886384 2.43183894 2.45494883 2.47819321 2.50157173
 2.52508406 2.54872983 2.57250866 2.59642014 2.62046386 2.64463938
 2.66894625 2.693384   2.71795215 2.74265018 2.76747758 2.79243379
 2.81751826 2.84273041 2.86806965 2.89353535 2.91912688 2.9448436
 2.97068482 2.99664985 3.022738   3.04894852 3.07528068 3.1017337
 3.1283068  3.15499917 3.18181    3.20873844 3.23578362 3.26294466
 3.29022067 3.31761071 3.34511386 3.37272915 3.4004556  3.42829222
 3.45623798 3.48429185 3.51245276 3.54071965 3.56909141 3.59756693
 3.62614508 3.65482469 3.68360459 3.71248358 3.74146045 3.77053397
 3.79970288 3.82896591 3.85832176 3.88776913 3.91730667 3.94693304
 3.97664686 4.00644675 4.0363313  4.06629907 4.09634862 4.12647847
 4.15668715 4.18697315 4.21733493 4.24777097 4.27827969 4.30885951
 4.33950884 4.37022605 4.4010095  4.43185755 4.46276852 4.49374071
 4.52477242 4.55586191 4.58700744 4.61820725 4.64945955 4.68076255
 4.71211443 4.74351336 4.77495747 4.80644492 4.8379738  4.86954223
 4.90114828 4.93279002 4.9644655  4.99617274 5.02790978 5.05967461
 5.09146521 5.12327956 5.15511562 5.18697132 5.21884459 5.25073335
 5.28263549 5.31454888 5.34647141 5.37840093 5.41033527 5.44227227
 5.47420974 5.50614549 5.53807729 5.57000294 5.60192019 5.6338268
 5.66572051 5.69759905 5.72946013 5.76130147 5.79312076 5.82491568
 5.85668392 5.88842314 5.92013099 5.95180512 5.98344317 6.01504278
 6.04660154 6.07811709 6.10958703 6.14100894 6.17238042 6.20369906
 6.23496242 6.26616807 6.29731358 6.3283965  6.35941438 6.39036477
 6.42124521 6.45205323 6.48278636 6.51344213 6.54401806 6.57451168
 6.6049205  6.63524202 6.66547378 6.69561326 6.72565799 6.75560547
 6.78545319 6.81519868 6.84483942 6.87437293 6.9037967  6.93310825
 6.96230507 6.99138468 7.02034458 7.04918228 7.0778953  7.10648115
 7.13493735 7.16326142 7.19145089 7.21950329 7.24741615 7.27518701
 7.30281341 7.33029291 7.35762306 7.38480142 7.41182556 7.43869306
 7.4654015  7.49194847 7.51833157 7.54454841 7.57059659 7.59647376
 7.62217754 7.64770557 7.67305552 7.69822504 7.72321181 7.74801352
 7.77262788 7.79705258 7.82128535 7.84532394 7.86916608 7.89280955
 7.91625211 7.93949156 7.9625257  7.98535235 8.00796935 8.03037455
 8.05256581 8.07454101 8.09629806 8.11783486 8.13914936 8.1602395
 8.18110325 8.20173859 8.22214353 8.2423161  8.26225433 8.28195629
 8.30142005 8.32064373 8.33962543 8.35836332 8.37685553 8.39510027
 8.41309574 8.43084016 8.44833179 8.4655689  8.48254978 8.49927276
 8.51573616 8.53193837 8.54787776 8.56355276 8.57896179 8.59410332
 8.60897584 8.62357786 8.63790791 8.65196456 8.6657464  8.67925204
 8.69248012 8.70542931 8.7180983  8.73048582 8.74259061 8.75441145
 8.76594715 8.77719652 8.78815845 8.7988318  8.8092155  8.81930848
 8.82910974 8.83861826 8.84783307 8.85675325 8.86537787 8.87370605
 8.88173696 8.88946975 8.89690366 8.9040379  8.91087176 8.91740452
 8.92363553 8.92956415 8.93518975 8.94051178 8.94552967 8.95024293
 8.95465105 8.95875359 8.96255012 8.96604026 8.96922365 8.97209995
 8.97466888 8.97693016 8.97888357 8.9805289  8.98186599 8.98289469
 8.9836149  8.98402655 8.98412959 8.98392401 8.98340984 8.98258713
 8.98145596 8.98001644 8.97826874 8.97621302 8.9738495  8.97117842
 8.96820005 8.96491472 8.96132274 8.95742449 8.95322038 8.94871083
 8.94389631 8.93877731 8.93335436 8.92762802 8.92159887 8.91526753
 8.90863466 8.90170092 8.89446704 8.88693375 8.87910182 8.87097205
 8.86254528 8.85382237 8.8448042  8.8354917  8.82588582 8.81598753
 8.80579784 8.79531779 8.78454844 8.77349089 8.76214626 8.7505157
 8.73860038 8.72640152 8.71392034 8.70115811 8.68811612 8.67479568
 8.66119812 8.64732483 8.63317719 8.61875662 8.60406457 8.5891025
 8.57387193 8.55837436 8.54261135 8.52658446 8.51029529 8.49374547
 8.47693662 8.45987042 8.44254856 8.42497275 8.40714473 8.38906625
 8.37073909 8.35216505 8.33334595 8.31428365 8.29498    8.27543688
 8.25565621 8.23563991 8.21538992 8.19490821 8.17419676 8.15325757
 8.13209267 8.11070408 8.08909388 8.06726412 8.0452169  8.02295432
 8.00047852 7.97779163 7.9548958  7.9317932  7.90848603 7.88497647
 7.86126675 7.8373591  7.81325574 7.78895895 7.76447099 7.73979413
 7.71493068 7.68988293 7.66465321 7.63924384 7.61365715 7.58789551
 7.56196126 7.53585678 7.50958444 7.48314663 7.45654575 7.42978419
 7.40286438 7.37578873 7.34855967 7.32117963 7.29365105 7.26597639
 7.23815808 7.21019858 7.18210037 7.15386591 7.12549767 7.09699812
 7.06836974 7.03961502 7.01073644 6.98173649 6.95261767 6.92338245
 6.89403334 6.86457283 6.83500342 6.8053276  6.77554787 6.74566673
 6.71568667 6.68561018 6.65543976 6.62517791 6.5948271  6.56438984
 6.5338686  6.50326586 6.47258411 6.44182583 6.41099348 6.38008953
 6.34911644 6.31807668 6.28697269 6.25580693 6.22458183 6.19329984
 6.16196338 6.13057487 6.09913674 6.06765138 6.03612121 6.00454861
 5.97293597 5.94128567 5.90960007 5.87788154 5.84613242 5.81435506
 5.78255178 5.75072491 5.71887676 5.68700962 5.65512579 5.62322755
 5.59131715 5.55939686 5.52746892 5.49553556 5.463599   5.43166144
 5.39972508 5.3677921  5.33586467 5.30394493 5.27203504 5.24013712
 5.20825327 5.17638561 5.1445362  5.11270713 5.08090044 5.04911818
 5.01736236 4.985635   4.95393809 4.9222736  4.89064351 4.85904974
 4.82749424 4.79597891 4.76450566 4.73307635 4.70169285 4.67035701
 4.63907065 4.60783559 4.57665362 4.54552651 4.51445602 4.4834439
 4.45249186 4.42160161 4.39077483 4.3600132  4.32931837 4.29869195
 4.26813558 4.23765083 4.20723929 4.17690252 4.14664204 4.11645938
 4.08635604 4.0563335  4.02639322 3.99653665 3.9667652  3.93708027
 3.90748326 3.87797553 3.84855843 3.81923327 3.79000137 3.76086401
 3.73182246 3.70287797 3.67403177 3.64528506 3.61663903 3.58809485
 3.55965368 3.53131664 3.50308484 3.47495937 3.4469413  3.41903169
 3.39123156 3.36354193 3.33596379 3.30849812 3.28114585 3.25390794
 3.22678529 3.1997788  3.17288935 3.14611778 3.11946494 3.09293165
 3.0665187  3.04022687 3.01405692 2.9880096  2.96208562 2.93628569
 2.91061049 2.88506069 2.85963694 2.83433986 2.80917006 2.78412814
 2.75921466 2.73443019 2.70977525 2.68525037 2.66085605 2.63659277
 2.61246098 2.58846115 2.5645937  2.54085904 2.51725756 2.49378965
 2.47045565 2.44725592 2.42419078 2.40126054 2.37846548 2.35580589
 2.33328203 2.31089413 2.28864243 2.26652712 2.24454841 2.22270648
 2.20100148 2.17943357 2.15800287 2.13670951 2.11555357 2.09453515
 2.07365432 2.05291113 2.03230562 2.01183782 1.99150775 1.9713154
 1.95126075 1.93134378 1.91156444 1.89192267 1.8724184  1.85305155
 1.83382202 1.8147297  1.79577447 1.77695618 1.75827469 1.73972985
 1.72132146 1.70304936 1.68491333 1.66691318 1.64904868 1.63131959
 1.61372567 1.59626668 1.57894233 1.56175235 1.54469646 1.52777435
 1.51098572 1.49433024 1.47780759 1.46141742 1.44515939 1.42903314
 1.4130383  1.39717449 1.38144132 1.3658384  1.35036532 1.33502167
 1.31980702 1.30472095 1.28976301 1.27493276 1.26022975 1.2456535
 1.23120355 1.21687943 1.20268063 1.18860669 1.17465708 1.16083132
 1.14712887 1.13354923 1.12009187 1.10675625 1.09354184 1.08044808
 1.06747444 1.05462036 1.04188526 1.02926859 1.01676978 1.00438823
 0.99212339 0.97997464 0.96794141 0.9560231  0.9442191  0.9325288
 0.92095161 0.90948691 0.89813407 0.88689248 0.87576151 0.86474054
 0.85382893 0.84302604 0.83233124 0.8217439  0.81126335 0.80088896
 0.79062008 0.78045605 0.77039623 0.76043995 0.75058656 0.74083539
 0.73118579 0.72163708 0.71218861 0.70283971 0.6935897  0.68443792
 0.67538369 0.66642634 0.65756521 0.64879961 0.64012886 0.63155231
 0.62306925 0.61467903 0.60638096 0.59817436 0.59005856 0.58203287
 0.57409663 0.56624915 0.55848975 0.55081776 0.54323249 0.53573328
 0.52831945 0.52099031 0.51374521 0.50658345 0.49950437 0.4925073
 0.48559156 0.47875648 0.4720014  0.46532564 0.45872855 0.45220945
 0.44576768 0.43940258 0.43311349 0.42689975 0.4207607  0.41469569
 0.40870406 0.40278517 0.39693835 0.39116298 0.38545839 0.37982394
 0.374259   0.36876293 0.36333509 0.35797484 0.35268156 0.34745461
 0.34229337 0.33719721 0.33216552 0.32719767 0.32229304 0.31745103
 0.31267103 0.30795242 0.3032946  0.29869697 0.29415893 0.28967988
 0.28525924 0.2808964  0.2765908  0.27234183 0.26814892 0.2640115
 0.25992899 0.25590082 0.25192641 0.24800522 0.24413667 0.24032021
 0.23655528 0.23284134 0.22917783 0.22556422 0.22199996 0.21848451
 0.21501735 0.21159794 0.20822575 0.20490027 0.20162097 0.19838734
 0.19519886 0.19205503 0.18895535 0.1858993  0.1828864  0.17991616
 0.17698807 0.17410165 0.17125642 0.16845191 0.16568763 0.16296311
 0.16027789 0.1576315  0.15502348 0.15245337 0.14992072 0.14742508
 0.144966   0.14254305 0.14015578 0.13780375 0.13548654 0.13320372
 0.13095487 0.12873956 0.12655737 0.12440791 0.12229074 0.12020548
 0.11815172 0.11612906 0.1141371  0.11217546 0.11024374 0.10834157
 0.10646856 0.10462434 0.10280853 0.10102076 0.09926067 0.0975279
 0.09582209 0.09414288 0.09248991 0.09086285]",restricted_age_optimal,True,True,True,10,2,"constraints_[3, 4]_remained",-129.2005801528129,-131.37045027705912,-127.03071002856669,1.107096937169189,-2.0783762610222563,-2.113281727781002,-2.0434707942635097,0.017809238860548526,-2.0783341155420167,-2.113238874484913,-2.0434293565991197,0.0178088777233769,0.07083449828047055,0.0675505016772164,0.07423979198144212,0.0017062820847570717,large,129.20058015281305,127.03071002856683,131.37045027705926,1.1070969371691894,2.0783762610222585,2.043470794263512,2.113281727781004,0.017809238860548533,2.078334115542019,2.043429356599122,2.113238874484915,0.017808877723376908,0.9291655017195297,0.9257602080185581,0.9324494983227838,0.0017062820847570683
0.101199,0.164245,0.132659,0.0103429332960102,4049,100.0,"[0.101199   0.10362385 0.10604869 0.10847354 0.11089838 0.11332323
 0.11574808 0.11817292 0.12059777 0.12302262 0.12544746 0.12787231
 0.13029715 0.132722   0.13514685 0.13757169 0.13999654 0.14242138
 0.14484623 0.14727108 0.14969592 0.15212077 0.15454562 0.15697046
 0.15939531 0.16182015 0.164245  ]","[0.19757965 0.29636947 0.19757965 0.96320079 1.53124228 2.29686342
 2.71672018 4.49493702 5.75450729 6.5942208  7.16226229 8.98987404
 9.06396641 8.64410966 8.86638676 8.12546308 6.4213386  5.18646579
 4.56902939 3.16127439 1.72882193 1.45714991 0.93850333 0.41985675
 0.12348728 0.09878982]",0.0025,26,normal,0.1326229985181526,"[0.101199   0.10126211 0.10132522 0.10138833 0.10145144 0.10151455
 0.10157765 0.10164076 0.10170387 0.10176698 0.10183009 0.1018932
 0.10195631 0.10201942 0.10208253 0.10214564 0.10220875 0.10227185
 0.10233496 0.10239807 0.10246118 0.10252429 0.1025874  0.10265051
 0.10271362 0.10277673 0.10283984 0.10290295 0.10296606 0.10302916
 0.10309227 0.10315538 0.10321849 0.1032816  0.10334471 0.10340782
 0.10347093 0.10353404 0.10359715 0.10366026 0.10372336 0.10378647
 0.10384958 0.10391269 0.1039758  0.10403891 0.10410202 0.10416513
 0.10422824 0.10429135 0.10435446 0.10441756 0.10448067 0.10454378
 0.10460689 0.10467    0.10473311 0.10479622 0.10485933 0.10492244
 0.10498555 0.10504866 0.10511176 0.10517487 0.10523798 0.10530109
 0.1053642  0.10542731 0.10549042 0.10555353 0.10561664 0.10567975
 0.10574286 0.10580596 0.10586907 0.10593218 0.10599529 0.1060584
 0.10612151 0.10618462 0.10624773 0.10631084 0.10637395 0.10643706
 0.10650017 0.10656327 0.10662638 0.10668949 0.1067526  0.10681571
 0.10687882 0.10694193 0.10700504 0.10706815 0.10713126 0.10719437
 0.10725747 0.10732058 0.10738369 0.1074468  0.10750991 0.10757302
 0.10763613 0.10769924 0.10776235 0.10782546 0.10788857 0.10795167
 0.10801478 0.10807789 0.108141   0.10820411 0.10826722 0.10833033
 0.10839344 0.10845655 0.10851966 0.10858277 0.10864587 0.10870898
 0.10877209 0.1088352  0.10889831 0.10896142 0.10902453 0.10908764
 0.10915075 0.10921386 0.10927697 0.10934008 0.10940318 0.10946629
 0.1095294  0.10959251 0.10965562 0.10971873 0.10978184 0.10984495
 0.10990806 0.10997117 0.11003428 0.11009738 0.11016049 0.1102236
 0.11028671 0.11034982 0.11041293 0.11047604 0.11053915 0.11060226
 0.11066537 0.11072848 0.11079158 0.11085469 0.1109178  0.11098091
 0.11104402 0.11110713 0.11117024 0.11123335 0.11129646 0.11135957
 0.11142268 0.11148578 0.11154889 0.111612   0.11167511 0.11173822
 0.11180133 0.11186444 0.11192755 0.11199066 0.11205377 0.11211688
 0.11217998 0.11224309 0.1123062  0.11236931 0.11243242 0.11249553
 0.11255864 0.11262175 0.11268486 0.11274797 0.11281108 0.11287419
 0.11293729 0.1130004  0.11306351 0.11312662 0.11318973 0.11325284
 0.11331595 0.11337906 0.11344217 0.11350528 0.11356839 0.11363149
 0.1136946  0.11375771 0.11382082 0.11388393 0.11394704 0.11401015
 0.11407326 0.11413637 0.11419948 0.11426259 0.11432569 0.1143888
 0.11445191 0.11451502 0.11457813 0.11464124 0.11470435 0.11476746
 0.11483057 0.11489368 0.11495679 0.11501989 0.115083   0.11514611
 0.11520922 0.11527233 0.11533544 0.11539855 0.11546166 0.11552477
 0.11558788 0.11565099 0.1157141  0.1157772  0.11584031 0.11590342
 0.11596653 0.11602964 0.11609275 0.11615586 0.11621897 0.11628208
 0.11634519 0.1164083  0.1164714  0.11653451 0.11659762 0.11666073
 0.11672384 0.11678695 0.11685006 0.11691317 0.11697628 0.11703939
 0.1171025  0.1171656  0.11722871 0.11729182 0.11735493 0.11741804
 0.11748115 0.11754426 0.11760737 0.11767048 0.11773359 0.1177967
 0.1178598  0.11792291 0.11798602 0.11804913 0.11811224 0.11817535
 0.11823846 0.11830157 0.11836468 0.11842779 0.1184909  0.11855401
 0.11861711 0.11868022 0.11874333 0.11880644 0.11886955 0.11893266
 0.11899577 0.11905888 0.11912199 0.1191851  0.11924821 0.11931131
 0.11937442 0.11943753 0.11950064 0.11956375 0.11962686 0.11968997
 0.11975308 0.11981619 0.1198793  0.11994241 0.12000551 0.12006862
 0.12013173 0.12019484 0.12025795 0.12032106 0.12038417 0.12044728
 0.12051039 0.1205735  0.12063661 0.12069971 0.12076282 0.12082593
 0.12088904 0.12095215 0.12101526 0.12107837 0.12114148 0.12120459
 0.1212677  0.12133081 0.12139391 0.12145702 0.12152013 0.12158324
 0.12164635 0.12170946 0.12177257 0.12183568 0.12189879 0.1219619
 0.12202501 0.12208812 0.12215122 0.12221433 0.12227744 0.12234055
 0.12240366 0.12246677 0.12252988 0.12259299 0.1226561  0.12271921
 0.12278232 0.12284542 0.12290853 0.12297164 0.12303475 0.12309786
 0.12316097 0.12322408 0.12328719 0.1233503  0.12341341 0.12347652
 0.12353962 0.12360273 0.12366584 0.12372895 0.12379206 0.12385517
 0.12391828 0.12398139 0.1240445  0.12410761 0.12417072 0.12423382
 0.12429693 0.12436004 0.12442315 0.12448626 0.12454937 0.12461248
 0.12467559 0.1247387  0.12480181 0.12486492 0.12492803 0.12499113
 0.12505424 0.12511735 0.12518046 0.12524357 0.12530668 0.12536979
 0.1254329  0.12549601 0.12555912 0.12562223 0.12568533 0.12574844
 0.12581155 0.12587466 0.12593777 0.12600088 0.12606399 0.1261271
 0.12619021 0.12625332 0.12631643 0.12637953 0.12644264 0.12650575
 0.12656886 0.12663197 0.12669508 0.12675819 0.1268213  0.12688441
 0.12694752 0.12701063 0.12707373 0.12713684 0.12719995 0.12726306
 0.12732617 0.12738928 0.12745239 0.1275155  0.12757861 0.12764172
 0.12770483 0.12776793 0.12783104 0.12789415 0.12795726 0.12802037
 0.12808348 0.12814659 0.1282097  0.12827281 0.12833592 0.12839903
 0.12846214 0.12852524 0.12858835 0.12865146 0.12871457 0.12877768
 0.12884079 0.1289039  0.12896701 0.12903012 0.12909323 0.12915634
 0.12921944 0.12928255 0.12934566 0.12940877 0.12947188 0.12953499
 0.1295981  0.12966121 0.12972432 0.12978743 0.12985054 0.12991364
 0.12997675 0.13003986 0.13010297 0.13016608 0.13022919 0.1302923
 0.13035541 0.13041852 0.13048163 0.13054474 0.13060784 0.13067095
 0.13073406 0.13079717 0.13086028 0.13092339 0.1309865  0.13104961
 0.13111272 0.13117583 0.13123894 0.13130205 0.13136515 0.13142826
 0.13149137 0.13155448 0.13161759 0.1316807  0.13174381 0.13180692
 0.13187003 0.13193314 0.13199625 0.13205935 0.13212246 0.13218557
 0.13224868 0.13231179 0.1323749  0.13243801 0.13250112 0.13256423
 0.13262734 0.13269045 0.13275355 0.13281666 0.13287977 0.13294288
 0.13300599 0.1330691  0.13313221 0.13319532 0.13325843 0.13332154
 0.13338465 0.13344775 0.13351086 0.13357397 0.13363708 0.13370019
 0.1337633  0.13382641 0.13388952 0.13395263 0.13401574 0.13407885
 0.13414195 0.13420506 0.13426817 0.13433128 0.13439439 0.1344575
 0.13452061 0.13458372 0.13464683 0.13470994 0.13477305 0.13483616
 0.13489926 0.13496237 0.13502548 0.13508859 0.1351517  0.13521481
 0.13527792 0.13534103 0.13540414 0.13546725 0.13553036 0.13559346
 0.13565657 0.13571968 0.13578279 0.1358459  0.13590901 0.13597212
 0.13603523 0.13609834 0.13616145 0.13622456 0.13628766 0.13635077
 0.13641388 0.13647699 0.1365401  0.13660321 0.13666632 0.13672943
 0.13679254 0.13685565 0.13691876 0.13698186 0.13704497 0.13710808
 0.13717119 0.1372343  0.13729741 0.13736052 0.13742363 0.13748674
 0.13754985 0.13761296 0.13767607 0.13773917 0.13780228 0.13786539
 0.1379285  0.13799161 0.13805472 0.13811783 0.13818094 0.13824405
 0.13830716 0.13837027 0.13843337 0.13849648 0.13855959 0.1386227
 0.13868581 0.13874892 0.13881203 0.13887514 0.13893825 0.13900136
 0.13906447 0.13912757 0.13919068 0.13925379 0.1393169  0.13938001
 0.13944312 0.13950623 0.13956934 0.13963245 0.13969556 0.13975867
 0.13982177 0.13988488 0.13994799 0.1400111  0.14007421 0.14013732
 0.14020043 0.14026354 0.14032665 0.14038976 0.14045287 0.14051597
 0.14057908 0.14064219 0.1407053  0.14076841 0.14083152 0.14089463
 0.14095774 0.14102085 0.14108396 0.14114707 0.14121018 0.14127328
 0.14133639 0.1413995  0.14146261 0.14152572 0.14158883 0.14165194
 0.14171505 0.14177816 0.14184127 0.14190438 0.14196748 0.14203059
 0.1420937  0.14215681 0.14221992 0.14228303 0.14234614 0.14240925
 0.14247236 0.14253547 0.14259858 0.14266168 0.14272479 0.1427879
 0.14285101 0.14291412 0.14297723 0.14304034 0.14310345 0.14316656
 0.14322967 0.14329278 0.14335588 0.14341899 0.1434821  0.14354521
 0.14360832 0.14367143 0.14373454 0.14379765 0.14386076 0.14392387
 0.14398698 0.14405009 0.14411319 0.1441763  0.14423941 0.14430252
 0.14436563 0.14442874 0.14449185 0.14455496 0.14461807 0.14468118
 0.14474429 0.14480739 0.1448705  0.14493361 0.14499672 0.14505983
 0.14512294 0.14518605 0.14524916 0.14531227 0.14537538 0.14543849
 0.14550159 0.1455647  0.14562781 0.14569092 0.14575403 0.14581714
 0.14588025 0.14594336 0.14600647 0.14606958 0.14613269 0.14619579
 0.1462589  0.14632201 0.14638512 0.14644823 0.14651134 0.14657445
 0.14663756 0.14670067 0.14676378 0.14682689 0.14688999 0.1469531
 0.14701621 0.14707932 0.14714243 0.14720554 0.14726865 0.14733176
 0.14739487 0.14745798 0.14752109 0.1475842  0.1476473  0.14771041
 0.14777352 0.14783663 0.14789974 0.14796285 0.14802596 0.14808907
 0.14815218 0.14821529 0.1482784  0.1483415  0.14840461 0.14846772
 0.14853083 0.14859394 0.14865705 0.14872016 0.14878327 0.14884638
 0.14890949 0.1489726  0.1490357  0.14909881 0.14916192 0.14922503
 0.14928814 0.14935125 0.14941436 0.14947747 0.14954058 0.14960369
 0.1496668  0.1497299  0.14979301 0.14985612 0.14991923 0.14998234
 0.15004545 0.15010856 0.15017167 0.15023478 0.15029789 0.150361
 0.15042411 0.15048721 0.15055032 0.15061343 0.15067654 0.15073965
 0.15080276 0.15086587 0.15092898 0.15099209 0.1510552  0.15111831
 0.15118141 0.15124452 0.15130763 0.15137074 0.15143385 0.15149696
 0.15156007 0.15162318 0.15168629 0.1517494  0.15181251 0.15187561
 0.15193872 0.15200183 0.15206494 0.15212805 0.15219116 0.15225427
 0.15231738 0.15238049 0.1524436  0.15250671 0.15256981 0.15263292
 0.15269603 0.15275914 0.15282225 0.15288536 0.15294847 0.15301158
 0.15307469 0.1531378  0.15320091 0.15326402 0.15332712 0.15339023
 0.15345334 0.15351645 0.15357956 0.15364267 0.15370578 0.15376889
 0.153832   0.15389511 0.15395822 0.15402132 0.15408443 0.15414754
 0.15421065 0.15427376 0.15433687 0.15439998 0.15446309 0.1545262
 0.15458931 0.15465242 0.15471552 0.15477863 0.15484174 0.15490485
 0.15496796 0.15503107 0.15509418 0.15515729 0.1552204  0.15528351
 0.15534662 0.15540972 0.15547283 0.15553594 0.15559905 0.15566216
 0.15572527 0.15578838 0.15585149 0.1559146  0.15597771 0.15604082
 0.15610392 0.15616703 0.15623014 0.15629325 0.15635636 0.15641947
 0.15648258 0.15654569 0.1566088  0.15667191 0.15673502 0.15679813
 0.15686123 0.15692434 0.15698745 0.15705056 0.15711367 0.15717678
 0.15723989 0.157303   0.15736611 0.15742922 0.15749233 0.15755543
 0.15761854 0.15768165 0.15774476 0.15780787 0.15787098 0.15793409
 0.1579972  0.15806031 0.15812342 0.15818653 0.15824963 0.15831274
 0.15837585 0.15843896 0.15850207 0.15856518 0.15862829 0.1586914
 0.15875451 0.15881762 0.15888073 0.15894383 0.15900694 0.15907005
 0.15913316 0.15919627 0.15925938 0.15932249 0.1593856  0.15944871
 0.15951182 0.15957493 0.15963804 0.15970114 0.15976425 0.15982736
 0.15989047 0.15995358 0.16001669 0.1600798  0.16014291 0.16020602
 0.16026913 0.16033224 0.16039534 0.16045845 0.16052156 0.16058467
 0.16064778 0.16071089 0.160774   0.16083711 0.16090022 0.16096333
 0.16102644 0.16108954 0.16115265 0.16121576 0.16127887 0.16134198
 0.16140509 0.1614682  0.16153131 0.16159442 0.16165753 0.16172064
 0.16178374 0.16184685 0.16190996 0.16197307 0.16203618 0.16209929
 0.1621624  0.16222551 0.16228862 0.16235173 0.16241484 0.16247794
 0.16254105 0.16260416 0.16266727 0.16273038 0.16279349 0.1628566
 0.16291971 0.16298282 0.16304593 0.16310904 0.16317215 0.16323525
 0.16329836 0.16336147 0.16342458 0.16348769 0.1635508  0.16361391
 0.16367702 0.16374013 0.16380324 0.16386635 0.16392945 0.16399256
 0.16405567 0.16411878 0.16418189 0.164245  ]","[0.09258183 0.09431238 0.09607169 0.09786019 0.09967826 0.10152633
 0.10340482 0.10531414 0.10725473 0.109227   0.1112314  0.11326837
 0.11533835 0.11744178 0.11957912 0.12175083 0.12395736 0.12619918
 0.12847676 0.13079058 0.13314111 0.13552884 0.13795426 0.14041785
 0.14292012 0.14546156 0.14804268 0.15066399 0.15332601 0.15602925
 0.15877424 0.16156151 0.16439159 0.16726502 0.17018233 0.17314408
 0.17615082 0.1792031  0.18230148 0.18544652 0.1886388  0.19187889
 0.19516736 0.19850481 0.20189181 0.20532895 0.20881683 0.21235606
 0.21594724 0.21959096 0.22328786 0.22703854 0.23084364 0.23470376
 0.23861955 0.24259164 0.24662066 0.25070727 0.2548521  0.25905582
 0.26331907 0.26764251 0.27202682 0.27647265 0.28098068 0.28555158
 0.29018604 0.29488474 0.29964836 0.3044776  0.30937314 0.3143357
 0.31936597 0.32446466 0.32963248 0.33487014 0.34017836 0.34555786
 0.35100935 0.35653358 0.36213126 0.36780314 0.37354994 0.37937242
 0.3852713  0.39124733 0.39730127 0.40343387 0.40964588 0.41593805
 0.42231114 0.42876592 0.43530316 0.44192361 0.44862804 0.45541724
 0.46229196 0.46925299 0.47630111 0.48343709 0.49066171 0.49797576
 0.50538001 0.51287527 0.52046231 0.52814192 0.5359149  0.54378203
 0.55174411 0.55980192 0.56795627 0.57620795 0.58455775 0.59300646
 0.60155489 0.61020383 0.61895408 0.62780644 0.63676169 0.64582064
 0.65498408 0.66425281 0.67362762 0.68310931 0.69269866 0.70239648
 0.71220356 0.72212068 0.73214863 0.7422882  0.75254018 0.76290535
 0.77338449 0.78397838 0.7946878  0.80551352 0.81645632 0.82751697
 0.83869623 0.84999487 0.86141366 0.87295334 0.88461467 0.89639841
 0.9083053  0.92033608 0.9324915  0.94477228 0.95717917 0.96971288
 0.98237414 0.99516366 1.00808215 1.02113033 1.03430889 1.04761852
 1.06105993 1.07463378 1.08834075 1.10218153 1.11615676 1.13026712
 1.14451325 1.15889579 1.17341538 1.18807265 1.20286823 1.21780271
 1.23287673 1.24809085 1.26344569 1.27894182 1.29457981 1.31036022
 1.32628361 1.34235052 1.35856149 1.37491705 1.3914177  1.40806396
 1.42485631 1.44179525 1.45888125 1.47611477 1.49349626 1.51102616
 1.5287049  1.5465329  1.56451057 1.5826383  1.60091646 1.61934544
 1.63792557 1.65665722 1.6755407  1.69457633 1.71376442 1.73310526
 1.75259912 1.77224626 1.79204693 1.81200137 1.83210978 1.85237238
 1.87278936 1.89336088 1.9140871  1.93496817 1.9560042  1.97719532
 1.99854161 2.02004316 2.04170002 2.06351223 2.08547982 2.10760281
 2.12988119 2.15231492 2.17490397 2.19764828 2.22054777 2.24360234
 2.26681187 2.29017624 2.31369528 2.33736883 2.3611967  2.38517867
 2.40931452 2.433604   2.45804683 2.48264274 2.5073914  2.5322925
 2.55734568 2.58255057 2.60790679 2.63341391 2.65907151 2.68487914
 2.71083631 2.73694254 2.7631973  2.78960005 2.81615024 2.84284728
 2.86969057 2.89667948 2.92381335 2.95109152 2.9785133  3.00607796
 3.03378477 3.06163296 3.08962175 3.11775033 3.14601787 3.17442351
 3.20296638 3.23164558 3.26046018 3.28940924 3.31849177 3.3477068
 3.37705329 3.40653021 3.43613649 3.46587105 3.49573276 3.52572049
 3.55583308 3.58606935 3.61642808 3.64690804 3.67750797 3.7082266
 3.73906261 3.77001468 3.80108146 3.83226156 3.86355358 3.89495611
 3.92646769 3.95808684 3.98981207 4.02164186 4.05357466 4.0856089
 4.11774299 4.14997532 4.18230424 4.21472808 4.24724517 4.27985379
 4.3125522  4.34533865 4.37821136 4.41116851 4.44420829 4.47732885
 4.5105283  4.54380476 4.5771563  4.61058099 4.64407686 4.67764192
 4.71127416 4.74497157 4.77873207 4.81255361 4.84643408 4.88037137
 4.91436334 4.94840784 4.98250267 5.01664564 5.05083453 5.08506711
 5.11934109 5.15365422 5.18800417 5.22238864 5.25680529 5.29125175
 5.32572564 5.36022458 5.39474614 5.42928789 5.46384738 5.49842215
 5.5330097  5.56760753 5.60221313 5.63682396 5.67143746 5.70605107
 5.7406622  5.77526825 5.8098666  5.84445464 5.8790297  5.91358914
 5.94813028 5.98265043 6.01714689 6.05161696 6.0860579  6.12046699
 6.15484146 6.18917856 6.22347552 6.25772955 6.29193785 6.32609764
 6.36020608 6.39426037 6.42825766 6.46219511 6.49606988 6.5298791
 6.56361992 6.59728946 6.63088484 6.66440317 6.69784157 6.73119713
 6.76446696 6.79764815 6.83073778 6.86373294 6.89663071 6.92942818
 6.9621224  6.99471046 7.02718943 7.05955638 7.09180838 7.12394248
 7.15595577 7.18784531 7.21960817 7.25124141 7.28274211 7.31410735
 7.3453342  7.37641973 7.40736104 7.4381552  7.46879931 7.49929046
 7.52962576 7.55980231 7.58981722 7.61966761 7.6493506  7.67886334
 7.70820296 7.73736661 7.76635146 7.79515466 7.82377339 7.85220486
 7.88044624 7.90849475 7.93634762 7.96400208 7.99145537 8.01870475
 8.04574749 8.07258089 8.09920224 8.12560885 8.15179806 8.17776721
 8.20351366 8.2290348  8.25432802 8.27939073 8.30422037 8.32881437
 8.35317022 8.3772854  8.40115742 8.42478379 8.44816208 8.47128985
 8.49416468 8.51678419 8.53914602 8.56124782 8.58308727 8.60466207
 8.62596994 8.64700865 8.66777595 8.68826966 8.7084876  8.72842762
 8.7480876  8.76746544 8.78655907 8.80536644 8.82388556 8.84211442
 8.86005107 8.87769358 8.89504004 8.9120886  8.92883741 8.94528464
 8.96142853 8.97726733 8.99279931 9.00802278 9.02293609 9.03753761
 9.05182576 9.06579896 9.0794557  9.09279448 9.10581383 9.11851233
 9.13088859 9.14294125 9.15466898 9.16607049 9.17714453 9.18788987
 9.19830533 9.20838976 9.21814205 9.22756111 9.2366459  9.24539543
 9.25380872 9.26188483 9.26962287 9.27702199 9.28408135 9.29080018
 9.29717773 9.3032133  9.30890619 9.3142558  9.31926151 9.32392277
 9.32823907 9.33220991 9.33583487 9.33911352 9.34204552 9.34463053
 9.34686825 9.34875845 9.35030091 9.35149546 9.35234197 9.35284033
 9.35299051 9.35279247 9.35224624 9.35135188 9.35010949 9.34851922
 9.34658123 9.34429575 9.34166302 9.33868335 9.33535707 9.33168454
 9.32766618 9.32330243 9.31859378 9.31354076 9.30814393 9.30240388
 9.29632127 9.28989676 9.28313107 9.27602495 9.26857919 9.26079462
 9.25267211 9.24421254 9.23541687 9.22628606 9.21682113 9.20702312
 9.19689311 9.18643223 9.17564164 9.16452251 9.15307608 9.1413036
 9.12920638 9.11678574 9.10404304 9.09097969 9.07759712 9.06389679
 9.0498802  9.03554888 9.0209044  9.00594835 8.99068237 8.97510811
 8.95922728 8.94304158 8.92655278 8.90976266 8.89267304 8.87528576
 8.8576027  8.83962577 8.82135689 8.80279803 8.78395118 8.76481836
 8.74540161 8.72570302 8.70572466 8.68546869 8.66493723 8.64413249
 8.62305665 8.60171194 8.58010063 8.55822498 8.5360873  8.5136899
 8.49103515 8.4681254  8.44496305 8.42155052 8.39789023 8.37398464
 8.34983623 8.32544749 8.30082094 8.27595911 8.25086456 8.22553985
 8.19998758 8.17421036 8.1482108  8.12199155 8.09555526 8.0689046
 8.04204227 8.01497095 7.98769338 7.96021227 7.93253038 7.90465045
 7.87657526 7.84830758 7.8198502  7.79120594 7.7623776  7.73336801
 7.70418    7.67481641 7.6452801  7.61557392 7.58570074 7.55566344
 7.5254649  7.49510801 7.46459565 7.43393074 7.40311618 7.37215487
 7.34104974 7.3098037  7.27841966 7.24690057 7.21524933 7.18346889
 7.15156216 7.11953209 7.0873816  7.05511363 7.02273111 6.99023697
 6.95763414 6.92492555 6.89211412 6.85920279 6.82619447 6.79309208
 6.75989853 6.72661675 6.69324962 6.65980007 6.62627097 6.59266523
 6.55898572 6.52523533 6.49141692 6.45753337 6.42358752 6.38958223
 6.35552033 6.32140466 6.28723804 6.25302328 6.21876318 6.18446054
 6.15011814 6.11573874 6.08132512 6.04688001 6.01240615 5.97790627
 5.94338307 5.90883926 5.87427752 5.83970051 5.80511091 5.77051134
 5.73590443 5.70129281 5.66667907 5.63206578 5.59745552 5.56285084
 5.52825427 5.49366832 5.45909551 5.42453831 5.38999919 5.3554806
 5.32098496 5.2865147  5.2520722  5.21765984 5.18327997 5.14893494
 5.11462706 5.08035863 5.04613193 5.01194922 4.97781273 4.94372469
 4.90968729 4.87570271 4.8417731  4.80790061 4.77408734 4.74033538
 4.70664682 4.67302369 4.63946802 4.60598182 4.57256707 4.53922573
 4.50595975 4.47277103 4.43966147 4.40663294 4.37368728 4.34082633
 4.30805188 4.27536571 4.24276957 4.2102652  4.1778543  4.14553856
 4.11331965 4.08119918 4.04917879 4.01726006 3.98544456 3.95373382
 3.92212937 3.89063269 3.85924527 3.82796855 3.79680394 3.76575286
 3.73481666 3.70399671 3.67329432 3.6427108  3.61224743 3.58190547
 3.55168613 3.52159064 3.49162016 3.46177586 3.43205888 3.40247031
 3.37301126 3.34368278 3.31448591 3.28542166 3.25649103 3.22769499
 3.19903448 3.17051042 3.14212371 3.11387522 3.08576581 3.0577963
 3.0299675  3.00228019 2.97473513 2.94733305 2.92007468 2.89296069
 2.86599177 2.83916855 2.81249166 2.7859617  2.75957926 2.73334488
 2.70725912 2.68132247 2.65553545 2.62989851 2.6044121  2.57907667
 2.55389261 2.52886031 2.50398015 2.47925246 2.45467758 2.43025581
 2.40598744 2.38187273 2.35791193 2.33410526 2.31045294 2.28695515
 2.26361206 2.24042383 2.21739057 2.19451241 2.17178944 2.14922174
 2.12680936 2.10455234 2.08245072 2.06050448 2.03871363 2.01707813
 1.99559793 1.97427297 1.95310318 1.93208845 1.91122868 1.89052373
 1.86997347 1.84957773 1.82933633 1.8092491  1.78931581 1.76953626
 1.74991021 1.7304374  1.71111758 1.69195046 1.67293577 1.65407318
 1.63536238 1.61680304 1.59839482 1.58013736 1.56203029 1.54407322
 1.52626576 1.5086075  1.49109803 1.4737369  1.45652369 1.43945794
 1.42253918 1.40576694 1.38914073 1.37266005 1.35632441 1.34013327
 1.32408612 1.30818242 1.29242162 1.27680316 1.26132649 1.24599103
 1.2307962  1.21574141 1.20082605 1.18604952 1.17141122 1.1569105
 1.14254675 1.12831933 1.11422759 1.10027087 1.08644853 1.0727599
 1.05920429 1.04578105 1.03248947 1.01932888 1.00629857 0.99339785
 0.980626   0.96798232 0.95546608 0.94307658 0.93081307 0.91867483
 0.90666112 0.89477121 0.88300434 0.87135978 0.85983676 0.84843454
 0.83715235 0.82598944 0.81494504 0.80401838 0.79320869 0.7825152
 0.77193713 0.76147371 0.75112414 0.74088767 0.73076348 0.72075082
 0.71084887 0.70105686 0.691374   0.68179949 0.67233254 0.66297236
 0.65371815 0.64456912 0.63552448 0.62658342 0.61774515 0.60900887
 0.6003738  0.59183912 0.58340405 0.57506779 0.56682954 0.55868851
 0.5506439  0.54269492 0.53484078 0.52708069 0.51941385 0.51183947
 0.50435677 0.49696496 0.48966325 0.48245086 0.47532701 0.46829091
 0.46134179 0.45447887 0.44770137 0.44100853 0.43439956 0.42787371
 0.4214302  0.41506828 0.40878717 0.40258613 0.39646439 0.3904212
 0.38445582 0.37856748 0.37275546 0.367019   0.36135737 0.35576982
 0.35025564 0.34481408 0.33944443 0.33414595 0.32891794 0.32375966
 0.31867042 0.3136495  0.30869619 0.3038098  0.29898963 0.29423497
 0.28954515 0.28491947 0.28035725 0.27585781 0.27142047 0.26704457
 0.26272944 0.25847442 0.25427883 0.25014204 0.24606339 0.24204223
 0.23807792 0.23416982 0.2303173  0.22651973 0.22277647 0.21908692
 0.21545045 0.21186646 0.20833432 0.20485345 0.20142323 0.19804308
 0.19471241 0.19143062 0.18819714 0.18501138 0.18187279 0.17878078
 0.17573479 0.17273427 0.16977867 0.16686742 0.16399998 0.16117582
 0.15839439 0.15565517 0.15295763 0.15030124 0.14768548 0.14510984
 0.14257382 0.1400769  0.13761858 0.13519838 0.13281579 0.13047033
 0.12816152 0.12588888 0.12365194 0.12145023 0.11928327 0.11715062
 0.11505181 0.1129864  0.11095394 0.10895398 0.10698609 0.10504982
 0.10314477 0.10127049 0.09942656 0.09761258 0.09582812 0.09407278
 0.09234616 0.09064785 0.08897747 0.08733461]",restricted_age_optimal,True,True,True,10,3,"constraints_[1, 2, 3]_remained",-122.58923669683018,-124.74075275303136,-120.43772064062901,1.0977324446632966,-2.042667945170439,-2.0785180165138986,-2.0068178738269786,0.01829118883114212,-2.0426261451811105,-2.0784754829092003,-2.00677680745302,0.01829081453070834,0.07431959930370156,0.07082095476062494,0.0779487079161799,0.001818126326550351,large,122.58923669683051,120.43772064062934,124.74075275303169,1.0977324446632972,2.042667945170445,2.006817873826984,2.078518016513904,0.01829118883114213,2.0426261451811163,2.0067768074530252,2.0784754829092056,0.01829081453070835,0.925680400696299,0.9220512920838206,0.9291790452393756,0.001818126326550341
0.101199,0.164245,0.132742,0.0105652834983767,3910,100.0,"[0.101199   0.10362385 0.10604869 0.10847354 0.11089838 0.11332323
 0.11574808 0.11817292 0.12059777 0.12302262 0.12544746 0.12787231
 0.13029715 0.132722   0.13514685 0.13757169 0.13999654 0.14242138
 0.14484623 0.14727108 0.14969592 0.15212077 0.15454562 0.15697046
 0.15939531 0.16182015 0.164245  ]","[0.38363171 0.30690537 0.20460358 1.25319693 1.50895141 2.22506394
 2.83887468 4.57800512 5.72890026 6.08695652 7.00767263 8.9258312
 8.84910486 8.20971867 8.95140665 7.97953964 6.44501279 5.42199488
 5.01278772 3.14578005 1.76470588 1.58567775 0.97186701 0.40920716
 0.12787724 0.07672634]",0.0025,26,normal,0.1326464567774935,"[0.101199   0.10126211 0.10132522 0.10138833 0.10145144 0.10151455
 0.10157765 0.10164076 0.10170387 0.10176698 0.10183009 0.1018932
 0.10195631 0.10201942 0.10208253 0.10214564 0.10220875 0.10227185
 0.10233496 0.10239807 0.10246118 0.10252429 0.1025874  0.10265051
 0.10271362 0.10277673 0.10283984 0.10290295 0.10296606 0.10302916
 0.10309227 0.10315538 0.10321849 0.1032816  0.10334471 0.10340782
 0.10347093 0.10353404 0.10359715 0.10366026 0.10372336 0.10378647
 0.10384958 0.10391269 0.1039758  0.10403891 0.10410202 0.10416513
 0.10422824 0.10429135 0.10435446 0.10441756 0.10448067 0.10454378
 0.10460689 0.10467    0.10473311 0.10479622 0.10485933 0.10492244
 0.10498555 0.10504866 0.10511176 0.10517487 0.10523798 0.10530109
 0.1053642  0.10542731 0.10549042 0.10555353 0.10561664 0.10567975
 0.10574286 0.10580596 0.10586907 0.10593218 0.10599529 0.1060584
 0.10612151 0.10618462 0.10624773 0.10631084 0.10637395 0.10643706
 0.10650017 0.10656327 0.10662638 0.10668949 0.1067526  0.10681571
 0.10687882 0.10694193 0.10700504 0.10706815 0.10713126 0.10719437
 0.10725747 0.10732058 0.10738369 0.1074468  0.10750991 0.10757302
 0.10763613 0.10769924 0.10776235 0.10782546 0.10788857 0.10795167
 0.10801478 0.10807789 0.108141   0.10820411 0.10826722 0.10833033
 0.10839344 0.10845655 0.10851966 0.10858277 0.10864587 0.10870898
 0.10877209 0.1088352  0.10889831 0.10896142 0.10902453 0.10908764
 0.10915075 0.10921386 0.10927697 0.10934008 0.10940318 0.10946629
 0.1095294  0.10959251 0.10965562 0.10971873 0.10978184 0.10984495
 0.10990806 0.10997117 0.11003428 0.11009738 0.11016049 0.1102236
 0.11028671 0.11034982 0.11041293 0.11047604 0.11053915 0.11060226
 0.11066537 0.11072848 0.11079158 0.11085469 0.1109178  0.11098091
 0.11104402 0.11110713 0.11117024 0.11123335 0.11129646 0.11135957
 0.11142268 0.11148578 0.11154889 0.111612   0.11167511 0.11173822
 0.11180133 0.11186444 0.11192755 0.11199066 0.11205377 0.11211688
 0.11217998 0.11224309 0.1123062  0.11236931 0.11243242 0.11249553
 0.11255864 0.11262175 0.11268486 0.11274797 0.11281108 0.11287419
 0.11293729 0.1130004  0.11306351 0.11312662 0.11318973 0.11325284
 0.11331595 0.11337906 0.11344217 0.11350528 0.11356839 0.11363149
 0.1136946  0.11375771 0.11382082 0.11388393 0.11394704 0.11401015
 0.11407326 0.11413637 0.11419948 0.11426259 0.11432569 0.1143888
 0.11445191 0.11451502 0.11457813 0.11464124 0.11470435 0.11476746
 0.11483057 0.11489368 0.11495679 0.11501989 0.115083   0.11514611
 0.11520922 0.11527233 0.11533544 0.11539855 0.11546166 0.11552477
 0.11558788 0.11565099 0.1157141  0.1157772  0.11584031 0.11590342
 0.11596653 0.11602964 0.11609275 0.11615586 0.11621897 0.11628208
 0.11634519 0.1164083  0.1164714  0.11653451 0.11659762 0.11666073
 0.11672384 0.11678695 0.11685006 0.11691317 0.11697628 0.11703939
 0.1171025  0.1171656  0.11722871 0.11729182 0.11735493 0.11741804
 0.11748115 0.11754426 0.11760737 0.11767048 0.11773359 0.1177967
 0.1178598  0.11792291 0.11798602 0.11804913 0.11811224 0.11817535
 0.11823846 0.11830157 0.11836468 0.11842779 0.1184909  0.11855401
 0.11861711 0.11868022 0.11874333 0.11880644 0.11886955 0.11893266
 0.11899577 0.11905888 0.11912199 0.1191851  0.11924821 0.11931131
 0.11937442 0.11943753 0.11950064 0.11956375 0.11962686 0.11968997
 0.11975308 0.11981619 0.1198793  0.11994241 0.12000551 0.12006862
 0.12013173 0.12019484 0.12025795 0.12032106 0.12038417 0.12044728
 0.12051039 0.1205735  0.12063661 0.12069971 0.12076282 0.12082593
 0.12088904 0.12095215 0.12101526 0.12107837 0.12114148 0.12120459
 0.1212677  0.12133081 0.12139391 0.12145702 0.12152013 0.12158324
 0.12164635 0.12170946 0.12177257 0.12183568 0.12189879 0.1219619
 0.12202501 0.12208812 0.12215122 0.12221433 0.12227744 0.12234055
 0.12240366 0.12246677 0.12252988 0.12259299 0.1226561  0.12271921
 0.12278232 0.12284542 0.12290853 0.12297164 0.12303475 0.12309786
 0.12316097 0.12322408 0.12328719 0.1233503  0.12341341 0.12347652
 0.12353962 0.12360273 0.12366584 0.12372895 0.12379206 0.12385517
 0.12391828 0.12398139 0.1240445  0.12410761 0.12417072 0.12423382
 0.12429693 0.12436004 0.12442315 0.12448626 0.12454937 0.12461248
 0.12467559 0.1247387  0.12480181 0.12486492 0.12492803 0.12499113
 0.12505424 0.12511735 0.12518046 0.12524357 0.12530668 0.12536979
 0.1254329  0.12549601 0.12555912 0.12562223 0.12568533 0.12574844
 0.12581155 0.12587466 0.12593777 0.12600088 0.12606399 0.1261271
 0.12619021 0.12625332 0.12631643 0.12637953 0.12644264 0.12650575
 0.12656886 0.12663197 0.12669508 0.12675819 0.1268213  0.12688441
 0.12694752 0.12701063 0.12707373 0.12713684 0.12719995 0.12726306
 0.12732617 0.12738928 0.12745239 0.1275155  0.12757861 0.12764172
 0.12770483 0.12776793 0.12783104 0.12789415 0.12795726 0.12802037
 0.12808348 0.12814659 0.1282097  0.12827281 0.12833592 0.12839903
 0.12846214 0.12852524 0.12858835 0.12865146 0.12871457 0.12877768
 0.12884079 0.1289039  0.12896701 0.12903012 0.12909323 0.12915634
 0.12921944 0.12928255 0.12934566 0.12940877 0.12947188 0.12953499
 0.1295981  0.12966121 0.12972432 0.12978743 0.12985054 0.12991364
 0.12997675 0.13003986 0.13010297 0.13016608 0.13022919 0.1302923
 0.13035541 0.13041852 0.13048163 0.13054474 0.13060784 0.13067095
 0.13073406 0.13079717 0.13086028 0.13092339 0.1309865  0.13104961
 0.13111272 0.13117583 0.13123894 0.13130205 0.13136515 0.13142826
 0.13149137 0.13155448 0.13161759 0.1316807  0.13174381 0.13180692
 0.13187003 0.13193314 0.13199625 0.13205935 0.13212246 0.13218557
 0.13224868 0.13231179 0.1323749  0.13243801 0.13250112 0.13256423
 0.13262734 0.13269045 0.13275355 0.13281666 0.13287977 0.13294288
 0.13300599 0.1330691  0.13313221 0.13319532 0.13325843 0.13332154
 0.13338465 0.13344775 0.13351086 0.13357397 0.13363708 0.13370019
 0.1337633  0.13382641 0.13388952 0.13395263 0.13401574 0.13407885
 0.13414195 0.13420506 0.13426817 0.13433128 0.13439439 0.1344575
 0.13452061 0.13458372 0.13464683 0.13470994 0.13477305 0.13483616
 0.13489926 0.13496237 0.13502548 0.13508859 0.1351517  0.13521481
 0.13527792 0.13534103 0.13540414 0.13546725 0.13553036 0.13559346
 0.13565657 0.13571968 0.13578279 0.1358459  0.13590901 0.13597212
 0.13603523 0.13609834 0.13616145 0.13622456 0.13628766 0.13635077
 0.13641388 0.13647699 0.1365401  0.13660321 0.13666632 0.13672943
 0.13679254 0.13685565 0.13691876 0.13698186 0.13704497 0.13710808
 0.13717119 0.1372343  0.13729741 0.13736052 0.13742363 0.13748674
 0.13754985 0.13761296 0.13767607 0.13773917 0.13780228 0.13786539
 0.1379285  0.13799161 0.13805472 0.13811783 0.13818094 0.13824405
 0.13830716 0.13837027 0.13843337 0.13849648 0.13855959 0.1386227
 0.13868581 0.13874892 0.13881203 0.13887514 0.13893825 0.13900136
 0.13906447 0.13912757 0.13919068 0.13925379 0.1393169  0.13938001
 0.13944312 0.13950623 0.13956934 0.13963245 0.13969556 0.13975867
 0.13982177 0.13988488 0.13994799 0.1400111  0.14007421 0.14013732
 0.14020043 0.14026354 0.14032665 0.14038976 0.14045287 0.14051597
 0.14057908 0.14064219 0.1407053  0.14076841 0.14083152 0.14089463
 0.14095774 0.14102085 0.14108396 0.14114707 0.14121018 0.14127328
 0.14133639 0.1413995  0.14146261 0.14152572 0.14158883 0.14165194
 0.14171505 0.14177816 0.14184127 0.14190438 0.14196748 0.14203059
 0.1420937  0.14215681 0.14221992 0.14228303 0.14234614 0.14240925
 0.14247236 0.14253547 0.14259858 0.14266168 0.14272479 0.1427879
 0.14285101 0.14291412 0.14297723 0.14304034 0.14310345 0.14316656
 0.14322967 0.14329278 0.14335588 0.14341899 0.1434821  0.14354521
 0.14360832 0.14367143 0.14373454 0.14379765 0.14386076 0.14392387
 0.14398698 0.14405009 0.14411319 0.1441763  0.14423941 0.14430252
 0.14436563 0.14442874 0.14449185 0.14455496 0.14461807 0.14468118
 0.14474429 0.14480739 0.1448705  0.14493361 0.14499672 0.14505983
 0.14512294 0.14518605 0.14524916 0.14531227 0.14537538 0.14543849
 0.14550159 0.1455647  0.14562781 0.14569092 0.14575403 0.14581714
 0.14588025 0.14594336 0.14600647 0.14606958 0.14613269 0.14619579
 0.1462589  0.14632201 0.14638512 0.14644823 0.14651134 0.14657445
 0.14663756 0.14670067 0.14676378 0.14682689 0.14688999 0.1469531
 0.14701621 0.14707932 0.14714243 0.14720554 0.14726865 0.14733176
 0.14739487 0.14745798 0.14752109 0.1475842  0.1476473  0.14771041
 0.14777352 0.14783663 0.14789974 0.14796285 0.14802596 0.14808907
 0.14815218 0.14821529 0.1482784  0.1483415  0.14840461 0.14846772
 0.14853083 0.14859394 0.14865705 0.14872016 0.14878327 0.14884638
 0.14890949 0.1489726  0.1490357  0.14909881 0.14916192 0.14922503
 0.14928814 0.14935125 0.14941436 0.14947747 0.14954058 0.14960369
 0.1496668  0.1497299  0.14979301 0.14985612 0.14991923 0.14998234
 0.15004545 0.15010856 0.15017167 0.15023478 0.15029789 0.150361
 0.15042411 0.15048721 0.15055032 0.15061343 0.15067654 0.15073965
 0.15080276 0.15086587 0.15092898 0.15099209 0.1510552  0.15111831
 0.15118141 0.15124452 0.15130763 0.15137074 0.15143385 0.15149696
 0.15156007 0.15162318 0.15168629 0.1517494  0.15181251 0.15187561
 0.15193872 0.15200183 0.15206494 0.15212805 0.15219116 0.15225427
 0.15231738 0.15238049 0.1524436  0.15250671 0.15256981 0.15263292
 0.15269603 0.15275914 0.15282225 0.15288536 0.15294847 0.15301158
 0.15307469 0.1531378  0.15320091 0.15326402 0.15332712 0.15339023
 0.15345334 0.15351645 0.15357956 0.15364267 0.15370578 0.15376889
 0.153832   0.15389511 0.15395822 0.15402132 0.15408443 0.15414754
 0.15421065 0.15427376 0.15433687 0.15439998 0.15446309 0.1545262
 0.15458931 0.15465242 0.15471552 0.15477863 0.15484174 0.15490485
 0.15496796 0.15503107 0.15509418 0.15515729 0.1552204  0.15528351
 0.15534662 0.15540972 0.15547283 0.15553594 0.15559905 0.15566216
 0.15572527 0.15578838 0.15585149 0.1559146  0.15597771 0.15604082
 0.15610392 0.15616703 0.15623014 0.15629325 0.15635636 0.15641947
 0.15648258 0.15654569 0.1566088  0.15667191 0.15673502 0.15679813
 0.15686123 0.15692434 0.15698745 0.15705056 0.15711367 0.15717678
 0.15723989 0.157303   0.15736611 0.15742922 0.15749233 0.15755543
 0.15761854 0.15768165 0.15774476 0.15780787 0.15787098 0.15793409
 0.1579972  0.15806031 0.15812342 0.15818653 0.15824963 0.15831274
 0.15837585 0.15843896 0.15850207 0.15856518 0.15862829 0.1586914
 0.15875451 0.15881762 0.15888073 0.15894383 0.15900694 0.15907005
 0.15913316 0.15919627 0.15925938 0.15932249 0.1593856  0.15944871
 0.15951182 0.15957493 0.15963804 0.15970114 0.15976425 0.15982736
 0.15989047 0.15995358 0.16001669 0.1600798  0.16014291 0.16020602
 0.16026913 0.16033224 0.16039534 0.16045845 0.16052156 0.16058467
 0.16064778 0.16071089 0.160774   0.16083711 0.16090022 0.16096333
 0.16102644 0.16108954 0.16115265 0.16121576 0.16127887 0.16134198
 0.16140509 0.1614682  0.16153131 0.16159442 0.16165753 0.16172064
 0.16178374 0.16184685 0.16190996 0.16197307 0.16203618 0.16209929
 0.1621624  0.16222551 0.16228862 0.16235173 0.16241484 0.16247794
 0.16254105 0.16260416 0.16266727 0.16273038 0.16279349 0.1628566
 0.16291971 0.16298282 0.16304593 0.16310904 0.16317215 0.16323525
 0.16329836 0.16336147 0.16342458 0.16348769 0.1635508  0.16361391
 0.16367702 0.16374013 0.16380324 0.16386635 0.16392945 0.16399256
 0.16405567 0.16411878 0.16418189 0.164245  ]","[0.1091187  0.11107412 0.11306055 0.11507841 0.11712809 0.11921003
 0.12132465 0.12347237 0.12565363 0.12786885 0.13011849 0.13240299
 0.13472279 0.13707834 0.13947009 0.14189852 0.14436408 0.14686724
 0.14940847 0.15198825 0.15460706 0.15726538 0.1599637  0.16270251
 0.16548231 0.1683036  0.17116688 0.17407266 0.17702145 0.18001377
 0.18305014 0.18613109 0.18925714 0.19242883 0.19564669 0.19891126
 0.20222309 0.20558272 0.20899072 0.21244763 0.21595401 0.21951043
 0.22311746 0.22677568 0.23048564 0.23424794 0.23806317 0.24193189
 0.24585472 0.24983224 0.25386505 0.25795376 0.26209896 0.26630128
 0.27056131 0.27487969 0.27925703 0.28369396 0.28819109 0.29274907
 0.29736853 0.30205011 0.30679444 0.31160217 0.31647395 0.32141044
 0.32641227 0.33148012 0.33661464 0.3418165  0.34708636 0.35242489
 0.35783277 0.36331067 0.36885926 0.37447923 0.38017127 0.38593605
 0.39177427 0.39768661 0.40367378 0.40973646 0.41587536 0.42209118
 0.42838461 0.43475637 0.44120716 0.44773768 0.45434866 0.4610408
 0.46781482 0.47467143 0.48161135 0.48863531 0.49574401 0.50293819
 0.51021856 0.51758585 0.52504079 0.53258411 0.54021652 0.54793876
 0.55575156 0.56365565 0.57165175 0.57974061 0.58792294 0.59619949
 0.60457097 0.61303813 0.6216017  0.6302624  0.63902098 0.64787815
 0.65683465 0.6658912  0.67504855 0.68430741 0.69366852 0.70313259
 0.71270036 0.72237254 0.73214986 0.74203305 0.75202281 0.76211987
 0.77232494 0.78263874 0.79306197 0.80359534 0.81423957 0.82499535
 0.83586339 0.84684438 0.85793902 0.86914801 0.88047202 0.89191174
 0.90346787 0.91514107 0.92693202 0.93884139 0.95086984 0.96301804
 0.97528665 0.98767632 1.00018769 1.01282141 1.02557812 1.03845845
 1.05146304 1.06459249 1.07784742 1.09122846 1.1047362  1.11837124
 1.13213417 1.14602559 1.16004606 1.17419616 1.18847646 1.20288751
 1.21742987 1.23210407 1.24691066 1.26185017 1.2769231  1.29212998
 1.3074713  1.32294757 1.33855927 1.35430688 1.37019086 1.38621167
 1.40236977 1.41866559 1.43509957 1.45167213 1.46838367 1.48523461
 1.50222532 1.51935619 1.53662758 1.55403987 1.57159338 1.58928846
 1.60712544 1.62510461 1.6432263  1.66149077 1.67989832 1.6984492
 1.71714367 1.73598197 1.75496431 1.77409092 1.793362   1.81277772
 1.83233828 1.85204381 1.87189448 1.8918904  1.91203171 1.93231849
 1.95275085 1.97332885 1.99405255 2.01492199 2.03593721 2.05709821
 2.078405   2.09985755 2.12145584 2.1431998  2.16508938 2.18712449
 2.20930504 2.2316309  2.25410194 2.27671802 2.29947897 2.3223846
 2.34543471 2.36862909 2.39196749 2.41544967 2.43907534 2.46284422
 2.48675601 2.51081036 2.53500695 2.55934539 2.58382532 2.60844633
 2.63320799 2.65810987 2.6831515  2.70833242 2.73365212 2.75911008
 2.78470576 2.81043862 2.83630806 2.8623135  2.88845432 2.91472987
 2.94113951 2.96768254 2.99435829 3.02116602 3.04810499 3.07517445
 3.10237361 3.12970167 3.15715781 3.18474118 3.21245092 3.24028615
 3.26824594 3.29632939 3.32453552 3.35286339 3.38131198 3.40988029
 3.43856728 3.46737189 3.49629305 3.52532965 3.55448058 3.58374469
 3.61312081 3.64260775 3.67220432 3.70190928 3.73172137 3.76163933
 3.79166186 3.82178765 3.85201535 3.8823436  3.91277104 3.94329624
 3.9739178  4.00463426 4.03544416 4.066346   4.09733829 4.12841948
 4.15958803 4.19084237 4.22218089 4.25360199 4.28510403 4.31668535
 4.34834428 4.38007911 4.41188813 4.4437696  4.47572175 4.50774282
 4.53983099 4.57198445 4.60420136 4.63647986 4.66881806 4.70121408
 4.73366598 4.76617184 4.79872969 4.83133756 4.86399346 4.89669537
 4.92944126 4.96222907 4.99505675 5.0279222  5.06082332 5.09375799
 5.12672406 5.15971939 5.19274179 5.22578908 5.25885905 5.29194947
 5.32505811 5.35818271 5.391321   5.42447068 5.45762947 5.49079503
 5.52396504 5.55713715 5.590309   5.62347822 5.6566424  5.68979916
 5.72294606 5.7560807  5.78920061 5.82230335 5.85538645 5.88844743
 5.9214838  5.95449306 5.98747269 6.02042017 6.05333297 6.08620854
 6.11904433 6.15183777 6.18458629 6.21728731 6.24993823 6.28253646
 6.3150794  6.34756441 6.37998889 6.41235021 6.44464572 6.4768728
 6.50902878 6.54111102 6.57311686 6.60504363 6.63688867 6.6686493
 6.70032286 6.73190665 6.763398   6.79479423 6.82609264 6.85729055
 6.88838527 6.9193741  6.95025435 6.98102333 7.01167835 7.04221671
 7.07263572 7.10293269 7.13310493 7.16314976 7.19306448 7.22284642
 7.2524929  7.28200123 7.31136876 7.34059281 7.36967071 7.39859981
 7.42737747 7.45600102 7.48446783 7.51277527 7.54092071 7.56890153
 7.59671512 7.62435888 7.65183021 7.67912653 7.70624526 7.73318384
 7.7599397  7.78651032 7.81289315 7.83908566 7.86508536 7.89088974
 7.91649632 7.94190262 7.96710619 7.99210459 8.01689537 8.04147613
 8.06584446 8.08999799 8.11393433 8.13765115 8.16114609 8.18441684
 8.20746111 8.23027659 8.25286104 8.2752122  8.29732784 8.31920575
 8.34084374 8.36223964 8.38339131 8.40429661 8.42495343 8.44535969
 8.46551333 8.4854123  8.50505457 8.52443817 8.5435611  8.56242141
 8.58101719 8.59934653 8.61740755 8.63519839 8.65271723 8.66996227
 8.68693172 8.70362383 8.72003689 8.73616919 8.75201906 8.76758485
 8.78286495 8.79785777 8.81256175 8.82697535 8.84109707 8.85492544
 8.86845901 8.88169636 8.89463611 8.90727689 8.91961738 8.93165628
 8.94339233 8.95482429 8.96595095 8.97677114 8.98728372 8.99748758
 9.00738164 9.01696484 9.02623619 9.03519468 9.04383939 9.05216937
 9.06018376 9.0678817  9.07526237 9.08232499 9.0890688  9.09549309
 9.10159717 9.10738039 9.11284214 9.11798183 9.12279891 9.12729288
 9.13146324 9.13530956 9.13883142 9.14202844 9.14490029 9.14744666
 9.14966728 9.1515619  9.15313033 9.15437239 9.15528796 9.15587694
 9.15613926 9.15607489 9.15568385 9.15496617 9.15392193 9.15255124
 9.15085426 9.14883115 9.14648214 9.14380748 9.14080745 9.13748238
 9.13383262 9.12985857 9.12556063 9.12093928 9.11599501 9.11072835
 9.10513985 9.09923012 9.09299978 9.0864495  9.07957997 9.07239194
 9.06488615 9.05706341 9.04892456 9.04047045 9.03170199 9.0226201
 9.01322575 9.00351992 8.99350366 8.98317802 8.97254409 8.961603
 8.95035589 8.93880396 8.92694842 8.91479053 8.90233155 8.8895728
 8.87651562 8.86316138 8.84951147 8.83556733 8.82133042 8.80680221
 8.79198423 8.77687802 8.76148515 8.74580722 8.72984586 8.71360273
 8.6970795  8.6802779  8.66319964 8.6458465  8.62822026 8.61032273
 8.59215576 8.57372121 8.55502096 8.53605693 8.51683105 8.49734528
 8.47760162 8.45760205 8.43734863 8.41684338 8.39608839 8.37508576
 8.3538376  8.33234604 8.31061325 8.2886414  8.26643269 8.24398934
 8.22131358 8.19840767 8.17527388 8.15191451 8.12833186 8.10452826
 8.08050606 8.0562676  8.03181528 8.00715147 7.98227859 7.95719905
 7.9319153  7.90642979 7.88074497 7.85486333 7.82878735 7.80251954
 7.77606241 7.74941849 7.72259033 7.69558045 7.66839144 7.64102585
 7.61348626 7.58577527 7.55789547 7.52984947 7.50163988 7.47326933
 7.44474044 7.41605585 7.3872182  7.35823014 7.32909433 7.29981343
 7.2703901  7.24082701 7.21112683 7.18129225 7.15132594 7.12123058
 7.09100887 7.06066349 7.03019713 6.99961248 6.96891223 6.93809908
 6.90717572 6.87614485 6.84500915 6.81377131 6.78243404 6.751
 6.7194719  6.68785242 6.65614423 6.62435002 6.59247245 6.56051421
 6.52847794 6.49636633 6.46418202 6.43192766 6.3996059  6.36721938
 6.33477073 6.30226258 6.26969755 6.23707824 6.20440727 6.17168722
 6.13892069 6.10611026 6.07325849 6.04036795 6.00744118 5.97448072
 5.94148912 5.90846887 5.87542251 5.84235251 5.80926138 5.77615158
 5.74302557 5.70988581 5.67673473 5.64357476 5.61040831 5.57723778
 5.54406554 5.51089398 5.47772544 5.44456227 5.41140679 5.37826132
 5.34512816 5.31200958 5.27890785 5.24582522 5.21276392 5.17972618
 5.14671418 5.11373013 5.08077617 5.04785447 5.01496715 4.98211634
 4.94930412 4.91653258 4.88380378 4.85111976 4.81848254 4.78589414
 4.75335655 4.72087172 4.6884416  4.65606814 4.62375324 4.59149879
 4.55930666 4.52717871 4.49511676 4.46312264 4.43119813 4.399345
 4.36756501 4.33585988 4.30423133 4.27268105 4.24121071 4.20982196
 4.17851642 4.14729569 4.11616138 4.08511504 4.05415821 4.02329242
 3.99251916 3.96183992 3.93125616 3.90076932 3.8703808  3.840092
 3.8099043  3.77981904 3.74983756 3.71996117 3.69019114 3.66052874
 3.63097523 3.60153181 3.57219969 3.54298004 3.51387403 3.48488279
 3.45600742 3.42724903 3.39860868 3.37008742 3.34168629 3.31340627
 3.28524837 3.25721354 3.22930272 3.20151683 3.17385678 3.14632344
 3.11891767 3.09164031 3.06449216 3.03747403 3.01058668 2.98383088
 2.95720734 2.93071679 2.90435991 2.87813737 2.85204983 2.8260979
 2.80028221 2.77460334 2.74906186 2.72365832 2.69839325 2.67326716
 2.64828054 2.62343386 2.59872757 2.57416211 2.54973788 2.52545529
 2.50131471 2.4773165  2.45346098 2.4297485  2.40617934 2.38275378
 2.35947211 2.33633455 2.31334135 2.2904927  2.26778882 2.24522987
 2.22281602 2.20054741 2.17842416 2.15644638 2.13461418 2.11292761
 2.09138675 2.06999163 2.04874229 2.02763873 2.00668096 1.98586895
 1.96520267 1.94468207 1.92430709 1.90407764 1.88399363 1.86405496
 1.8442615  1.82461311 1.80510965 1.78575095 1.76653682 1.74746708
 1.72854153 1.70975993 1.69112207 1.6726277  1.65427657 1.63606839
 1.6180029  1.60007979 1.58229877 1.56465951 1.54716169 1.52980497
 1.51258899 1.49551339 1.47857781 1.46178185 1.44512512 1.42860722
 1.41222773 1.39598623 1.37988228 1.36391544 1.34808526 1.33239126
 1.31683299 1.30140995 1.28612166 1.27096763 1.25594733 1.24106027
 1.22630591 1.21168372 1.19719317 1.18283371 1.16860478 1.15450583
 1.14053628 1.12669557 1.1129831  1.09939829 1.08594055 1.07260928
 1.05940386 1.04632369 1.03336814 1.0205366  1.00782843 0.995243
 0.98277966 0.97043777 0.95821669 0.94611575 0.9341343  0.92227168
 0.91052721 0.89890022 0.88739005 0.875996   0.8647174  0.85355355
 0.84250378 0.83156738 0.82074366 0.81003192 0.79943146 0.78894157
 0.77856155 0.76829068 0.75812825 0.74807356 0.73812588 0.7282845
 0.71854869 0.70891774 0.69939092 0.68996751 0.68064678 0.67142801
 0.66231046 0.65329342 0.64437615 0.63555792 0.626838   0.61821566
 0.60969017 0.6012608  0.59292681 0.58468747 0.57654206 0.56848985
 0.56053009 0.55266206 0.54488503 0.53719827 0.52960106 0.52209265
 0.51467234 0.50733938 0.50009306 0.49293265 0.48585743 0.47886668
 0.47195967 0.46513569 0.45839402 0.45173395 0.44515475 0.43865573
 0.43223617 0.42589536 0.4196326  0.41344718 0.40733839 0.40130555
 0.39534795 0.3894649  0.3836557  0.37791967 0.37225611 0.36666435
 0.36114369 0.35569347 0.350313   0.34500161 0.33975862 0.33458338
 0.32947521 0.32443345 0.31945744 0.31454653 0.30970007 0.30491739
 0.30019787 0.29554085 0.29094569 0.28641176 0.28193843 0.27752506
 0.27317103 0.26887571 0.26463849 0.26045875 0.25633588 0.25226928
 0.24825833 0.24430243 0.24040099 0.23655342 0.23275912 0.22901751
 0.22532801 0.22169003 0.21810301 0.21456637 0.21107955 0.20764198
 0.20425311 0.20091238 0.19761924 0.19437314 0.19117354 0.1880199
 0.18491169 0.18184837 0.17882941 0.1758543  0.17292252 0.17003355
 0.16718688 0.164382   0.16161841 0.15889562 0.15621312 0.15357043
 0.15096706 0.14840252 0.14587635 0.14338806 0.14093719 0.13852327
 0.13614583 0.13380442 0.13149859 0.12922788 0.12699186 0.12479007
 0.12262208 0.12048745 0.11838576 0.11631658 0.11427949 0.11227407
 0.11029991 0.10835659 0.10644371 0.10456087]",restricted_age_optimal,True,True,True,10,3,"constraints_[1, 2, 4]_remained",-120.38443792946003,-122.53009363647186,-118.23878222244821,1.0947424156446188,-2.0373996821845046,-2.0737129991773933,-2.001086365191615,0.018527542995342764,-2.037357831280025,-2.0736704023489922,-2.0010452602110567,0.01852716241492012,0.07484468544139053,0.07128241588068564,0.07854118636936565,0.0018515424292647124,large,120.38443792946032,118.23878222244849,122.53009363647215,1.0947424156446193,2.0373996821845095,2.00108636519162,2.073712999177398,0.01852754299534277,2.03735783128003,2.0010452602110615,2.073670402348997,0.018527162414920126,0.92515531455861,0.9214588136306349,0.9287175841193148,0.0018515424292647042
0.101199,0.164245,0.1310925,0.0107175799755211,4290,100.0,"[0.101199   0.10362385 0.10604869 0.10847354 0.11089838 0.11332323
 0.11574808 0.11817292 0.12059777 0.12302262 0.12544746 0.12787231
 0.13029715 0.132722   0.13514685 0.13757169 0.13999654 0.14242138
 0.14484623 0.14727108 0.14969592 0.15212077 0.15454562 0.15697046
 0.15939531 0.16182015 0.164245  ]","[0.34965035 0.3962704  0.44289044 1.46853147 2.44755245 2.89044289
 3.35664336 5.54778555 6.24708625 6.68997669 7.97202797 8.97435897
 8.74125874 7.92540793 8.32167832 6.92307692 5.8041958  4.8018648
 4.05594406 2.42424242 1.56177156 1.3986014  0.79254079 0.27972028
 0.09324009 0.09324009]",0.0025,26,normal,0.1312184228438228,"[0.101199   0.10126211 0.10132522 0.10138833 0.10145144 0.10151455
 0.10157765 0.10164076 0.10170387 0.10176698 0.10183009 0.1018932
 0.10195631 0.10201942 0.10208253 0.10214564 0.10220875 0.10227185
 0.10233496 0.10239807 0.10246118 0.10252429 0.1025874  0.10265051
 0.10271362 0.10277673 0.10283984 0.10290295 0.10296606 0.10302916
 0.10309227 0.10315538 0.10321849 0.1032816  0.10334471 0.10340782
 0.10347093 0.10353404 0.10359715 0.10366026 0.10372336 0.10378647
 0.10384958 0.10391269 0.1039758  0.10403891 0.10410202 0.10416513
 0.10422824 0.10429135 0.10435446 0.10441756 0.10448067 0.10454378
 0.10460689 0.10467    0.10473311 0.10479622 0.10485933 0.10492244
 0.10498555 0.10504866 0.10511176 0.10517487 0.10523798 0.10530109
 0.1053642  0.10542731 0.10549042 0.10555353 0.10561664 0.10567975
 0.10574286 0.10580596 0.10586907 0.10593218 0.10599529 0.1060584
 0.10612151 0.10618462 0.10624773 0.10631084 0.10637395 0.10643706
 0.10650017 0.10656327 0.10662638 0.10668949 0.1067526  0.10681571
 0.10687882 0.10694193 0.10700504 0.10706815 0.10713126 0.10719437
 0.10725747 0.10732058 0.10738369 0.1074468  0.10750991 0.10757302
 0.10763613 0.10769924 0.10776235 0.10782546 0.10788857 0.10795167
 0.10801478 0.10807789 0.108141   0.10820411 0.10826722 0.10833033
 0.10839344 0.10845655 0.10851966 0.10858277 0.10864587 0.10870898
 0.10877209 0.1088352  0.10889831 0.10896142 0.10902453 0.10908764
 0.10915075 0.10921386 0.10927697 0.10934008 0.10940318 0.10946629
 0.1095294  0.10959251 0.10965562 0.10971873 0.10978184 0.10984495
 0.10990806 0.10997117 0.11003428 0.11009738 0.11016049 0.1102236
 0.11028671 0.11034982 0.11041293 0.11047604 0.11053915 0.11060226
 0.11066537 0.11072848 0.11079158 0.11085469 0.1109178  0.11098091
 0.11104402 0.11110713 0.11117024 0.11123335 0.11129646 0.11135957
 0.11142268 0.11148578 0.11154889 0.111612   0.11167511 0.11173822
 0.11180133 0.11186444 0.11192755 0.11199066 0.11205377 0.11211688
 0.11217998 0.11224309 0.1123062  0.11236931 0.11243242 0.11249553
 0.11255864 0.11262175 0.11268486 0.11274797 0.11281108 0.11287419
 0.11293729 0.1130004  0.11306351 0.11312662 0.11318973 0.11325284
 0.11331595 0.11337906 0.11344217 0.11350528 0.11356839 0.11363149
 0.1136946  0.11375771 0.11382082 0.11388393 0.11394704 0.11401015
 0.11407326 0.11413637 0.11419948 0.11426259 0.11432569 0.1143888
 0.11445191 0.11451502 0.11457813 0.11464124 0.11470435 0.11476746
 0.11483057 0.11489368 0.11495679 0.11501989 0.115083   0.11514611
 0.11520922 0.11527233 0.11533544 0.11539855 0.11546166 0.11552477
 0.11558788 0.11565099 0.1157141  0.1157772  0.11584031 0.11590342
 0.11596653 0.11602964 0.11609275 0.11615586 0.11621897 0.11628208
 0.11634519 0.1164083  0.1164714  0.11653451 0.11659762 0.11666073
 0.11672384 0.11678695 0.11685006 0.11691317 0.11697628 0.11703939
 0.1171025  0.1171656  0.11722871 0.11729182 0.11735493 0.11741804
 0.11748115 0.11754426 0.11760737 0.11767048 0.11773359 0.1177967
 0.1178598  0.11792291 0.11798602 0.11804913 0.11811224 0.11817535
 0.11823846 0.11830157 0.11836468 0.11842779 0.1184909  0.11855401
 0.11861711 0.11868022 0.11874333 0.11880644 0.11886955 0.11893266
 0.11899577 0.11905888 0.11912199 0.1191851  0.11924821 0.11931131
 0.11937442 0.11943753 0.11950064 0.11956375 0.11962686 0.11968997
 0.11975308 0.11981619 0.1198793  0.11994241 0.12000551 0.12006862
 0.12013173 0.12019484 0.12025795 0.12032106 0.12038417 0.12044728
 0.12051039 0.1205735  0.12063661 0.12069971 0.12076282 0.12082593
 0.12088904 0.12095215 0.12101526 0.12107837 0.12114148 0.12120459
 0.1212677  0.12133081 0.12139391 0.12145702 0.12152013 0.12158324
 0.12164635 0.12170946 0.12177257 0.12183568 0.12189879 0.1219619
 0.12202501 0.12208812 0.12215122 0.12221433 0.12227744 0.12234055
 0.12240366 0.12246677 0.12252988 0.12259299 0.1226561  0.12271921
 0.12278232 0.12284542 0.12290853 0.12297164 0.12303475 0.12309786
 0.12316097 0.12322408 0.12328719 0.1233503  0.12341341 0.12347652
 0.12353962 0.12360273 0.12366584 0.12372895 0.12379206 0.12385517
 0.12391828 0.12398139 0.1240445  0.12410761 0.12417072 0.12423382
 0.12429693 0.12436004 0.12442315 0.12448626 0.12454937 0.12461248
 0.12467559 0.1247387  0.12480181 0.12486492 0.12492803 0.12499113
 0.12505424 0.12511735 0.12518046 0.12524357 0.12530668 0.12536979
 0.1254329  0.12549601 0.12555912 0.12562223 0.12568533 0.12574844
 0.12581155 0.12587466 0.12593777 0.12600088 0.12606399 0.1261271
 0.12619021 0.12625332 0.12631643 0.12637953 0.12644264 0.12650575
 0.12656886 0.12663197 0.12669508 0.12675819 0.1268213  0.12688441
 0.12694752 0.12701063 0.12707373 0.12713684 0.12719995 0.12726306
 0.12732617 0.12738928 0.12745239 0.1275155  0.12757861 0.12764172
 0.12770483 0.12776793 0.12783104 0.12789415 0.12795726 0.12802037
 0.12808348 0.12814659 0.1282097  0.12827281 0.12833592 0.12839903
 0.12846214 0.12852524 0.12858835 0.12865146 0.12871457 0.12877768
 0.12884079 0.1289039  0.12896701 0.12903012 0.12909323 0.12915634
 0.12921944 0.12928255 0.12934566 0.12940877 0.12947188 0.12953499
 0.1295981  0.12966121 0.12972432 0.12978743 0.12985054 0.12991364
 0.12997675 0.13003986 0.13010297 0.13016608 0.13022919 0.1302923
 0.13035541 0.13041852 0.13048163 0.13054474 0.13060784 0.13067095
 0.13073406 0.13079717 0.13086028 0.13092339 0.1309865  0.13104961
 0.13111272 0.13117583 0.13123894 0.13130205 0.13136515 0.13142826
 0.13149137 0.13155448 0.13161759 0.1316807  0.13174381 0.13180692
 0.13187003 0.13193314 0.13199625 0.13205935 0.13212246 0.13218557
 0.13224868 0.13231179 0.1323749  0.13243801 0.13250112 0.13256423
 0.13262734 0.13269045 0.13275355 0.13281666 0.13287977 0.13294288
 0.13300599 0.1330691  0.13313221 0.13319532 0.13325843 0.13332154
 0.13338465 0.13344775 0.13351086 0.13357397 0.13363708 0.13370019
 0.1337633  0.13382641 0.13388952 0.13395263 0.13401574 0.13407885
 0.13414195 0.13420506 0.13426817 0.13433128 0.13439439 0.1344575
 0.13452061 0.13458372 0.13464683 0.13470994 0.13477305 0.13483616
 0.13489926 0.13496237 0.13502548 0.13508859 0.1351517  0.13521481
 0.13527792 0.13534103 0.13540414 0.13546725 0.13553036 0.13559346
 0.13565657 0.13571968 0.13578279 0.1358459  0.13590901 0.13597212
 0.13603523 0.13609834 0.13616145 0.13622456 0.13628766 0.13635077
 0.13641388 0.13647699 0.1365401  0.13660321 0.13666632 0.13672943
 0.13679254 0.13685565 0.13691876 0.13698186 0.13704497 0.13710808
 0.13717119 0.1372343  0.13729741 0.13736052 0.13742363 0.13748674
 0.13754985 0.13761296 0.13767607 0.13773917 0.13780228 0.13786539
 0.1379285  0.13799161 0.13805472 0.13811783 0.13818094 0.13824405
 0.13830716 0.13837027 0.13843337 0.13849648 0.13855959 0.1386227
 0.13868581 0.13874892 0.13881203 0.13887514 0.13893825 0.13900136
 0.13906447 0.13912757 0.13919068 0.13925379 0.1393169  0.13938001
 0.13944312 0.13950623 0.13956934 0.13963245 0.13969556 0.13975867
 0.13982177 0.13988488 0.13994799 0.1400111  0.14007421 0.14013732
 0.14020043 0.14026354 0.14032665 0.14038976 0.14045287 0.14051597
 0.14057908 0.14064219 0.1407053  0.14076841 0.14083152 0.14089463
 0.14095774 0.14102085 0.14108396 0.14114707 0.14121018 0.14127328
 0.14133639 0.1413995  0.14146261 0.14152572 0.14158883 0.14165194
 0.14171505 0.14177816 0.14184127 0.14190438 0.14196748 0.14203059
 0.1420937  0.14215681 0.14221992 0.14228303 0.14234614 0.14240925
 0.14247236 0.14253547 0.14259858 0.14266168 0.14272479 0.1427879
 0.14285101 0.14291412 0.14297723 0.14304034 0.14310345 0.14316656
 0.14322967 0.14329278 0.14335588 0.14341899 0.1434821  0.14354521
 0.14360832 0.14367143 0.14373454 0.14379765 0.14386076 0.14392387
 0.14398698 0.14405009 0.14411319 0.1441763  0.14423941 0.14430252
 0.14436563 0.14442874 0.14449185 0.14455496 0.14461807 0.14468118
 0.14474429 0.14480739 0.1448705  0.14493361 0.14499672 0.14505983
 0.14512294 0.14518605 0.14524916 0.14531227 0.14537538 0.14543849
 0.14550159 0.1455647  0.14562781 0.14569092 0.14575403 0.14581714
 0.14588025 0.14594336 0.14600647 0.14606958 0.14613269 0.14619579
 0.1462589  0.14632201 0.14638512 0.14644823 0.14651134 0.14657445
 0.14663756 0.14670067 0.14676378 0.14682689 0.14688999 0.1469531
 0.14701621 0.14707932 0.14714243 0.14720554 0.14726865 0.14733176
 0.14739487 0.14745798 0.14752109 0.1475842  0.1476473  0.14771041
 0.14777352 0.14783663 0.14789974 0.14796285 0.14802596 0.14808907
 0.14815218 0.14821529 0.1482784  0.1483415  0.14840461 0.14846772
 0.14853083 0.14859394 0.14865705 0.14872016 0.14878327 0.14884638
 0.14890949 0.1489726  0.1490357  0.14909881 0.14916192 0.14922503
 0.14928814 0.14935125 0.14941436 0.14947747 0.14954058 0.14960369
 0.1496668  0.1497299  0.14979301 0.14985612 0.14991923 0.14998234
 0.15004545 0.15010856 0.15017167 0.15023478 0.15029789 0.150361
 0.15042411 0.15048721 0.15055032 0.15061343 0.15067654 0.15073965
 0.15080276 0.15086587 0.15092898 0.15099209 0.1510552  0.15111831
 0.15118141 0.15124452 0.15130763 0.15137074 0.15143385 0.15149696
 0.15156007 0.15162318 0.15168629 0.1517494  0.15181251 0.15187561
 0.15193872 0.15200183 0.15206494 0.15212805 0.15219116 0.15225427
 0.15231738 0.15238049 0.1524436  0.15250671 0.15256981 0.15263292
 0.15269603 0.15275914 0.15282225 0.15288536 0.15294847 0.15301158
 0.15307469 0.1531378  0.15320091 0.15326402 0.15332712 0.15339023
 0.15345334 0.15351645 0.15357956 0.15364267 0.15370578 0.15376889
 0.153832   0.15389511 0.15395822 0.15402132 0.15408443 0.15414754
 0.15421065 0.15427376 0.15433687 0.15439998 0.15446309 0.1545262
 0.15458931 0.15465242 0.15471552 0.15477863 0.15484174 0.15490485
 0.15496796 0.15503107 0.15509418 0.15515729 0.1552204  0.15528351
 0.15534662 0.15540972 0.15547283 0.15553594 0.15559905 0.15566216
 0.15572527 0.15578838 0.15585149 0.1559146  0.15597771 0.15604082
 0.15610392 0.15616703 0.15623014 0.15629325 0.15635636 0.15641947
 0.15648258 0.15654569 0.1566088  0.15667191 0.15673502 0.15679813
 0.15686123 0.15692434 0.15698745 0.15705056 0.15711367 0.15717678
 0.15723989 0.157303   0.15736611 0.15742922 0.15749233 0.15755543
 0.15761854 0.15768165 0.15774476 0.15780787 0.15787098 0.15793409
 0.1579972  0.15806031 0.15812342 0.15818653 0.15824963 0.15831274
 0.15837585 0.15843896 0.15850207 0.15856518 0.15862829 0.1586914
 0.15875451 0.15881762 0.15888073 0.15894383 0.15900694 0.15907005
 0.15913316 0.15919627 0.15925938 0.15932249 0.1593856  0.15944871
 0.15951182 0.15957493 0.15963804 0.15970114 0.15976425 0.15982736
 0.15989047 0.15995358 0.16001669 0.1600798  0.16014291 0.16020602
 0.16026913 0.16033224 0.16039534 0.16045845 0.16052156 0.16058467
 0.16064778 0.16071089 0.160774   0.16083711 0.16090022 0.16096333
 0.16102644 0.16108954 0.16115265 0.16121576 0.16127887 0.16134198
 0.16140509 0.1614682  0.16153131 0.16159442 0.16165753 0.16172064
 0.16178374 0.16184685 0.16190996 0.16197307 0.16203618 0.16209929
 0.1621624  0.16222551 0.16228862 0.16235173 0.16241484 0.16247794
 0.16254105 0.16260416 0.16266727 0.16273038 0.16279349 0.1628566
 0.16291971 0.16298282 0.16304593 0.16310904 0.16317215 0.16323525
 0.16329836 0.16336147 0.16342458 0.16348769 0.1635508  0.16361391
 0.16367702 0.16374013 0.16380324 0.16386635 0.16392945 0.16399256
 0.16405567 0.16411878 0.16418189 0.164245  ]","[0.17861    0.18157711 0.1845871  0.18764048 0.19073776 0.19387944
 0.19706603 0.20029805 0.20357603 0.20690047 0.21027191 0.21369088
 0.21715791 0.22067355 0.22423832 0.22785277 0.23151746 0.23523294
 0.23899976 0.24281847 0.24668965 0.25061385 0.25459165 0.25862362
 0.26271033 0.26685237 0.27105032 0.27530476 0.27961628 0.28398548
 0.28841295 0.29289929 0.2974451  0.30205099 0.30671757 0.31144544
 0.31623523 0.32108755 0.32600302 0.33098226 0.3360259  0.34113457
 0.3463089  0.35154953 0.35685709 0.36223222 0.36767556 0.37318776
 0.37876947 0.38442133 0.390144   0.39593813 0.40180438 0.40774341
 0.41375588 0.41984244 0.42600377 0.43224054 0.4385534  0.44494304
 0.45141011 0.45795531 0.4645793  0.47128276 0.47806637 0.48493081
 0.49187676 0.4989049  0.50601591 0.51321049 0.52048931 0.52785306
 0.53530243 0.54283811 0.55046079 0.55817115 0.56596989 0.5738577
 0.58183526 0.58990327 0.59806241 0.60631339 0.61465688 0.62309359
 0.63162419 0.64024939 0.64896987 0.65778631 0.66669941 0.67570986
 0.68481834 0.69402553 0.70333213 0.71273881 0.72224625 0.73185515
 0.74156617 0.75137999 0.76129729 0.77131874 0.78144502 0.79167679
 0.80201471 0.81245947 0.82301171 0.83367209 0.84444128 0.85531993
 0.86630868 0.87740819 0.8886191  0.89994205 0.91137768 0.92292662
 0.93458951 0.94636696 0.9582596  0.97026805 0.98239292 0.99463482
 1.00699436 1.01947212 1.03206872 1.04478473 1.05762075 1.07057734
 1.08365509 1.09685456 1.11017631 1.1236209  1.13718887 1.15088078
 1.16469716 1.17863853 1.19270543 1.20689837 1.22121785 1.23566439
 1.25023847 1.26494059 1.27977123 1.29473085 1.30981992 1.3250389
 1.34038823 1.35586836 1.37147971 1.38722272 1.40309778 1.41910531
 1.4352457  1.45151933 1.46792659 1.48446783 1.50114342 1.5179537
 1.534899   1.55197966 1.56919599 1.58654828 1.60403684 1.62166195
 1.63942388 1.65732289 1.67535923 1.69353313 1.71184483 1.73029452
 1.74888242 1.76760872 1.78647359 1.80547718 1.82461967 1.84390117
 1.86332183 1.88288174 1.90258101 1.92241972 1.94239795 1.96251575
 1.98277316 2.00317022 2.02370693 2.0443833  2.06519932 2.08615495
 2.10725016 2.12848487 2.14985903 2.17137253 2.19302528 2.21481715
 2.23674801 2.25881771 2.28102607 2.30337292 2.32585805 2.34848124
 2.37124227 2.39414088 2.41717681 2.44034976 2.46365945 2.48710555
 2.51068772 2.53440562 2.55825887 2.58224709 2.60636987 2.63062679
 2.6550174  2.67954125 2.70419785 2.72898671 2.75390733 2.77895915
 2.80414164 2.82945422 2.85489631 2.88046729 2.90616654 2.93199341
 2.95794725 2.98402736 3.01023304 3.03656356 3.0630182  3.08959619
 3.11629673 3.14311905 3.17006231 3.19712567 3.22430829 3.25160927
 3.27902771 3.30656271 3.33421332 3.36197858 3.38985751 3.41784912
 3.44595239 3.47416627 3.50248971 3.53092163 3.55946093 3.58810649
 3.61685718 3.64571183 3.67466926 3.70372827 3.73288765 3.76214616
 3.79150253 3.82095548 3.85050372 3.88014592 3.90988074 3.93970683
 3.96962281 3.99962726 4.02971879 4.05989594 4.09015725 4.12050125
 4.15092644 4.1814313  4.21201429 4.24267386 4.27340842 4.30421639
 4.33509615 4.36604606 4.39706448 4.42814972 4.4593001  4.49051391
 4.52178943 4.55312489 4.58451855 4.61596861 4.64747328 4.67903074
 4.71063914 4.74229663 4.77400135 4.8057514  4.83754486 4.86937983
 4.90125435 4.93316647 4.96511421 4.99709558 5.02910858 5.06115117
 5.09322132 5.12531696 5.15743604 5.18957646 5.22173612 5.25391289
 5.28610466 5.31830927 5.35052455 5.38274834 5.41497844 5.44721265
 5.47944875 5.51168451 5.54391769 5.57614603 5.60836726 5.6405791
 5.67277925 5.70496541 5.73713526 5.76928648 5.80141671 5.83352362
 5.86560483 5.89765798 5.92968068 5.96167055 5.99362518 6.02554216
 6.05741907 6.08925348 6.12104295 6.15278505 6.18447732 6.21611729
 6.24770251 6.27923049 6.31069876 6.34210483 6.3734462  6.40472039
 6.43592488 6.46705716 6.49811473 6.52909506 6.55999563 6.59081393
 6.62154741 6.65219355 6.68274981 6.71321366 6.74358256 6.77385396
 6.80402533 6.83409413 6.86405781 6.89391382 6.92365963 6.95329269
 6.98281046 7.0122104  7.04148996 7.07064663 7.09967785 7.12858109
 7.15735383 7.18599354 7.2144977  7.24286379 7.2710893  7.29917171
 7.32710852 7.35489724 7.38253538 7.41002044 7.43734994 7.46452142
 7.49153242 7.51838046 7.54506311 7.57157792 7.59792246 7.62409431
 7.65009106 7.6759103  7.70154964 7.7270067  7.7522791  7.7773645
 7.80226053 7.82696488 7.8514752  7.8757892  7.89990458 7.92381905
 7.94753034 7.9710362  7.9943344  8.0174227  8.04029889 8.06296078
 8.0854062  8.10763298 8.12963898 8.15142207 8.17298014 8.1943111
 8.21541288 8.23628341 8.25692067 8.27732263 8.2974873  8.31741271
 8.33709688 8.35653789 8.37573381 8.39468276 8.41338285 8.43183224
 8.45002909 8.4679716  8.48565798 8.50308647 8.52025533 8.53716284
 8.55380731 8.57018707 8.58630048 8.60214592 8.6177218  8.63302654
 8.6480586  8.66281646 8.67729864 8.69150366 8.70543009 8.71907651
 8.73244154 8.74552382 8.75832202 8.77083482 8.78306097 8.7949992
 8.8066483  8.81800708 8.82907438 8.83984906 8.85033001 8.86051617
 8.87040648 8.87999992 8.88929553 8.89829232 8.90698939 8.91538583
 8.92348077 8.93127339 8.93876287 8.94594844 8.95282937 8.95940493
 8.96567445 8.97163728 8.9772928  8.98264043 8.9876796  8.99240981
 8.99683055 9.00094137 9.00474185 9.00823158 9.0114102  9.0142774
 9.01683285 9.01907631 9.02100754 9.02262633 9.02393252 9.02492598
 9.02560659 9.0259743  9.02602905 9.02577085 9.02519972 9.02431573
 9.02311895 9.02160953 9.0197876  9.01765337 9.01520706 9.01244892
 9.00937923 9.00599832 9.00230654 8.99830427 8.99399192 8.98936995
 8.98443883 8.97919907 8.97365122 8.96779586 8.96163358 8.95516503
 8.94839088 8.94131182 8.9339286  8.92624196 8.91825272 8.90996168
 8.90136971 8.89247769 8.88328654 8.8737972  8.86401065 8.8539279
 8.84354998 8.83287796 8.82191293 8.81065601 8.79910836 8.78727116
 8.77514562 8.76273298 8.7500345  8.73705148 8.72378524 8.71023712
 8.69640851 8.68230081 8.66791545 8.65325388 8.6383176  8.6231081
 8.60762692 8.59187562 8.5758558  8.55956905 8.54301702 8.52620136
 8.50912376 8.49178592 8.47418958 8.45633649 8.43822844 8.41986721
 8.40125463 8.38239255 8.36328283 8.34392736 8.32432806 8.30448685
 8.28440568 8.26408652 8.24353137 8.22274223 8.20172114 8.18047014
 8.1589913  8.13728671 8.11535847 8.0932087  8.07083954 8.04825315
 8.02545169 8.00243736 7.97921236 7.95577891 7.93213925 7.90829561
 7.88425028 7.86000552 7.83556363 7.81092692 7.78609769 7.76107829
 7.73587105 7.71047834 7.68490251 7.65914595 7.63321104 7.60710019
 7.5808158  7.55436029 7.5277361  7.50094565 7.4739914  7.4468758
 7.4196013  7.39217039 7.36458554 7.33684923 7.30896395 7.2809322
 7.25275648 7.2244393  7.19598317 7.1673906  7.13866412 7.10980626
 7.08081953 7.05170647 7.02246962 6.99311151 6.96363469 6.93404168
 6.90433504 6.8745173  6.844591   6.8145587  6.78442293 6.75418624
 6.72385117 6.69342026 6.66289604 6.63228107 6.60157786 6.57078895
 6.53991688 6.50896417 6.47793335 6.44682692 6.41564741 6.38439733
 6.35307918 6.32169547 6.29024868 6.25874131 6.22717584 6.19555474
 6.1638805  6.13215555 6.10038238 6.06856341 6.0367011  6.00479786
 5.97285614 5.94087833 5.90886684 5.87682407 5.84475241 5.81265422
 5.78053188 5.74838775 5.71622415 5.68404343 5.65184791 5.6196399
 5.5874217  5.55519559 5.52296385 5.49072873 5.4584925  5.42625737
 5.39402558 5.36179933 5.32958083 5.29737224 5.26517573 5.23299347
 5.20082758 5.16868019 5.1365534  5.10444932 5.07237001 5.04031755
 5.00829397 4.9763013  4.94434157 4.91241676 4.88052885 4.84867983
 4.81687162 4.78510616 4.75338537 4.72171113 4.69008534 4.65850985
 4.6269865  4.59551713 4.56410353 4.5327475  4.50145081 4.47021521
 4.43904243 4.4079342  4.37689221 4.34591814 4.31501365 4.28418038
 4.25341994 4.22273395 4.19212399 4.16159161 4.13113837 4.10076579
 4.07047537 4.04026861 4.01014696 3.98011187 3.95016478 3.92030708
 3.89054016 3.8608654  3.83128413 3.80179768 3.77240737 3.74311448
 3.71392027 3.684826   3.65583288 3.62694213 3.59815494 3.56947246
 3.54089585 3.51242623 3.4840647  3.45581236 3.42767027 3.39963948
 3.371721   3.34391585 3.31622502 3.28864946 3.26119012 3.23384794
 3.2066238  3.17951861 3.15253323 3.1256685  3.09892525 3.07230429
 3.0458064  3.01943236 2.99318291 2.96705878 2.94106069 2.91518931
 2.88944533 2.86382939 2.83834213 2.81298417 2.78775609 2.76265848
 2.73769189 2.71285687 2.68815393 2.66358357 2.63914629 2.61484254
 2.59067277 2.56663742 2.5427369  2.51897159 2.49534188 2.47184813
 2.44849067 2.42526984 2.40218593 2.37923924 2.35643004 2.33375859
 2.31122512 2.28882986 2.26657302 2.24445478 2.22247533 2.2006348
 2.17893336 2.15737112 2.13594819 2.11466467 2.09352064 2.07251617
 2.05165129 2.03092605 2.01034047 1.98989455 1.96958827 1.94942163
 1.92939457 1.90950704 1.88975899 1.87015032 1.85068095 1.83135077
 1.81215965 1.79310747 1.77419408 1.75541932 1.73678301 1.71828497
 1.69992501 1.68170292 1.66361847 1.64567144 1.62786157 1.61018862
 1.59265231 1.57525236 1.55798849 1.5408604  1.52386777 1.50701028
 1.4902876  1.47369939 1.45724529 1.44092494 1.42473797 1.40868399
 1.39276262 1.37697346 1.36131608 1.34579008 1.33039503 1.31513049
 1.29999601 1.28499115 1.27011544 1.2553684  1.24074957 1.22625846
 1.21189457 1.19765741 1.18354647 1.16956123 1.15570118 1.14196578
 1.1283545  1.11486679 1.10150212 1.08825993 1.07513965 1.06214073
 1.04926259 1.03650465 1.02386634 1.01134706 0.99894622 0.98666322
 0.97449747 0.96244835 0.95051526 0.93869757 0.92699467 0.91540593
 0.90393072 0.89256841 0.88131837 0.87017995 0.85915252 0.84823542
 0.837428   0.82672962 0.81613961 0.80565732 0.79528209 0.78501325
 0.77485014 0.76479208 0.75483841 0.74498846 0.73524154 0.72559699
 0.71605413 0.70661226 0.69727072 0.68802882 0.67888588 0.66984121
 0.66089412 0.65204394 0.64328996 0.6346315  0.62606787 0.61759839
 0.60922236 0.60093909 0.59274789 0.58464807 0.57663893 0.5687198
 0.56088997 0.55314877 0.54549548 0.53792944 0.53044995 0.52305631
 0.51574785 0.50852387 0.5013837  0.49432664 0.48735201 0.48045912
 0.47364731 0.46691588 0.46026416 0.45369147 0.44719713 0.44078047
 0.43444082 0.42817751 0.42198986 0.4158772  0.40983889 0.40387424
 0.3979826  0.3921633  0.3864157  0.38073914 0.37513296 0.36959651
 0.36412914 0.35873022 0.35339909 0.34813511 0.34293766 0.33780608
 0.33273976 0.32773805 0.32280034 0.317926   0.3131144  0.30836493
 0.30367697 0.29904991 0.29448315 0.28997607 0.28552806 0.28113854
 0.27680691 0.27253256 0.26831491 0.26415338 0.26004737 0.25599631
 0.25199962 0.24805673 0.24416706 0.24033006 0.23654514 0.23281177
 0.22912937 0.2254974  0.2219153  0.21838254 0.21489856 0.21146283
 0.20807482 0.20473399 0.20143982 0.19819178 0.19498934 0.19183201
 0.18871925 0.18565057 0.18262545 0.1796434  0.17670391 0.17380649
 0.17095066 0.16813592 0.16536179 0.1626278  0.15993346 0.15727831
 0.15466187 0.15208369 0.1495433  0.14704024 0.14457407 0.14214434
 0.13975059 0.13739239 0.1350693  0.13278088 0.13052671 0.12830636
 0.12611941 0.12396543 0.12184402 0.11975476 0.11769724 0.11567106
 0.11367582 0.11171113 0.10977658 0.1078718  0.10599639 0.10414997
 0.10233217 0.10054262 0.09878093 0.09704674 0.0953397  0.09365943
 0.09200559 0.09037781 0.08877576 0.08719908 0.08564743 0.08412048
 0.08261789 0.08113932 0.07968445 0.07825295]",restricted_age_optimal,True,True,True,10,3,"constraints_[1, 3, 4]_remained",-128.5361130201814,-130.70443699504744,-126.36778904531536,1.1063080709490083,-2.087559900228344,-2.122775732372913,-2.0523440680837743,0.017967591456958962,-2.0875174606605498,-2.122732576876107,-2.0523023444449917,0.01796722618034311,0.06995882611509646,0.06667796186907507,0.07336251926672048,0.0017050678759760322,large,128.5361130201818,126.36778904531576,130.70443699504784,1.106308070949009,2.0875599002283503,2.0523440680837806,2.122775732372919,0.017967591456958972,2.087517460660556,2.052302344444998,2.122732576876113,0.01796722618034312,0.9300411738849041,0.9266374807332801,0.9333220381309255,0.0017050678759760222
0.101199,0.164245,0.132398,0.0106103713487686,4244,100.0,"[0.101199   0.10362385 0.10604869 0.10847354 0.11089838 0.11332323
 0.11574808 0.11817292 0.12059777 0.12302262 0.12544746 0.12787231
 0.13029715 0.132722   0.13514685 0.13757169 0.13999654 0.14242138
 0.14484623 0.14727108 0.14969592 0.15212077 0.15454562 0.15697046
 0.15939531 0.16182015 0.164245  ]","[0.25918944 0.35344015 0.32987747 1.10744581 1.95570217 2.56833176
 2.80395853 4.90103676 5.70216777 6.55042413 7.1866164  8.62393968
 8.85956645 8.31762488 8.48256362 7.98774741 6.38548539 5.18378888
 4.52403393 3.25164939 1.69651272 1.4137606  0.94250707 0.4005655
 0.11781338 0.09425071]",0.0025,26,normal,0.1322971887370405,"[0.101199   0.10126211 0.10132522 0.10138833 0.10145144 0.10151455
 0.10157765 0.10164076 0.10170387 0.10176698 0.10183009 0.1018932
 0.10195631 0.10201942 0.10208253 0.10214564 0.10220875 0.10227185
 0.10233496 0.10239807 0.10246118 0.10252429 0.1025874  0.10265051
 0.10271362 0.10277673 0.10283984 0.10290295 0.10296606 0.10302916
 0.10309227 0.10315538 0.10321849 0.1032816  0.10334471 0.10340782
 0.10347093 0.10353404 0.10359715 0.10366026 0.10372336 0.10378647
 0.10384958 0.10391269 0.1039758  0.10403891 0.10410202 0.10416513
 0.10422824 0.10429135 0.10435446 0.10441756 0.10448067 0.10454378
 0.10460689 0.10467    0.10473311 0.10479622 0.10485933 0.10492244
 0.10498555 0.10504866 0.10511176 0.10517487 0.10523798 0.10530109
 0.1053642  0.10542731 0.10549042 0.10555353 0.10561664 0.10567975
 0.10574286 0.10580596 0.10586907 0.10593218 0.10599529 0.1060584
 0.10612151 0.10618462 0.10624773 0.10631084 0.10637395 0.10643706
 0.10650017 0.10656327 0.10662638 0.10668949 0.1067526  0.10681571
 0.10687882 0.10694193 0.10700504 0.10706815 0.10713126 0.10719437
 0.10725747 0.10732058 0.10738369 0.1074468  0.10750991 0.10757302
 0.10763613 0.10769924 0.10776235 0.10782546 0.10788857 0.10795167
 0.10801478 0.10807789 0.108141   0.10820411 0.10826722 0.10833033
 0.10839344 0.10845655 0.10851966 0.10858277 0.10864587 0.10870898
 0.10877209 0.1088352  0.10889831 0.10896142 0.10902453 0.10908764
 0.10915075 0.10921386 0.10927697 0.10934008 0.10940318 0.10946629
 0.1095294  0.10959251 0.10965562 0.10971873 0.10978184 0.10984495
 0.10990806 0.10997117 0.11003428 0.11009738 0.11016049 0.1102236
 0.11028671 0.11034982 0.11041293 0.11047604 0.11053915 0.11060226
 0.11066537 0.11072848 0.11079158 0.11085469 0.1109178  0.11098091
 0.11104402 0.11110713 0.11117024 0.11123335 0.11129646 0.11135957
 0.11142268 0.11148578 0.11154889 0.111612   0.11167511 0.11173822
 0.11180133 0.11186444 0.11192755 0.11199066 0.11205377 0.11211688
 0.11217998 0.11224309 0.1123062  0.11236931 0.11243242 0.11249553
 0.11255864 0.11262175 0.11268486 0.11274797 0.11281108 0.11287419
 0.11293729 0.1130004  0.11306351 0.11312662 0.11318973 0.11325284
 0.11331595 0.11337906 0.11344217 0.11350528 0.11356839 0.11363149
 0.1136946  0.11375771 0.11382082 0.11388393 0.11394704 0.11401015
 0.11407326 0.11413637 0.11419948 0.11426259 0.11432569 0.1143888
 0.11445191 0.11451502 0.11457813 0.11464124 0.11470435 0.11476746
 0.11483057 0.11489368 0.11495679 0.11501989 0.115083   0.11514611
 0.11520922 0.11527233 0.11533544 0.11539855 0.11546166 0.11552477
 0.11558788 0.11565099 0.1157141  0.1157772  0.11584031 0.11590342
 0.11596653 0.11602964 0.11609275 0.11615586 0.11621897 0.11628208
 0.11634519 0.1164083  0.1164714  0.11653451 0.11659762 0.11666073
 0.11672384 0.11678695 0.11685006 0.11691317 0.11697628 0.11703939
 0.1171025  0.1171656  0.11722871 0.11729182 0.11735493 0.11741804
 0.11748115 0.11754426 0.11760737 0.11767048 0.11773359 0.1177967
 0.1178598  0.11792291 0.11798602 0.11804913 0.11811224 0.11817535
 0.11823846 0.11830157 0.11836468 0.11842779 0.1184909  0.11855401
 0.11861711 0.11868022 0.11874333 0.11880644 0.11886955 0.11893266
 0.11899577 0.11905888 0.11912199 0.1191851  0.11924821 0.11931131
 0.11937442 0.11943753 0.11950064 0.11956375 0.11962686 0.11968997
 0.11975308 0.11981619 0.1198793  0.11994241 0.12000551 0.12006862
 0.12013173 0.12019484 0.12025795 0.12032106 0.12038417 0.12044728
 0.12051039 0.1205735  0.12063661 0.12069971 0.12076282 0.12082593
 0.12088904 0.12095215 0.12101526 0.12107837 0.12114148 0.12120459
 0.1212677  0.12133081 0.12139391 0.12145702 0.12152013 0.12158324
 0.12164635 0.12170946 0.12177257 0.12183568 0.12189879 0.1219619
 0.12202501 0.12208812 0.12215122 0.12221433 0.12227744 0.12234055
 0.12240366 0.12246677 0.12252988 0.12259299 0.1226561  0.12271921
 0.12278232 0.12284542 0.12290853 0.12297164 0.12303475 0.12309786
 0.12316097 0.12322408 0.12328719 0.1233503  0.12341341 0.12347652
 0.12353962 0.12360273 0.12366584 0.12372895 0.12379206 0.12385517
 0.12391828 0.12398139 0.1240445  0.12410761 0.12417072 0.12423382
 0.12429693 0.12436004 0.12442315 0.12448626 0.12454937 0.12461248
 0.12467559 0.1247387  0.12480181 0.12486492 0.12492803 0.12499113
 0.12505424 0.12511735 0.12518046 0.12524357 0.12530668 0.12536979
 0.1254329  0.12549601 0.12555912 0.12562223 0.12568533 0.12574844
 0.12581155 0.12587466 0.12593777 0.12600088 0.12606399 0.1261271
 0.12619021 0.12625332 0.12631643 0.12637953 0.12644264 0.12650575
 0.12656886 0.12663197 0.12669508 0.12675819 0.1268213  0.12688441
 0.12694752 0.12701063 0.12707373 0.12713684 0.12719995 0.12726306
 0.12732617 0.12738928 0.12745239 0.1275155  0.12757861 0.12764172
 0.12770483 0.12776793 0.12783104 0.12789415 0.12795726 0.12802037
 0.12808348 0.12814659 0.1282097  0.12827281 0.12833592 0.12839903
 0.12846214 0.12852524 0.12858835 0.12865146 0.12871457 0.12877768
 0.12884079 0.1289039  0.12896701 0.12903012 0.12909323 0.12915634
 0.12921944 0.12928255 0.12934566 0.12940877 0.12947188 0.12953499
 0.1295981  0.12966121 0.12972432 0.12978743 0.12985054 0.12991364
 0.12997675 0.13003986 0.13010297 0.13016608 0.13022919 0.1302923
 0.13035541 0.13041852 0.13048163 0.13054474 0.13060784 0.13067095
 0.13073406 0.13079717 0.13086028 0.13092339 0.1309865  0.13104961
 0.13111272 0.13117583 0.13123894 0.13130205 0.13136515 0.13142826
 0.13149137 0.13155448 0.13161759 0.1316807  0.13174381 0.13180692
 0.13187003 0.13193314 0.13199625 0.13205935 0.13212246 0.13218557
 0.13224868 0.13231179 0.1323749  0.13243801 0.13250112 0.13256423
 0.13262734 0.13269045 0.13275355 0.13281666 0.13287977 0.13294288
 0.13300599 0.1330691  0.13313221 0.13319532 0.13325843 0.13332154
 0.13338465 0.13344775 0.13351086 0.13357397 0.13363708 0.13370019
 0.1337633  0.13382641 0.13388952 0.13395263 0.13401574 0.13407885
 0.13414195 0.13420506 0.13426817 0.13433128 0.13439439 0.1344575
 0.13452061 0.13458372 0.13464683 0.13470994 0.13477305 0.13483616
 0.13489926 0.13496237 0.13502548 0.13508859 0.1351517  0.13521481
 0.13527792 0.13534103 0.13540414 0.13546725 0.13553036 0.13559346
 0.13565657 0.13571968 0.13578279 0.1358459  0.13590901 0.13597212
 0.13603523 0.13609834 0.13616145 0.13622456 0.13628766 0.13635077
 0.13641388 0.13647699 0.1365401  0.13660321 0.13666632 0.13672943
 0.13679254 0.13685565 0.13691876 0.13698186 0.13704497 0.13710808
 0.13717119 0.1372343  0.13729741 0.13736052 0.13742363 0.13748674
 0.13754985 0.13761296 0.13767607 0.13773917 0.13780228 0.13786539
 0.1379285  0.13799161 0.13805472 0.13811783 0.13818094 0.13824405
 0.13830716 0.13837027 0.13843337 0.13849648 0.13855959 0.1386227
 0.13868581 0.13874892 0.13881203 0.13887514 0.13893825 0.13900136
 0.13906447 0.13912757 0.13919068 0.13925379 0.1393169  0.13938001
 0.13944312 0.13950623 0.13956934 0.13963245 0.13969556 0.13975867
 0.13982177 0.13988488 0.13994799 0.1400111  0.14007421 0.14013732
 0.14020043 0.14026354 0.14032665 0.14038976 0.14045287 0.14051597
 0.14057908 0.14064219 0.1407053  0.14076841 0.14083152 0.14089463
 0.14095774 0.14102085 0.14108396 0.14114707 0.14121018 0.14127328
 0.14133639 0.1413995  0.14146261 0.14152572 0.14158883 0.14165194
 0.14171505 0.14177816 0.14184127 0.14190438 0.14196748 0.14203059
 0.1420937  0.14215681 0.14221992 0.14228303 0.14234614 0.14240925
 0.14247236 0.14253547 0.14259858 0.14266168 0.14272479 0.1427879
 0.14285101 0.14291412 0.14297723 0.14304034 0.14310345 0.14316656
 0.14322967 0.14329278 0.14335588 0.14341899 0.1434821  0.14354521
 0.14360832 0.14367143 0.14373454 0.14379765 0.14386076 0.14392387
 0.14398698 0.14405009 0.14411319 0.1441763  0.14423941 0.14430252
 0.14436563 0.14442874 0.14449185 0.14455496 0.14461807 0.14468118
 0.14474429 0.14480739 0.1448705  0.14493361 0.14499672 0.14505983
 0.14512294 0.14518605 0.14524916 0.14531227 0.14537538 0.14543849
 0.14550159 0.1455647  0.14562781 0.14569092 0.14575403 0.14581714
 0.14588025 0.14594336 0.14600647 0.14606958 0.14613269 0.14619579
 0.1462589  0.14632201 0.14638512 0.14644823 0.14651134 0.14657445
 0.14663756 0.14670067 0.14676378 0.14682689 0.14688999 0.1469531
 0.14701621 0.14707932 0.14714243 0.14720554 0.14726865 0.14733176
 0.14739487 0.14745798 0.14752109 0.1475842  0.1476473  0.14771041
 0.14777352 0.14783663 0.14789974 0.14796285 0.14802596 0.14808907
 0.14815218 0.14821529 0.1482784  0.1483415  0.14840461 0.14846772
 0.14853083 0.14859394 0.14865705 0.14872016 0.14878327 0.14884638
 0.14890949 0.1489726  0.1490357  0.14909881 0.14916192 0.14922503
 0.14928814 0.14935125 0.14941436 0.14947747 0.14954058 0.14960369
 0.1496668  0.1497299  0.14979301 0.14985612 0.14991923 0.14998234
 0.15004545 0.15010856 0.15017167 0.15023478 0.15029789 0.150361
 0.15042411 0.15048721 0.15055032 0.15061343 0.15067654 0.15073965
 0.15080276 0.15086587 0.15092898 0.15099209 0.1510552  0.15111831
 0.15118141 0.15124452 0.15130763 0.15137074 0.15143385 0.15149696
 0.15156007 0.15162318 0.15168629 0.1517494  0.15181251 0.15187561
 0.15193872 0.15200183 0.15206494 0.15212805 0.15219116 0.15225427
 0.15231738 0.15238049 0.1524436  0.15250671 0.15256981 0.15263292
 0.15269603 0.15275914 0.15282225 0.15288536 0.15294847 0.15301158
 0.15307469 0.1531378  0.15320091 0.15326402 0.15332712 0.15339023
 0.15345334 0.15351645 0.15357956 0.15364267 0.15370578 0.15376889
 0.153832   0.15389511 0.15395822 0.15402132 0.15408443 0.15414754
 0.15421065 0.15427376 0.15433687 0.15439998 0.15446309 0.1545262
 0.15458931 0.15465242 0.15471552 0.15477863 0.15484174 0.15490485
 0.15496796 0.15503107 0.15509418 0.15515729 0.1552204  0.15528351
 0.15534662 0.15540972 0.15547283 0.15553594 0.15559905 0.15566216
 0.15572527 0.15578838 0.15585149 0.1559146  0.15597771 0.15604082
 0.15610392 0.15616703 0.15623014 0.15629325 0.15635636 0.15641947
 0.15648258 0.15654569 0.1566088  0.15667191 0.15673502 0.15679813
 0.15686123 0.15692434 0.15698745 0.15705056 0.15711367 0.15717678
 0.15723989 0.157303   0.15736611 0.15742922 0.15749233 0.15755543
 0.15761854 0.15768165 0.15774476 0.15780787 0.15787098 0.15793409
 0.1579972  0.15806031 0.15812342 0.15818653 0.15824963 0.15831274
 0.15837585 0.15843896 0.15850207 0.15856518 0.15862829 0.1586914
 0.15875451 0.15881762 0.15888073 0.15894383 0.15900694 0.15907005
 0.15913316 0.15919627 0.15925938 0.15932249 0.1593856  0.15944871
 0.15951182 0.15957493 0.15963804 0.15970114 0.15976425 0.15982736
 0.15989047 0.15995358 0.16001669 0.1600798  0.16014291 0.16020602
 0.16026913 0.16033224 0.16039534 0.16045845 0.16052156 0.16058467
 0.16064778 0.16071089 0.160774   0.16083711 0.16090022 0.16096333
 0.16102644 0.16108954 0.16115265 0.16121576 0.16127887 0.16134198
 0.16140509 0.1614682  0.16153131 0.16159442 0.16165753 0.16172064
 0.16178374 0.16184685 0.16190996 0.16197307 0.16203618 0.16209929
 0.1621624  0.16222551 0.16228862 0.16235173 0.16241484 0.16247794
 0.16254105 0.16260416 0.16266727 0.16273038 0.16279349 0.1628566
 0.16291971 0.16298282 0.16304593 0.16310904 0.16317215 0.16323525
 0.16329836 0.16336147 0.16342458 0.16348769 0.1635508  0.16361391
 0.16367702 0.16374013 0.16380324 0.16386635 0.16392945 0.16399256
 0.16405567 0.16411878 0.16418189 0.164245  ]","[0.12430848 0.12649228 0.12870989 0.13096175 0.13324829 0.13556995
 0.13792719 0.14032045 0.14275019 0.14521686 0.14772093 0.15026286
 0.15284313 0.1554622  0.15812056 0.16081869 0.16355707 0.1663362
 0.16915656 0.17201866 0.174923   0.17787008 0.18086041 0.18389451
 0.1869729  0.19009609 0.19326462 0.19647901 0.19973979 0.20304751
 0.2064027  0.20980591 0.21325768 0.21675858 0.22030916 0.22390997
 0.22756159 0.23126458 0.23501951 0.23882696 0.2426875  0.24660173
 0.25057022 0.25459357 0.25867237 0.26280721 0.26699871 0.27124746
 0.27555407 0.27991916 0.28434333 0.28882721 0.29337142 0.29797659
 0.30264333 0.30737229 0.3121641  0.31701939 0.32193882 0.32692301
 0.33197263 0.33708831 0.34227072 0.34752051 0.35283834 0.35822487
 0.36368077 0.3692067  0.37480333 0.38047134 0.3862114  0.3920242
 0.3979104  0.40387069 0.40990576 0.4160163  0.42220299 0.42846653
 0.43480761 0.44122692 0.44772516 0.45430303 0.46096124 0.46770049
 0.47452147 0.4814249  0.48841148 0.49548193 0.50263695 0.50987725
 0.51720355 0.52461656 0.53211699 0.53970556 0.54738299 0.55514999
 0.56300729 0.57095559 0.57899562 0.58712809 0.59535373 0.60367326
 0.61208739 0.62059684 0.62920233 0.63790458 0.64670431 0.65560224
 0.66459908 0.67369555 0.68289236 0.69219024 0.70158989 0.71109203
 0.72069736 0.7304066  0.74022046 0.75013964 0.76016484 0.77029678
 0.78053615 0.79088364 0.80133997 0.81190581 0.82258187 0.83336882
 0.84426737 0.85527818 0.86640194 0.87763933 0.88899102 0.90045768
 0.91203998 0.92373858 0.93555413 0.9474873  0.95953873 0.97170907
 0.98399897 0.99640905 1.00893995 1.0215923  1.03436672 1.04726382
 1.06028423 1.07342854 1.08669735 1.10009126 1.11361086 1.12725673
 1.14102944 1.15492957 1.16895768 1.18311432 1.19740004 1.21181539
 1.2263609  1.24103709 1.25584449 1.2707836  1.28585493 1.30105898
 1.31639623 1.33186716 1.34747225 1.36321194 1.3790867  1.39509697
 1.41124318 1.42752576 1.44394512 1.46050166 1.47719579 1.49402788
 1.5109983  1.52810744 1.54535563 1.56274321 1.58027053 1.5979379
 1.61574563 1.63369401 1.65178334 1.67001388 1.68838589 1.70689964
 1.72555534 1.74435324 1.76329353 1.78237643 1.80160211 1.82097074
 1.84048249 1.8601375  1.8799359  1.89987782 1.91996335 1.94019259
 1.9605656  1.98108246 2.0017432  2.02254786 2.04349646 2.06458899
 2.08582544 2.10720578 2.12872997 2.15039794 2.17220961 2.1941649
 2.2162637  2.23850587 2.26089127 2.28341975 2.30609113 2.32890522
 2.3518618  2.37496065 2.39820152 2.42158415 2.44510826 2.46877355
 2.49257971 2.5165264  2.54061327 2.56483995 2.58920604 2.61371115
 2.63835485 2.66313668 2.68805619 2.71311289 2.73830629 2.76363585
 2.78910104 2.8147013  2.84043605 2.86630469 2.89230659 2.91844113
 2.94470764 2.97110544 2.99763383 3.0242921  3.0510795  3.07799527
 3.10503864 3.1322088  3.15950494 3.1869262  3.21447174 3.24214065
 3.26993205 3.297845   3.32587857 3.35403177 3.38230363 3.41069314
 3.43919927 3.46782096 3.49655714 3.52540673 3.55436861 3.58344164
 3.61262467 3.64191651 3.67131598 3.70082185 3.73043288 3.7601478
 3.78996534 3.8198842  3.84990303 3.88002051 3.91023526 3.94054589
 3.97095099 4.00144913 4.03203887 4.06271872 4.0934872  4.12434279
 4.15528395 4.18630914 4.21741677 4.24860525 4.27987296 4.31121827
 4.34263951 4.37413501 4.40570307 4.43734198 4.46904999 4.50082534
 4.53266627 4.56457097 4.59653763 4.6285644  4.66064945 4.69279088
 4.72498682 4.75723534 4.78953452 4.8218824  4.85427702 4.8867164
 4.91919853 4.95172139 4.98428294 5.01688111 5.04951385 5.08217905
 5.11487461 5.14759841 5.18034829 5.2131221  5.24591767 5.27873281
 5.31156531 5.34441294 5.37727347 5.41014465 5.44302421 5.47590986
 5.50879932 5.54169026 5.57458037 5.60746729 5.64034869 5.6732222
 5.70608543 5.738936   5.77177151 5.80458952 5.83738763 5.87016338
 5.90291433 5.93563802 5.96833196 6.00099369 6.0336207  6.0662105
 6.09876056 6.13126837 6.16373139 6.19614709 6.22851292 6.26082631
 6.29308472 6.32528555 6.35742624 6.3895042  6.42151684 6.45346156
 6.48533576 6.51713682 6.54886214 6.58050909 6.61207506 6.6435574
 6.6749535  6.70626072 6.73747642 6.76859797 6.79962271 6.83054801
 6.86137122 6.8920897  6.92270079 6.95320185 6.98359023 7.01386329
 7.04401838 7.07405285 7.10396406 7.13374937 7.16340613 7.19293172
 7.22232349 7.25157882 7.28069508 7.30966964 7.33849989 7.36718322
 7.39571702 7.42409868 7.45232561 7.48039522 7.50830493 7.53605217
 7.56363436 7.59104895 7.61829338 7.64536512 7.67226164 7.6989804
 7.7255189  7.75187463 7.7780451  7.80402784 7.82982038 7.85542025
 7.88082501 7.90603224 7.93103951 7.95584442 7.98044458 8.00483761
 8.02902115 8.05299285 8.07675039 8.10029145 8.12361373 8.14671494
 8.16959282 8.19224513 8.21466963 8.23686411 8.25882637 8.28055425
 8.30204558 8.32329823 8.34431009 8.36507905 8.38560303 8.40588
 8.4259079  8.44568474 8.46520851 8.48447725 8.50348902 8.52224189
 8.54073397 8.55896337 8.57692825 8.59462678 8.61205715 8.62921759
 8.64610635 8.66272169 8.67906191 8.69512535 8.71091034 8.72641526
 8.74163853 8.75657856 8.77123382 8.78560279 8.79968399 8.81347595
 8.82697725 8.84018649 8.85310229 8.86572332 8.87804825 8.8900758
 8.90180472 8.91323378 8.9243618  8.9351876  8.94571005 8.95592806
 8.96584054 8.97544647 8.98474482 8.99373463 9.00241495 9.01078487
 9.0188435  9.02658999 9.03402354 9.04114335 9.04794868 9.0544388
 9.06061304 9.06647073 9.07201127 9.07723405 9.08213854 9.08672421
 9.09099057 9.09493718 9.09856362 9.1018695  9.10485447 9.10751821
 9.10986045 9.11188093 9.11357944 9.1149558  9.11600987 9.11674152
 9.1171507  9.11723734 9.11700144 9.11644303 9.11556216 9.11435894
 9.11283348 9.11098595 9.10881655 9.1063255  9.10351307 9.10037955
 9.09692529 9.09315064 9.08905601 9.08464183 9.07990856 9.07485671
 9.06948681 9.06379944 9.05779518 9.05147469 9.04483861 9.03788766
 9.03062257 9.02304411 9.01515307 9.00695028 8.99843661 8.98961296
 8.98048025 8.97103944 8.96129153 8.95123753 8.94087851 8.93021554
 8.91924974 8.90798227 8.89641429 8.88454703 8.8723817  8.85991959
 8.84716199 8.83411023 8.82076567 8.80712968 8.7932037  8.77898915
 8.76448751 8.74970028 8.73462899 8.71927518 8.70364046 8.68772641
 8.67153469 8.65506694 8.63832486 8.62131017 8.60402459 8.58646991
 8.5686479  8.55056038 8.53220919 8.5135962  8.49472328 8.47559235
 8.45620535 8.43656423 8.41667096 8.39652755 8.37613602 8.35549842
 8.3346168  8.31349325 8.29212988 8.27052882 8.24869221 8.22662222
 8.20432102 8.18179083 8.15903385 8.13605234 8.11284855 8.08942475
 8.06578322 8.04192629 8.01785626 7.99357549 7.96908631 7.94439111
 7.91949226 7.89439216 7.86909322 7.84359786 7.81790853 7.79202767
 7.76595775 7.73970124 7.71326062 7.68663839 7.65983706 7.63285915
 7.60570718 7.57838368 7.55089122 7.52323233 7.49540959 7.46742557
 7.43928283 7.41098398 7.38253159 7.35392827 7.32517663 7.29627927
 7.26723881 7.23805788 7.20873908 7.17928506 7.14969844 7.11998186
 7.09013797 7.06016939 7.03007877 6.99986876 6.96954201 6.93910115
 6.90854884 6.87788773 6.84712046 6.81624968 6.78527803 6.75420816
 6.72304272 6.69178434 6.66043566 6.62899933 6.59747796 6.56587419
 6.53419065 6.50242995 6.47059472 6.43868757 6.40671109 6.3746679
 6.34256059 6.31039175 6.27816395 6.24587978 6.21354181 6.18115258
 6.14871467 6.1162306  6.08370293 6.05113417 6.01852684 5.98588345
 5.9532065  5.92049849 5.88776188 5.85499914 5.82221274 5.78940512
 5.75657871 5.72373594 5.69087921 5.65801093 5.62513347 5.59224922
 5.55936053 5.52646975 5.49357921 5.46069122 5.42780811 5.39493214
 5.36206561 5.32921077 5.29636986 5.26354512 5.23073877 5.19795299
 5.16518998 5.13245191 5.09974091 5.06705914 5.0344087  5.0017917
 4.96921021 4.93666631 4.90416205 4.87169946 4.83928054 4.8069073
 4.77458171 4.74230573 4.71008131 4.67791036 4.64579478 4.61373647
 4.58173729 4.54979907 4.51792366 4.48611285 4.45436844 4.42269219
 4.39108586 4.35955116 4.32808982 4.29670351 4.2653939  4.23416265
 4.20301139 4.17194171 4.14095521 4.11005345 4.07923799 4.04851033
 4.017872   3.98732446 3.9568692  3.92650764 3.8962412  3.8660713
 3.8359993  3.80602656 3.77615443 3.74638421 3.71671721 3.68715469
 3.6576979  3.62834809 3.59910645 3.56997418 3.54095245 3.51204239
 3.48324514 3.45456181 3.42599346 3.39754117 3.36920598 3.3409889
 3.31289094 3.28491307 3.25705625 3.22932142 3.20170949 3.17422135
 3.14685789 3.11961994 3.09250835 3.06552393 3.03866747 3.01193973
 2.98534147 2.95887342 2.93253629 2.90633077 2.88025753 2.85431722
 2.82851047 2.80283788 2.77730005 2.75189756 2.72663094 2.70150074
 2.67650746 2.6516516  2.62693364 2.60235402 2.57791319 2.55361156
 2.52944953 2.50542748 2.48154578 2.45780477 2.43420477 2.4107461
 2.38742903 2.36425385 2.34122081 2.31833014 2.29558207 2.27297679
 2.2505145  2.22819536 2.20601952 2.18398712 2.16209827 2.14035309
 2.11875165 2.09729402 2.07598026 2.0548104  2.03378448 2.01290249
 1.99216443 1.97157028 1.95111999 1.93081352 1.9106508  1.89063174
 1.87075624 1.85102421 1.83143551 1.81199001 1.79268755 1.77352797
 1.75451109 1.73563672 1.71690465 1.69831466 1.67986653 1.66156002
 1.64339486 1.62537079 1.60748753 1.58974479 1.57214227 1.55467966
 1.53735662 1.52017282 1.50312792 1.48622155 1.46945336 1.45282295
 1.43632994 1.41997393 1.4037545  1.38767126 1.37172375 1.35591154
 1.3402342  1.32469125 1.30928224 1.29400669 1.27886412 1.26385403
 1.24897593 1.23422932 1.21961367 1.20512846 1.19077316 1.17654724
 1.16245015 1.14848133 1.13464024 1.12092629 1.10733893 1.09387756
 1.08054161 1.06733049 1.05424359 1.04128032 1.02844007 1.01572221
 1.00312614 0.99065123 0.97829685 0.96606236 0.95394712 0.9419505
 0.93007183 0.91831048 0.90666579 0.89513708 0.88372371 0.872425
 0.86124027 0.85016886 0.83921009 0.82836327 0.81762772 0.80700275
 0.79648767 0.78608179 0.77578442 0.76559486 0.7555124  0.74553634
 0.73566599 0.72590063 0.71623956 0.70668207 0.69722745 0.68787499
 0.67862396 0.66947367 0.6604234  0.65147242 0.64262002 0.63386549
 0.6252081  0.61664714 0.60818189 0.59981163 0.59153564 0.58335321
 0.5752636  0.56726611 0.55936001 0.55154459 0.54381913 0.5361829
 0.52863521 0.52117532 0.51380253 0.50651611 0.49931536 0.49219957
 0.48516802 0.47822    0.47135481 0.46457174 0.45787009 0.45124914
 0.4447082  0.43824657 0.43186355 0.42555844 0.41933055 0.41317919
 0.40710366 0.40110328 0.39517735 0.38932521 0.38354616 0.37783952
 0.37220463 0.36664079 0.36114736 0.35572364 0.35036899 0.34508273
 0.3398642  0.33471275 0.32962772 0.32460845 0.31965431 0.31476465
 0.30993881 0.30517616 0.30047607 0.2958379  0.29126103 0.28674481
 0.28228864 0.27789188 0.27355393 0.26927417 0.26505199 0.26088678
 0.25677795 0.25272488 0.24872699 0.24478369 0.24089438 0.23705847
 0.2332754  0.22954458 0.22586543 0.2222374  0.2186599  0.21513238
 0.21165428 0.20822505 0.20484413 0.20151097 0.19822504 0.19498579
 0.19179269 0.18864521 0.18554282 0.18248499 0.17947121 0.17650095
 0.17357371 0.17068899 0.16784626 0.16504505 0.16228484 0.15956514
 0.15688548 0.15424536 0.1516443  0.14908183 0.14655748 0.14407077
 0.14162125 0.13920845 0.13683192 0.1344912  0.13218584 0.1299154
 0.12767945 0.12547754 0.12330924 0.12117412 0.11907176 0.11700173
 0.11496363 0.11295703 0.11098153 0.10903672 0.1071222  0.10523758
 0.10338245 0.10155643 0.09975914 0.09799019]",restricted_age_optimal,True,True,True,10,3,"constraints_[2, 3, 4]_remained",-125.98911579486102,-128.14988164905992,-123.82834994066214,1.102451816075568,-2.0559704032768455,-2.091231152720293,-2.0207096538333973,0.017990508867295574,-2.0559285537337515,-2.09118858544009,-2.020668522027412,0.017990142668164046,0.0730062867268395,0.06961110785015406,0.0765267782718146,0.0017640305928978246,large,125.98911579486116,123.82834994066228,128.14988164906006,1.1024518160755683,2.0559704032768478,2.0207096538334,2.0912311527202956,0.017990508867295578,2.0559285537337537,2.0206685220274148,2.0911885854400927,0.01799014266816405,0.9269937132731607,0.9234732217281857,0.9303888921498462,0.0017640305928978209
0.814748,0.891513,0.86636,0.0114467444414034,715,99.99999999999996,"[0.814748   0.81722429 0.81970058 0.82217687 0.82465316 0.82712945
 0.82960574 0.83208203 0.83455832 0.83703461 0.8395109  0.84198719
 0.84446348 0.84693977 0.84941606 0.85189235 0.85436865 0.85684494
 0.85932123 0.86179752 0.86427381 0.8667501  0.86922639 0.87170268
 0.87417897 0.87665526 0.87913155 0.88160784 0.88408413 0.88656042
 0.88903671 0.891513  ]","[0.13986014 0.         0.13986014 0.         0.27972028 0.
 0.6993007  0.         0.55944056 0.55944056 1.25874126 0.83916084
 1.25874126 3.35664336 3.07692308 4.33566434 4.75524476 5.31468531
 8.25174825 7.55244755 9.23076923 9.09090909 9.37062937 7.97202797
 5.87412587 6.71328671 3.77622378 2.93706294 1.53846154 0.83916084
 0.27972028]",0.0025,31,normal,0.8652796559440561,"[0.814748   0.81482484 0.81490168 0.81497853 0.81505537 0.81513221
 0.81520905 0.81528589 0.81536273 0.81543958 0.81551642 0.81559326
 0.8156701  0.81574694 0.81582379 0.81590063 0.81597747 0.81605431
 0.81613115 0.81620799 0.81628484 0.81636168 0.81643852 0.81651536
 0.8165922  0.81666905 0.81674589 0.81682273 0.81689957 0.81697641
 0.81705326 0.8171301  0.81720694 0.81728378 0.81736062 0.81743746
 0.81751431 0.81759115 0.81766799 0.81774483 0.81782167 0.81789852
 0.81797536 0.8180522  0.81812904 0.81820588 0.81828272 0.81835957
 0.81843641 0.81851325 0.81859009 0.81866693 0.81874378 0.81882062
 0.81889746 0.8189743  0.81905114 0.81912798 0.81920483 0.81928167
 0.81935851 0.81943535 0.81951219 0.81958904 0.81966588 0.81974272
 0.81981956 0.8198964  0.81997325 0.82005009 0.82012693 0.82020377
 0.82028061 0.82035745 0.8204343  0.82051114 0.82058798 0.82066482
 0.82074166 0.82081851 0.82089535 0.82097219 0.82104903 0.82112587
 0.82120271 0.82127956 0.8213564  0.82143324 0.82151008 0.82158692
 0.82166377 0.82174061 0.82181745 0.82189429 0.82197113 0.82204797
 0.82212482 0.82220166 0.8222785  0.82235534 0.82243218 0.82250903
 0.82258587 0.82266271 0.82273955 0.82281639 0.82289324 0.82297008
 0.82304692 0.82312376 0.8232006  0.82327744 0.82335429 0.82343113
 0.82350797 0.82358481 0.82366165 0.8237385  0.82381534 0.82389218
 0.82396902 0.82404586 0.8241227  0.82419955 0.82427639 0.82435323
 0.82443007 0.82450691 0.82458376 0.8246606  0.82473744 0.82481428
 0.82489112 0.82496796 0.82504481 0.82512165 0.82519849 0.82527533
 0.82535217 0.82542902 0.82550586 0.8255827  0.82565954 0.82573638
 0.82581323 0.82589007 0.82596691 0.82604375 0.82612059 0.82619743
 0.82627428 0.82635112 0.82642796 0.8265048  0.82658164 0.82665849
 0.82673533 0.82681217 0.82688901 0.82696585 0.82704269 0.82711954
 0.82719638 0.82727322 0.82735006 0.8274269  0.82750375 0.82758059
 0.82765743 0.82773427 0.82781111 0.82788795 0.8279648  0.82804164
 0.82811848 0.82819532 0.82827216 0.82834901 0.82842585 0.82850269
 0.82857953 0.82865637 0.82873322 0.82881006 0.8288869  0.82896374
 0.82904058 0.82911742 0.82919427 0.82927111 0.82934795 0.82942479
 0.82950163 0.82957848 0.82965532 0.82973216 0.829809   0.82988584
 0.82996268 0.83003953 0.83011637 0.83019321 0.83027005 0.83034689
 0.83042374 0.83050058 0.83057742 0.83065426 0.8307311  0.83080794
 0.83088479 0.83096163 0.83103847 0.83111531 0.83119215 0.831269
 0.83134584 0.83142268 0.83149952 0.83157636 0.83165321 0.83173005
 0.83180689 0.83188373 0.83196057 0.83203741 0.83211426 0.8321911
 0.83226794 0.83234478 0.83242162 0.83249847 0.83257531 0.83265215
 0.83272899 0.83280583 0.83288267 0.83295952 0.83303636 0.8331132
 0.83319004 0.83326688 0.83334373 0.83342057 0.83349741 0.83357425
 0.83365109 0.83372793 0.83380478 0.83388162 0.83395846 0.8340353
 0.83411214 0.83418899 0.83426583 0.83434267 0.83441951 0.83449635
 0.8345732  0.83465004 0.83472688 0.83480372 0.83488056 0.8349574
 0.83503425 0.83511109 0.83518793 0.83526477 0.83534161 0.83541846
 0.8354953  0.83557214 0.83564898 0.83572582 0.83580266 0.83587951
 0.83595635 0.83603319 0.83611003 0.83618687 0.83626372 0.83634056
 0.8364174  0.83649424 0.83657108 0.83664792 0.83672477 0.83680161
 0.83687845 0.83695529 0.83703213 0.83710898 0.83718582 0.83726266
 0.8373395  0.83741634 0.83749319 0.83757003 0.83764687 0.83772371
 0.83780055 0.83787739 0.83795424 0.83803108 0.83810792 0.83818476
 0.8382616  0.83833845 0.83841529 0.83849213 0.83856897 0.83864581
 0.83872265 0.8387995  0.83887634 0.83895318 0.83903002 0.83910686
 0.83918371 0.83926055 0.83933739 0.83941423 0.83949107 0.83956791
 0.83964476 0.8397216  0.83979844 0.83987528 0.83995212 0.84002897
 0.84010581 0.84018265 0.84025949 0.84033633 0.84041318 0.84049002
 0.84056686 0.8406437  0.84072054 0.84079738 0.84087423 0.84095107
 0.84102791 0.84110475 0.84118159 0.84125844 0.84133528 0.84141212
 0.84148896 0.8415658  0.84164264 0.84171949 0.84179633 0.84187317
 0.84195001 0.84202685 0.8421037  0.84218054 0.84225738 0.84233422
 0.84241106 0.8424879  0.84256475 0.84264159 0.84271843 0.84279527
 0.84287211 0.84294896 0.8430258  0.84310264 0.84317948 0.84325632
 0.84333317 0.84341001 0.84348685 0.84356369 0.84364053 0.84371737
 0.84379422 0.84387106 0.8439479  0.84402474 0.84410158 0.84417843
 0.84425527 0.84433211 0.84440895 0.84448579 0.84456263 0.84463948
 0.84471632 0.84479316 0.84487    0.84494684 0.84502369 0.84510053
 0.84517737 0.84525421 0.84533105 0.84540789 0.84548474 0.84556158
 0.84563842 0.84571526 0.8457921  0.84586895 0.84594579 0.84602263
 0.84609947 0.84617631 0.84625316 0.84633    0.84640684 0.84648368
 0.84656052 0.84663736 0.84671421 0.84679105 0.84686789 0.84694473
 0.84702157 0.84709842 0.84717526 0.8472521  0.84732894 0.84740578
 0.84748262 0.84755947 0.84763631 0.84771315 0.84778999 0.84786683
 0.84794368 0.84802052 0.84809736 0.8481742  0.84825104 0.84832788
 0.84840473 0.84848157 0.84855841 0.84863525 0.84871209 0.84878894
 0.84886578 0.84894262 0.84901946 0.8490963  0.84917315 0.84924999
 0.84932683 0.84940367 0.84948051 0.84955735 0.8496342  0.84971104
 0.84978788 0.84986472 0.84994156 0.85001841 0.85009525 0.85017209
 0.85024893 0.85032577 0.85040261 0.85047946 0.8505563  0.85063314
 0.85070998 0.85078682 0.85086367 0.85094051 0.85101735 0.85109419
 0.85117103 0.85124787 0.85132472 0.85140156 0.8514784  0.85155524
 0.85163208 0.85170893 0.85178577 0.85186261 0.85193945 0.85201629
 0.85209314 0.85216998 0.85224682 0.85232366 0.8524005  0.85247734
 0.85255419 0.85263103 0.85270787 0.85278471 0.85286155 0.8529384
 0.85301524 0.85309208 0.85316892 0.85324576 0.8533226  0.85339945
 0.85347629 0.85355313 0.85362997 0.85370681 0.85378366 0.8538605
 0.85393734 0.85401418 0.85409102 0.85416786 0.85424471 0.85432155
 0.85439839 0.85447523 0.85455207 0.85462892 0.85470576 0.8547826
 0.85485944 0.85493628 0.85501313 0.85508997 0.85516681 0.85524365
 0.85532049 0.85539733 0.85547418 0.85555102 0.85562786 0.8557047
 0.85578154 0.85585839 0.85593523 0.85601207 0.85608891 0.85616575
 0.85624259 0.85631944 0.85639628 0.85647312 0.85654996 0.8566268
 0.85670365 0.85678049 0.85685733 0.85693417 0.85701101 0.85708785
 0.8571647  0.85724154 0.85731838 0.85739522 0.85747206 0.85754891
 0.85762575 0.85770259 0.85777943 0.85785627 0.85793312 0.85800996
 0.8580868  0.85816364 0.85824048 0.85831732 0.85839417 0.85847101
 0.85854785 0.85862469 0.85870153 0.85877838 0.85885522 0.85893206
 0.8590089  0.85908574 0.85916258 0.85923943 0.85931627 0.85939311
 0.85946995 0.85954679 0.85962364 0.85970048 0.85977732 0.85985416
 0.859931   0.86000784 0.86008469 0.86016153 0.86023837 0.86031521
 0.86039205 0.8604689  0.86054574 0.86062258 0.86069942 0.86077626
 0.86085311 0.86092995 0.86100679 0.86108363 0.86116047 0.86123731
 0.86131416 0.861391   0.86146784 0.86154468 0.86162152 0.86169837
 0.86177521 0.86185205 0.86192889 0.86200573 0.86208257 0.86215942
 0.86223626 0.8623131  0.86238994 0.86246678 0.86254363 0.86262047
 0.86269731 0.86277415 0.86285099 0.86292783 0.86300468 0.86308152
 0.86315836 0.8632352  0.86331204 0.86338889 0.86346573 0.86354257
 0.86361941 0.86369625 0.8637731  0.86384994 0.86392678 0.86400362
 0.86408046 0.8641573  0.86423415 0.86431099 0.86438783 0.86446467
 0.86454151 0.86461836 0.8646952  0.86477204 0.86484888 0.86492572
 0.86500256 0.86507941 0.86515625 0.86523309 0.86530993 0.86538677
 0.86546362 0.86554046 0.8656173  0.86569414 0.86577098 0.86584782
 0.86592467 0.86600151 0.86607835 0.86615519 0.86623203 0.86630888
 0.86638572 0.86646256 0.8665394  0.86661624 0.86669309 0.86676993
 0.86684677 0.86692361 0.86700045 0.86707729 0.86715414 0.86723098
 0.86730782 0.86738466 0.8674615  0.86753835 0.86761519 0.86769203
 0.86776887 0.86784571 0.86792255 0.8679994  0.86807624 0.86815308
 0.86822992 0.86830676 0.86838361 0.86846045 0.86853729 0.86861413
 0.86869097 0.86876781 0.86884466 0.8689215  0.86899834 0.86907518
 0.86915202 0.86922887 0.86930571 0.86938255 0.86945939 0.86953623
 0.86961308 0.86968992 0.86976676 0.8698436  0.86992044 0.86999728
 0.87007413 0.87015097 0.87022781 0.87030465 0.87038149 0.87045834
 0.87053518 0.87061202 0.87068886 0.8707657  0.87084254 0.87091939
 0.87099623 0.87107307 0.87114991 0.87122675 0.8713036  0.87138044
 0.87145728 0.87153412 0.87161096 0.8716878  0.87176465 0.87184149
 0.87191833 0.87199517 0.87207201 0.87214886 0.8722257  0.87230254
 0.87237938 0.87245622 0.87253307 0.87260991 0.87268675 0.87276359
 0.87284043 0.87291727 0.87299412 0.87307096 0.8731478  0.87322464
 0.87330148 0.87337833 0.87345517 0.87353201 0.87360885 0.87368569
 0.87376253 0.87383938 0.87391622 0.87399306 0.8740699  0.87414674
 0.87422359 0.87430043 0.87437727 0.87445411 0.87453095 0.87460779
 0.87468464 0.87476148 0.87483832 0.87491516 0.874992   0.87506885
 0.87514569 0.87522253 0.87529937 0.87537621 0.87545306 0.8755299
 0.87560674 0.87568358 0.87576042 0.87583726 0.87591411 0.87599095
 0.87606779 0.87614463 0.87622147 0.87629832 0.87637516 0.876452
 0.87652884 0.87660568 0.87668252 0.87675937 0.87683621 0.87691305
 0.87698989 0.87706673 0.87714358 0.87722042 0.87729726 0.8773741
 0.87745094 0.87752778 0.87760463 0.87768147 0.87775831 0.87783515
 0.87791199 0.87798884 0.87806568 0.87814252 0.87821936 0.8782962
 0.87837305 0.87844989 0.87852673 0.87860357 0.87868041 0.87875725
 0.8788341  0.87891094 0.87898778 0.87906462 0.87914146 0.87921831
 0.87929515 0.87937199 0.87944883 0.87952567 0.87960251 0.87967936
 0.8797562  0.87983304 0.87990988 0.87998672 0.88006357 0.88014041
 0.88021725 0.88029409 0.88037093 0.88044777 0.88052462 0.88060146
 0.8806783  0.88075514 0.88083198 0.88090883 0.88098567 0.88106251
 0.88113935 0.88121619 0.88129304 0.88136988 0.88144672 0.88152356
 0.8816004  0.88167724 0.88175409 0.88183093 0.88190777 0.88198461
 0.88206145 0.8821383  0.88221514 0.88229198 0.88236882 0.88244566
 0.8825225  0.88259935 0.88267619 0.88275303 0.88282987 0.88290671
 0.88298356 0.8830604  0.88313724 0.88321408 0.88329092 0.88336776
 0.88344461 0.88352145 0.88359829 0.88367513 0.88375197 0.88382882
 0.88390566 0.8839825  0.88405934 0.88413618 0.88421303 0.88428987
 0.88436671 0.88444355 0.88452039 0.88459723 0.88467408 0.88475092
 0.88482776 0.8849046  0.88498144 0.88505829 0.88513513 0.88521197
 0.88528881 0.88536565 0.88544249 0.88551934 0.88559618 0.88567302
 0.88574986 0.8858267  0.88590355 0.88598039 0.88605723 0.88613407
 0.88621091 0.88628775 0.8863646  0.88644144 0.88651828 0.88659512
 0.88667196 0.88674881 0.88682565 0.88690249 0.88697933 0.88705617
 0.88713302 0.88720986 0.8872867  0.88736354 0.88744038 0.88751722
 0.88759407 0.88767091 0.88774775 0.88782459 0.88790143 0.88797828
 0.88805512 0.88813196 0.8882088  0.88828564 0.88836248 0.88843933
 0.88851617 0.88859301 0.88866985 0.88874669 0.88882354 0.88890038
 0.88897722 0.88905406 0.8891309  0.88920774 0.88928459 0.88936143
 0.88943827 0.88951511 0.88959195 0.8896688  0.88974564 0.88982248
 0.88989932 0.88997616 0.89005301 0.89012985 0.89020669 0.89028353
 0.89036037 0.89043721 0.89051406 0.8905909  0.89066774 0.89074458
 0.89082142 0.89089827 0.89097511 0.89105195 0.89112879 0.89120563
 0.89128247 0.89135932 0.89143616 0.891513  ]","[5.06179992e-04 5.21393101e-04 5.37039235e-04 5.53129956e-04
 5.69677113e-04 5.86692847e-04 6.04189597e-04 6.22180109e-04
 6.40677438e-04 6.59694962e-04 6.79246381e-04 6.99345730e-04
 7.20007385e-04 7.41246070e-04 7.63076861e-04 7.85515203e-04
 8.08576907e-04 8.32278167e-04 8.56635560e-04 8.81666063e-04
 9.07387054e-04 9.33816325e-04 9.60972089e-04 9.88872991e-04
 1.01753811e-03 1.04698699e-03 1.07723960e-03 1.10831642e-03
 1.14023838e-03 1.17302689e-03 1.20670389e-03 1.24129179e-03
 1.27681355e-03 1.31329265e-03 1.35075310e-03 1.38921947e-03
 1.42871688e-03 1.46927105e-03 1.51090826e-03 1.55365540e-03
 1.59753996e-03 1.64259007e-03 1.68883446e-03 1.73630254e-03
 1.78502436e-03 1.83503065e-03 1.88635283e-03 1.93902301e-03
 1.99307401e-03 2.04853938e-03 2.10545342e-03 2.16385117e-03
 2.22376846e-03 2.28524187e-03 2.34830882e-03 2.41300751e-03
 2.47937700e-03 2.54745717e-03 2.61728877e-03 2.68891345e-03
 2.76237371e-03 2.83771300e-03 2.91497569e-03 2.99420708e-03
 3.07545345e-03 3.15876205e-03 3.24418114e-03 3.33175997e-03
 3.42154886e-03 3.51359917e-03 3.60796332e-03 3.70469484e-03
 3.80384837e-03 3.90547967e-03 4.00964566e-03 4.11640443e-03
 4.22581527e-03 4.33793868e-03 4.45283638e-03 4.57057137e-03
 4.69120792e-03 4.81481159e-03 4.94144928e-03 5.07118922e-03
 5.20410101e-03 5.34025566e-03 5.47972557e-03 5.62258459e-03
 5.76890803e-03 5.91877270e-03 6.07225691e-03 6.22944050e-03
 6.39040488e-03 6.55523306e-03 6.72400965e-03 6.89682090e-03
 7.07375472e-03 7.25490073e-03 7.44035026e-03 7.63019639e-03
 7.82453397e-03 8.02345966e-03 8.22707195e-03 8.43547118e-03
 8.64875960e-03 8.86704136e-03 9.09042256e-03 9.31901129e-03
 9.55291763e-03 9.79225371e-03 1.00371337e-02 1.02876740e-02
 1.05439928e-02 1.08062110e-02 1.10744511e-02 1.13488383e-02
 1.16294998e-02 1.19165651e-02 1.22101661e-02 1.25104372e-02
 1.28175148e-02 1.31315381e-02 1.34526486e-02 1.37809902e-02
 1.41167096e-02 1.44599559e-02 1.48108807e-02 1.51696383e-02
 1.55363859e-02 1.59112830e-02 1.62944922e-02 1.66861787e-02
 1.70865105e-02 1.74956586e-02 1.79137967e-02 1.83411016e-02
 1.87777529e-02 1.92239333e-02 1.96798287e-02 2.01456277e-02
 2.06215223e-02 2.11077077e-02 2.16043820e-02 2.21117468e-02
 2.26300070e-02 2.31593705e-02 2.37000490e-02 2.42522571e-02
 2.48162134e-02 2.53921394e-02 2.59802605e-02 2.65808055e-02
 2.71940069e-02 2.78201007e-02 2.84593267e-02 2.91119283e-02
 2.97781528e-02 3.04582512e-02 3.11524783e-02 3.18610930e-02
 3.25843578e-02 3.33225395e-02 3.40759087e-02 3.48447401e-02
 3.56293124e-02 3.64299086e-02 3.72468158e-02 3.80803254e-02
 3.89307327e-02 3.97983378e-02 4.06834448e-02 4.15863623e-02
 4.25074034e-02 4.34468854e-02 4.44051303e-02 4.53824647e-02
 4.63792196e-02 4.73957308e-02 4.84323386e-02 4.94893882e-02
 5.05672294e-02 5.16662168e-02 5.27867098e-02 5.39290729e-02
 5.50936751e-02 5.62808907e-02 5.74910988e-02 5.87246835e-02
 5.99820342e-02 6.12635450e-02 6.25696155e-02 6.39006503e-02
 6.52570591e-02 6.66392572e-02 6.80476647e-02 6.94827074e-02
 7.09448162e-02 7.24344277e-02 7.39519834e-02 7.54979308e-02
 7.70727225e-02 7.86768168e-02 8.03106775e-02 8.19747739e-02
 8.36695810e-02 8.53955795e-02 8.71532556e-02 8.89431012e-02
 9.07656141e-02 9.26212977e-02 9.45106612e-02 9.64342197e-02
 9.83924939e-02 1.00386010e-01 1.02415302e-01 1.04480907e-01
 1.06583370e-01 1.08723241e-01 1.10901076e-01 1.13117438e-01
 1.15372895e-01 1.17668021e-01 1.20003395e-01 1.22379606e-01
 1.24797244e-01 1.27256908e-01 1.29759203e-01 1.32304739e-01
 1.34894133e-01 1.37528007e-01 1.40206990e-01 1.42931717e-01
 1.45702830e-01 1.48520975e-01 1.51386805e-01 1.54300981e-01
 1.57264166e-01 1.60277034e-01 1.63340261e-01 1.66454531e-01
 1.69620535e-01 1.72838968e-01 1.76110531e-01 1.79435934e-01
 1.82815890e-01 1.86251120e-01 1.89742349e-01 1.93290309e-01
 1.96895739e-01 2.00559382e-01 2.04281989e-01 2.08064316e-01
 2.11907123e-01 2.15811178e-01 2.19777256e-01 2.23806134e-01
 2.27898598e-01 2.32055439e-01 2.36277451e-01 2.40565438e-01
 2.44920206e-01 2.49342568e-01 2.53833343e-01 2.58393354e-01
 2.63023431e-01 2.67724408e-01 2.72497124e-01 2.77342425e-01
 2.82261161e-01 2.87254187e-01 2.92322362e-01 2.97466553e-01
 3.02687629e-01 3.07986464e-01 3.13363939e-01 3.18820937e-01
 3.24358348e-01 3.29977064e-01 3.35677984e-01 3.41462008e-01
 3.47330044e-01 3.53283001e-01 3.59321794e-01 3.65447342e-01
 3.71660566e-01 3.77962392e-01 3.84353751e-01 3.90835574e-01
 3.97408799e-01 4.04074365e-01 4.10833216e-01 4.17686297e-01
 4.24634558e-01 4.31678950e-01 4.38820428e-01 4.46059950e-01
 4.53398474e-01 4.60836963e-01 4.68376381e-01 4.76017694e-01
 4.83761871e-01 4.91609880e-01 4.99562693e-01 5.07621284e-01
 5.15786627e-01 5.24059696e-01 5.32441468e-01 5.40932920e-01
 5.49535031e-01 5.58248777e-01 5.67075139e-01 5.76015094e-01
 5.85069621e-01 5.94239700e-01 6.03526307e-01 6.12930421e-01
 6.22453018e-01 6.32095075e-01 6.41857566e-01 6.51741464e-01
 6.61747741e-01 6.71877368e-01 6.82131313e-01 6.92510541e-01
 7.03016017e-01 7.13648702e-01 7.24409554e-01 7.35299528e-01
 7.46319578e-01 7.57470651e-01 7.68753692e-01 7.80169644e-01
 7.91719443e-01 8.03404022e-01 8.15224310e-01 8.27181230e-01
 8.39275700e-01 8.51508633e-01 8.63880938e-01 8.76393515e-01
 8.89047262e-01 9.01843067e-01 9.14781814e-01 9.27864378e-01
 9.41091630e-01 9.54464431e-01 9.67983635e-01 9.81650090e-01
 9.95464633e-01 1.00942810e+00 1.02354130e+00 1.03780505e+00
 1.05222017e+00 1.06678743e+00 1.08150763e+00 1.09638154e+00
 1.11140992e+00 1.12659353e+00 1.14193311e+00 1.15742940e+00
 1.17308310e+00 1.18889494e+00 1.20486560e+00 1.22099578e+00
 1.23728615e+00 1.25373735e+00 1.27035005e+00 1.28712487e+00
 1.30406243e+00 1.32116334e+00 1.33842819e+00 1.35585755e+00
 1.37345198e+00 1.39121204e+00 1.40913824e+00 1.42723111e+00
 1.44549115e+00 1.46391884e+00 1.48251464e+00 1.50127900e+00
 1.52021235e+00 1.53931512e+00 1.55858768e+00 1.57803043e+00
 1.59764373e+00 1.61742790e+00 1.63738328e+00 1.65751017e+00
 1.67780885e+00 1.69827959e+00 1.71892262e+00 1.73973817e+00
 1.76072645e+00 1.78188762e+00 1.80322186e+00 1.82472930e+00
 1.84641005e+00 1.86826421e+00 1.89029185e+00 1.91249302e+00
 1.93486774e+00 1.95741602e+00 1.98013783e+00 2.00303314e+00
 2.02610186e+00 2.04934391e+00 2.07275917e+00 2.09634749e+00
 2.12010870e+00 2.14404262e+00 2.16814902e+00 2.19242765e+00
 2.21687826e+00 2.24150052e+00 2.26629413e+00 2.29125873e+00
 2.31639394e+00 2.34169936e+00 2.36717455e+00 2.39281904e+00
 2.41863236e+00 2.44461398e+00 2.47076336e+00 2.49707992e+00
 2.52356305e+00 2.55021214e+00 2.57702650e+00 2.60400545e+00
 2.63114828e+00 2.65845422e+00 2.68592251e+00 2.71355231e+00
 2.74134281e+00 2.76929312e+00 2.79740234e+00 2.82566954e+00
 2.85409375e+00 2.88267399e+00 2.91140921e+00 2.94029837e+00
 2.96934038e+00 2.99853411e+00 3.02787841e+00 3.05737210e+00
 3.08701397e+00 3.11680276e+00 3.14673719e+00 3.17681596e+00
 3.20703771e+00 3.23740108e+00 3.26790465e+00 3.29854699e+00
 3.32932661e+00 3.36024201e+00 3.39129166e+00 3.42247399e+00
 3.45378738e+00 3.48523021e+00 3.51680080e+00 3.54849746e+00
 3.58031845e+00 3.61226201e+00 3.64432633e+00 3.67650959e+00
 3.70880993e+00 3.74122544e+00 3.77375421e+00 3.80639426e+00
 3.83914362e+00 3.87200025e+00 3.90496210e+00 3.93802709e+00
 3.97119308e+00 4.00445794e+00 4.03781948e+00 4.07127548e+00
 4.10482371e+00 4.13846187e+00 4.17218768e+00 4.20599878e+00
 4.23989282e+00 4.27386738e+00 4.30792005e+00 4.34204837e+00
 4.37624984e+00 4.41052195e+00 4.44486215e+00 4.47926786e+00
 4.51373647e+00 4.54826536e+00 4.58285186e+00 4.61749328e+00
 4.65218690e+00 4.68692997e+00 4.72171972e+00 4.75655335e+00
 4.79142804e+00 4.82634092e+00 4.86128912e+00 4.89626973e+00
 4.93127983e+00 4.96631645e+00 5.00137662e+00 5.03645733e+00
 5.07155556e+00 5.10666824e+00 5.14179231e+00 5.17692467e+00
 5.21206219e+00 5.24720174e+00 5.28234015e+00 5.31747423e+00
 5.35260078e+00 5.38771657e+00 5.42281836e+00 5.45790289e+00
 5.49296686e+00 5.52800697e+00 5.56301991e+00 5.59800234e+00
 5.63295091e+00 5.66786223e+00 5.70273293e+00 5.73755960e+00
 5.77233883e+00 5.80706718e+00 5.84174121e+00 5.87635746e+00
 5.91091246e+00 5.94540272e+00 5.97982475e+00 6.01417504e+00
 6.04845008e+00 6.08264634e+00 6.11676028e+00 6.15078836e+00
 6.18472703e+00 6.21857271e+00 6.25232186e+00 6.28597089e+00
 6.31951623e+00 6.35295428e+00 6.38628146e+00 6.41949418e+00
 6.45258884e+00 6.48556184e+00 6.51840958e+00 6.55112845e+00
 6.58371486e+00 6.61616521e+00 6.64847588e+00 6.68064328e+00
 6.71266381e+00 6.74453387e+00 6.77624986e+00 6.80780821e+00
 6.83920532e+00 6.87043761e+00 6.90150151e+00 6.93239346e+00
 6.96310989e+00 6.99364724e+00 7.02400198e+00 7.05417058e+00
 7.08414950e+00 7.11393524e+00 7.14352429e+00 7.17291315e+00
 7.20209837e+00 7.23107646e+00 7.25984398e+00 7.28839749e+00
 7.31673358e+00 7.34484884e+00 7.37273987e+00 7.40040332e+00
 7.42783583e+00 7.45503406e+00 7.48199471e+00 7.50871448e+00
 7.53519010e+00 7.56141831e+00 7.58739589e+00 7.61311962e+00
 7.63858634e+00 7.66379287e+00 7.68873609e+00 7.71341288e+00
 7.73782017e+00 7.76195490e+00 7.78581403e+00 7.80939457e+00
 7.83269354e+00 7.85570801e+00 7.87843506e+00 7.90087180e+00
 7.92301539e+00 7.94486300e+00 7.96641185e+00 7.98765918e+00
 8.00860227e+00 8.02923843e+00 8.04956501e+00 8.06957939e+00
 8.08927900e+00 8.10866127e+00 8.12772370e+00 8.14646383e+00
 8.16487922e+00 8.18296746e+00 8.20072621e+00 8.21815315e+00
 8.23524600e+00 8.25200252e+00 8.26842052e+00 8.28449784e+00
 8.30023237e+00 8.31562204e+00 8.33066482e+00 8.34535873e+00
 8.35970183e+00 8.37369221e+00 8.38732803e+00 8.40060748e+00
 8.41352879e+00 8.42609026e+00 8.43829021e+00 8.45012702e+00
 8.46159911e+00 8.47270494e+00 8.48344305e+00 8.49381199e+00
 8.50381038e+00 8.51343687e+00 8.52269019e+00 8.53156909e+00
 8.54007238e+00 8.54819891e+00 8.55594761e+00 8.56331742e+00
 8.57030736e+00 8.57691648e+00 8.58314389e+00 8.58898877e+00
 8.59445031e+00 8.59952779e+00 8.60422051e+00 8.60852785e+00
 8.61244923e+00 8.61598411e+00 8.61913202e+00 8.62189253e+00
 8.62426527e+00 8.62624992e+00 8.62784622e+00 8.62905393e+00
 8.62987291e+00 8.63030304e+00 8.63034427e+00 8.62999658e+00
 8.62926003e+00 8.62813471e+00 8.62662077e+00 8.62471843e+00
 8.62242794e+00 8.61974960e+00 8.61668378e+00 8.61323090e+00
 8.60939141e+00 8.60516585e+00 8.60055477e+00 8.59555880e+00
 8.59017862e+00 8.58441494e+00 8.57826855e+00 8.57174028e+00
 8.56483099e+00 8.55754163e+00 8.54987317e+00 8.54182664e+00
 8.53340313e+00 8.52460376e+00 8.51542972e+00 8.50588222e+00
 8.49596256e+00 8.48567206e+00 8.47501210e+00 8.46398410e+00
 8.45258953e+00 8.44082991e+00 8.42870681e+00 8.41622184e+00
 8.40337667e+00 8.39017299e+00 8.37661257e+00 8.36269720e+00
 8.34842872e+00 8.33380902e+00 8.31884004e+00 8.30352374e+00
 8.28786214e+00 8.27185732e+00 8.25551136e+00 8.23882642e+00
 8.22180468e+00 8.20444838e+00 8.18675978e+00 8.16874119e+00
 8.15039495e+00 8.13172347e+00 8.11272915e+00 8.09341448e+00
 8.07378193e+00 8.05383407e+00 8.03357345e+00 8.01300270e+00
 7.99212445e+00 7.97094139e+00 7.94945624e+00 7.92767173e+00
 7.90559065e+00 7.88321582e+00 7.86055007e+00 7.83759629e+00
 7.81435738e+00 7.79083629e+00 7.76703596e+00 7.74295941e+00
 7.71860965e+00 7.69398973e+00 7.66910274e+00 7.64395176e+00
 7.61853994e+00 7.59287043e+00 7.56694639e+00 7.54077104e+00
 7.51434761e+00 7.48767932e+00 7.46076947e+00 7.43362132e+00
 7.40623820e+00 7.37862343e+00 7.35078036e+00 7.32271235e+00
 7.29442280e+00 7.26591509e+00 7.23719265e+00 7.20825891e+00
 7.17911732e+00 7.14977133e+00 7.12022443e+00 7.09048010e+00
 7.06054184e+00 7.03041316e+00 7.00009758e+00 6.96959864e+00
 6.93891988e+00 6.90806485e+00 6.87703710e+00 6.84584021e+00
 6.81447774e+00 6.78295327e+00 6.75127040e+00 6.71943270e+00
 6.68744377e+00 6.65530720e+00 6.62302660e+00 6.59060557e+00
 6.55804770e+00 6.52535661e+00 6.49253588e+00 6.45958914e+00
 6.42651997e+00 6.39333198e+00 6.36002876e+00 6.32661391e+00
 6.29309102e+00 6.25946367e+00 6.22573545e+00 6.19190993e+00
 6.15799068e+00 6.12398126e+00 6.08988522e+00 6.05570612e+00
 6.02144748e+00 5.98711285e+00 5.95270573e+00 5.91822964e+00
 5.88368808e+00 5.84908453e+00 5.81442246e+00 5.77970533e+00
 5.74493660e+00 5.71011970e+00 5.67525805e+00 5.64035506e+00
 5.60541411e+00 5.57043858e+00 5.53543182e+00 5.50039719e+00
 5.46533800e+00 5.43025756e+00 5.39515916e+00 5.36004606e+00
 5.32492152e+00 5.28978877e+00 5.25465101e+00 5.21951144e+00
 5.18437322e+00 5.14923951e+00 5.11411342e+00 5.07899807e+00
 5.04389652e+00 5.00881184e+00 4.97374707e+00 4.93870520e+00
 4.90368924e+00 4.86870213e+00 4.83374681e+00 4.79882620e+00
 4.76394318e+00 4.72910061e+00 4.69430132e+00 4.65954812e+00
 4.62484379e+00 4.59019107e+00 4.55559271e+00 4.52105138e+00
 4.48656977e+00 4.45215050e+00 4.41779620e+00 4.38350944e+00
 4.34929279e+00 4.31514875e+00 4.28107984e+00 4.24708851e+00
 4.21317720e+00 4.17934832e+00 4.14560424e+00 4.11194730e+00
 4.07837982e+00 4.04490407e+00 4.01152232e+00 3.97823679e+00
 3.94504965e+00 3.91196308e+00 3.87897919e+00 3.84610008e+00
 3.81332781e+00 3.78066441e+00 3.74811189e+00 3.71567221e+00
 3.68334729e+00 3.65113906e+00 3.61904937e+00 3.58708006e+00
 3.55523293e+00 3.52350977e+00 3.49191231e+00 3.46044226e+00
 3.42910129e+00 3.39789104e+00 3.36681313e+00 3.33586914e+00
 3.30506061e+00 3.27438904e+00 3.24385594e+00 3.21346273e+00
 3.18321083e+00 3.15310164e+00 3.12313650e+00 3.09331673e+00
 3.06364361e+00 3.03411840e+00 3.00474233e+00 2.97551658e+00
 2.94644232e+00 2.91752066e+00 2.88875272e+00 2.86013954e+00
 2.83168217e+00 2.80338160e+00 2.77523881e+00 2.74725474e+00
 2.71943029e+00 2.69176634e+00 2.66426375e+00 2.63692333e+00
 2.60974586e+00 2.58273210e+00 2.55588279e+00 2.52919861e+00
 2.50268024e+00 2.47632832e+00 2.45014345e+00 2.42412622e+00
 2.39827718e+00 2.37259685e+00 2.34708573e+00 2.32174429e+00
 2.29657296e+00 2.27157216e+00 2.24674227e+00 2.22208365e+00
 2.19759664e+00 2.17328152e+00 2.14913859e+00 2.12516809e+00
 2.10137024e+00 2.07774525e+00 2.05429330e+00 2.03101452e+00
 2.00790904e+00 1.98497697e+00 1.96221837e+00 1.93963330e+00
 1.91722179e+00 1.89498383e+00 1.87291940e+00 1.85102847e+00
 1.82931096e+00 1.80776680e+00 1.78639585e+00 1.76519800e+00
 1.74417309e+00 1.72332094e+00 1.70264135e+00 1.68213411e+00
 1.66179898e+00 1.64163569e+00 1.62164398e+00 1.60182353e+00
 1.58217404e+00 1.56269517e+00 1.54338655e+00 1.52424782e+00
 1.50527859e+00 1.48647844e+00 1.46784694e+00 1.44938366e+00
 1.43108812e+00 1.41295985e+00 1.39499835e+00 1.37720312e+00
 1.35957362e+00 1.34210931e+00 1.32480964e+00 1.30767403e+00
 1.29070189e+00 1.27389262e+00 1.25724561e+00 1.24076022e+00
 1.22443581e+00 1.20827173e+00 1.19226731e+00 1.17642185e+00
 1.16073468e+00 1.14520509e+00 1.12983235e+00 1.11461574e+00
 1.09955451e+00 1.08464792e+00 1.06989520e+00 1.05529558e+00
 1.04084827e+00 1.02655250e+00 1.01240745e+00 9.98412311e-01
 9.84566267e-01 9.70868489e-01 9.57318139e-01 9.43914373e-01
 9.30656338e-01 9.17543173e-01 9.04574011e-01 8.91747977e-01
 8.79064189e-01 8.66521759e-01 8.54119793e-01 8.41857389e-01
 8.29733642e-01 8.17747640e-01 8.05898464e-01 7.94185193e-01
 7.82606899e-01 7.71162651e-01 7.59851512e-01 7.48672542e-01
 7.37624795e-01 7.26707326e-01 7.15919180e-01 7.05259405e-01
 6.94727042e-01 6.84321131e-01 6.74040707e-01 6.63884807e-01
 6.53852461e-01 6.43942701e-01 6.34154554e-01 6.24487048e-01]",restricted_age_optimal,True,True,True,10,1,constraints_[1]_remained,481.71278039248165,477.5632008438035,485.8623599411598,2.1171713263149172,18.21149860542775,18.05462076194954,18.368376448905952,0.08004118683590049,18.211088642752696,18.05421433078289,18.367962954722493,0.08003938501278969,1.0,1.0,1.0,2.2178706500504045e-38,large,-481.7127803924815,-485.86235994115964,-477.5632008438033,2.117171326314917,-18.211498605427742,-18.368376448905945,-18.054620761949533,0.08004118683590046,-18.21108864275269,-18.367962954722486,-18.054214330782884,0.08003938501278966,3.025142764571126e-38,7.145532195485944e-39,1.2651569066350952e-37,2.217870650050561e-38
0.832679,0.904264,0.8740829999999999,0.0109803338616769,3804,100.0,"[0.832679   0.83514745 0.8376159  0.84008434 0.84255279 0.84502124
 0.84748969 0.84995814 0.85242659 0.85489503 0.85736348 0.85983193
 0.86230038 0.86476883 0.86723728 0.86970572 0.87217417 0.87464262
 0.87711107 0.87957952 0.88204797 0.88451641 0.88698486 0.88945331
 0.89192176 0.89439021 0.89685866 0.8993271  0.90179555 0.904264  ]","[0.05257624 0.07886435 0.05257624 0.2891693  0.446898   0.47318612
 0.893796   1.15667718 1.52471083 2.39221872 3.31230284 4.2849632
 5.20504732 6.49316509 7.8338591  8.59621451 9.12197687 9.12197687
 8.35962145 7.17665615 6.51945321 5.25762355 3.9957939  3.2597266
 2.18191377 1.13038906 0.446898   0.18401682 0.15772871]",0.0025,29,normal,0.8736934324395373,"[0.832679   0.83275066 0.83282231 0.83289397 0.83296563 0.83303728
 0.83310894 0.8331806  0.83325225 0.83332391 0.83339557 0.83346722
 0.83353888 0.83361054 0.83368219 0.83375385 0.83382551 0.83389716
 0.83396882 0.83404048 0.83411213 0.83418379 0.83425545 0.8343271
 0.83439876 0.83447042 0.83454207 0.83461373 0.83468539 0.83475704
 0.8348287  0.83490036 0.83497201 0.83504367 0.83511533 0.83518698
 0.83525864 0.8353303  0.83540195 0.83547361 0.83554527 0.83561692
 0.83568858 0.83576024 0.83583189 0.83590355 0.83597521 0.83604686
 0.83611852 0.83619018 0.83626183 0.83633349 0.83640515 0.8364768
 0.83654846 0.83662012 0.83669177 0.83676343 0.83683509 0.83690674
 0.8369784  0.83705006 0.83712171 0.83719337 0.83726503 0.83733668
 0.83740834 0.83748    0.83755165 0.83762331 0.83769497 0.83776662
 0.83783828 0.83790994 0.83798159 0.83805325 0.83812491 0.83819656
 0.83826822 0.83833988 0.83841153 0.83848319 0.83855485 0.8386265
 0.83869816 0.83876982 0.83884147 0.83891313 0.83898479 0.83905644
 0.8391281  0.83919976 0.83927141 0.83934307 0.83941473 0.83948638
 0.83955804 0.8396297  0.83970135 0.83977301 0.83984467 0.83991632
 0.83998798 0.84005964 0.84013129 0.84020295 0.84027461 0.84034626
 0.84041792 0.84048958 0.84056123 0.84063289 0.84070455 0.8407762
 0.84084786 0.84091952 0.84099117 0.84106283 0.84113449 0.84120614
 0.8412778  0.84134946 0.84142111 0.84149277 0.84156443 0.84163608
 0.84170774 0.8417794  0.84185105 0.84192271 0.84199437 0.84206602
 0.84213768 0.84220934 0.84228099 0.84235265 0.84242431 0.84249596
 0.84256762 0.84263928 0.84271093 0.84278259 0.84285425 0.8429259
 0.84299756 0.84306922 0.84314087 0.84321253 0.84328419 0.84335584
 0.8434275  0.84349916 0.84357081 0.84364247 0.84371413 0.84378578
 0.84385744 0.8439291  0.84400075 0.84407241 0.84414407 0.84421572
 0.84428738 0.84435904 0.84443069 0.84450235 0.84457401 0.84464566
 0.84471732 0.84478897 0.84486063 0.84493229 0.84500394 0.8450756
 0.84514726 0.84521891 0.84529057 0.84536223 0.84543388 0.84550554
 0.8455772  0.84564885 0.84572051 0.84579217 0.84586382 0.84593548
 0.84600714 0.84607879 0.84615045 0.84622211 0.84629376 0.84636542
 0.84643708 0.84650873 0.84658039 0.84665205 0.8467237  0.84679536
 0.84686702 0.84693867 0.84701033 0.84708199 0.84715364 0.8472253
 0.84729696 0.84736861 0.84744027 0.84751193 0.84758358 0.84765524
 0.8477269  0.84779855 0.84787021 0.84794187 0.84801352 0.84808518
 0.84815684 0.84822849 0.84830015 0.84837181 0.84844346 0.84851512
 0.84858678 0.84865843 0.84873009 0.84880175 0.8488734  0.84894506
 0.84901672 0.84908837 0.84916003 0.84923169 0.84930334 0.849375
 0.84944666 0.84951831 0.84958997 0.84966163 0.84973328 0.84980494
 0.8498766  0.84994825 0.85001991 0.85009157 0.85016322 0.85023488
 0.85030654 0.85037819 0.85044985 0.85052151 0.85059316 0.85066482
 0.85073648 0.85080813 0.85087979 0.85095145 0.8510231  0.85109476
 0.85116642 0.85123807 0.85130973 0.85138139 0.85145304 0.8515247
 0.85159636 0.85166801 0.85173967 0.85181133 0.85188298 0.85195464
 0.8520263  0.85209795 0.85216961 0.85224127 0.85231292 0.85238458
 0.85245624 0.85252789 0.85259955 0.85267121 0.85274286 0.85281452
 0.85288618 0.85295783 0.85302949 0.85310115 0.8531728  0.85324446
 0.85331612 0.85338777 0.85345943 0.85353109 0.85360274 0.8536744
 0.85374606 0.85381771 0.85388937 0.85396103 0.85403268 0.85410434
 0.854176   0.85424765 0.85431931 0.85439097 0.85446262 0.85453428
 0.85460594 0.85467759 0.85474925 0.85482091 0.85489256 0.85496422
 0.85503588 0.85510753 0.85517919 0.85525085 0.8553225  0.85539416
 0.85546582 0.85553747 0.85560913 0.85568079 0.85575244 0.8558241
 0.85589576 0.85596741 0.85603907 0.85611073 0.85618238 0.85625404
 0.8563257  0.85639735 0.85646901 0.85654067 0.85661232 0.85668398
 0.85675564 0.85682729 0.85689895 0.85697061 0.85704226 0.85711392
 0.85718558 0.85725723 0.85732889 0.85740055 0.8574722  0.85754386
 0.85761552 0.85768717 0.85775883 0.85783049 0.85790214 0.8579738
 0.85804546 0.85811711 0.85818877 0.85826043 0.85833208 0.85840374
 0.8584754  0.85854705 0.85861871 0.85869037 0.85876202 0.85883368
 0.85890534 0.85897699 0.85904865 0.85912031 0.85919196 0.85926362
 0.85933528 0.85940693 0.85947859 0.85955025 0.8596219  0.85969356
 0.85976522 0.85983687 0.85990853 0.85998019 0.86005184 0.8601235
 0.86019516 0.86026681 0.86033847 0.86041013 0.86048178 0.86055344
 0.8606251  0.86069675 0.86076841 0.86084007 0.86091172 0.86098338
 0.86105504 0.86112669 0.86119835 0.86127001 0.86134166 0.86141332
 0.86148498 0.86155663 0.86162829 0.86169995 0.8617716  0.86184326
 0.86191492 0.86198657 0.86205823 0.86212989 0.86220154 0.8622732
 0.86234486 0.86241651 0.86248817 0.86255983 0.86263148 0.86270314
 0.8627748  0.86284645 0.86291811 0.86298977 0.86306142 0.86313308
 0.86320474 0.86327639 0.86334805 0.86341971 0.86349136 0.86356302
 0.86363468 0.86370633 0.86377799 0.86384965 0.8639213  0.86399296
 0.86406462 0.86413627 0.86420793 0.86427959 0.86435124 0.8644229
 0.86449456 0.86456621 0.86463787 0.86470953 0.86478118 0.86485284
 0.8649245  0.86499615 0.86506781 0.86513947 0.86521112 0.86528278
 0.86535444 0.86542609 0.86549775 0.86556941 0.86564106 0.86571272
 0.86578438 0.86585603 0.86592769 0.86599935 0.866071   0.86614266
 0.86621432 0.86628597 0.86635763 0.86642929 0.86650094 0.8665726
 0.86664426 0.86671591 0.86678757 0.86685923 0.86693088 0.86700254
 0.8670742  0.86714585 0.86721751 0.86728917 0.86736082 0.86743248
 0.86750414 0.86757579 0.86764745 0.86771911 0.86779076 0.86786242
 0.86793408 0.86800573 0.86807739 0.86814905 0.8682207  0.86829236
 0.86836402 0.86843567 0.86850733 0.86857898 0.86865064 0.8687223
 0.86879395 0.86886561 0.86893727 0.86900892 0.86908058 0.86915224
 0.86922389 0.86929555 0.86936721 0.86943886 0.86951052 0.86958218
 0.86965383 0.86972549 0.86979715 0.8698688  0.86994046 0.87001212
 0.87008377 0.87015543 0.87022709 0.87029874 0.8703704  0.87044206
 0.87051371 0.87058537 0.87065703 0.87072868 0.87080034 0.870872
 0.87094365 0.87101531 0.87108697 0.87115862 0.87123028 0.87130194
 0.87137359 0.87144525 0.87151691 0.87158856 0.87166022 0.87173188
 0.87180353 0.87187519 0.87194685 0.8720185  0.87209016 0.87216182
 0.87223347 0.87230513 0.87237679 0.87244844 0.8725201  0.87259176
 0.87266341 0.87273507 0.87280673 0.87287838 0.87295004 0.8730217
 0.87309335 0.87316501 0.87323667 0.87330832 0.87337998 0.87345164
 0.87352329 0.87359495 0.87366661 0.87373826 0.87380992 0.87388158
 0.87395323 0.87402489 0.87409655 0.8741682  0.87423986 0.87431152
 0.87438317 0.87445483 0.87452649 0.87459814 0.8746698  0.87474146
 0.87481311 0.87488477 0.87495643 0.87502808 0.87509974 0.8751714
 0.87524305 0.87531471 0.87538637 0.87545802 0.87552968 0.87560134
 0.87567299 0.87574465 0.87581631 0.87588796 0.87595962 0.87603128
 0.87610293 0.87617459 0.87624625 0.8763179  0.87638956 0.87646122
 0.87653287 0.87660453 0.87667619 0.87674784 0.8768195  0.87689116
 0.87696281 0.87703447 0.87710613 0.87717778 0.87724944 0.8773211
 0.87739275 0.87746441 0.87753607 0.87760772 0.87767938 0.87775104
 0.87782269 0.87789435 0.87796601 0.87803766 0.87810932 0.87818098
 0.87825263 0.87832429 0.87839595 0.8784676  0.87853926 0.87861092
 0.87868257 0.87875423 0.87882589 0.87889754 0.8789692  0.87904086
 0.87911251 0.87918417 0.87925583 0.87932748 0.87939914 0.8794708
 0.87954245 0.87961411 0.87968577 0.87975742 0.87982908 0.87990074
 0.87997239 0.88004405 0.88011571 0.88018736 0.88025902 0.88033068
 0.88040233 0.88047399 0.88054565 0.8806173  0.88068896 0.88076062
 0.88083227 0.88090393 0.88097559 0.88104724 0.8811189  0.88119056
 0.88126221 0.88133387 0.88140553 0.88147718 0.88154884 0.8816205
 0.88169215 0.88176381 0.88183547 0.88190712 0.88197878 0.88205044
 0.88212209 0.88219375 0.88226541 0.88233706 0.88240872 0.88248038
 0.88255203 0.88262369 0.88269535 0.882767   0.88283866 0.88291032
 0.88298197 0.88305363 0.88312529 0.88319694 0.8832686  0.88334026
 0.88341191 0.88348357 0.88355523 0.88362688 0.88369854 0.8837702
 0.88384185 0.88391351 0.88398517 0.88405682 0.88412848 0.88420014
 0.88427179 0.88434345 0.88441511 0.88448676 0.88455842 0.88463008
 0.88470173 0.88477339 0.88484505 0.8849167  0.88498836 0.88506002
 0.88513167 0.88520333 0.88527499 0.88534664 0.8854183  0.88548996
 0.88556161 0.88563327 0.88570493 0.88577658 0.88584824 0.8859199
 0.88599155 0.88606321 0.88613487 0.88620652 0.88627818 0.88634984
 0.88642149 0.88649315 0.88656481 0.88663646 0.88670812 0.88677978
 0.88685143 0.88692309 0.88699475 0.8870664  0.88713806 0.88720972
 0.88728137 0.88735303 0.88742469 0.88749634 0.887568   0.88763966
 0.88771131 0.88778297 0.88785463 0.88792628 0.88799794 0.8880696
 0.88814125 0.88821291 0.88828457 0.88835622 0.88842788 0.88849954
 0.88857119 0.88864285 0.88871451 0.88878616 0.88885782 0.88892948
 0.88900113 0.88907279 0.88914445 0.8892161  0.88928776 0.88935942
 0.88943107 0.88950273 0.88957439 0.88964604 0.8897177  0.88978936
 0.88986101 0.88993267 0.89000433 0.89007598 0.89014764 0.8902193
 0.89029095 0.89036261 0.89043427 0.89050592 0.89057758 0.89064924
 0.89072089 0.89079255 0.89086421 0.89093586 0.89100752 0.89107918
 0.89115083 0.89122249 0.89129415 0.8913658  0.89143746 0.89150912
 0.89158077 0.89165243 0.89172409 0.89179574 0.8918674  0.89193906
 0.89201071 0.89208237 0.89215403 0.89222568 0.89229734 0.89236899
 0.89244065 0.89251231 0.89258396 0.89265562 0.89272728 0.89279893
 0.89287059 0.89294225 0.8930139  0.89308556 0.89315722 0.89322887
 0.89330053 0.89337219 0.89344384 0.8935155  0.89358716 0.89365881
 0.89373047 0.89380213 0.89387378 0.89394544 0.8940171  0.89408875
 0.89416041 0.89423207 0.89430372 0.89437538 0.89444704 0.89451869
 0.89459035 0.89466201 0.89473366 0.89480532 0.89487698 0.89494863
 0.89502029 0.89509195 0.8951636  0.89523526 0.89530692 0.89537857
 0.89545023 0.89552189 0.89559354 0.8956652  0.89573686 0.89580851
 0.89588017 0.89595183 0.89602348 0.89609514 0.8961668  0.89623845
 0.89631011 0.89638177 0.89645342 0.89652508 0.89659674 0.89666839
 0.89674005 0.89681171 0.89688336 0.89695502 0.89702668 0.89709833
 0.89716999 0.89724165 0.8973133  0.89738496 0.89745662 0.89752827
 0.89759993 0.89767159 0.89774324 0.8978149  0.89788656 0.89795821
 0.89802987 0.89810153 0.89817318 0.89824484 0.8983165  0.89838815
 0.89845981 0.89853147 0.89860312 0.89867478 0.89874644 0.89881809
 0.89888975 0.89896141 0.89903306 0.89910472 0.89917638 0.89924803
 0.89931969 0.89939135 0.899463   0.89953466 0.89960632 0.89967797
 0.89974963 0.89982129 0.89989294 0.8999646  0.90003626 0.90010791
 0.90017957 0.90025123 0.90032288 0.90039454 0.9004662  0.90053785
 0.90060951 0.90068117 0.90075282 0.90082448 0.90089614 0.90096779
 0.90103945 0.90111111 0.90118276 0.90125442 0.90132608 0.90139773
 0.90146939 0.90154105 0.9016127  0.90168436 0.90175602 0.90182767
 0.90189933 0.90197099 0.90204264 0.9021143  0.90218596 0.90225761
 0.90232927 0.90240093 0.90247258 0.90254424 0.9026159  0.90268755
 0.90275921 0.90283087 0.90290252 0.90297418 0.90304584 0.90311749
 0.90318915 0.90326081 0.90333246 0.90340412 0.90347578 0.90354743
 0.90361909 0.90369075 0.9037624  0.90383406 0.90390572 0.90397737
 0.90404903 0.90412069 0.90419234 0.904264  ]","[8.37605281e-03 8.58255340e-03 8.79377049e-03 9.00980192e-03
 9.23074735e-03 9.45670823e-03 9.68778785e-03 9.92409138e-03
 1.01657258e-02 1.04128002e-02 1.06654255e-02 1.09237144e-02
 1.11877820e-02 1.14577451e-02 1.17337227e-02 1.20158360e-02
 1.23042081e-02 1.25989643e-02 1.29002323e-02 1.32081417e-02
 1.35228245e-02 1.38444150e-02 1.41730497e-02 1.45088676e-02
 1.48520099e-02 1.52026201e-02 1.55608445e-02 1.59268316e-02
 1.63007324e-02 1.66827004e-02 1.70728918e-02 1.74714653e-02
 1.78785823e-02 1.82944067e-02 1.87191052e-02 1.91528472e-02
 1.95958050e-02 2.00481535e-02 2.05100705e-02 2.09817366e-02
 2.14633355e-02 2.19550535e-02 2.24570803e-02 2.29696083e-02
 2.34928329e-02 2.40269528e-02 2.45721696e-02 2.51286882e-02
 2.56967167e-02 2.62764663e-02 2.68681514e-02 2.74719900e-02
 2.80882031e-02 2.87170152e-02 2.93586542e-02 3.00133514e-02
 3.06813417e-02 3.13628634e-02 3.20581584e-02 3.27674721e-02
 3.34910536e-02 3.42291558e-02 3.49820350e-02 3.57499514e-02
 3.65331690e-02 3.73319556e-02 3.81465829e-02 3.89773263e-02
 3.98244652e-02 4.06882832e-02 4.15690676e-02 4.24671098e-02
 4.33827054e-02 4.43161540e-02 4.52677593e-02 4.62378293e-02
 4.72266763e-02 4.82346166e-02 4.92619710e-02 5.03090646e-02
 5.13762267e-02 5.24637913e-02 5.35720965e-02 5.47014853e-02
 5.58523047e-02 5.70249067e-02 5.82196477e-02 5.94368886e-02
 6.06769951e-02 6.19403375e-02 6.32272910e-02 6.45382354e-02
 6.58735552e-02 6.72336399e-02 6.86188837e-02 7.00296859e-02
 7.14664505e-02 7.29295865e-02 7.44195080e-02 7.59366339e-02
 7.74813884e-02 7.90542005e-02 8.06555045e-02 8.22857397e-02
 8.39453507e-02 8.56347871e-02 8.73545039e-02 8.91049611e-02
 9.08866243e-02 9.26999640e-02 9.45454564e-02 9.64235827e-02
 9.83348298e-02 1.00279690e-01 1.02258660e-01 1.04272243e-01
 1.06320948e-01 1.08405288e-01 1.10525783e-01 1.12682958e-01
 1.14877342e-01 1.17109473e-01 1.19379891e-01 1.21689143e-01
 1.24037782e-01 1.26426367e-01 1.28855460e-01 1.31325632e-01
 1.33837457e-01 1.36391517e-01 1.38988397e-01 1.41628690e-01
 1.44312993e-01 1.47041910e-01 1.49816049e-01 1.52636025e-01
 1.55502459e-01 1.58415977e-01 1.61377210e-01 1.64386796e-01
 1.67445377e-01 1.70553603e-01 1.73712127e-01 1.76921611e-01
 1.80182718e-01 1.83496121e-01 1.86862497e-01 1.90282527e-01
 1.93756900e-01 1.97286310e-01 2.00871456e-01 2.04513042e-01
 2.08211778e-01 2.11968381e-01 2.15783572e-01 2.19658077e-01
 2.23592628e-01 2.27587963e-01 2.31644825e-01 2.35763961e-01
 2.39946125e-01 2.44192076e-01 2.48502577e-01 2.52878398e-01
 2.57320313e-01 2.61829102e-01 2.66405547e-01 2.71050440e-01
 2.75764574e-01 2.80548749e-01 2.85403768e-01 2.90330441e-01
 2.95329581e-01 3.00402007e-01 3.05548541e-01 3.10770011e-01
 3.16067249e-01 3.21441091e-01 3.26892380e-01 3.32421958e-01
 3.38030677e-01 3.43719389e-01 3.49488952e-01 3.55340227e-01
 3.61274081e-01 3.67291383e-01 3.73393005e-01 3.79579824e-01
 3.85852721e-01 3.92212580e-01 3.98660287e-01 4.05196734e-01
 4.11822814e-01 4.18539423e-01 4.25347462e-01 4.32247832e-01
 4.39241441e-01 4.46329195e-01 4.53512004e-01 4.60790784e-01
 4.68166447e-01 4.75639913e-01 4.83212100e-01 4.90883931e-01
 4.98656328e-01 5.06530217e-01 5.14506525e-01 5.22586178e-01
 5.30770108e-01 5.39059244e-01 5.47454518e-01 5.55956861e-01
 5.64567208e-01 5.73286492e-01 5.82115647e-01 5.91055607e-01
 6.00107307e-01 6.09271681e-01 6.18549663e-01 6.27942186e-01
 6.37450185e-01 6.47074592e-01 6.56816338e-01 6.66676354e-01
 6.76655569e-01 6.86754912e-01 6.96975307e-01 7.07317681e-01
 7.17782955e-01 7.28372051e-01 7.39085886e-01 7.49925375e-01
 7.60891432e-01 7.71984967e-01 7.83206886e-01 7.94558093e-01
 8.06039488e-01 8.17651967e-01 8.29396422e-01 8.41273742e-01
 8.53284810e-01 8.65430506e-01 8.77711704e-01 8.90129274e-01
 9.02684079e-01 9.15376979e-01 9.28208826e-01 9.41180468e-01
 9.54292746e-01 9.67546494e-01 9.80942542e-01 9.94481709e-01
 1.00816481e+00 1.02199265e+00 1.03596604e+00 1.05008575e+00
 1.06435258e+00 1.07876730e+00 1.09333068e+00 1.10804348e+00
 1.12290644e+00 1.13792031e+00 1.15308581e+00 1.16840367e+00
 1.18387459e+00 1.19949929e+00 1.21527843e+00 1.23121272e+00
 1.24730281e+00 1.26354936e+00 1.27995301e+00 1.29651441e+00
 1.31323416e+00 1.33011288e+00 1.34715117e+00 1.36434961e+00
 1.38170877e+00 1.39922920e+00 1.41691146e+00 1.43475606e+00
 1.45276353e+00 1.47093436e+00 1.48926905e+00 1.50776805e+00
 1.52643183e+00 1.54526084e+00 1.56425548e+00 1.58341617e+00
 1.60274331e+00 1.62223727e+00 1.64189840e+00 1.66172705e+00
 1.68172354e+00 1.70188818e+00 1.72222126e+00 1.74272304e+00
 1.76339378e+00 1.78423372e+00 1.80524306e+00 1.82642200e+00
 1.84777071e+00 1.86928936e+00 1.89097808e+00 1.91283697e+00
 1.93486614e+00 1.95706567e+00 1.97943559e+00 2.00197595e+00
 2.02468676e+00 2.04756800e+00 2.07061964e+00 2.09384162e+00
 2.11723387e+00 2.14079628e+00 2.16452873e+00 2.18843107e+00
 2.21250313e+00 2.23674472e+00 2.26115561e+00 2.28573557e+00
 2.31048433e+00 2.33540159e+00 2.36048704e+00 2.38574034e+00
 2.41116112e+00 2.43674899e+00 2.46250353e+00 2.48842429e+00
 2.51451082e+00 2.54076261e+00 2.56717913e+00 2.59375985e+00
 2.62050418e+00 2.64741153e+00 2.67448126e+00 2.70171271e+00
 2.72910521e+00 2.75665803e+00 2.78437044e+00 2.81224168e+00
 2.84027094e+00 2.86845740e+00 2.89680021e+00 2.92529849e+00
 2.95395132e+00 2.98275778e+00 3.01171688e+00 3.04082764e+00
 3.07008904e+00 3.09950000e+00 3.12905946e+00 3.15876629e+00
 3.18861936e+00 3.21861749e+00 3.24875948e+00 3.27904409e+00
 3.30947007e+00 3.34003613e+00 3.37074093e+00 3.40158314e+00
 3.43256136e+00 3.46367419e+00 3.49492019e+00 3.52629788e+00
 3.55780576e+00 3.58944229e+00 3.62120592e+00 3.65309506e+00
 3.68510807e+00 3.71724331e+00 3.74949910e+00 3.78187371e+00
 3.81436541e+00 3.84697243e+00 3.87969296e+00 3.91252516e+00
 3.94546718e+00 3.97851712e+00 4.01167305e+00 4.04493304e+00
 4.07829508e+00 4.11175718e+00 4.14531729e+00 4.17897334e+00
 4.21272324e+00 4.24656485e+00 4.28049601e+00 4.31451455e+00
 4.34861824e+00 4.38280484e+00 4.41707209e+00 4.45141767e+00
 4.48583928e+00 4.52033454e+00 4.55490108e+00 4.58953648e+00
 4.62423831e+00 4.65900411e+00 4.69383137e+00 4.72871760e+00
 4.76366023e+00 4.79865670e+00 4.83370442e+00 4.86880075e+00
 4.90394307e+00 4.93912868e+00 4.97435490e+00 5.00961901e+00
 5.04491825e+00 5.08024986e+00 5.11561105e+00 5.15099900e+00
 5.18641087e+00 5.22184380e+00 5.25729490e+00 5.29276126e+00
 5.32823997e+00 5.36372807e+00 5.39922259e+00 5.43472053e+00
 5.47021890e+00 5.50571465e+00 5.54120474e+00 5.57668610e+00
 5.61215564e+00 5.64761025e+00 5.68304682e+00 5.71846220e+00
 5.75385323e+00 5.78921674e+00 5.82454953e+00 5.85984841e+00
 5.89511015e+00 5.93033152e+00 5.96550925e+00 6.00064010e+00
 6.03572079e+00 6.07074801e+00 6.10571848e+00 6.14062888e+00
 6.17547588e+00 6.21025614e+00 6.24496632e+00 6.27960307e+00
 6.31416301e+00 6.34864278e+00 6.38303899e+00 6.41734824e+00
 6.45156715e+00 6.48569231e+00 6.51972031e+00 6.55364773e+00
 6.58747115e+00 6.62118715e+00 6.65479230e+00 6.68828316e+00
 6.72165630e+00 6.75490829e+00 6.78803569e+00 6.82103505e+00
 6.85390294e+00 6.88663591e+00 6.91923053e+00 6.95168337e+00
 6.98399097e+00 7.01614992e+00 7.04815678e+00 7.08000813e+00
 7.11170054e+00 7.14323059e+00 7.17459488e+00 7.20579001e+00
 7.23681256e+00 7.26765916e+00 7.29832641e+00 7.32881095e+00
 7.35910940e+00 7.38921842e+00 7.41913466e+00 7.44885478e+00
 7.47837547e+00 7.50769341e+00 7.53680531e+00 7.56570788e+00
 7.59439785e+00 7.62287198e+00 7.65112701e+00 7.67915973e+00
 7.70696693e+00 7.73454543e+00 7.76189204e+00 7.78900362e+00
 7.81587704e+00 7.84250917e+00 7.86889692e+00 7.89503723e+00
 7.92092703e+00 7.94656330e+00 7.97194304e+00 7.99706324e+00
 8.02192096e+00 8.04651327e+00 8.07083723e+00 8.09488998e+00
 8.11866865e+00 8.14217041e+00 8.16539245e+00 8.18833199e+00
 8.21098629e+00 8.23335261e+00 8.25542828e+00 8.27721062e+00
 8.29869701e+00 8.31988484e+00 8.34077155e+00 8.36135460e+00
 8.38163148e+00 8.40159972e+00 8.42125689e+00 8.44060058e+00
 8.45962842e+00 8.47833807e+00 8.49672725e+00 8.51479367e+00
 8.53253513e+00 8.54994942e+00 8.56703439e+00 8.58378794e+00
 8.60020798e+00 8.61629247e+00 8.63203943e+00 8.64744688e+00
 8.66251291e+00 8.67723564e+00 8.69161323e+00 8.70564388e+00
 8.71932584e+00 8.73265740e+00 8.74563687e+00 8.75826264e+00
 8.77053311e+00 8.78244674e+00 8.79400203e+00 8.80519753e+00
 8.81603182e+00 8.82650353e+00 8.83661134e+00 8.84635398e+00
 8.85573021e+00 8.86473884e+00 8.87337873e+00 8.88164879e+00
 8.88954796e+00 8.89707525e+00 8.90422969e+00 8.91101038e+00
 8.91741646e+00 8.92344710e+00 8.92910155e+00 8.93437908e+00
 8.93927903e+00 8.94380075e+00 8.94794369e+00 8.95170730e+00
 8.95509112e+00 8.95809470e+00 8.96071767e+00 8.96295968e+00
 8.96482047e+00 8.96629977e+00 8.96739742e+00 8.96811326e+00
 8.96844721e+00 8.96839922e+00 8.96796930e+00 8.96715750e+00
 8.96596393e+00 8.96438874e+00 8.96243213e+00 8.96009435e+00
 8.95737570e+00 8.95427653e+00 8.95079723e+00 8.94693825e+00
 8.94270007e+00 8.93808325e+00 8.93308836e+00 8.92771605e+00
 8.92196699e+00 8.91584193e+00 8.90934163e+00 8.90246694e+00
 8.89521871e+00 8.88759788e+00 8.87960541e+00 8.87124231e+00
 8.86250965e+00 8.85340854e+00 8.84394012e+00 8.83410560e+00
 8.82390622e+00 8.81334326e+00 8.80241808e+00 8.79113203e+00
 8.77948655e+00 8.76748310e+00 8.75512320e+00 8.74240840e+00
 8.72934029e+00 8.71592053e+00 8.70215078e+00 8.68803277e+00
 8.67356828e+00 8.65875911e+00 8.64360710e+00 8.62811415e+00
 8.61228219e+00 8.59611318e+00 8.57960914e+00 8.56277211e+00
 8.54560418e+00 8.52810747e+00 8.51028415e+00 8.49213640e+00
 8.47366648e+00 8.45487665e+00 8.43576922e+00 8.41634653e+00
 8.39661096e+00 8.37656493e+00 8.35621088e+00 8.33555128e+00
 8.31458866e+00 8.29332556e+00 8.27176455e+00 8.24990825e+00
 8.22775929e+00 8.20532035e+00 8.18259411e+00 8.15958332e+00
 8.13629073e+00 8.11271912e+00 8.08887131e+00 8.06475013e+00
 8.04035846e+00 8.01569919e+00 7.99077523e+00 7.96558952e+00
 7.94014504e+00 7.91444477e+00 7.88849174e+00 7.86228896e+00
 7.83583950e+00 7.80914645e+00 7.78221289e+00 7.75504195e+00
 7.72763677e+00 7.70000050e+00 7.67213633e+00 7.64404744e+00
 7.61573704e+00 7.58720837e+00 7.55846467e+00 7.52950918e+00
 7.50034520e+00 7.47097600e+00 7.44140488e+00 7.41163516e+00
 7.38167017e+00 7.35151323e+00 7.32116769e+00 7.29063692e+00
 7.25992428e+00 7.22903315e+00 7.19796691e+00 7.16672896e+00
 7.13532269e+00 7.10375152e+00 7.07201885e+00 7.04012810e+00
 7.00808270e+00 6.97588607e+00 6.94354164e+00 6.91105286e+00
 6.87842314e+00 6.84565594e+00 6.81275469e+00 6.77972283e+00
 6.74656381e+00 6.71328105e+00 6.67987800e+00 6.64635809e+00
 6.61272476e+00 6.57898145e+00 6.54513157e+00 6.51117855e+00
 6.47712582e+00 6.44297678e+00 6.40873485e+00 6.37440342e+00
 6.33998590e+00 6.30548567e+00 6.27090611e+00 6.23625059e+00
 6.20152248e+00 6.16672513e+00 6.13186189e+00 6.09693608e+00
 6.06195104e+00 6.02691007e+00 5.99181647e+00 5.95667353e+00
 5.92148452e+00 5.88625271e+00 5.85098133e+00 5.81567363e+00
 5.78033281e+00 5.74496209e+00 5.70956464e+00 5.67414364e+00
 5.63870225e+00 5.60324359e+00 5.56777078e+00 5.53228694e+00
 5.49679514e+00 5.46129845e+00 5.42579990e+00 5.39030253e+00
 5.35480935e+00 5.31932333e+00 5.28384745e+00 5.24838464e+00
 5.21293784e+00 5.17750993e+00 5.14210381e+00 5.10672232e+00
 5.07136830e+00 5.03604456e+00 5.00075388e+00 4.96549904e+00
 4.93028277e+00 4.89510778e+00 4.85997677e+00 4.82489241e+00
 4.78985732e+00 4.75487414e+00 4.71994544e+00 4.68507379e+00
 4.65026174e+00 4.61551178e+00 4.58082641e+00 4.54620809e+00
 4.51165924e+00 4.47718226e+00 4.44277954e+00 4.40845342e+00
 4.37420623e+00 4.34004025e+00 4.30595774e+00 4.27196096e+00
 4.23805209e+00 4.20423333e+00 4.17050682e+00 4.13687468e+00
 4.10333901e+00 4.06990186e+00 4.03656527e+00 4.00333125e+00
 3.97020177e+00 3.93717877e+00 3.90426417e+00 3.87145986e+00
 3.83876768e+00 3.80618948e+00 3.77372703e+00 3.74138212e+00
 3.70915646e+00 3.67705178e+00 3.64506974e+00 3.61321200e+00
 3.58148016e+00 3.54987580e+00 3.51840050e+00 3.48705577e+00
 3.45584310e+00 3.42476396e+00 3.39381978e+00 3.36301198e+00
 3.33234191e+00 3.30181093e+00 3.27142036e+00 3.24117147e+00
 3.21106551e+00 3.18110373e+00 3.15128730e+00 3.12161739e+00
 3.09209515e+00 3.06272167e+00 3.03349803e+00 3.00442529e+00
 2.97550445e+00 2.94673651e+00 2.91812242e+00 2.88966313e+00
 2.86135953e+00 2.83321249e+00 2.80522287e+00 2.77739147e+00
 2.74971909e+00 2.72220649e+00 2.69485439e+00 2.66766352e+00
 2.64063453e+00 2.61376810e+00 2.58706482e+00 2.56052531e+00
 2.53415013e+00 2.50793983e+00 2.48189491e+00 2.45601587e+00
 2.43030318e+00 2.40475726e+00 2.37937853e+00 2.35416738e+00
 2.32912416e+00 2.30424921e+00 2.27954285e+00 2.25500535e+00
 2.23063698e+00 2.20643797e+00 2.18240855e+00 2.15854888e+00
 2.13485915e+00 2.11133949e+00 2.08799002e+00 2.06481084e+00
 2.04180202e+00 2.01896360e+00 1.99629563e+00 1.97379810e+00
 1.95147100e+00 1.92931429e+00 1.90732791e+00 1.88551179e+00
 1.86386583e+00 1.84238990e+00 1.82108386e+00 1.79994756e+00
 1.77898081e+00 1.75818341e+00 1.73755515e+00 1.71709579e+00
 1.69680506e+00 1.67668271e+00 1.65672842e+00 1.63694190e+00
 1.61732281e+00 1.59787081e+00 1.57858554e+00 1.55946661e+00
 1.54051363e+00 1.52172619e+00 1.50310385e+00 1.48464618e+00
 1.46635272e+00 1.44822298e+00 1.43025649e+00 1.41245273e+00
 1.39481120e+00 1.37733134e+00 1.36001262e+00 1.34285448e+00
 1.32585635e+00 1.30901763e+00 1.29233773e+00 1.27581603e+00
 1.25945192e+00 1.24324475e+00 1.22719387e+00 1.21129864e+00
 1.19555837e+00 1.17997238e+00 1.16453999e+00 1.14926048e+00
 1.13413316e+00 1.11915728e+00 1.10433212e+00 1.08965695e+00
 1.07513099e+00 1.06075351e+00 1.04652372e+00 1.03244085e+00
 1.01850412e+00 1.00471272e+00 9.91065869e-01 9.77562744e-01
 9.64202533e-01 9.50984414e-01 9.37907556e-01 9.24971123e-01
 9.12174273e-01 8.99516156e-01 8.86995918e-01 8.74612700e-01
 8.62365635e-01 8.50253853e-01 8.38276478e-01 8.26432629e-01
 8.14721423e-01 8.03141969e-01 7.91693374e-01 7.80374741e-01
 7.69185170e-01 7.58123755e-01 7.47189590e-01 7.36381763e-01
 7.25699361e-01 7.15141467e-01 7.04707164e-01 6.94395530e-01
 6.84205641e-01 6.74136573e-01 6.64187400e-01 6.54357192e-01
 6.44645020e-01 6.35049954e-01 6.25571061e-01 6.16207409e-01
 6.06958064e-01 5.97822093e-01 5.88798561e-01 5.79886534e-01
 5.71085077e-01 5.62393256e-01 5.53810137e-01 5.45334788e-01
 5.36966274e-01 5.28703663e-01 5.20546025e-01 5.12492429e-01
 5.04541946e-01 4.96693649e-01 4.88946610e-01 4.81299906e-01
 4.73752614e-01 4.66303812e-01 4.58952581e-01 4.51698005e-01
 4.44539168e-01 4.37475158e-01 4.30505065e-01 4.23627982e-01
 4.16843004e-01 4.10149229e-01 4.03545758e-01 3.97031695e-01
 3.90606147e-01 3.84268225e-01 3.78017041e-01 3.71851714e-01
 3.65771364e-01 3.59775115e-01 3.53862094e-01 3.48031434e-01
 3.42282269e-01 3.36613739e-01 3.31024989e-01 3.25515164e-01
 3.20083417e-01 3.14728903e-01 3.09450784e-01 3.04248223e-01
 2.99120390e-01 2.94066458e-01 2.89085605e-01 2.84177015e-01
 2.79339875e-01 2.74573376e-01 2.69876717e-01 2.65249099e-01
 2.60689730e-01 2.56197820e-01 2.51772587e-01 2.47413253e-01
 2.43119045e-01 2.38889195e-01 2.34722941e-01 2.30619525e-01
 2.26578195e-01 2.22598204e-01 2.18678812e-01 2.14819281e-01
 2.11018881e-01 2.07276887e-01 2.03592579e-01 1.99965243e-01
 1.96394170e-01 1.92878656e-01 1.89418004e-01 1.86011521e-01]",restricted_age_optimal,True,True,True,10,1,constraints_[2]_remained,1120.645256495526,1112.272794592814,1129.0177183982378,4.2717427303525275,19.200426333827863,19.056977872270533,19.343874795385187,0.07318933546168617,19.20003078313188,19.056585276776577,19.343476289487175,0.07318782767784443,1.0,1.0,1.0,1.9504109687315223e-42,large,-1120.6452564955257,-1129.0177183982375,-1112.2727945928139,4.271742730352527,-19.20042633382786,-19.343874795385183,-19.05697787227053,0.07318933546168616,-19.200030783131876,-19.34347628948717,-19.056585276776573,0.07318782767784442,2.7611518267719017e-42,6.88017814358883e-43,1.0968221793250572e-41,1.9504109687315775e-42
0.832679,0.901867,0.872989,0.0105689239228813,3557,100.0,"[0.832679 0.83515  0.837621 0.840092 0.842563 0.845034 0.847505 0.849976
 0.852447 0.854918 0.857389 0.85986  0.862331 0.864802 0.867273 0.869744
 0.872215 0.874686 0.877157 0.879628 0.882099 0.88457  0.887041 0.889512
 0.891983 0.894454 0.896925 0.899396 0.901867]","[0.05622716 0.11245432 0.05622716 0.33736295 0.534158   0.59038516
 1.01208884 1.4619061  1.74304189 2.72701715 3.79533315 4.86364914
 5.48214788 6.80348608 8.57464155 9.05257239 9.41804892 9.55861681
 8.85577734 7.00028114 6.49423672 4.35760472 3.09249367 1.91172336
 1.34945179 0.33736295 0.19679505 0.22490863]",0.0025,28,normal,0.8723069359010402,"[0.832679   0.83274826 0.83281751 0.83288677 0.83295603 0.83302529
 0.83309454 0.8331638  0.83323306 0.83330232 0.83337157 0.83344083
 0.83351009 0.83357934 0.8336486  0.83371786 0.83378712 0.83385637
 0.83392563 0.83399489 0.83406415 0.8341334  0.83420266 0.83427192
 0.83434117 0.83441043 0.83447969 0.83454895 0.8346182  0.83468746
 0.83475672 0.83482597 0.83489523 0.83496449 0.83503375 0.835103
 0.83517226 0.83524152 0.83531078 0.83538003 0.83544929 0.83551855
 0.8355878  0.83565706 0.83572632 0.83579558 0.83586483 0.83593409
 0.83600335 0.83607261 0.83614186 0.83621112 0.83628038 0.83634963
 0.83641889 0.83648815 0.83655741 0.83662666 0.83669592 0.83676518
 0.83683444 0.83690369 0.83697295 0.83704221 0.83711146 0.83718072
 0.83724998 0.83731924 0.83738849 0.83745775 0.83752701 0.83759627
 0.83766552 0.83773478 0.83780404 0.83787329 0.83794255 0.83801181
 0.83808107 0.83815032 0.83821958 0.83828884 0.8383581  0.83842735
 0.83849661 0.83856587 0.83863512 0.83870438 0.83877364 0.8388429
 0.83891215 0.83898141 0.83905067 0.83911992 0.83918918 0.83925844
 0.8393277  0.83939695 0.83946621 0.83953547 0.83960473 0.83967398
 0.83974324 0.8398125  0.83988175 0.83995101 0.84002027 0.84008953
 0.84015878 0.84022804 0.8402973  0.84036656 0.84043581 0.84050507
 0.84057433 0.84064358 0.84071284 0.8407821  0.84085136 0.84092061
 0.84098987 0.84105913 0.84112839 0.84119764 0.8412669  0.84133616
 0.84140541 0.84147467 0.84154393 0.84161319 0.84168244 0.8417517
 0.84182096 0.84189022 0.84195947 0.84202873 0.84209799 0.84216724
 0.8422365  0.84230576 0.84237502 0.84244427 0.84251353 0.84258279
 0.84265205 0.8427213  0.84279056 0.84285982 0.84292907 0.84299833
 0.84306759 0.84313685 0.8432061  0.84327536 0.84334462 0.84341387
 0.84348313 0.84355239 0.84362165 0.8436909  0.84376016 0.84382942
 0.84389868 0.84396793 0.84403719 0.84410645 0.8441757  0.84424496
 0.84431422 0.84438348 0.84445273 0.84452199 0.84459125 0.84466051
 0.84472976 0.84479902 0.84486828 0.84493753 0.84500679 0.84507605
 0.84514531 0.84521456 0.84528382 0.84535308 0.84542234 0.84549159
 0.84556085 0.84563011 0.84569936 0.84576862 0.84583788 0.84590714
 0.84597639 0.84604565 0.84611491 0.84618417 0.84625342 0.84632268
 0.84639194 0.84646119 0.84653045 0.84659971 0.84666897 0.84673822
 0.84680748 0.84687674 0.84694599 0.84701525 0.84708451 0.84715377
 0.84722302 0.84729228 0.84736154 0.8474308  0.84750005 0.84756931
 0.84763857 0.84770782 0.84777708 0.84784634 0.8479156  0.84798485
 0.84805411 0.84812337 0.84819263 0.84826188 0.84833114 0.8484004
 0.84846965 0.84853891 0.84860817 0.84867743 0.84874668 0.84881594
 0.8488852  0.84895446 0.84902371 0.84909297 0.84916223 0.84923148
 0.84930074 0.84937    0.84943926 0.84950851 0.84957777 0.84964703
 0.84971629 0.84978554 0.8498548  0.84992406 0.84999331 0.85006257
 0.85013183 0.85020109 0.85027034 0.8503396  0.85040886 0.85047812
 0.85054737 0.85061663 0.85068589 0.85075514 0.8508244  0.85089366
 0.85096292 0.85103217 0.85110143 0.85117069 0.85123994 0.8513092
 0.85137846 0.85144772 0.85151697 0.85158623 0.85165549 0.85172475
 0.851794   0.85186326 0.85193252 0.85200177 0.85207103 0.85214029
 0.85220955 0.8522788  0.85234806 0.85241732 0.85248658 0.85255583
 0.85262509 0.85269435 0.8527636  0.85283286 0.85290212 0.85297138
 0.85304063 0.85310989 0.85317915 0.85324841 0.85331766 0.85338692
 0.85345618 0.85352543 0.85359469 0.85366395 0.85373321 0.85380246
 0.85387172 0.85394098 0.85401024 0.85407949 0.85414875 0.85421801
 0.85428726 0.85435652 0.85442578 0.85449504 0.85456429 0.85463355
 0.85470281 0.85477207 0.85484132 0.85491058 0.85497984 0.85504909
 0.85511835 0.85518761 0.85525687 0.85532612 0.85539538 0.85546464
 0.85553389 0.85560315 0.85567241 0.85574167 0.85581092 0.85588018
 0.85594944 0.8560187  0.85608795 0.85615721 0.85622647 0.85629572
 0.85636498 0.85643424 0.8565035  0.85657275 0.85664201 0.85671127
 0.85678053 0.85684978 0.85691904 0.8569883  0.85705755 0.85712681
 0.85719607 0.85726533 0.85733458 0.85740384 0.8574731  0.85754236
 0.85761161 0.85768087 0.85775013 0.85781938 0.85788864 0.8579579
 0.85802716 0.85809641 0.85816567 0.85823493 0.85830419 0.85837344
 0.8584427  0.85851196 0.85858121 0.85865047 0.85871973 0.85878899
 0.85885824 0.8589275  0.85899676 0.85906602 0.85913527 0.85920453
 0.85927379 0.85934304 0.8594123  0.85948156 0.85955082 0.85962007
 0.85968933 0.85975859 0.85982784 0.8598971  0.85996636 0.86003562
 0.86010487 0.86017413 0.86024339 0.86031265 0.8603819  0.86045116
 0.86052042 0.86058967 0.86065893 0.86072819 0.86079745 0.8608667
 0.86093596 0.86100522 0.86107448 0.86114373 0.86121299 0.86128225
 0.8613515  0.86142076 0.86149002 0.86155928 0.86162853 0.86169779
 0.86176705 0.86183631 0.86190556 0.86197482 0.86204408 0.86211333
 0.86218259 0.86225185 0.86232111 0.86239036 0.86245962 0.86252888
 0.86259814 0.86266739 0.86273665 0.86280591 0.86287516 0.86294442
 0.86301368 0.86308294 0.86315219 0.86322145 0.86329071 0.86335996
 0.86342922 0.86349848 0.86356774 0.86363699 0.86370625 0.86377551
 0.86384477 0.86391402 0.86398328 0.86405254 0.86412179 0.86419105
 0.86426031 0.86432957 0.86439882 0.86446808 0.86453734 0.8646066
 0.86467585 0.86474511 0.86481437 0.86488362 0.86495288 0.86502214
 0.8650914  0.86516065 0.86522991 0.86529917 0.86536843 0.86543768
 0.86550694 0.8655762  0.86564545 0.86571471 0.86578397 0.86585323
 0.86592248 0.86599174 0.866061   0.86613026 0.86619951 0.86626877
 0.86633803 0.86640728 0.86647654 0.8665458  0.86661506 0.86668431
 0.86675357 0.86682283 0.86689209 0.86696134 0.8670306  0.86709986
 0.86716911 0.86723837 0.86730763 0.86737689 0.86744614 0.8675154
 0.86758466 0.86765391 0.86772317 0.86779243 0.86786169 0.86793094
 0.8680002  0.86806946 0.86813872 0.86820797 0.86827723 0.86834649
 0.86841574 0.868485   0.86855426 0.86862352 0.86869277 0.86876203
 0.86883129 0.86890055 0.8689698  0.86903906 0.86910832 0.86917757
 0.86924683 0.86931609 0.86938535 0.8694546  0.86952386 0.86959312
 0.86966238 0.86973163 0.86980089 0.86987015 0.8699394  0.87000866
 0.87007792 0.87014718 0.87021643 0.87028569 0.87035495 0.87042421
 0.87049346 0.87056272 0.87063198 0.87070123 0.87077049 0.87083975
 0.87090901 0.87097826 0.87104752 0.87111678 0.87118604 0.87125529
 0.87132455 0.87139381 0.87146306 0.87153232 0.87160158 0.87167084
 0.87174009 0.87180935 0.87187861 0.87194786 0.87201712 0.87208638
 0.87215564 0.87222489 0.87229415 0.87236341 0.87243267 0.87250192
 0.87257118 0.87264044 0.87270969 0.87277895 0.87284821 0.87291747
 0.87298672 0.87305598 0.87312524 0.8731945  0.87326375 0.87333301
 0.87340227 0.87347152 0.87354078 0.87361004 0.8736793  0.87374855
 0.87381781 0.87388707 0.87395633 0.87402558 0.87409484 0.8741641
 0.87423335 0.87430261 0.87437187 0.87444113 0.87451038 0.87457964
 0.8746489  0.87471816 0.87478741 0.87485667 0.87492593 0.87499518
 0.87506444 0.8751337  0.87520296 0.87527221 0.87534147 0.87541073
 0.87547998 0.87554924 0.8756185  0.87568776 0.87575701 0.87582627
 0.87589553 0.87596479 0.87603404 0.8761033  0.87617256 0.87624181
 0.87631107 0.87638033 0.87644959 0.87651884 0.8765881  0.87665736
 0.87672662 0.87679587 0.87686513 0.87693439 0.87700364 0.8770729
 0.87714216 0.87721142 0.87728067 0.87734993 0.87741919 0.87748845
 0.8775577  0.87762696 0.87769622 0.87776547 0.87783473 0.87790399
 0.87797325 0.8780425  0.87811176 0.87818102 0.87825028 0.87831953
 0.87838879 0.87845805 0.8785273  0.87859656 0.87866582 0.87873508
 0.87880433 0.87887359 0.87894285 0.87901211 0.87908136 0.87915062
 0.87921988 0.87928913 0.87935839 0.87942765 0.87949691 0.87956616
 0.87963542 0.87970468 0.87977393 0.87984319 0.87991245 0.87998171
 0.88005096 0.88012022 0.88018948 0.88025874 0.88032799 0.88039725
 0.88046651 0.88053576 0.88060502 0.88067428 0.88074354 0.88081279
 0.88088205 0.88095131 0.88102057 0.88108982 0.88115908 0.88122834
 0.88129759 0.88136685 0.88143611 0.88150537 0.88157462 0.88164388
 0.88171314 0.8817824  0.88185165 0.88192091 0.88199017 0.88205942
 0.88212868 0.88219794 0.8822672  0.88233645 0.88240571 0.88247497
 0.88254423 0.88261348 0.88268274 0.882752   0.88282125 0.88289051
 0.88295977 0.88302903 0.88309828 0.88316754 0.8832368  0.88330606
 0.88337531 0.88344457 0.88351383 0.88358308 0.88365234 0.8837216
 0.88379086 0.88386011 0.88392937 0.88399863 0.88406788 0.88413714
 0.8842064  0.88427566 0.88434491 0.88441417 0.88448343 0.88455269
 0.88462194 0.8846912  0.88476046 0.88482971 0.88489897 0.88496823
 0.88503749 0.88510674 0.885176   0.88524526 0.88531452 0.88538377
 0.88545303 0.88552229 0.88559154 0.8856608  0.88573006 0.88579932
 0.88586857 0.88593783 0.88600709 0.88607635 0.8861456  0.88621486
 0.88628412 0.88635337 0.88642263 0.88649189 0.88656115 0.8866304
 0.88669966 0.88676892 0.88683818 0.88690743 0.88697669 0.88704595
 0.8871152  0.88718446 0.88725372 0.88732298 0.88739223 0.88746149
 0.88753075 0.88760001 0.88766926 0.88773852 0.88780778 0.88787703
 0.88794629 0.88801555 0.88808481 0.88815406 0.88822332 0.88829258
 0.88836183 0.88843109 0.88850035 0.88856961 0.88863886 0.88870812
 0.88877738 0.88884664 0.88891589 0.88898515 0.88905441 0.88912366
 0.88919292 0.88926218 0.88933144 0.88940069 0.88946995 0.88953921
 0.88960847 0.88967772 0.88974698 0.88981624 0.88988549 0.88995475
 0.89002401 0.89009327 0.89016252 0.89023178 0.89030104 0.8903703
 0.89043955 0.89050881 0.89057807 0.89064732 0.89071658 0.89078584
 0.8908551  0.89092435 0.89099361 0.89106287 0.89113213 0.89120138
 0.89127064 0.8913399  0.89140915 0.89147841 0.89154767 0.89161693
 0.89168618 0.89175544 0.8918247  0.89189395 0.89196321 0.89203247
 0.89210173 0.89217098 0.89224024 0.8923095  0.89237876 0.89244801
 0.89251727 0.89258653 0.89265578 0.89272504 0.8927943  0.89286356
 0.89293281 0.89300207 0.89307133 0.89314059 0.89320984 0.8932791
 0.89334836 0.89341761 0.89348687 0.89355613 0.89362539 0.89369464
 0.8937639  0.89383316 0.89390242 0.89397167 0.89404093 0.89411019
 0.89417944 0.8942487  0.89431796 0.89438722 0.89445647 0.89452573
 0.89459499 0.89466425 0.8947335  0.89480276 0.89487202 0.89494127
 0.89501053 0.89507979 0.89514905 0.8952183  0.89528756 0.89535682
 0.89542608 0.89549533 0.89556459 0.89563385 0.8957031  0.89577236
 0.89584162 0.89591088 0.89598013 0.89604939 0.89611865 0.8961879
 0.89625716 0.89632642 0.89639568 0.89646493 0.89653419 0.89660345
 0.89667271 0.89674196 0.89681122 0.89688048 0.89694973 0.89701899
 0.89708825 0.89715751 0.89722676 0.89729602 0.89736528 0.89743454
 0.89750379 0.89757305 0.89764231 0.89771156 0.89778082 0.89785008
 0.89791934 0.89798859 0.89805785 0.89812711 0.89819637 0.89826562
 0.89833488 0.89840414 0.89847339 0.89854265 0.89861191 0.89868117
 0.89875042 0.89881968 0.89888894 0.8989582  0.89902745 0.89909671
 0.89916597 0.89923522 0.89930448 0.89937374 0.899443   0.89951225
 0.89958151 0.89965077 0.89972003 0.89978928 0.89985854 0.8999278
 0.89999705 0.90006631 0.90013557 0.90020483 0.90027408 0.90034334
 0.9004126  0.90048185 0.90055111 0.90062037 0.90068963 0.90075888
 0.90082814 0.9008974  0.90096666 0.90103591 0.90110517 0.90117443
 0.90124368 0.90131294 0.9013822  0.90145146 0.90152071 0.90158997
 0.90165923 0.90172849 0.90179774 0.901867  ]","[8.25982524e-03 8.46510113e-03 8.67510607e-03 8.88993914e-03
 9.10970122e-03 9.33449504e-03 9.56442524e-03 9.79959834e-03
 1.00401228e-02 1.02861091e-02 1.05376696e-02 1.07949188e-02
 1.10579732e-02 1.13269515e-02 1.16019742e-02 1.18831643e-02
 1.21706469e-02 1.24645490e-02 1.27650004e-02 1.30721326e-02
 1.33860797e-02 1.37069781e-02 1.40349666e-02 1.43701864e-02
 1.47127809e-02 1.50628963e-02 1.54206811e-02 1.57862863e-02
 1.61598657e-02 1.65415754e-02 1.69315744e-02 1.73300242e-02
 1.77370890e-02 1.81529358e-02 1.85777344e-02 1.90116574e-02
 1.94548801e-02 1.99075809e-02 2.03699411e-02 2.08421447e-02
 2.13243789e-02 2.18168340e-02 2.23197031e-02 2.28331827e-02
 2.33574722e-02 2.38927743e-02 2.44392949e-02 2.49972431e-02
 2.55668314e-02 2.61482755e-02 2.67417945e-02 2.73476110e-02
 2.79659510e-02 2.85970438e-02 2.92411226e-02 2.98984237e-02
 3.05691874e-02 3.12536574e-02 3.19520812e-02 3.26647100e-02
 3.33917987e-02 3.41336060e-02 3.48903945e-02 3.56624306e-02
 3.64499847e-02 3.72533311e-02 3.80727482e-02 3.89085181e-02
 3.97609274e-02 4.06302666e-02 4.15168304e-02 4.24209176e-02
 4.33428313e-02 4.42828790e-02 4.52413723e-02 4.62186274e-02
 4.72149645e-02 4.82307086e-02 4.92661890e-02 5.03217396e-02
 5.13976987e-02 5.24944094e-02 5.36122192e-02 5.47514804e-02
 5.59125500e-02 5.70957896e-02 5.83015657e-02 5.95302497e-02
 6.07822177e-02 6.20578506e-02 6.33575345e-02 6.46816604e-02
 6.60306240e-02 6.74048263e-02 6.88046734e-02 7.02305763e-02
 7.16829514e-02 7.31622201e-02 7.46688089e-02 7.62031498e-02
 7.77656799e-02 7.93568416e-02 8.09770828e-02 8.26268565e-02
 8.43066214e-02 8.60168415e-02 8.77579860e-02 8.95305301e-02
 9.13349542e-02 9.31717441e-02 9.50413916e-02 9.69443937e-02
 9.88812533e-02 1.00852479e-01 1.02858584e-01 1.04900090e-01
 1.06977520e-01 1.09091408e-01 1.11242289e-01 1.13430707e-01
 1.15657209e-01 1.17922352e-01 1.20226695e-01 1.22570803e-01
 1.24955250e-01 1.27380614e-01 1.29847477e-01 1.32356430e-01
 1.34908069e-01 1.37502995e-01 1.40141816e-01 1.42825146e-01
 1.45553603e-01 1.48327815e-01 1.51148411e-01 1.54016030e-01
 1.56931315e-01 1.59894916e-01 1.62907488e-01 1.65969693e-01
 1.69082198e-01 1.72245676e-01 1.75460808e-01 1.78728279e-01
 1.82048779e-01 1.85423007e-01 1.88851666e-01 1.92335466e-01
 1.95875120e-01 1.99471351e-01 2.03124886e-01 2.06836458e-01
 2.10606804e-01 2.14436671e-01 2.18326809e-01 2.22277973e-01
 2.26290925e-01 2.30366435e-01 2.34505274e-01 2.38708223e-01
 2.42976066e-01 2.47309593e-01 2.51709601e-01 2.56176891e-01
 2.60712270e-01 2.65316551e-01 2.69990551e-01 2.74735094e-01
 2.79551009e-01 2.84439129e-01 2.89400293e-01 2.94435346e-01
 2.99545137e-01 3.04730521e-01 3.09992356e-01 3.15331508e-01
 3.20748845e-01 3.26245241e-01 3.31821576e-01 3.37478732e-01
 3.43217597e-01 3.49039064e-01 3.54944029e-01 3.60933395e-01
 3.67008066e-01 3.73168951e-01 3.79416966e-01 3.85753026e-01
 3.92178055e-01 3.98692978e-01 4.05298723e-01 4.11996224e-01
 4.18786416e-01 4.25670240e-01 4.32648639e-01 4.39722558e-01
 4.46892948e-01 4.54160760e-01 4.61526950e-01 4.68992475e-01
 4.76558296e-01 4.84225376e-01 4.91994680e-01 4.99867176e-01
 5.07843834e-01 5.15925625e-01 5.24113523e-01 5.32408503e-01
 5.40811542e-01 5.49323617e-01 5.57945709e-01 5.66678798e-01
 5.75523865e-01 5.84481892e-01 5.93553863e-01 6.02740761e-01
 6.12043570e-01 6.21463273e-01 6.31000855e-01 6.40657298e-01
 6.50433588e-01 6.60330705e-01 6.70349634e-01 6.80491354e-01
 6.90756845e-01 7.01147088e-01 7.11663059e-01 7.22305733e-01
 7.33076086e-01 7.43975089e-01 7.55003712e-01 7.66162922e-01
 7.77453683e-01 7.88876958e-01 8.00433706e-01 8.12124881e-01
 8.23951437e-01 8.35914321e-01 8.48014479e-01 8.60252849e-01
 8.72630369e-01 8.85147971e-01 8.97806579e-01 9.10607118e-01
 9.23550502e-01 9.36637642e-01 9.49869445e-01 9.63246809e-01
 9.76770627e-01 9.90441786e-01 1.00426117e+00 1.01822964e+00
 1.03234807e+00 1.04661732e+00 1.06103825e+00 1.07561168e+00
 1.09033846e+00 1.10521941e+00 1.12025535e+00 1.13544708e+00
 1.15079542e+00 1.16630114e+00 1.18196503e+00 1.19778786e+00
 1.21377039e+00 1.22991336e+00 1.24621751e+00 1.26268358e+00
 1.27931228e+00 1.29610431e+00 1.31306036e+00 1.33018111e+00
 1.34746724e+00 1.36491940e+00 1.38253822e+00 1.40032434e+00
 1.41827838e+00 1.43640092e+00 1.45469257e+00 1.47315389e+00
 1.49178544e+00 1.51058776e+00 1.52956139e+00 1.54870683e+00
 1.56802457e+00 1.58751511e+00 1.60717890e+00 1.62701638e+00
 1.64702800e+00 1.66721416e+00 1.68757525e+00 1.70811166e+00
 1.72882374e+00 1.74971184e+00 1.77077626e+00 1.79201733e+00
 1.81343532e+00 1.83503050e+00 1.85680311e+00 1.87875337e+00
 1.90088149e+00 1.92318765e+00 1.94567202e+00 1.96833473e+00
 1.99117591e+00 2.01419565e+00 2.03739403e+00 2.06077111e+00
 2.08432691e+00 2.10806144e+00 2.13197469e+00 2.15606662e+00
 2.18033717e+00 2.20478625e+00 2.22941375e+00 2.25421955e+00
 2.27920347e+00 2.30436535e+00 2.32970496e+00 2.35522209e+00
 2.38091645e+00 2.40678778e+00 2.43283577e+00 2.45906006e+00
 2.48546031e+00 2.51203611e+00 2.53878706e+00 2.56571271e+00
 2.59281258e+00 2.62008618e+00 2.64753298e+00 2.67515242e+00
 2.70294392e+00 2.73090688e+00 2.75904064e+00 2.78734454e+00
 2.81581789e+00 2.84445995e+00 2.87326997e+00 2.90224717e+00
 2.93139072e+00 2.96069979e+00 2.99017350e+00 3.01981095e+00
 3.04961119e+00 3.07957327e+00 3.10969618e+00 3.13997891e+00
 3.17042039e+00 3.20101954e+00 3.23177524e+00 3.26268634e+00
 3.29375166e+00 3.32496998e+00 3.35634006e+00 3.38786063e+00
 3.41953038e+00 3.45134798e+00 3.48331204e+00 3.51542118e+00
 3.54767396e+00 3.58006891e+00 3.61260454e+00 3.64527932e+00
 3.67809168e+00 3.71104005e+00 3.74412279e+00 3.77733824e+00
 3.81068472e+00 3.84416052e+00 3.87776387e+00 3.91149299e+00
 3.94534608e+00 3.97932127e+00 4.01341671e+00 4.04763046e+00
 4.08196059e+00 4.11640514e+00 4.15096208e+00 4.18562939e+00
 4.22040500e+00 4.25528680e+00 4.29027268e+00 4.32536046e+00
 4.36054795e+00 4.39583294e+00 4.43121317e+00 4.46668635e+00
 4.50225017e+00 4.53790228e+00 4.57364031e+00 4.60946186e+00
 4.64536449e+00 4.68134574e+00 4.71740311e+00 4.75353409e+00
 4.78973611e+00 4.82600661e+00 4.86234297e+00 4.89874255e+00
 4.93520270e+00 4.97172072e+00 5.00829389e+00 5.04491947e+00
 5.08159467e+00 5.11831671e+00 5.15508274e+00 5.19188993e+00
 5.22873539e+00 5.26561622e+00 5.30252949e+00 5.33947224e+00
 5.37644151e+00 5.41343427e+00 5.45044752e+00 5.48747819e+00
 5.52452322e+00 5.56157952e+00 5.59864395e+00 5.63571339e+00
 5.67278468e+00 5.70985463e+00 5.74692003e+00 5.78397767e+00
 5.82102431e+00 5.85805667e+00 5.89507149e+00 5.93206545e+00
 5.96903525e+00 6.00597755e+00 6.04288898e+00 6.07976620e+00
 6.11660580e+00 6.15340439e+00 6.19015855e+00 6.22686485e+00
 6.26351985e+00 6.30012008e+00 6.33666208e+00 6.37314235e+00
 6.40955741e+00 6.44590373e+00 6.48217781e+00 6.51837611e+00
 6.55449509e+00 6.59053120e+00 6.62648089e+00 6.66234058e+00
 6.69810669e+00 6.73377566e+00 6.76934388e+00 6.80480777e+00
 6.84016373e+00 6.87540814e+00 6.91053740e+00 6.94554790e+00
 6.98043602e+00 7.01519814e+00 7.04983064e+00 7.08432990e+00
 7.11869231e+00 7.15291423e+00 7.18699204e+00 7.22092213e+00
 7.25470087e+00 7.28832466e+00 7.32178988e+00 7.35509291e+00
 7.38823016e+00 7.42119803e+00 7.45399292e+00 7.48661125e+00
 7.51904943e+00 7.55130390e+00 7.58337108e+00 7.61524744e+00
 7.64692941e+00 7.67841346e+00 7.70969608e+00 7.74077374e+00
 7.77164295e+00 7.80230022e+00 7.83274207e+00 7.86296505e+00
 7.89296570e+00 7.92274061e+00 7.95228636e+00 7.98159954e+00
 8.01067679e+00 8.03951474e+00 8.06811004e+00 8.09645938e+00
 8.12455944e+00 8.15240696e+00 8.17999866e+00 8.20733131e+00
 8.23440170e+00 8.26120662e+00 8.28774290e+00 8.31400741e+00
 8.33999702e+00 8.36570864e+00 8.39113919e+00 8.41628564e+00
 8.44114497e+00 8.46571420e+00 8.48999037e+00 8.51397055e+00
 8.53765184e+00 8.56103137e+00 8.58410631e+00 8.60687385e+00
 8.62933122e+00 8.65147568e+00 8.67330452e+00 8.69481507e+00
 8.71600469e+00 8.73687077e+00 8.75741075e+00 8.77762209e+00
 8.79750230e+00 8.81704892e+00 8.83625952e+00 8.85513172e+00
 8.87366319e+00 8.89185160e+00 8.90969470e+00 8.92719025e+00
 8.94433608e+00 8.96113003e+00 8.97757000e+00 8.99365393e+00
 9.00937980e+00 9.02474563e+00 9.03974948e+00 9.05438947e+00
 9.06866375e+00 9.08257051e+00 9.09610799e+00 9.10927448e+00
 9.12206832e+00 9.13448787e+00 9.14653157e+00 9.15819788e+00
 9.16948532e+00 9.18039244e+00 9.19091787e+00 9.20106026e+00
 9.21081831e+00 9.22019078e+00 9.22917648e+00 9.23777424e+00
 9.24598298e+00 9.25380164e+00 9.26122922e+00 9.26826476e+00
 9.27490737e+00 9.28115620e+00 9.28701043e+00 9.29246932e+00
 9.29753217e+00 9.30219833e+00 9.30646720e+00 9.31033822e+00
 9.31381090e+00 9.31688480e+00 9.31955952e+00 9.32183470e+00
 9.32371007e+00 9.32518538e+00 9.32626043e+00 9.32693510e+00
 9.32720929e+00 9.32708296e+00 9.32655615e+00 9.32562890e+00
 9.32430134e+00 9.32257365e+00 9.32044604e+00 9.31791880e+00
 9.31499223e+00 9.31166673e+00 9.30794272e+00 9.30382067e+00
 9.29930113e+00 9.29438466e+00 9.28907190e+00 9.28336354e+00
 9.27726031e+00 9.27076299e+00 9.26387241e+00 9.25658946e+00
 9.24891507e+00 9.24085023e+00 9.23239597e+00 9.22355337e+00
 9.21432356e+00 9.20470772e+00 9.19470707e+00 9.18432291e+00
 9.17355654e+00 9.16240935e+00 9.15088275e+00 9.13897821e+00
 9.12669724e+00 9.11404140e+00 9.10101230e+00 9.08761158e+00
 9.07384096e+00 9.05970216e+00 9.04519698e+00 9.03032724e+00
 9.01509483e+00 8.99950166e+00 8.98354969e+00 8.96724093e+00
 8.95057742e+00 8.93356126e+00 8.91619457e+00 8.89847953e+00
 8.88041834e+00 8.86201327e+00 8.84326659e+00 8.82418065e+00
 8.80475781e+00 8.78500047e+00 8.76491110e+00 8.74449216e+00
 8.72374618e+00 8.70267570e+00 8.68128334e+00 8.65957170e+00
 8.63754345e+00 8.61520129e+00 8.59254794e+00 8.56958616e+00
 8.54631875e+00 8.52274854e+00 8.49887837e+00 8.47471115e+00
 8.45024977e+00 8.42549720e+00 8.40045640e+00 8.37513038e+00
 8.34952218e+00 8.32363484e+00 8.29747147e+00 8.27103515e+00
 8.24432904e+00 8.21735630e+00 8.19012010e+00 8.16262367e+00
 8.13487022e+00 8.10686301e+00 8.07860532e+00 8.05010044e+00
 8.02135169e+00 7.99236240e+00 7.96313593e+00 7.93367565e+00
 7.90398495e+00 7.87406724e+00 7.84392594e+00 7.81356449e+00
 7.78298635e+00 7.75219499e+00 7.72119388e+00 7.68998652e+00
 7.65857643e+00 7.62696711e+00 7.59516212e+00 7.56316497e+00
 7.53097923e+00 7.49860846e+00 7.46605623e+00 7.43332610e+00
 7.40042168e+00 7.36734655e+00 7.33410430e+00 7.30069854e+00
 7.26713288e+00 7.23341092e+00 7.19953629e+00 7.16551259e+00
 7.13134345e+00 7.09703249e+00 7.06258334e+00 7.02799960e+00
 6.99328492e+00 6.95844289e+00 6.92347716e+00 6.88839132e+00
 6.85318900e+00 6.81787381e+00 6.78244935e+00 6.74691923e+00
 6.71128704e+00 6.67555637e+00 6.63973081e+00 6.60381394e+00
 6.56780932e+00 6.53172052e+00 6.49555109e+00 6.45930458e+00
 6.42298451e+00 6.38659442e+00 6.35013782e+00 6.31361821e+00
 6.27703907e+00 6.24040389e+00 6.20371613e+00 6.16697923e+00
 6.13019665e+00 6.09337179e+00 6.05650807e+00 6.01960887e+00
 5.98267758e+00 5.94571755e+00 5.90873212e+00 5.87172461e+00
 5.83469834e+00 5.79765660e+00 5.76060264e+00 5.72353972e+00
 5.68647108e+00 5.64939992e+00 5.61232943e+00 5.57526277e+00
 5.53820311e+00 5.50115356e+00 5.46411723e+00 5.42709719e+00
 5.39009651e+00 5.35311822e+00 5.31616533e+00 5.27924083e+00
 5.24234768e+00 5.20548882e+00 5.16866717e+00 5.13188560e+00
 5.09514699e+00 5.05845417e+00 5.02180995e+00 4.98521711e+00
 4.94867841e+00 4.91219658e+00 4.87577433e+00 4.83941432e+00
 4.80311920e+00 4.76689159e+00 4.73073409e+00 4.69464924e+00
 4.65863960e+00 4.62270766e+00 4.58685589e+00 4.55108674e+00
 4.51540263e+00 4.47980593e+00 4.44429902e+00 4.40888421e+00
 4.37356380e+00 4.33834005e+00 4.30321519e+00 4.26819144e+00
 4.23327097e+00 4.19845590e+00 4.16374837e+00 4.12915044e+00
 4.09466416e+00 4.06029156e+00 4.02603461e+00 3.99189527e+00
 3.95787546e+00 3.92397708e+00 3.89020197e+00 3.85655198e+00
 3.82302889e+00 3.78963446e+00 3.75637043e+00 3.72323850e+00
 3.69024034e+00 3.65737757e+00 3.62465181e+00 3.59206463e+00
 3.55961757e+00 3.52731213e+00 3.49514979e+00 3.46313200e+00
 3.43126017e+00 3.39953568e+00 3.36795987e+00 3.33653408e+00
 3.30525958e+00 3.27413764e+00 3.24316946e+00 3.21235626e+00
 3.18169918e+00 3.15119935e+00 3.12085789e+00 3.09067585e+00
 3.06065427e+00 3.03079417e+00 3.00109651e+00 2.97156224e+00
 2.94219229e+00 2.91298752e+00 2.88394881e+00 2.85507698e+00
 2.82637282e+00 2.79783709e+00 2.76947055e+00 2.74127389e+00
 2.71324780e+00 2.68539293e+00 2.65770989e+00 2.63019929e+00
 2.60286168e+00 2.57569761e+00 2.54870758e+00 2.52189208e+00
 2.49525157e+00 2.46878646e+00 2.44249716e+00 2.41638404e+00
 2.39044745e+00 2.36468772e+00 2.33910513e+00 2.31369995e+00
 2.28847243e+00 2.26342278e+00 2.23855120e+00 2.21385785e+00
 2.18934288e+00 2.16500641e+00 2.14084853e+00 2.11686930e+00
 2.09306879e+00 2.06944700e+00 2.04600394e+00 2.02273960e+00
 1.99965391e+00 1.97674681e+00 1.95401823e+00 1.93146803e+00
 1.90909609e+00 1.88690226e+00 1.86488636e+00 1.84304818e+00
 1.82138753e+00 1.79990415e+00 1.77859780e+00 1.75746819e+00
 1.73651503e+00 1.71573800e+00 1.69513678e+00 1.67471100e+00
 1.65446030e+00 1.63438429e+00 1.61448257e+00 1.59475470e+00
 1.57520026e+00 1.55581877e+00 1.53660977e+00 1.51757278e+00
 1.49870727e+00 1.48001273e+00 1.46148863e+00 1.44313440e+00
 1.42494949e+00 1.40693331e+00 1.38908527e+00 1.37140475e+00
 1.35389114e+00 1.33654379e+00 1.31936206e+00 1.30234528e+00
 1.28549277e+00 1.26880385e+00 1.25227783e+00 1.23591398e+00
 1.21971158e+00 1.20366991e+00 1.18778821e+00 1.17206573e+00
 1.15650170e+00 1.14109535e+00 1.12584589e+00 1.11075252e+00
 1.09581445e+00 1.08103084e+00 1.06640089e+00 1.05192376e+00
 1.03759862e+00 1.02342460e+00 1.00940086e+00 9.95526539e-01
 9.81800760e-01 9.68222647e-01 9.54791316e-01 9.41505877e-01
 9.28365433e-01 9.15369081e-01 9.02515911e-01 8.89805009e-01
 8.77235456e-01 8.64806327e-01 8.52516691e-01 8.40365616e-01
 8.28352161e-01 8.16475383e-01 8.04734336e-01 7.93128070e-01
 7.81655629e-01 7.70316055e-01 7.59108389e-01 7.48031667e-01
 7.37084922e-01 7.26267185e-01 7.15577485e-01 7.05014849e-01
 6.94578302e-01 6.84266867e-01 6.74079565e-01 6.64015417e-01
 6.54073442e-01 6.44252657e-01 6.34552081e-01 6.24970731e-01
 6.15507622e-01 6.06161771e-01 5.96932194e-01 5.87817907e-01
 5.78817926e-01 5.69931269e-01 5.61156953e-01 5.52493996e-01
 5.43941417e-01 5.35498236e-01 5.27163475e-01 5.18936157e-01
 5.10815305e-01 5.02799946e-01 4.94889106e-01 4.87081817e-01
 4.79377108e-01 4.71774015e-01 4.64271573e-01 4.56868821e-01
 4.49564800e-01 4.42358553e-01 4.35249128e-01 4.28235574e-01
 4.21316943e-01 4.14492292e-01 4.07760679e-01 4.01121167e-01
 3.94572821e-01 3.88114712e-01 3.81745912e-01 3.75465499e-01
 3.69272552e-01 3.63166157e-01 3.57145403e-01 3.51209382e-01
 3.45357193e-01 3.39587935e-01 3.33900716e-01 3.28294646e-01
 3.22768840e-01 3.17322416e-01 3.11954500e-01 3.06664221e-01
 3.01450712e-01 2.96313112e-01 2.91250565e-01 2.86262220e-01
 2.81347230e-01 2.76504755e-01 2.71733959e-01 2.67034011e-01
 2.62404085e-01 2.57843363e-01 2.53351029e-01 2.48926275e-01
 2.44568296e-01 2.40276295e-01 2.36049479e-01 2.31887062e-01
 2.27788262e-01 2.23752303e-01 2.19778416e-01 2.15865836e-01
 2.12013805e-01 2.08221571e-01 2.04488386e-01 2.00813510e-01
 1.97196208e-01 1.93635750e-01 1.90131412e-01 1.86682479e-01]",restricted_age_optimal,True,True,True,10,1,constraints_[3]_remained,1082.1176740329472,1073.9910106494724,1090.244337416422,4.146333018145729,19.10809234760377,18.964591286549478,19.25159340865806,0.07321617243286517,19.10769601008489,18.96419792551059,19.25119409465919,0.07321465379272067,1.0,1.0,1.0,4.72416293759441e-42,large,-1082.117674032947,-1090.2443374164218,-1073.9910106494722,4.146333018145728,-19.108092347603765,-19.251593408658056,-18.964591286549474,0.07321617243286514,-19.107696010084886,-19.251194094659187,-18.964197925510586,0.07321465379272064,6.717400498056338e-42,1.6840334250905568e-42,2.652186563567455e-41,4.7241629375944746e-42
0.832679,0.901864,0.872323,0.0107268476797427,2276,100.0,"[0.832679   0.83514989 0.83762079 0.84009168 0.84256257 0.84503346
 0.84750436 0.84997525 0.85244614 0.85491704 0.85738793 0.85985882
 0.86232971 0.86480061 0.8672715  0.86974239 0.87221329 0.87468418
 0.87715507 0.87962596 0.88209686 0.88456775 0.88703864 0.88950954
 0.89198043 0.89445132 0.89692221 0.89939311 0.901864  ]","[0.08787346 0.08787346 0.08787346 0.43936731 0.52724077 0.7029877
 1.23022847 1.53778559 1.75746924 3.16344464 4.26186292 5.18453427
 5.88752197 7.2056239  8.34797891 8.91915641 9.71001757 8.96309315
 7.95254833 7.11775044 6.23901582 3.69068541 2.98769772 2.15289982
 1.09841828 0.17574692 0.26362039 0.21968366]",0.0025,28,normal,0.8717106331282953,"[0.832679   0.83274825 0.83281751 0.83288676 0.83295602 0.83302527
 0.83309453 0.83316378 0.83323303 0.83330229 0.83337154 0.8334408
 0.83351005 0.83357931 0.83364856 0.83371781 0.83378707 0.83385632
 0.83392558 0.83399483 0.83406409 0.83413334 0.83420259 0.83427185
 0.8343411  0.83441036 0.83447961 0.83454886 0.83461812 0.83468737
 0.83475663 0.83482588 0.83489514 0.83496439 0.83503364 0.8351029
 0.83517215 0.83524141 0.83531066 0.83537992 0.83544917 0.83551842
 0.83558768 0.83565693 0.83572619 0.83579544 0.8358647  0.83593395
 0.8360032  0.83607246 0.83614171 0.83621097 0.83628022 0.83634948
 0.83641873 0.83648798 0.83655724 0.83662649 0.83669575 0.836765
 0.83683426 0.83690351 0.83697276 0.83704202 0.83711127 0.83718053
 0.83724978 0.83731904 0.83738829 0.83745754 0.8375268  0.83759605
 0.83766531 0.83773456 0.83780381 0.83787307 0.83794232 0.83801158
 0.83808083 0.83815009 0.83821934 0.83828859 0.83835785 0.8384271
 0.83849636 0.83856561 0.83863487 0.83870412 0.83877337 0.83884263
 0.83891188 0.83898114 0.83905039 0.83911965 0.8391889  0.83925815
 0.83932741 0.83939666 0.83946592 0.83953517 0.83960443 0.83967368
 0.83974293 0.83981219 0.83988144 0.8399507  0.84001995 0.84008921
 0.84015846 0.84022771 0.84029697 0.84036622 0.84043548 0.84050473
 0.84057398 0.84064324 0.84071249 0.84078175 0.840851   0.84092026
 0.84098951 0.84105876 0.84112802 0.84119727 0.84126653 0.84133578
 0.84140504 0.84147429 0.84154354 0.8416128  0.84168205 0.84175131
 0.84182056 0.84188982 0.84195907 0.84202832 0.84209758 0.84216683
 0.84223609 0.84230534 0.8423746  0.84244385 0.8425131  0.84258236
 0.84265161 0.84272087 0.84279012 0.84285938 0.84292863 0.84299788
 0.84306714 0.84313639 0.84320565 0.8432749  0.84334416 0.84341341
 0.84348266 0.84355192 0.84362117 0.84369043 0.84375968 0.84382893
 0.84389819 0.84396744 0.8440367  0.84410595 0.84417521 0.84424446
 0.84431371 0.84438297 0.84445222 0.84452148 0.84459073 0.84465999
 0.84472924 0.84479849 0.84486775 0.844937   0.84500626 0.84507551
 0.84514477 0.84521402 0.84528327 0.84535253 0.84542178 0.84549104
 0.84556029 0.84562955 0.8456988  0.84576805 0.84583731 0.84590656
 0.84597582 0.84604507 0.84611433 0.84618358 0.84625283 0.84632209
 0.84639134 0.8464606  0.84652985 0.84659911 0.84666836 0.84673761
 0.84680687 0.84687612 0.84694538 0.84701463 0.84708388 0.84715314
 0.84722239 0.84729165 0.8473609  0.84743016 0.84749941 0.84756866
 0.84763792 0.84770717 0.84777643 0.84784568 0.84791494 0.84798419
 0.84805344 0.8481227  0.84819195 0.84826121 0.84833046 0.84839972
 0.84846897 0.84853822 0.84860748 0.84867673 0.84874599 0.84881524
 0.8488845  0.84895375 0.849023   0.84909226 0.84916151 0.84923077
 0.84930002 0.84936928 0.84943853 0.84950778 0.84957704 0.84964629
 0.84971555 0.8497848  0.84985406 0.84992331 0.84999256 0.85006182
 0.85013107 0.85020033 0.85026958 0.85033883 0.85040809 0.85047734
 0.8505466  0.85061585 0.85068511 0.85075436 0.85082361 0.85089287
 0.85096212 0.85103138 0.85110063 0.85116989 0.85123914 0.85130839
 0.85137765 0.8514469  0.85151616 0.85158541 0.85165467 0.85172392
 0.85179317 0.85186243 0.85193168 0.85200094 0.85207019 0.85213945
 0.8522087  0.85227795 0.85234721 0.85241646 0.85248572 0.85255497
 0.85262423 0.85269348 0.85276273 0.85283199 0.85290124 0.8529705
 0.85303975 0.85310901 0.85317826 0.85324751 0.85331677 0.85338602
 0.85345528 0.85352453 0.85359378 0.85366304 0.85373229 0.85380155
 0.8538708  0.85394006 0.85400931 0.85407856 0.85414782 0.85421707
 0.85428633 0.85435558 0.85442484 0.85449409 0.85456334 0.8546326
 0.85470185 0.85477111 0.85484036 0.85490962 0.85497887 0.85504812
 0.85511738 0.85518663 0.85525589 0.85532514 0.8553944  0.85546365
 0.8555329  0.85560216 0.85567141 0.85574067 0.85580992 0.85587918
 0.85594843 0.85601768 0.85608694 0.85615619 0.85622545 0.8562947
 0.85636395 0.85643321 0.85650246 0.85657172 0.85664097 0.85671023
 0.85677948 0.85684873 0.85691799 0.85698724 0.8570565  0.85712575
 0.85719501 0.85726426 0.85733351 0.85740277 0.85747202 0.85754128
 0.85761053 0.85767979 0.85774904 0.85781829 0.85788755 0.8579568
 0.85802606 0.85809531 0.85816457 0.85823382 0.85830307 0.85837233
 0.85844158 0.85851084 0.85858009 0.85864935 0.8587186  0.85878785
 0.85885711 0.85892636 0.85899562 0.85906487 0.85913413 0.85920338
 0.85927263 0.85934189 0.85941114 0.8594804  0.85954965 0.8596189
 0.85968816 0.85975741 0.85982667 0.85989592 0.85996518 0.86003443
 0.86010368 0.86017294 0.86024219 0.86031145 0.8603807  0.86044996
 0.86051921 0.86058846 0.86065772 0.86072697 0.86079623 0.86086548
 0.86093474 0.86100399 0.86107324 0.8611425  0.86121175 0.86128101
 0.86135026 0.86141952 0.86148877 0.86155802 0.86162728 0.86169653
 0.86176579 0.86183504 0.8619043  0.86197355 0.8620428  0.86211206
 0.86218131 0.86225057 0.86231982 0.86238908 0.86245833 0.86252758
 0.86259684 0.86266609 0.86273535 0.8628046  0.86287385 0.86294311
 0.86301236 0.86308162 0.86315087 0.86322013 0.86328938 0.86335863
 0.86342789 0.86349714 0.8635664  0.86363565 0.86370491 0.86377416
 0.86384341 0.86391267 0.86398192 0.86405118 0.86412043 0.86418969
 0.86425894 0.86432819 0.86439745 0.8644667  0.86453596 0.86460521
 0.86467447 0.86474372 0.86481297 0.86488223 0.86495148 0.86502074
 0.86508999 0.86515925 0.8652285  0.86529775 0.86536701 0.86543626
 0.86550552 0.86557477 0.86564403 0.86571328 0.86578253 0.86585179
 0.86592104 0.8659903  0.86605955 0.8661288  0.86619806 0.86626731
 0.86633657 0.86640582 0.86647508 0.86654433 0.86661358 0.86668284
 0.86675209 0.86682135 0.8668906  0.86695986 0.86702911 0.86709836
 0.86716762 0.86723687 0.86730613 0.86737538 0.86744464 0.86751389
 0.86758314 0.8676524  0.86772165 0.86779091 0.86786016 0.86792942
 0.86799867 0.86806792 0.86813718 0.86820643 0.86827569 0.86834494
 0.8684142  0.86848345 0.8685527  0.86862196 0.86869121 0.86876047
 0.86882972 0.86889897 0.86896823 0.86903748 0.86910674 0.86917599
 0.86924525 0.8693145  0.86938375 0.86945301 0.86952226 0.86959152
 0.86966077 0.86973003 0.86979928 0.86986853 0.86993779 0.87000704
 0.8700763  0.87014555 0.87021481 0.87028406 0.87035331 0.87042257
 0.87049182 0.87056108 0.87063033 0.87069959 0.87076884 0.87083809
 0.87090735 0.8709766  0.87104586 0.87111511 0.87118437 0.87125362
 0.87132287 0.87139213 0.87146138 0.87153064 0.87159989 0.87166915
 0.8717384  0.87180765 0.87187691 0.87194616 0.87201542 0.87208467
 0.87215392 0.87222318 0.87229243 0.87236169 0.87243094 0.8725002
 0.87256945 0.8726387  0.87270796 0.87277721 0.87284647 0.87291572
 0.87298498 0.87305423 0.87312348 0.87319274 0.87326199 0.87333125
 0.8734005  0.87346976 0.87353901 0.87360826 0.87367752 0.87374677
 0.87381603 0.87388528 0.87395454 0.87402379 0.87409304 0.8741623
 0.87423155 0.87430081 0.87437006 0.87443932 0.87450857 0.87457782
 0.87464708 0.87471633 0.87478559 0.87485484 0.8749241  0.87499335
 0.8750626  0.87513186 0.87520111 0.87527037 0.87533962 0.87540887
 0.87547813 0.87554738 0.87561664 0.87568589 0.87575515 0.8758244
 0.87589365 0.87596291 0.87603216 0.87610142 0.87617067 0.87623993
 0.87630918 0.87637843 0.87644769 0.87651694 0.8765862  0.87665545
 0.87672471 0.87679396 0.87686321 0.87693247 0.87700172 0.87707098
 0.87714023 0.87720949 0.87727874 0.87734799 0.87741725 0.8774865
 0.87755576 0.87762501 0.87769427 0.87776352 0.87783277 0.87790203
 0.87797128 0.87804054 0.87810979 0.87817905 0.8782483  0.87831755
 0.87838681 0.87845606 0.87852532 0.87859457 0.87866382 0.87873308
 0.87880233 0.87887159 0.87894084 0.8790101  0.87907935 0.8791486
 0.87921786 0.87928711 0.87935637 0.87942562 0.87949488 0.87956413
 0.87963338 0.87970264 0.87977189 0.87984115 0.8799104  0.87997966
 0.88004891 0.88011816 0.88018742 0.88025667 0.88032593 0.88039518
 0.88046444 0.88053369 0.88060294 0.8806722  0.88074145 0.88081071
 0.88087996 0.88094922 0.88101847 0.88108772 0.88115698 0.88122623
 0.88129549 0.88136474 0.88143399 0.88150325 0.8815725  0.88164176
 0.88171101 0.88178027 0.88184952 0.88191877 0.88198803 0.88205728
 0.88212654 0.88219579 0.88226505 0.8823343  0.88240355 0.88247281
 0.88254206 0.88261132 0.88268057 0.88274983 0.88281908 0.88288833
 0.88295759 0.88302684 0.8830961  0.88316535 0.88323461 0.88330386
 0.88337311 0.88344237 0.88351162 0.88358088 0.88365013 0.88371939
 0.88378864 0.88385789 0.88392715 0.8839964  0.88406566 0.88413491
 0.88420417 0.88427342 0.88434267 0.88441193 0.88448118 0.88455044
 0.88461969 0.88468894 0.8847582  0.88482745 0.88489671 0.88496596
 0.88503522 0.88510447 0.88517372 0.88524298 0.88531223 0.88538149
 0.88545074 0.88552    0.88558925 0.8856585  0.88572776 0.88579701
 0.88586627 0.88593552 0.88600478 0.88607403 0.88614328 0.88621254
 0.88628179 0.88635105 0.8864203  0.88648956 0.88655881 0.88662806
 0.88669732 0.88676657 0.88683583 0.88690508 0.88697434 0.88704359
 0.88711284 0.8871821  0.88725135 0.88732061 0.88738986 0.88745912
 0.88752837 0.88759762 0.88766688 0.88773613 0.88780539 0.88787464
 0.88794389 0.88801315 0.8880824  0.88815166 0.88822091 0.88829017
 0.88835942 0.88842867 0.88849793 0.88856718 0.88863644 0.88870569
 0.88877495 0.8888442  0.88891345 0.88898271 0.88905196 0.88912122
 0.88919047 0.88925973 0.88932898 0.88939823 0.88946749 0.88953674
 0.889606   0.88967525 0.88974451 0.88981376 0.88988301 0.88995227
 0.89002152 0.89009078 0.89016003 0.89022929 0.89029854 0.89036779
 0.89043705 0.8905063  0.89057556 0.89064481 0.89071407 0.89078332
 0.89085257 0.89092183 0.89099108 0.89106034 0.89112959 0.89119884
 0.8912681  0.89133735 0.89140661 0.89147586 0.89154512 0.89161437
 0.89168362 0.89175288 0.89182213 0.89189139 0.89196064 0.8920299
 0.89209915 0.8921684  0.89223766 0.89230691 0.89237617 0.89244542
 0.89251468 0.89258393 0.89265318 0.89272244 0.89279169 0.89286095
 0.8929302  0.89299946 0.89306871 0.89313796 0.89320722 0.89327647
 0.89334573 0.89341498 0.89348424 0.89355349 0.89362274 0.893692
 0.89376125 0.89383051 0.89389976 0.89396902 0.89403827 0.89410752
 0.89417678 0.89424603 0.89431529 0.89438454 0.89445379 0.89452305
 0.8945923  0.89466156 0.89473081 0.89480007 0.89486932 0.89493857
 0.89500783 0.89507708 0.89514634 0.89521559 0.89528485 0.8953541
 0.89542335 0.89549261 0.89556186 0.89563112 0.89570037 0.89576963
 0.89583888 0.89590813 0.89597739 0.89604664 0.8961159  0.89618515
 0.89625441 0.89632366 0.89639291 0.89646217 0.89653142 0.89660068
 0.89666993 0.89673919 0.89680844 0.89687769 0.89694695 0.8970162
 0.89708546 0.89715471 0.89722396 0.89729322 0.89736247 0.89743173
 0.89750098 0.89757024 0.89763949 0.89770874 0.897778   0.89784725
 0.89791651 0.89798576 0.89805502 0.89812427 0.89819352 0.89826278
 0.89833203 0.89840129 0.89847054 0.8985398  0.89860905 0.8986783
 0.89874756 0.89881681 0.89888607 0.89895532 0.89902458 0.89909383
 0.89916308 0.89923234 0.89930159 0.89937085 0.8994401  0.89950936
 0.89957861 0.89964786 0.89971712 0.89978637 0.89985563 0.89992488
 0.89999414 0.90006339 0.90013264 0.9002019  0.90027115 0.90034041
 0.90040966 0.90047891 0.90054817 0.90061742 0.90068668 0.90075593
 0.90082519 0.90089444 0.90096369 0.90103295 0.9011022  0.90117146
 0.90124071 0.90130997 0.90137922 0.90144847 0.90151773 0.90158698
 0.90165624 0.90172549 0.90179475 0.901864  ]","[0.01225333 0.01254433 0.01284171 0.01314559 0.0134561  0.01377337
 0.01409753 0.01442872 0.01476707 0.01511273 0.01546583 0.01582653
 0.01619496 0.01657128 0.01695564 0.01734819 0.01774908 0.01815849
 0.01857656 0.01900346 0.01943937 0.01988445 0.02033887 0.0208028
 0.02127644 0.02175995 0.02225352 0.02275733 0.02327158 0.02379647
 0.02433217 0.0248789  0.02543685 0.02600623 0.02658725 0.02718012
 0.02778505 0.02840226 0.02903196 0.0296744  0.03032978 0.03099835
 0.03168033 0.03237597 0.03308551 0.03380918 0.03454725 0.03529995
 0.03606755 0.03685031 0.03764848 0.03846234 0.03929216 0.0401382
 0.04100076 0.0418801  0.04277652 0.04369031 0.04462176 0.04557116
 0.04653883 0.04752506 0.04853017 0.04955447 0.05059828 0.05166193
 0.05274573 0.05385003 0.05497515 0.05612145 0.05728926 0.05847893
 0.05969081 0.06092528 0.06218268 0.06346338 0.06476777 0.0660962
 0.06744908 0.06882677 0.07022968 0.0716582  0.07311272 0.07459367
 0.07610143 0.07763644 0.07919911 0.08078986 0.08240913 0.08405735
 0.08573497 0.08744242 0.08918015 0.09094863 0.09274832 0.09457967
 0.09644316 0.09833927 0.10026848 0.10223128 0.10422815 0.1062596
 0.10832613 0.11042824 0.11256646 0.11474129 0.11695327 0.11920292
 0.12149078 0.12381739 0.1261833  0.12858905 0.13103521 0.13352234
 0.136051   0.13862178 0.14123524 0.14389198 0.14659258 0.14933764
 0.15212776 0.15496356 0.15784564 0.16077461 0.16375111 0.16677577
 0.16984921 0.17297209 0.17614503 0.17936871 0.18264377 0.18597088
 0.1893507  0.19278391 0.19627119 0.19981322 0.20341069 0.20706431
 0.21077476 0.21454276 0.21836902 0.22225425 0.22619918 0.23020453
 0.23427105 0.23839946 0.24259051 0.24684495 0.25116353 0.25554701
 0.25999617 0.26451175 0.26909455 0.27374534 0.27846489 0.28325401
 0.28811349 0.29304412 0.2980467  0.30312205 0.30827098 0.3134943
 0.31879284 0.32416742 0.32961886 0.33514802 0.34075572 0.34644281
 0.35221013 0.35805853 0.36398888 0.37000202 0.37609883 0.38228016
 0.38854689 0.39489989 0.40134004 0.40786821 0.4144853  0.42119218
 0.42798974 0.43487889 0.4418605  0.44893549 0.45610475 0.46336919
 0.4707297  0.4781872  0.4857426  0.49339681 0.50115075 0.50900532
 0.51696145 0.52502005 0.53318206 0.54144838 0.54981994 0.55829766
 0.56688248 0.57557531 0.58437708 0.59328872 0.60231115 0.61144531
 0.62069211 0.63005249 0.63952738 0.64911769 0.65882435 0.6686483
 0.67859044 0.68865171 0.69883303 0.70913532 0.71955948 0.73010645
 0.74077714 0.75157245 0.76249329 0.77354058 0.78471522 0.79601811
 0.80745015 0.81901223 0.83070524 0.84253007 0.85448761 0.86657874
 0.87880432 0.89116524 0.90366235 0.91629652 0.9290686  0.94197945
 0.9550299  0.9682208  0.98155298 0.99502727 1.00864448 1.02240543
 1.03631092 1.05036175 1.06455872 1.07890261 1.0933942  1.10803424
 1.12282351 1.13776274 1.15285269 1.16809409 1.18348765 1.1990341
 1.21473414 1.23058845 1.24659773 1.26276264 1.27908386 1.29556202
 1.31219777 1.32899174 1.34594453 1.36305677 1.38032903 1.3977619
 1.41535594 1.43311171 1.45102974 1.46911056 1.48735468 1.5057626
 1.52433481 1.54307177 1.56197393 1.58104174 1.60027561 1.61967595
 1.63924316 1.65897761 1.67887966 1.69894965 1.7191879  1.73959472
 1.7601704  1.78091521 1.80182942 1.82291324 1.8441669  1.8655906
 1.88718451 1.9089488  1.93088361 1.95298905 1.97526523 1.99771222
 2.02033009 2.04311888 2.06607859 2.08920923 2.11251078 2.13598318
 2.15962636 2.18344024 2.2074247  2.2315796  2.25590479 2.28040008
 2.30506526 2.32990011 2.35490437 2.38007777 2.40542    2.43093073
 2.45660963 2.4824563  2.50847035 2.53465136 2.56099887 2.5875124
 2.61419146 2.64103551 2.668044   2.69521635 2.72255194 2.75005015
 2.77771032 2.80553175 2.83351372 2.86165551 2.88995633 2.91841539
 2.94703186 2.97580489 3.00473359 3.03381706 3.06305436 3.09244452
 3.12198655 3.15167942 3.18152208 3.21151345 3.24165243 3.27193786
 3.30236858 3.3329434  3.36366108 3.39452038 3.42552001 3.45665865
 3.48793495 3.51934756 3.55089505 3.58257601 3.61438897 3.64633243
 3.67840487 3.71060476 3.74293049 3.77538047 3.80795305 3.84064657
 3.87345933 3.90638959 3.9394356  3.97259558 4.0058677  4.03925012
 4.07274096 4.10633833 4.14004028 4.17384486 4.20775007 4.24175389
 4.27585428 4.31004915 4.3443364  4.37871389 4.41317947 4.44773093
 4.48236607 4.51708263 4.55187833 4.58675089 4.62169796 4.6567172
 4.69180621 4.72696259 4.7621839  4.79746767 4.83281143 4.86821264
 4.90366878 4.93917727 4.97473553 5.01034093 5.04599083 5.08168258
 5.11741348 5.15318081 5.18898184 5.2248138  5.26067392 5.29655939
 5.33246738 5.36839503 5.40433948 5.44029783 5.47626717 5.51224456
 5.54822704 5.58421164 5.62019536 5.65617519 5.69214809 5.72811102
 5.76406089 5.79999463 5.83590913 5.87180125 5.90766788 5.94350585
 5.97931198 6.0150831  6.05081601 6.08650749 6.1221543  6.15775322
 6.19330098 6.22879432 6.26422996 6.29960461 6.33491496 6.37015771
 6.40532952 6.44042708 6.47544704 6.51038605 6.54524075 6.58000778
 6.61468376 6.64926533 6.68374908 6.71813165 6.75240962 6.78657961
 6.82063821 6.85458201 6.88840761 6.92211159 6.95569056 6.98914108
 7.02245976 7.05564317 7.08868791 7.12159056 7.15434772 7.18695598
 7.21941193 7.25171219 7.28385334 7.31583201 7.3476448  7.37928834
 7.41075926 7.44205419 7.47316976 7.50410264 7.53484949 7.56540696
 7.59577175 7.62594054 7.65591004 7.68567695 7.715238   7.74458994
 7.77372951 7.80265348 7.83135864 7.85984178 7.88809972 7.91612929
 7.94392733 7.9714907  7.99881631 8.02590104 8.05274182 8.07933559
 8.10567932 8.13176999 8.15760461 8.18318021 8.20849384 8.23354257
 8.25832352 8.28283379 8.30707055 8.33103096 8.35471224 8.37811161
 8.40122632 8.42405367 8.44659097 8.46883556 8.49078481 8.51243612
 8.53378693 8.5548347  8.57557693 8.59601115 8.61613491 8.63594581
 8.65544148 8.67461957 8.69347779 8.71201387 8.73022557 8.74811069
 8.76566707 8.78289259 8.79978516 8.81634273 8.83256329 8.84844486
 8.86398551 8.87918334 8.89403651 8.90854319 8.9227016  8.93651002
 8.94996674 8.96307012 8.97581855 8.98821046 9.00024432 9.01191865
 9.023232   9.03418299 9.04477026 9.05499249 9.06484843 9.07433685
 9.08345658 9.09220649 9.10058548 9.10859253 9.11622663 9.12348683
 9.13037224 9.13688199 9.14301527 9.14877133 9.15414944 9.15914893
 9.16376917 9.1680096  9.17186968 9.17534893 9.17844692 9.18116326
 9.1834976  9.18544967 9.1870192  9.18820601 9.18900996 9.18943093
 9.18946887 9.18912379 9.18839572 9.18728476 9.18579104 9.18391475
 9.18165613 9.17901545 9.17599306 9.17258931 9.16880465 9.16463954
 9.16009451 9.15517011 9.14986697 9.14418574 9.13812714 9.13169192
 9.12488088 9.11769486 9.11013477 9.10220154 9.09389616 9.08521966
 9.07617312 9.06675765 9.05697444 9.04682468 9.03630964 9.02543061
 9.01418894 9.00258602 8.99062328 8.9783022  8.96562429 8.95259111
 8.93920426 8.92546539 8.91137619 8.89693837 8.88215372 8.86702403
 8.85155115 8.83573698 8.81958343 8.80309248 8.78626612 8.7691064
 8.75161541 8.73379525 8.71564809 8.69717611 8.67838154 8.65926664
 8.6398337  8.62008508 8.60002311 8.57965022 8.55896882 8.53798139
 8.51669042 8.49509844 8.47320802 8.45102174 8.42854223 8.40577214
 8.38271415 8.35937096 8.33574532 8.31183999 8.28765776 8.26320146
 8.23847392 8.21347801 8.18821664 8.16269271 8.13690918 8.110869
 8.08457517 8.0580307  8.03123862 8.00420198 7.97692386 7.94940734
 7.92165555 7.89367161 7.86545867 7.8370199  7.80835847 7.7794776
 7.75038049 7.72107037 7.69155049 7.66182411 7.63189449 7.60176493
 7.57143871 7.54091915 7.51020956 7.47931328 7.44823363 7.41697398
 7.38553766 7.35392806 7.32214853 7.29020246 7.25809323 7.22582423
 7.19339886 7.1608205  7.12809257 7.09521848 7.06220162 7.02904541
 6.99575327 6.9623286  6.92877481 6.89509533 6.86129355 6.8273729
 6.79333677 6.75918859 6.72493174 6.69056963 6.65610565 6.6215432
 6.58688565 6.5521364  6.5172988  6.48237623 6.44737204 6.41228959
 6.37713223 6.34190327 6.30660605 6.27124388 6.23582006 6.20033789
 6.16480065 6.12921161 6.09357403 6.05789114 6.02216619 5.98640239
 5.95060293 5.91477102 5.87890982 5.8430225  5.80711219 5.77118202
 5.73523509 5.69927451 5.66330334 5.62732464 5.59134145 5.55535679
 5.51937365 5.48339502 5.44742385 5.41146309 5.37551565 5.33958444
 5.30367233 5.26778218 5.23191681 5.19607904 5.16027166 5.12449744
 5.08875911 5.05305939 5.01740098 4.98178655 4.94621875 4.91070019
 4.87523347 4.83982117 4.80446583 4.76916997 4.73393609 4.69876665
 4.6636641  4.62863085 4.59366929 4.55878179 4.52397067 4.48923825
 4.4545868  4.42001858 4.38553581 4.35114069 4.31683539 4.28262205
 4.24850278 4.21447966 4.18055475 4.14673007 4.11300763 4.07938939
 4.04587728 4.01247323 3.97917911 3.94599677 3.91292803 3.87997469
 3.84713852 3.81442124 3.78182456 3.74935016 3.71699968 3.68477473
 3.65267691 3.62070777 3.58886884 3.55716161 3.52558756 3.49414812
 3.46284469 3.43167867 3.40065139 3.36976419 3.33901834 3.30841512
 3.27795575 3.24764144 3.21747336 3.18745265 3.15758044 3.12785781
 3.09828581 3.06886548 3.03959781 3.01048379 2.98152435 2.9527204
 2.92407284 2.89558253 2.86725029 2.83907693 2.81106323 2.78320994
 2.75551776 2.72798741 2.70061954 2.6734148  2.6463738  2.61949712
 2.59278533 2.56623896 2.53985852 2.51364448 2.48759732 2.46171745
 2.43600528 2.4104612  2.38508556 2.35987868 2.33484089 2.30997245
 2.28527363 2.26074466 2.23638576 2.2121971  2.18817886 2.16433117
 2.14065416 2.11714792 2.09381252 2.07064801 2.04765443 2.02483178
 2.00218005 1.9796992  1.95738918 1.93524992 1.91328131 1.89148325
 1.86985559 1.84839818 1.82711084 1.80599338 1.78504559 1.76426724
 1.74365806 1.72321781 1.70294618 1.68284288 1.66290759 1.64313996
 1.62353964 1.60410626 1.58483944 1.56573876 1.54680382 1.52803416
 1.50942935 1.49098891 1.47271237 1.45459924 1.43664899 1.41886112
 1.40123508 1.38377032 1.36646628 1.34932239 1.33233805 1.31551266
 1.29884561 1.28233627 1.26598402 1.24978819 1.23374812 1.21786316
 1.20213261 1.18655579 1.17113199 1.1558605  1.1407406  1.12577156
 1.11095264 1.09628309 1.08176215 1.06738906 1.05316304 1.03908331
 1.02514909 1.01135956 0.99771394 0.9842114  0.97085113 0.9576323
 0.94455409 0.93161565 0.91881614 0.90615471 0.89363051 0.88124268
 0.86899035 0.85687265 0.84488871 0.83303766 0.82131859 0.80973064
 0.79827291 0.78694451 0.77574453 0.76467208 0.75372625 0.74290614
 0.73221083 0.72163943 0.711191   0.70086464 0.69065943 0.68057444
 0.67060877 0.66076148 0.65103165 0.64141836 0.63192068 0.62253768
 0.61326845 0.60411205 0.59506755 0.58613403 0.57731057 0.56859622
 0.55999008 0.55149121 0.54309869 0.53481159 0.52662899 0.51854997
 0.51057361 0.50269899 0.49492519 0.48725129 0.47967639 0.47219956
 0.4648199  0.4575365  0.45034846 0.44325486 0.43625482 0.42934742
 0.42253178 0.41580701 0.4091722  0.40262648 0.39616896 0.38979877
 0.38351501 0.37731683 0.37120334 0.36517369 0.35922701 0.35336243
 0.34757912 0.3418762  0.33625284 0.33070819 0.32524141 0.31985166
 0.31453813 0.30929997 0.30413637 0.2990465  0.29402956 0.28908474
 0.28421123 0.27940824 0.27467496 0.27001061 0.2654144  0.26088556
 0.25642331 0.25202687 0.24769549 0.2434284  0.23922485 0.23508409
 0.23100537 0.22698796 0.22303111 0.21913411 0.21529623 0.21151674
 0.20779494 0.20413012 0.20052158 0.19696862 0.19347055 0.19002668
 0.18663633 0.18329883 0.18001351 0.17677971]",restricted_age_optimal,True,True,True,10,1,constraints_[4]_remained,866.198827962415,859.4786748181084,872.9189811067215,3.4287125668197413,18.779510105695067,18.63381470665811,18.925205504732016,0.07433575320065997,18.779106277105804,18.633414011056193,18.924798543155408,0.07433415470835755,1.0,1.0,1.0,1.0778827584807877e-40,large,-866.198827962415,-872.9189811067215,-859.4786748181084,3.4287125668197413,-18.779510105695067,-18.925205504732016,-18.63381470665811,0.07433575320065997,-18.779106277105804,-18.924798543155408,-18.633414011056193,0.07433415470835755,1.5357098682926597e-40,3.8599041504818963e-41,6.0458574350800325e-40,1.0778827584807877e-40
0.84354,0.904264,0.880743,0.0093686807738207,2159,100.0,"[0.84354    0.84596896 0.84839792 0.85082688 0.85325584 0.8556848
 0.85811376 0.86054272 0.86297168 0.86540064 0.8678296  0.87025856
 0.87268752 0.87511648 0.87754544 0.8799744  0.88240336 0.88483232
 0.88726128 0.88969024 0.8921192  0.89454816 0.89697712 0.89940608
 0.90183504 0.904264  ]","[ 0.09263548  0.04631774  0.18527096  0.32422418  0.50949514  0.6947661
  1.15794349  1.57480315  2.13061603  3.1496063   4.26123205  6.0676239
  7.31820287  8.70773506 10.18990273 10.37517369 10.46780917  9.58777212
  7.59610931  6.2992126   4.67809171  2.50115794  1.25057897  0.4631774
  0.37054192]",0.0025,25,normal,0.8802136813339508,"[0.84354    0.84360078 0.84366157 0.84372235 0.84378314 0.84384392
 0.84390471 0.84396549 0.84402628 0.84408706 0.84414785 0.84420863
 0.84426942 0.8443302  0.84439099 0.84445177 0.84451256 0.84457334
 0.84463413 0.84469491 0.8447557  0.84481648 0.84487727 0.84493805
 0.84499883 0.84505962 0.8451204  0.84518119 0.84524197 0.84530276
 0.84536354 0.84542433 0.84548511 0.8455459  0.84560668 0.84566747
 0.84572825 0.84578904 0.84584982 0.84591061 0.84597139 0.84603218
 0.84609296 0.84615375 0.84621453 0.84627532 0.8463361  0.84639688
 0.84645767 0.84651845 0.84657924 0.84664002 0.84670081 0.84676159
 0.84682238 0.84688316 0.84694395 0.84700473 0.84706552 0.8471263
 0.84718709 0.84724787 0.84730866 0.84736944 0.84743023 0.84749101
 0.8475518  0.84761258 0.84767337 0.84773415 0.84779493 0.84785572
 0.8479165  0.84797729 0.84803807 0.84809886 0.84815964 0.84822043
 0.84828121 0.848342   0.84840278 0.84846357 0.84852435 0.84858514
 0.84864592 0.84870671 0.84876749 0.84882828 0.84888906 0.84894985
 0.84901063 0.84907142 0.8491322  0.84919298 0.84925377 0.84931455
 0.84937534 0.84943612 0.84949691 0.84955769 0.84961848 0.84967926
 0.84974005 0.84980083 0.84986162 0.8499224  0.84998319 0.85004397
 0.85010476 0.85016554 0.85022633 0.85028711 0.8503479  0.85040868
 0.85046947 0.85053025 0.85059104 0.85065182 0.8507126  0.85077339
 0.85083417 0.85089496 0.85095574 0.85101653 0.85107731 0.8511381
 0.85119888 0.85125967 0.85132045 0.85138124 0.85144202 0.85150281
 0.85156359 0.85162438 0.85168516 0.85174595 0.85180673 0.85186752
 0.8519283  0.85198909 0.85204987 0.85211065 0.85217144 0.85223222
 0.85229301 0.85235379 0.85241458 0.85247536 0.85253615 0.85259693
 0.85265772 0.8527185  0.85277929 0.85284007 0.85290086 0.85296164
 0.85302243 0.85308321 0.853144   0.85320478 0.85326557 0.85332635
 0.85338714 0.85344792 0.8535087  0.85356949 0.85363027 0.85369106
 0.85375184 0.85381263 0.85387341 0.8539342  0.85399498 0.85405577
 0.85411655 0.85417734 0.85423812 0.85429891 0.85435969 0.85442048
 0.85448126 0.85454205 0.85460283 0.85466362 0.8547244  0.85478519
 0.85484597 0.85490675 0.85496754 0.85502832 0.85508911 0.85514989
 0.85521068 0.85527146 0.85533225 0.85539303 0.85545382 0.8555146
 0.85557539 0.85563617 0.85569696 0.85575774 0.85581853 0.85587931
 0.8559401  0.85600088 0.85606167 0.85612245 0.85618324 0.85624402
 0.8563048  0.85636559 0.85642637 0.85648716 0.85654794 0.85660873
 0.85666951 0.8567303  0.85679108 0.85685187 0.85691265 0.85697344
 0.85703422 0.85709501 0.85715579 0.85721658 0.85727736 0.85733815
 0.85739893 0.85745972 0.8575205  0.85758129 0.85764207 0.85770285
 0.85776364 0.85782442 0.85788521 0.85794599 0.85800678 0.85806756
 0.85812835 0.85818913 0.85824992 0.8583107  0.85837149 0.85843227
 0.85849306 0.85855384 0.85861463 0.85867541 0.8587362  0.85879698
 0.85885777 0.85891855 0.85897934 0.85904012 0.8591009  0.85916169
 0.85922247 0.85928326 0.85934404 0.85940483 0.85946561 0.8595264
 0.85958718 0.85964797 0.85970875 0.85976954 0.85983032 0.85989111
 0.85995189 0.86001268 0.86007346 0.86013425 0.86019503 0.86025582
 0.8603166  0.86037739 0.86043817 0.86049895 0.86055974 0.86062052
 0.86068131 0.86074209 0.86080288 0.86086366 0.86092445 0.86098523
 0.86104602 0.8611068  0.86116759 0.86122837 0.86128916 0.86134994
 0.86141073 0.86147151 0.8615323  0.86159308 0.86165387 0.86171465
 0.86177544 0.86183622 0.86189701 0.86195779 0.86201857 0.86207936
 0.86214014 0.86220093 0.86226171 0.8623225  0.86238328 0.86244407
 0.86250485 0.86256564 0.86262642 0.86268721 0.86274799 0.86280878
 0.86286956 0.86293035 0.86299113 0.86305192 0.8631127  0.86317349
 0.86323427 0.86329506 0.86335584 0.86341662 0.86347741 0.86353819
 0.86359898 0.86365976 0.86372055 0.86378133 0.86384212 0.8639029
 0.86396369 0.86402447 0.86408526 0.86414604 0.86420683 0.86426761
 0.8643284  0.86438918 0.86444997 0.86451075 0.86457154 0.86463232
 0.86469311 0.86475389 0.86481467 0.86487546 0.86493624 0.86499703
 0.86505781 0.8651186  0.86517938 0.86524017 0.86530095 0.86536174
 0.86542252 0.86548331 0.86554409 0.86560488 0.86566566 0.86572645
 0.86578723 0.86584802 0.8659088  0.86596959 0.86603037 0.86609116
 0.86615194 0.86621272 0.86627351 0.86633429 0.86639508 0.86645586
 0.86651665 0.86657743 0.86663822 0.866699   0.86675979 0.86682057
 0.86688136 0.86694214 0.86700293 0.86706371 0.8671245  0.86718528
 0.86724607 0.86730685 0.86736764 0.86742842 0.86748921 0.86754999
 0.86761077 0.86767156 0.86773234 0.86779313 0.86785391 0.8679147
 0.86797548 0.86803627 0.86809705 0.86815784 0.86821862 0.86827941
 0.86834019 0.86840098 0.86846176 0.86852255 0.86858333 0.86864412
 0.8687049  0.86876569 0.86882647 0.86888726 0.86894804 0.86900882
 0.86906961 0.86913039 0.86919118 0.86925196 0.86931275 0.86937353
 0.86943432 0.8694951  0.86955589 0.86961667 0.86967746 0.86973824
 0.86979903 0.86985981 0.8699206  0.86998138 0.87004217 0.87010295
 0.87016374 0.87022452 0.87028531 0.87034609 0.87040687 0.87046766
 0.87052844 0.87058923 0.87065001 0.8707108  0.87077158 0.87083237
 0.87089315 0.87095394 0.87101472 0.87107551 0.87113629 0.87119708
 0.87125786 0.87131865 0.87137943 0.87144022 0.871501   0.87156179
 0.87162257 0.87168336 0.87174414 0.87180492 0.87186571 0.87192649
 0.87198728 0.87204806 0.87210885 0.87216963 0.87223042 0.8722912
 0.87235199 0.87241277 0.87247356 0.87253434 0.87259513 0.87265591
 0.8727167  0.87277748 0.87283827 0.87289905 0.87295984 0.87302062
 0.87308141 0.87314219 0.87320297 0.87326376 0.87332454 0.87338533
 0.87344611 0.8735069  0.87356768 0.87362847 0.87368925 0.87375004
 0.87381082 0.87387161 0.87393239 0.87399318 0.87405396 0.87411475
 0.87417553 0.87423632 0.8742971  0.87435789 0.87441867 0.87447946
 0.87454024 0.87460103 0.87466181 0.87472259 0.87478338 0.87484416
 0.87490495 0.87496573 0.87502652 0.8750873  0.87514809 0.87520887
 0.87526966 0.87533044 0.87539123 0.87545201 0.8755128  0.87557358
 0.87563437 0.87569515 0.87575594 0.87581672 0.87587751 0.87593829
 0.87599908 0.87605986 0.87612064 0.87618143 0.87624221 0.876303
 0.87636378 0.87642457 0.87648535 0.87654614 0.87660692 0.87666771
 0.87672849 0.87678928 0.87685006 0.87691085 0.87697163 0.87703242
 0.8770932  0.87715399 0.87721477 0.87727556 0.87733634 0.87739713
 0.87745791 0.87751869 0.87757948 0.87764026 0.87770105 0.87776183
 0.87782262 0.8778834  0.87794419 0.87800497 0.87806576 0.87812654
 0.87818733 0.87824811 0.8783089  0.87836968 0.87843047 0.87849125
 0.87855204 0.87861282 0.87867361 0.87873439 0.87879518 0.87885596
 0.87891674 0.87897753 0.87903831 0.8790991  0.87915988 0.87922067
 0.87928145 0.87934224 0.87940302 0.87946381 0.87952459 0.87958538
 0.87964616 0.87970695 0.87976773 0.87982852 0.8798893  0.87995009
 0.88001087 0.88007166 0.88013244 0.88019323 0.88025401 0.88031479
 0.88037558 0.88043636 0.88049715 0.88055793 0.88061872 0.8806795
 0.88074029 0.88080107 0.88086186 0.88092264 0.88098343 0.88104421
 0.881105   0.88116578 0.88122657 0.88128735 0.88134814 0.88140892
 0.88146971 0.88153049 0.88159128 0.88165206 0.88171284 0.88177363
 0.88183441 0.8818952  0.88195598 0.88201677 0.88207755 0.88213834
 0.88219912 0.88225991 0.88232069 0.88238148 0.88244226 0.88250305
 0.88256383 0.88262462 0.8826854  0.88274619 0.88280697 0.88286776
 0.88292854 0.88298933 0.88305011 0.88311089 0.88317168 0.88323246
 0.88329325 0.88335403 0.88341482 0.8834756  0.88353639 0.88359717
 0.88365796 0.88371874 0.88377953 0.88384031 0.8839011  0.88396188
 0.88402267 0.88408345 0.88414424 0.88420502 0.88426581 0.88432659
 0.88438738 0.88444816 0.88450894 0.88456973 0.88463051 0.8846913
 0.88475208 0.88481287 0.88487365 0.88493444 0.88499522 0.88505601
 0.88511679 0.88517758 0.88523836 0.88529915 0.88535993 0.88542072
 0.8854815  0.88554229 0.88560307 0.88566386 0.88572464 0.88578543
 0.88584621 0.88590699 0.88596778 0.88602856 0.88608935 0.88615013
 0.88621092 0.8862717  0.88633249 0.88639327 0.88645406 0.88651484
 0.88657563 0.88663641 0.8866972  0.88675798 0.88681877 0.88687955
 0.88694034 0.88700112 0.88706191 0.88712269 0.88718348 0.88724426
 0.88730505 0.88736583 0.88742661 0.8874874  0.88754818 0.88760897
 0.88766975 0.88773054 0.88779132 0.88785211 0.88791289 0.88797368
 0.88803446 0.88809525 0.88815603 0.88821682 0.8882776  0.88833839
 0.88839917 0.88845996 0.88852074 0.88858153 0.88864231 0.8887031
 0.88876388 0.88882466 0.88888545 0.88894623 0.88900702 0.8890678
 0.88912859 0.88918937 0.88925016 0.88931094 0.88937173 0.88943251
 0.8894933  0.88955408 0.88961487 0.88967565 0.88973644 0.88979722
 0.88985801 0.88991879 0.88997958 0.89004036 0.89010115 0.89016193
 0.89022271 0.8902835  0.89034428 0.89040507 0.89046585 0.89052664
 0.89058742 0.89064821 0.89070899 0.89076978 0.89083056 0.89089135
 0.89095213 0.89101292 0.8910737  0.89113449 0.89119527 0.89125606
 0.89131684 0.89137763 0.89143841 0.8914992  0.89155998 0.89162076
 0.89168155 0.89174233 0.89180312 0.8918639  0.89192469 0.89198547
 0.89204626 0.89210704 0.89216783 0.89222861 0.8922894  0.89235018
 0.89241097 0.89247175 0.89253254 0.89259332 0.89265411 0.89271489
 0.89277568 0.89283646 0.89289725 0.89295803 0.89301881 0.8930796
 0.89314038 0.89320117 0.89326195 0.89332274 0.89338352 0.89344431
 0.89350509 0.89356588 0.89362666 0.89368745 0.89374823 0.89380902
 0.8938698  0.89393059 0.89399137 0.89405216 0.89411294 0.89417373
 0.89423451 0.8942953  0.89435608 0.89441686 0.89447765 0.89453843
 0.89459922 0.89466    0.89472079 0.89478157 0.89484236 0.89490314
 0.89496393 0.89502471 0.8950855  0.89514628 0.89520707 0.89526785
 0.89532864 0.89538942 0.89545021 0.89551099 0.89557178 0.89563256
 0.89569335 0.89575413 0.89581491 0.8958757  0.89593648 0.89599727
 0.89605805 0.89611884 0.89617962 0.89624041 0.89630119 0.89636198
 0.89642276 0.89648355 0.89654433 0.89660512 0.8966659  0.89672669
 0.89678747 0.89684826 0.89690904 0.89696983 0.89703061 0.8970914
 0.89715218 0.89721296 0.89727375 0.89733453 0.89739532 0.8974561
 0.89751689 0.89757767 0.89763846 0.89769924 0.89776003 0.89782081
 0.8978816  0.89794238 0.89800317 0.89806395 0.89812474 0.89818552
 0.89824631 0.89830709 0.89836788 0.89842866 0.89848945 0.89855023
 0.89861102 0.8986718  0.89873258 0.89879337 0.89885415 0.89891494
 0.89897572 0.89903651 0.89909729 0.89915808 0.89921886 0.89927965
 0.89934043 0.89940122 0.899462   0.89952279 0.89958357 0.89964436
 0.89970514 0.89976593 0.89982671 0.8998875  0.89994828 0.90000907
 0.90006985 0.90013063 0.90019142 0.9002522  0.90031299 0.90037377
 0.90043456 0.90049534 0.90055613 0.90061691 0.9006777  0.90073848
 0.90079927 0.90086005 0.90092084 0.90098162 0.90104241 0.90110319
 0.90116398 0.90122476 0.90128555 0.90134633 0.90140712 0.9014679
 0.90152868 0.90158947 0.90165025 0.90171104 0.90177182 0.90183261
 0.90189339 0.90195418 0.90201496 0.90207575 0.90213653 0.90219732
 0.9022581  0.90231889 0.90237967 0.90244046 0.90250124 0.90256203
 0.90262281 0.9026836  0.90274438 0.90280517 0.90286595 0.90292673
 0.90298752 0.9030483  0.90310909 0.90316987 0.90323066 0.90329144
 0.90335223 0.90341301 0.9034738  0.90353458 0.90359537 0.90365615
 0.90371694 0.90377772 0.90383851 0.90389929 0.90396008 0.90402086
 0.90408165 0.90414243 0.90420322 0.904264  ]","[4.86677191e-03 4.99185412e-03 5.11993557e-03 5.25108230e-03
 5.38536163e-03 5.52284224e-03 5.66359411e-03 5.80768861e-03
 5.95519852e-03 6.10619799e-03 6.26076264e-03 6.41896952e-03
 6.58089720e-03 6.74662574e-03 6.91623671e-03 7.08981327e-03
 7.26744014e-03 7.44920366e-03 7.63519179e-03 7.82549417e-03
 8.02020209e-03 8.21940858e-03 8.42320840e-03 8.63169806e-03
 8.84497587e-03 9.06314198e-03 9.28629835e-03 9.51454885e-03
 9.74799922e-03 9.98675716e-03 1.02309323e-02 1.04806364e-02
 1.07359829e-02 1.09970877e-02 1.12640685e-02 1.15370453e-02
 1.18161400e-02 1.21014770e-02 1.23931826e-02 1.26913855e-02
 1.29962166e-02 1.33078091e-02 1.36262987e-02 1.39518232e-02
 1.42845230e-02 1.46245408e-02 1.49720219e-02 1.53271140e-02
 1.56899673e-02 1.60607347e-02 1.64395716e-02 1.68266360e-02
 1.72220889e-02 1.76260934e-02 1.80388160e-02 1.84604255e-02
 1.88910938e-02 1.93309956e-02 1.97803082e-02 2.02392124e-02
 2.07078914e-02 2.11865317e-02 2.16753228e-02 2.21744573e-02
 2.26841308e-02 2.32045422e-02 2.37358935e-02 2.42783900e-02
 2.48322401e-02 2.53976559e-02 2.59748524e-02 2.65640482e-02
 2.71654654e-02 2.77793294e-02 2.84058692e-02 2.90453175e-02
 2.96979103e-02 3.03638874e-02 3.10434923e-02 3.17369720e-02
 3.24445777e-02 3.31665638e-02 3.39031891e-02 3.46547159e-02
 3.54214106e-02 3.62035434e-02 3.70013888e-02 3.78152250e-02
 3.86453345e-02 3.94920039e-02 4.03555239e-02 4.12361895e-02
 4.21342999e-02 4.30501586e-02 4.39840734e-02 4.49363566e-02
 4.59073249e-02 4.68972992e-02 4.79066053e-02 4.89355733e-02
 4.99845380e-02 5.10538387e-02 5.21438195e-02 5.32548292e-02
 5.43872213e-02 5.55413541e-02 5.67175908e-02 5.79162993e-02
 5.91378528e-02 6.03826290e-02 6.16510109e-02 6.29433864e-02
 6.42601485e-02 6.56016955e-02 6.69684306e-02 6.83607623e-02
 6.97791043e-02 7.12238758e-02 7.26955009e-02 7.41944094e-02
 7.57210363e-02 7.72758221e-02 7.88592128e-02 8.04716598e-02
 8.21136202e-02 8.37855563e-02 8.54879365e-02 8.72212345e-02
 8.89859297e-02 9.07825074e-02 9.26114584e-02 9.44732794e-02
 9.63684730e-02 9.82975474e-02 1.00261017e-01 1.02259401e-01
 1.04293227e-01 1.06363026e-01 1.08469335e-01 1.10612700e-01
 1.12793669e-01 1.15012800e-01 1.17270653e-01 1.19567798e-01
 1.21904809e-01 1.24282265e-01 1.26700755e-01 1.29160871e-01
 1.31663211e-01 1.34208382e-01 1.36796994e-01 1.39429666e-01
 1.42107022e-01 1.44829693e-01 1.47598314e-01 1.50413530e-01
 1.53275990e-01 1.56186349e-01 1.59145269e-01 1.62153420e-01
 1.65211476e-01 1.68320118e-01 1.71480034e-01 1.74691918e-01
 1.77956471e-01 1.81274399e-01 1.84646416e-01 1.88073241e-01
 1.91555600e-01 1.95094225e-01 1.98689856e-01 2.02343237e-01
 2.06055120e-01 2.09826263e-01 2.13657430e-01 2.17549391e-01
 2.21502923e-01 2.25518810e-01 2.29597840e-01 2.33740809e-01
 2.37948519e-01 2.42221778e-01 2.46561400e-01 2.50968206e-01
 2.55443021e-01 2.59986679e-01 2.64600019e-01 2.69283883e-01
 2.74039124e-01 2.78866598e-01 2.83767167e-01 2.88741700e-01
 2.93791071e-01 2.98916159e-01 3.04117851e-01 3.09397037e-01
 3.14754614e-01 3.20191486e-01 3.25708560e-01 3.31306749e-01
 3.36986972e-01 3.42750154e-01 3.48597224e-01 3.54529116e-01
 3.60546770e-01 3.66651132e-01 3.72843150e-01 3.79123779e-01
 3.85493980e-01 3.91954715e-01 3.98506955e-01 4.05151671e-01
 4.11889843e-01 4.18722453e-01 4.25650486e-01 4.32674935e-01
 4.39796793e-01 4.47017060e-01 4.54336738e-01 4.61756834e-01
 4.69278358e-01 4.76902324e-01 4.84629749e-01 4.92461653e-01
 5.00399061e-01 5.08442999e-01 5.16594497e-01 5.24854588e-01
 5.33224307e-01 5.41704692e-01 5.50296784e-01 5.59001624e-01
 5.67820259e-01 5.76753734e-01 5.85803100e-01 5.94969405e-01
 6.04253703e-01 6.13657047e-01 6.23180491e-01 6.32825091e-01
 6.42591905e-01 6.52481989e-01 6.62496403e-01 6.72636204e-01
 6.82902452e-01 6.93296206e-01 7.03818524e-01 7.14470465e-01
 7.25253088e-01 7.36167450e-01 7.47214607e-01 7.58395617e-01
 7.69711532e-01 7.81163407e-01 7.92752292e-01 8.04479238e-01
 8.16345292e-01 8.28351500e-01 8.40498904e-01 8.52788546e-01
 8.65221463e-01 8.77798688e-01 8.90521254e-01 9.03390189e-01
 9.16406515e-01 9.29571253e-01 9.42885418e-01 9.56350023e-01
 9.69966073e-01 9.83734571e-01 9.97656513e-01 1.01173289e+00
 1.02596469e+00 1.04035288e+00 1.05489846e+00 1.06960237e+00
 1.08446558e+00 1.09948905e+00 1.11467373e+00 1.13002054e+00
 1.14553042e+00 1.16120430e+00 1.17704309e+00 1.19304770e+00
 1.20921903e+00 1.22555796e+00 1.24206538e+00 1.25874215e+00
 1.27558914e+00 1.29260719e+00 1.30979715e+00 1.32715984e+00
 1.34469609e+00 1.36240670e+00 1.38029246e+00 1.39835417e+00
 1.41659259e+00 1.43500848e+00 1.45360258e+00 1.47237564e+00
 1.49132837e+00 1.51046148e+00 1.52977566e+00 1.54927160e+00
 1.56894994e+00 1.58881136e+00 1.60885647e+00 1.62908590e+00
 1.64950026e+00 1.67010013e+00 1.69088608e+00 1.71185866e+00
 1.73301843e+00 1.75436589e+00 1.77590155e+00 1.79762590e+00
 1.81953941e+00 1.84164252e+00 1.86393566e+00 1.88641926e+00
 1.90909369e+00 1.93195934e+00 1.95501656e+00 1.97826569e+00
 2.00170702e+00 2.02534087e+00 2.04916749e+00 2.07318714e+00
 2.09740005e+00 2.12180643e+00 2.14640645e+00 2.17120029e+00
 2.19618808e+00 2.22136993e+00 2.24674594e+00 2.27231619e+00
 2.29808070e+00 2.32403952e+00 2.35019262e+00 2.37654000e+00
 2.40308158e+00 2.42981730e+00 2.45674706e+00 2.48387071e+00
 2.51118811e+00 2.53869908e+00 2.56640340e+00 2.59430085e+00
 2.62239115e+00 2.65067403e+00 2.67914915e+00 2.70781619e+00
 2.73667476e+00 2.76572447e+00 2.79496488e+00 2.82439554e+00
 2.85401595e+00 2.88382561e+00 2.91382396e+00 2.94401043e+00
 2.97438442e+00 3.00494528e+00 3.03569236e+00 3.06662495e+00
 3.09774233e+00 3.12904374e+00 3.16052840e+00 3.19219547e+00
 3.22404412e+00 3.25607345e+00 3.28828256e+00 3.32067049e+00
 3.35323627e+00 3.38597888e+00 3.41889729e+00 3.45199041e+00
 3.48525714e+00 3.51869634e+00 3.55230683e+00 3.58608740e+00
 3.62003683e+00 3.65415382e+00 3.68843708e+00 3.72288527e+00
 3.75749701e+00 3.79227090e+00 3.82720549e+00 3.86229932e+00
 3.89755087e+00 3.93295860e+00 3.96852093e+00 4.00423626e+00
 4.04010295e+00 4.07611931e+00 4.11228364e+00 4.14859418e+00
 4.18504917e+00 4.22164678e+00 4.25838517e+00 4.29526245e+00
 4.33227672e+00 4.36942603e+00 4.40670838e+00 4.44412177e+00
 4.48166414e+00 4.51933341e+00 4.55712745e+00 4.59504413e+00
 4.63308125e+00 4.67123660e+00 4.70950791e+00 4.74789292e+00
 4.78638930e+00 4.82499469e+00 4.86370672e+00 4.90252297e+00
 4.94144099e+00 4.98045829e+00 5.01957237e+00 5.05878068e+00
 5.09808063e+00 5.13746963e+00 5.17694502e+00 5.21650415e+00
 5.25614430e+00 5.29586273e+00 5.33565670e+00 5.37552339e+00
 5.41545998e+00 5.45546363e+00 5.49553144e+00 5.53566049e+00
 5.57584786e+00 5.61609055e+00 5.65638558e+00 5.69672992e+00
 5.73712050e+00 5.77755424e+00 5.81802803e+00 5.85853873e+00
 5.89908318e+00 5.93965819e+00 5.98026053e+00 6.02088696e+00
 6.06153422e+00 6.10219901e+00 6.14287802e+00 6.18356790e+00
 6.22426529e+00 6.26496680e+00 6.30566902e+00 6.34636852e+00
 6.38706184e+00 6.42774550e+00 6.46841601e+00 6.50906985e+00
 6.54970349e+00 6.59031335e+00 6.63089587e+00 6.67144746e+00
 6.71196449e+00 6.75244334e+00 6.79288035e+00 6.83327187e+00
 6.87361421e+00 6.91390367e+00 6.95413655e+00 6.99430912e+00
 7.03441763e+00 7.07445834e+00 7.11442747e+00 7.15432125e+00
 7.19413588e+00 7.23386757e+00 7.27351251e+00 7.31306687e+00
 7.35252681e+00 7.39188850e+00 7.43114810e+00 7.47030173e+00
 7.50934555e+00 7.54827568e+00 7.58708825e+00 7.62577937e+00
 7.66434515e+00 7.70278173e+00 7.74108519e+00 7.77925164e+00
 7.81727719e+00 7.85515795e+00 7.89289000e+00 7.93046946e+00
 7.96789242e+00 8.00515499e+00 8.04225327e+00 8.07918338e+00
 8.11594142e+00 8.15252351e+00 8.18892577e+00 8.22514433e+00
 8.26117531e+00 8.29701486e+00 8.33265911e+00 8.36810423e+00
 8.40334638e+00 8.43838173e+00 8.47320646e+00 8.50781676e+00
 8.54220884e+00 8.57637891e+00 8.61032321e+00 8.64403797e+00
 8.67751946e+00 8.71076395e+00 8.74376772e+00 8.77652708e+00
 8.80903835e+00 8.84129786e+00 8.87330199e+00 8.90504709e+00
 8.93652958e+00 8.96774585e+00 8.99869236e+00 9.02936556e+00
 9.05976194e+00 9.08987799e+00 9.11971024e+00 9.14925526e+00
 9.17850961e+00 9.20746991e+00 9.23613277e+00 9.26449487e+00
 9.29255287e+00 9.32030350e+00 9.34774351e+00 9.37486965e+00
 9.40167873e+00 9.42816760e+00 9.45433310e+00 9.48017214e+00
 9.50568164e+00 9.53085858e+00 9.55569994e+00 9.58020276e+00
 9.60436411e+00 9.62818108e+00 9.65165081e+00 9.67477048e+00
 9.69753731e+00 9.71994854e+00 9.74200146e+00 9.76369340e+00
 9.78502174e+00 9.80598386e+00 9.82657724e+00 9.84679935e+00
 9.86664773e+00 9.88611995e+00 9.90521362e+00 9.92392642e+00
 9.94225603e+00 9.96020022e+00 9.97775677e+00 9.99492352e+00
 1.00116983e+01 1.00280792e+01 1.00440640e+01 1.00596508e+01
 1.00748377e+01 1.00896229e+01 1.01040043e+01 1.01179803e+01
 1.01315492e+01 1.01447092e+01 1.01574587e+01 1.01697962e+01
 1.01817200e+01 1.01932287e+01 1.02043208e+01 1.02149950e+01
 1.02252499e+01 1.02350842e+01 1.02444968e+01 1.02534864e+01
 1.02620519e+01 1.02701922e+01 1.02779063e+01 1.02851932e+01
 1.02920520e+01 1.02984819e+01 1.03044820e+01 1.03100516e+01
 1.03151900e+01 1.03198965e+01 1.03241706e+01 1.03280116e+01
 1.03314192e+01 1.03343929e+01 1.03369322e+01 1.03390370e+01
 1.03407069e+01 1.03419417e+01 1.03427412e+01 1.03431054e+01
 1.03430343e+01 1.03425277e+01 1.03415859e+01 1.03402088e+01
 1.03383967e+01 1.03361498e+01 1.03334684e+01 1.03303529e+01
 1.03268035e+01 1.03228208e+01 1.03184053e+01 1.03135576e+01
 1.03082781e+01 1.03025677e+01 1.02964270e+01 1.02898568e+01
 1.02828579e+01 1.02754312e+01 1.02675777e+01 1.02592982e+01
 1.02505940e+01 1.02414660e+01 1.02319154e+01 1.02219434e+01
 1.02115513e+01 1.02007403e+01 1.01895118e+01 1.01778673e+01
 1.01658081e+01 1.01533358e+01 1.01404519e+01 1.01271580e+01
 1.01134558e+01 1.00993471e+01 1.00848334e+01 1.00699168e+01
 1.00545989e+01 1.00388817e+01 1.00227672e+01 1.00062573e+01
 9.98935415e+00 9.97205973e+00 9.95437621e+00 9.93630577e+00
 9.91785063e+00 9.89901306e+00 9.87979536e+00 9.86019990e+00
 9.84022907e+00 9.81988531e+00 9.79917110e+00 9.77808896e+00
 9.75664147e+00 9.73483122e+00 9.71266085e+00 9.69013307e+00
 9.66725058e+00 9.64401615e+00 9.62043258e+00 9.59650271e+00
 9.57222940e+00 9.54761558e+00 9.52266418e+00 9.49737818e+00
 9.47176060e+00 9.44581449e+00 9.41954293e+00 9.39294903e+00
 9.36603594e+00 9.33880683e+00 9.31126492e+00 9.28341344e+00
 9.25525565e+00 9.22679486e+00 9.19803439e+00 9.16897758e+00
 9.13962783e+00 9.10998852e+00 9.08006310e+00 9.04985502e+00
 9.01936776e+00 8.98860482e+00 8.95756972e+00 8.92626602e+00
 8.89469728e+00 8.86286710e+00 8.83077908e+00 8.79843685e+00
 8.76584407e+00 8.73300440e+00 8.69992152e+00 8.66659915e+00
 8.63304098e+00 8.59925076e+00 8.56523223e+00 8.53098916e+00
 8.49652532e+00 8.46184450e+00 8.42695050e+00 8.39184712e+00
 8.35653819e+00 8.32102754e+00 8.28531902e+00 8.24941646e+00
 8.21332373e+00 8.17704469e+00 8.14058321e+00 8.10394317e+00
 8.06712844e+00 8.03014293e+00 7.99299050e+00 7.95567507e+00
 7.91820051e+00 7.88057074e+00 7.84278964e+00 7.80486112e+00
 7.76678907e+00 7.72857740e+00 7.69022999e+00 7.65175074e+00
 7.61314355e+00 7.57441230e+00 7.53556087e+00 7.49659315e+00
 7.45751300e+00 7.41832430e+00 7.37903090e+00 7.33963666e+00
 7.30014543e+00 7.26056104e+00 7.22088732e+00 7.18112810e+00
 7.14128717e+00 7.10136834e+00 7.06137539e+00 7.02131210e+00
 6.98118224e+00 6.94098954e+00 6.90073775e+00 6.86043059e+00
 6.82007177e+00 6.77966497e+00 6.73921388e+00 6.69872215e+00
 6.65819342e+00 6.61763133e+00 6.57703947e+00 6.53642144e+00
 6.49578081e+00 6.45512113e+00 6.41444594e+00 6.37375873e+00
 6.33306301e+00 6.29236225e+00 6.25165988e+00 6.21095934e+00
 6.17026404e+00 6.12957734e+00 6.08890262e+00 6.04824319e+00
 6.00760238e+00 5.96698346e+00 5.92638970e+00 5.88582434e+00
 5.84529057e+00 5.80479159e+00 5.76433055e+00 5.72391057e+00
 5.68353477e+00 5.64320623e+00 5.60292797e+00 5.56270304e+00
 5.52253441e+00 5.48242506e+00 5.44237790e+00 5.40239586e+00
 5.36248181e+00 5.32263859e+00 5.28286901e+00 5.24317587e+00
 5.20356191e+00 5.16402986e+00 5.12458242e+00 5.08522225e+00
 5.04595197e+00 5.00677419e+00 4.96769147e+00 4.92870635e+00
 4.88982133e+00 4.85103889e+00 4.81236146e+00 4.77379144e+00
 4.73533122e+00 4.69698313e+00 4.65874947e+00 4.62063254e+00
 4.58263455e+00 4.54475773e+00 4.50700424e+00 4.46937623e+00
 4.43187580e+00 4.39450502e+00 4.35726595e+00 4.32016058e+00
 4.28319088e+00 4.24635879e+00 4.20966622e+00 4.17311504e+00
 4.13670708e+00 4.10044414e+00 4.06432800e+00 4.02836039e+00
 3.99254300e+00 3.95687751e+00 3.92136554e+00 3.88600870e+00
 3.85080855e+00 3.81576662e+00 3.78088441e+00 3.74616337e+00
 3.71160495e+00 3.67721053e+00 3.64298148e+00 3.60891913e+00
 3.57502477e+00 3.54129967e+00 3.50774505e+00 3.47436211e+00
 3.44115201e+00 3.40811589e+00 3.37525484e+00 3.34256993e+00
 3.31006218e+00 3.27773261e+00 3.24558218e+00 3.21361182e+00
 3.18182244e+00 3.15021491e+00 3.11879007e+00 3.08754874e+00
 3.05649169e+00 3.02561967e+00 2.99493340e+00 2.96443356e+00
 2.93412081e+00 2.90399577e+00 2.87405905e+00 2.84431120e+00
 2.81475277e+00 2.78538426e+00 2.75620615e+00 2.72721889e+00
 2.69842289e+00 2.66981856e+00 2.64140625e+00 2.61318629e+00
 2.58515901e+00 2.55732468e+00 2.52968354e+00 2.50223584e+00
 2.47498176e+00 2.44792148e+00 2.42105516e+00 2.39438289e+00
 2.36790479e+00 2.34162093e+00 2.31553134e+00 2.28963605e+00
 2.26393505e+00 2.23842831e+00 2.21311579e+00 2.18799739e+00
 2.16307303e+00 2.13834257e+00 2.11380588e+00 2.08946277e+00
 2.06531307e+00 2.04135655e+00 2.01759298e+00 1.99402210e+00
 1.97064364e+00 1.94745729e+00 1.92446274e+00 1.90165965e+00
 1.87904764e+00 1.85662636e+00 1.83439539e+00 1.81235431e+00
 1.79050270e+00 1.76884009e+00 1.74736601e+00 1.72607997e+00
 1.70498146e+00 1.68406995e+00 1.66334490e+00 1.64280575e+00
 1.62245191e+00 1.60228281e+00 1.58229782e+00 1.56249633e+00
 1.54287769e+00 1.52344125e+00 1.50418634e+00 1.48511228e+00
 1.46621837e+00 1.44750390e+00 1.42896814e+00 1.41061035e+00
 1.39242979e+00 1.37442569e+00 1.35659728e+00 1.33894376e+00
 1.32146434e+00 1.30415821e+00 1.28702455e+00 1.27006251e+00
 1.25327127e+00 1.23664996e+00 1.22019773e+00 1.20391369e+00
 1.18779697e+00 1.17184667e+00 1.15606189e+00 1.14044173e+00
 1.12498526e+00 1.10969156e+00 1.09455969e+00 1.07958872e+00
 1.06477769e+00 1.05012565e+00 1.03563164e+00 1.02129468e+00
 1.00711380e+00 9.93088024e-01 9.79216357e-01 9.65497810e-01
 9.51931382e-01 9.38516072e-01 9.25250871e-01 9.12134766e-01
 8.99166739e-01 8.86345770e-01 8.73670834e-01 8.61140902e-01
 8.48754940e-01 8.36511915e-01 8.24410787e-01 8.12450515e-01
 8.00630055e-01 7.88948361e-01 7.77404385e-01 7.65997075e-01
 7.54725381e-01 7.43588249e-01 7.32584623e-01 7.21713447e-01
 7.10973665e-01 7.00364218e-01 6.89884048e-01 6.79532097e-01
 6.69307305e-01 6.59208614e-01 6.49234964e-01 6.39385297e-01
 6.29658556e-01 6.20053681e-01 6.10569618e-01 6.01205311e-01
 5.91959704e-01 5.82831746e-01 5.73820385e-01 5.64924570e-01
 5.56143253e-01 5.47475389e-01 5.38919932e-01 5.30475842e-01
 5.22142078e-01 5.13917604e-01 5.05801384e-01 4.97792388e-01
 4.89889585e-01 4.82091951e-01 4.74398462e-01 4.66808100e-01
 4.59319848e-01 4.51932693e-01 4.44645626e-01 4.37457642e-01
 4.30367740e-01 4.23374922e-01 4.16478195e-01 4.09676568e-01
 4.02969058e-01 3.96354682e-01 3.89832466e-01 3.83401435e-01]",restricted_age_optimal,True,True,True,10,2,"constraints_[1, 2]_remained",855.055151764318,848.4038605936115,861.7064429350245,3.3935782612185923,19.001635755518237,18.853826094505287,19.149445416531186,0.07541447811227789,19.00122577510019,18.853419303237235,19.14903224696314,0.07541285096503325,1.0,1.0,1.0,1.3418561860358822e-41,large,-855.0551517643177,-861.7064429350241,-848.4038605936112,3.3935782612185914,-19.001635755518233,-19.14944541653118,-18.85382609450528,0.07541447811227787,-19.001225775100185,-19.149032246963134,-18.853419303237228,0.07541285096503324,1.8626689605148927e-41,4.514145742106595e-42,7.602864682380629e-41,1.34185618603592e-41
0.832679,0.901867,0.8733875,0.0104489188601794,3988,100.0,"[0.832679 0.83515  0.837621 0.840092 0.842563 0.845034 0.847505 0.849976
 0.852447 0.854918 0.857389 0.85986  0.862331 0.864802 0.867273 0.869744
 0.872215 0.874686 0.877157 0.879628 0.882099 0.88457  0.887041 0.889512
 0.891983 0.894454 0.896925 0.899396 0.901867]","[ 0.05015045  0.1003009   0.05015045  0.30090271  0.47642929  0.52657974
  0.92778335  1.30391174  1.65496489  2.50752257  3.56068205  4.6890672
  5.34102307  6.87061184  8.4002006   8.95185557  9.70411234 10.10531595
  8.75125376  7.27181545  6.49448345  4.46339017  3.20962889  2.08124373
  1.37913741  0.32597793  0.22567703  0.27582748]",0.0025,28,normal,0.8726571557171515,"[0.832679   0.83274826 0.83281751 0.83288677 0.83295603 0.83302529
 0.83309454 0.8331638  0.83323306 0.83330232 0.83337157 0.83344083
 0.83351009 0.83357934 0.8336486  0.83371786 0.83378712 0.83385637
 0.83392563 0.83399489 0.83406415 0.8341334  0.83420266 0.83427192
 0.83434117 0.83441043 0.83447969 0.83454895 0.8346182  0.83468746
 0.83475672 0.83482597 0.83489523 0.83496449 0.83503375 0.835103
 0.83517226 0.83524152 0.83531078 0.83538003 0.83544929 0.83551855
 0.8355878  0.83565706 0.83572632 0.83579558 0.83586483 0.83593409
 0.83600335 0.83607261 0.83614186 0.83621112 0.83628038 0.83634963
 0.83641889 0.83648815 0.83655741 0.83662666 0.83669592 0.83676518
 0.83683444 0.83690369 0.83697295 0.83704221 0.83711146 0.83718072
 0.83724998 0.83731924 0.83738849 0.83745775 0.83752701 0.83759627
 0.83766552 0.83773478 0.83780404 0.83787329 0.83794255 0.83801181
 0.83808107 0.83815032 0.83821958 0.83828884 0.8383581  0.83842735
 0.83849661 0.83856587 0.83863512 0.83870438 0.83877364 0.8388429
 0.83891215 0.83898141 0.83905067 0.83911992 0.83918918 0.83925844
 0.8393277  0.83939695 0.83946621 0.83953547 0.83960473 0.83967398
 0.83974324 0.8398125  0.83988175 0.83995101 0.84002027 0.84008953
 0.84015878 0.84022804 0.8402973  0.84036656 0.84043581 0.84050507
 0.84057433 0.84064358 0.84071284 0.8407821  0.84085136 0.84092061
 0.84098987 0.84105913 0.84112839 0.84119764 0.8412669  0.84133616
 0.84140541 0.84147467 0.84154393 0.84161319 0.84168244 0.8417517
 0.84182096 0.84189022 0.84195947 0.84202873 0.84209799 0.84216724
 0.8422365  0.84230576 0.84237502 0.84244427 0.84251353 0.84258279
 0.84265205 0.8427213  0.84279056 0.84285982 0.84292907 0.84299833
 0.84306759 0.84313685 0.8432061  0.84327536 0.84334462 0.84341387
 0.84348313 0.84355239 0.84362165 0.8436909  0.84376016 0.84382942
 0.84389868 0.84396793 0.84403719 0.84410645 0.8441757  0.84424496
 0.84431422 0.84438348 0.84445273 0.84452199 0.84459125 0.84466051
 0.84472976 0.84479902 0.84486828 0.84493753 0.84500679 0.84507605
 0.84514531 0.84521456 0.84528382 0.84535308 0.84542234 0.84549159
 0.84556085 0.84563011 0.84569936 0.84576862 0.84583788 0.84590714
 0.84597639 0.84604565 0.84611491 0.84618417 0.84625342 0.84632268
 0.84639194 0.84646119 0.84653045 0.84659971 0.84666897 0.84673822
 0.84680748 0.84687674 0.84694599 0.84701525 0.84708451 0.84715377
 0.84722302 0.84729228 0.84736154 0.8474308  0.84750005 0.84756931
 0.84763857 0.84770782 0.84777708 0.84784634 0.8479156  0.84798485
 0.84805411 0.84812337 0.84819263 0.84826188 0.84833114 0.8484004
 0.84846965 0.84853891 0.84860817 0.84867743 0.84874668 0.84881594
 0.8488852  0.84895446 0.84902371 0.84909297 0.84916223 0.84923148
 0.84930074 0.84937    0.84943926 0.84950851 0.84957777 0.84964703
 0.84971629 0.84978554 0.8498548  0.84992406 0.84999331 0.85006257
 0.85013183 0.85020109 0.85027034 0.8503396  0.85040886 0.85047812
 0.85054737 0.85061663 0.85068589 0.85075514 0.8508244  0.85089366
 0.85096292 0.85103217 0.85110143 0.85117069 0.85123994 0.8513092
 0.85137846 0.85144772 0.85151697 0.85158623 0.85165549 0.85172475
 0.851794   0.85186326 0.85193252 0.85200177 0.85207103 0.85214029
 0.85220955 0.8522788  0.85234806 0.85241732 0.85248658 0.85255583
 0.85262509 0.85269435 0.8527636  0.85283286 0.85290212 0.85297138
 0.85304063 0.85310989 0.85317915 0.85324841 0.85331766 0.85338692
 0.85345618 0.85352543 0.85359469 0.85366395 0.85373321 0.85380246
 0.85387172 0.85394098 0.85401024 0.85407949 0.85414875 0.85421801
 0.85428726 0.85435652 0.85442578 0.85449504 0.85456429 0.85463355
 0.85470281 0.85477207 0.85484132 0.85491058 0.85497984 0.85504909
 0.85511835 0.85518761 0.85525687 0.85532612 0.85539538 0.85546464
 0.85553389 0.85560315 0.85567241 0.85574167 0.85581092 0.85588018
 0.85594944 0.8560187  0.85608795 0.85615721 0.85622647 0.85629572
 0.85636498 0.85643424 0.8565035  0.85657275 0.85664201 0.85671127
 0.85678053 0.85684978 0.85691904 0.8569883  0.85705755 0.85712681
 0.85719607 0.85726533 0.85733458 0.85740384 0.8574731  0.85754236
 0.85761161 0.85768087 0.85775013 0.85781938 0.85788864 0.8579579
 0.85802716 0.85809641 0.85816567 0.85823493 0.85830419 0.85837344
 0.8584427  0.85851196 0.85858121 0.85865047 0.85871973 0.85878899
 0.85885824 0.8589275  0.85899676 0.85906602 0.85913527 0.85920453
 0.85927379 0.85934304 0.8594123  0.85948156 0.85955082 0.85962007
 0.85968933 0.85975859 0.85982784 0.8598971  0.85996636 0.86003562
 0.86010487 0.86017413 0.86024339 0.86031265 0.8603819  0.86045116
 0.86052042 0.86058967 0.86065893 0.86072819 0.86079745 0.8608667
 0.86093596 0.86100522 0.86107448 0.86114373 0.86121299 0.86128225
 0.8613515  0.86142076 0.86149002 0.86155928 0.86162853 0.86169779
 0.86176705 0.86183631 0.86190556 0.86197482 0.86204408 0.86211333
 0.86218259 0.86225185 0.86232111 0.86239036 0.86245962 0.86252888
 0.86259814 0.86266739 0.86273665 0.86280591 0.86287516 0.86294442
 0.86301368 0.86308294 0.86315219 0.86322145 0.86329071 0.86335996
 0.86342922 0.86349848 0.86356774 0.86363699 0.86370625 0.86377551
 0.86384477 0.86391402 0.86398328 0.86405254 0.86412179 0.86419105
 0.86426031 0.86432957 0.86439882 0.86446808 0.86453734 0.8646066
 0.86467585 0.86474511 0.86481437 0.86488362 0.86495288 0.86502214
 0.8650914  0.86516065 0.86522991 0.86529917 0.86536843 0.86543768
 0.86550694 0.8655762  0.86564545 0.86571471 0.86578397 0.86585323
 0.86592248 0.86599174 0.866061   0.86613026 0.86619951 0.86626877
 0.86633803 0.86640728 0.86647654 0.8665458  0.86661506 0.86668431
 0.86675357 0.86682283 0.86689209 0.86696134 0.8670306  0.86709986
 0.86716911 0.86723837 0.86730763 0.86737689 0.86744614 0.8675154
 0.86758466 0.86765391 0.86772317 0.86779243 0.86786169 0.86793094
 0.8680002  0.86806946 0.86813872 0.86820797 0.86827723 0.86834649
 0.86841574 0.868485   0.86855426 0.86862352 0.86869277 0.86876203
 0.86883129 0.86890055 0.8689698  0.86903906 0.86910832 0.86917757
 0.86924683 0.86931609 0.86938535 0.8694546  0.86952386 0.86959312
 0.86966238 0.86973163 0.86980089 0.86987015 0.8699394  0.87000866
 0.87007792 0.87014718 0.87021643 0.87028569 0.87035495 0.87042421
 0.87049346 0.87056272 0.87063198 0.87070123 0.87077049 0.87083975
 0.87090901 0.87097826 0.87104752 0.87111678 0.87118604 0.87125529
 0.87132455 0.87139381 0.87146306 0.87153232 0.87160158 0.87167084
 0.87174009 0.87180935 0.87187861 0.87194786 0.87201712 0.87208638
 0.87215564 0.87222489 0.87229415 0.87236341 0.87243267 0.87250192
 0.87257118 0.87264044 0.87270969 0.87277895 0.87284821 0.87291747
 0.87298672 0.87305598 0.87312524 0.8731945  0.87326375 0.87333301
 0.87340227 0.87347152 0.87354078 0.87361004 0.8736793  0.87374855
 0.87381781 0.87388707 0.87395633 0.87402558 0.87409484 0.8741641
 0.87423335 0.87430261 0.87437187 0.87444113 0.87451038 0.87457964
 0.8746489  0.87471816 0.87478741 0.87485667 0.87492593 0.87499518
 0.87506444 0.8751337  0.87520296 0.87527221 0.87534147 0.87541073
 0.87547998 0.87554924 0.8756185  0.87568776 0.87575701 0.87582627
 0.87589553 0.87596479 0.87603404 0.8761033  0.87617256 0.87624181
 0.87631107 0.87638033 0.87644959 0.87651884 0.8765881  0.87665736
 0.87672662 0.87679587 0.87686513 0.87693439 0.87700364 0.8770729
 0.87714216 0.87721142 0.87728067 0.87734993 0.87741919 0.87748845
 0.8775577  0.87762696 0.87769622 0.87776547 0.87783473 0.87790399
 0.87797325 0.8780425  0.87811176 0.87818102 0.87825028 0.87831953
 0.87838879 0.87845805 0.8785273  0.87859656 0.87866582 0.87873508
 0.87880433 0.87887359 0.87894285 0.87901211 0.87908136 0.87915062
 0.87921988 0.87928913 0.87935839 0.87942765 0.87949691 0.87956616
 0.87963542 0.87970468 0.87977393 0.87984319 0.87991245 0.87998171
 0.88005096 0.88012022 0.88018948 0.88025874 0.88032799 0.88039725
 0.88046651 0.88053576 0.88060502 0.88067428 0.88074354 0.88081279
 0.88088205 0.88095131 0.88102057 0.88108982 0.88115908 0.88122834
 0.88129759 0.88136685 0.88143611 0.88150537 0.88157462 0.88164388
 0.88171314 0.8817824  0.88185165 0.88192091 0.88199017 0.88205942
 0.88212868 0.88219794 0.8822672  0.88233645 0.88240571 0.88247497
 0.88254423 0.88261348 0.88268274 0.882752   0.88282125 0.88289051
 0.88295977 0.88302903 0.88309828 0.88316754 0.8832368  0.88330606
 0.88337531 0.88344457 0.88351383 0.88358308 0.88365234 0.8837216
 0.88379086 0.88386011 0.88392937 0.88399863 0.88406788 0.88413714
 0.8842064  0.88427566 0.88434491 0.88441417 0.88448343 0.88455269
 0.88462194 0.8846912  0.88476046 0.88482971 0.88489897 0.88496823
 0.88503749 0.88510674 0.885176   0.88524526 0.88531452 0.88538377
 0.88545303 0.88552229 0.88559154 0.8856608  0.88573006 0.88579932
 0.88586857 0.88593783 0.88600709 0.88607635 0.8861456  0.88621486
 0.88628412 0.88635337 0.88642263 0.88649189 0.88656115 0.8866304
 0.88669966 0.88676892 0.88683818 0.88690743 0.88697669 0.88704595
 0.8871152  0.88718446 0.88725372 0.88732298 0.88739223 0.88746149
 0.88753075 0.88760001 0.88766926 0.88773852 0.88780778 0.88787703
 0.88794629 0.88801555 0.88808481 0.88815406 0.88822332 0.88829258
 0.88836183 0.88843109 0.88850035 0.88856961 0.88863886 0.88870812
 0.88877738 0.88884664 0.88891589 0.88898515 0.88905441 0.88912366
 0.88919292 0.88926218 0.88933144 0.88940069 0.88946995 0.88953921
 0.88960847 0.88967772 0.88974698 0.88981624 0.88988549 0.88995475
 0.89002401 0.89009327 0.89016252 0.89023178 0.89030104 0.8903703
 0.89043955 0.89050881 0.89057807 0.89064732 0.89071658 0.89078584
 0.8908551  0.89092435 0.89099361 0.89106287 0.89113213 0.89120138
 0.89127064 0.8913399  0.89140915 0.89147841 0.89154767 0.89161693
 0.89168618 0.89175544 0.8918247  0.89189395 0.89196321 0.89203247
 0.89210173 0.89217098 0.89224024 0.8923095  0.89237876 0.89244801
 0.89251727 0.89258653 0.89265578 0.89272504 0.8927943  0.89286356
 0.89293281 0.89300207 0.89307133 0.89314059 0.89320984 0.8932791
 0.89334836 0.89341761 0.89348687 0.89355613 0.89362539 0.89369464
 0.8937639  0.89383316 0.89390242 0.89397167 0.89404093 0.89411019
 0.89417944 0.8942487  0.89431796 0.89438722 0.89445647 0.89452573
 0.89459499 0.89466425 0.8947335  0.89480276 0.89487202 0.89494127
 0.89501053 0.89507979 0.89514905 0.8952183  0.89528756 0.89535682
 0.89542608 0.89549533 0.89556459 0.89563385 0.8957031  0.89577236
 0.89584162 0.89591088 0.89598013 0.89604939 0.89611865 0.8961879
 0.89625716 0.89632642 0.89639568 0.89646493 0.89653419 0.89660345
 0.89667271 0.89674196 0.89681122 0.89688048 0.89694973 0.89701899
 0.89708825 0.89715751 0.89722676 0.89729602 0.89736528 0.89743454
 0.89750379 0.89757305 0.89764231 0.89771156 0.89778082 0.89785008
 0.89791934 0.89798859 0.89805785 0.89812711 0.89819637 0.89826562
 0.89833488 0.89840414 0.89847339 0.89854265 0.89861191 0.89868117
 0.89875042 0.89881968 0.89888894 0.8989582  0.89902745 0.89909671
 0.89916597 0.89923522 0.89930448 0.89937374 0.899443   0.89951225
 0.89958151 0.89965077 0.89972003 0.89978928 0.89985854 0.8999278
 0.89999705 0.90006631 0.90013557 0.90020483 0.90027408 0.90034334
 0.9004126  0.90048185 0.90055111 0.90062037 0.90068963 0.90075888
 0.90082814 0.9008974  0.90096666 0.90103591 0.90110517 0.90117443
 0.90124368 0.90131294 0.9013822  0.90145146 0.90152071 0.90158997
 0.90165923 0.90172849 0.90179774 0.901867  ]","[6.25109418e-03 6.41150685e-03 6.57574706e-03 6.74389825e-03
 6.91604545e-03 7.09227536e-03 7.27267631e-03 7.45733837e-03
 7.64635329e-03 7.83981457e-03 8.03781752e-03 8.24045921e-03
 8.44783855e-03 8.66005634e-03 8.87721524e-03 9.09941982e-03
 9.32677662e-03 9.55939415e-03 9.79738292e-03 1.00408555e-02
 1.02899264e-02 1.05447125e-02 1.08053326e-02 1.10719076e-02
 1.13445608e-02 1.16234177e-02 1.19086058e-02 1.22002552e-02
 1.24984982e-02 1.28034694e-02 1.31153059e-02 1.34341472e-02
 1.37601351e-02 1.40934142e-02 1.44341314e-02 1.47824362e-02
 1.51384807e-02 1.55024197e-02 1.58744106e-02 1.62546135e-02
 1.66431914e-02 1.70403098e-02 1.74461373e-02 1.78608452e-02
 1.82846077e-02 1.87176020e-02 1.91600081e-02 1.96120093e-02
 2.00737916e-02 2.05455444e-02 2.10274600e-02 2.15197340e-02
 2.20225650e-02 2.25361552e-02 2.30607096e-02 2.35964370e-02
 2.41435493e-02 2.47022617e-02 2.52727932e-02 2.58553659e-02
 2.64502056e-02 2.70575418e-02 2.76776073e-02 2.83106388e-02
 2.89568766e-02 2.96165646e-02 3.02899508e-02 3.09772866e-02
 3.16788277e-02 3.23948332e-02 3.31255667e-02 3.38712952e-02
 3.46322902e-02 3.54088270e-02 3.62011852e-02 3.70096483e-02
 3.78345042e-02 3.86760450e-02 3.95345670e-02 4.04103709e-02
 4.13037618e-02 4.22150490e-02 4.31445465e-02 4.40925727e-02
 4.50594505e-02 4.60455074e-02 4.70510755e-02 4.80764915e-02
 4.91220971e-02 5.01882384e-02 5.12752664e-02 5.23835369e-02
 5.35134107e-02 5.46652534e-02 5.58394356e-02 5.70363328e-02
 5.82563256e-02 5.94997998e-02 6.07671459e-02 6.20587602e-02
 6.33750435e-02 6.47164024e-02 6.60832484e-02 6.74759984e-02
 6.88950749e-02 7.03409053e-02 7.18139229e-02 7.33145661e-02
 7.48432790e-02 7.64005112e-02 7.79867179e-02 7.96023597e-02
 8.12479030e-02 8.29238200e-02 8.46305883e-02 8.63686914e-02
 8.81386186e-02 8.99408650e-02 9.17759314e-02 9.36443246e-02
 9.55465572e-02 9.74831478e-02 9.94546209e-02 1.01461507e-01
 1.03504342e-01 1.05583670e-01 1.07700038e-01 1.09854001e-01
 1.12046120e-01 1.14276962e-01 1.16547100e-01 1.18857112e-01
 1.21207585e-01 1.23599110e-01 1.26032284e-01 1.28507713e-01
 1.31026005e-01 1.33587778e-01 1.36193654e-01 1.38844262e-01
 1.41540239e-01 1.44282225e-01 1.47070869e-01 1.49906825e-01
 1.52790754e-01 1.55723323e-01 1.58705205e-01 1.61737080e-01
 1.64819635e-01 1.67953561e-01 1.71139558e-01 1.74378330e-01
 1.77670590e-01 1.81017055e-01 1.84418449e-01 1.87875503e-01
 1.91388953e-01 1.94959543e-01 1.98588022e-01 2.02275145e-01
 2.06021675e-01 2.09828380e-01 2.13696033e-01 2.17625415e-01
 2.21617313e-01 2.25672520e-01 2.29791835e-01 2.33976062e-01
 2.38226012e-01 2.42542503e-01 2.46926358e-01 2.51378404e-01
 2.55899478e-01 2.60490420e-01 2.65152076e-01 2.69885299e-01
 2.74690946e-01 2.79569881e-01 2.84522973e-01 2.89551098e-01
 2.94655135e-01 2.99835969e-01 3.05094493e-01 3.10431603e-01
 3.15848200e-01 3.21345191e-01 3.26923488e-01 3.32584009e-01
 3.38327674e-01 3.44155412e-01 3.50068153e-01 3.56066835e-01
 3.62152398e-01 3.68325787e-01 3.74587954e-01 3.80939852e-01
 3.87382441e-01 3.93916682e-01 4.00543543e-01 4.07263996e-01
 4.14079015e-01 4.20989578e-01 4.27996668e-01 4.35101271e-01
 4.42304376e-01 4.49606975e-01 4.57010065e-01 4.64514644e-01
 4.72121714e-01 4.79832279e-01 4.87647347e-01 4.95567928e-01
 5.03595033e-01 5.11729678e-01 5.19972878e-01 5.28325653e-01
 5.36789023e-01 5.45364009e-01 5.54051636e-01 5.62852928e-01
 5.71768911e-01 5.80800614e-01 5.89949063e-01 5.99215288e-01
 6.08600317e-01 6.18105181e-01 6.27730910e-01 6.37478533e-01
 6.47349080e-01 6.57343580e-01 6.67463063e-01 6.77708556e-01
 6.88081086e-01 6.98581680e-01 7.09211362e-01 7.19971155e-01
 7.30862080e-01 7.41885158e-01 7.53041405e-01 7.64331837e-01
 7.75757465e-01 7.87319300e-01 7.99018348e-01 8.10855612e-01
 8.22832092e-01 8.34948785e-01 8.47206682e-01 8.59606772e-01
 8.72150039e-01 8.84837460e-01 8.97670012e-01 9.10648663e-01
 9.23774375e-01 9.37048109e-01 9.50470816e-01 9.64043441e-01
 9.77766925e-01 9.91642202e-01 1.00567020e+00 1.01985183e+00
 1.03418801e+00 1.04867964e+00 1.06332763e+00 1.07813285e+00
 1.09309618e+00 1.10821851e+00 1.12350068e+00 1.13894355e+00
 1.15454797e+00 1.17031476e+00 1.18624476e+00 1.20233876e+00
 1.21859758e+00 1.23502200e+00 1.25161280e+00 1.26837076e+00
 1.28529662e+00 1.30239112e+00 1.31965501e+00 1.33708900e+00
 1.35469379e+00 1.37247008e+00 1.39041855e+00 1.40853985e+00
 1.42683464e+00 1.44530355e+00 1.46394721e+00 1.48276622e+00
 1.50176116e+00 1.52093263e+00 1.54028116e+00 1.55980731e+00
 1.57951160e+00 1.59939454e+00 1.61945661e+00 1.63969830e+00
 1.66012005e+00 1.68072231e+00 1.70150549e+00 1.72246999e+00
 1.74361619e+00 1.76494446e+00 1.78645514e+00 1.80814854e+00
 1.83002498e+00 1.85208472e+00 1.87432803e+00 1.89675515e+00
 1.91936630e+00 1.94216167e+00 1.96514143e+00 1.98830573e+00
 2.01165470e+00 2.03518846e+00 2.05890707e+00 2.08281060e+00
 2.10689908e+00 2.13117253e+00 2.15563092e+00 2.18027422e+00
 2.20510236e+00 2.23011527e+00 2.25531281e+00 2.28069486e+00
 2.30626124e+00 2.33201176e+00 2.35794621e+00 2.38406434e+00
 2.41036587e+00 2.43685051e+00 2.46351792e+00 2.49036776e+00
 2.51739963e+00 2.54461313e+00 2.57200781e+00 2.59958320e+00
 2.62733882e+00 2.65527412e+00 2.68338855e+00 2.71168153e+00
 2.74015244e+00 2.76880064e+00 2.79762544e+00 2.82662613e+00
 2.85580199e+00 2.88515224e+00 2.91467608e+00 2.94437268e+00
 2.97424119e+00 3.00428069e+00 3.03449028e+00 3.06486899e+00
 3.09541583e+00 3.12612978e+00 3.15700979e+00 3.18805477e+00
 3.21926360e+00 3.25063513e+00 3.28216818e+00 3.31386153e+00
 3.34571392e+00 3.37772408e+00 3.40989069e+00 3.44221240e+00
 3.47468782e+00 3.50731555e+00 3.54009412e+00 3.57302206e+00
 3.60609784e+00 3.63931992e+00 3.67268671e+00 3.70619660e+00
 3.73984793e+00 3.77363901e+00 3.80756814e+00 3.84163354e+00
 3.87583344e+00 3.91016601e+00 3.94462940e+00 3.97922173e+00
 4.01394106e+00 4.04878545e+00 4.08375290e+00 4.11884140e+00
 4.15404888e+00 4.18937325e+00 4.22481240e+00 4.26036416e+00
 4.29602636e+00 4.33179675e+00 4.36767310e+00 4.40365311e+00
 4.43973447e+00 4.47591481e+00 4.51219176e+00 4.54856289e+00
 4.58502576e+00 4.62157789e+00 4.65821676e+00 4.69493983e+00
 4.73174452e+00 4.76862823e+00 4.80558832e+00 4.84262213e+00
 4.87972694e+00 4.91690004e+00 4.95413867e+00 4.99144003e+00
 5.02880131e+00 5.06621967e+00 5.10369223e+00 5.14121608e+00
 5.17878830e+00 5.21640592e+00 5.25406596e+00 5.29176540e+00
 5.32950119e+00 5.36727028e+00 5.40506957e+00 5.44289593e+00
 5.48074623e+00 5.51861728e+00 5.55650590e+00 5.59440887e+00
 5.63232294e+00 5.67024484e+00 5.70817128e+00 5.74609896e+00
 5.78402453e+00 5.82194464e+00 5.85985591e+00 5.89775494e+00
 5.93563831e+00 5.97350258e+00 6.01134429e+00 6.04915996e+00
 6.08694610e+00 6.12469919e+00 6.16241570e+00 6.20009208e+00
 6.23772477e+00 6.27531017e+00 6.31284470e+00 6.35032474e+00
 6.38774666e+00 6.42510684e+00 6.46240160e+00 6.49962729e+00
 6.53678023e+00 6.57385673e+00 6.61085309e+00 6.64776559e+00
 6.68459052e+00 6.72132415e+00 6.75796274e+00 6.79450254e+00
 6.83093980e+00 6.86727076e+00 6.90349165e+00 6.93959871e+00
 6.97558815e+00 7.01145620e+00 7.04719907e+00 7.08281297e+00
 7.11829412e+00 7.15363873e+00 7.18884301e+00 7.22390315e+00
 7.25881538e+00 7.29357591e+00 7.32818093e+00 7.36262668e+00
 7.39690937e+00 7.43102521e+00 7.46497044e+00 7.49874128e+00
 7.53233398e+00 7.56574477e+00 7.59896992e+00 7.63200567e+00
 7.66484829e+00 7.69749407e+00 7.72993928e+00 7.76218023e+00
 7.79421323e+00 7.82603459e+00 7.85764066e+00 7.88902778e+00
 7.92019231e+00 7.95113062e+00 7.98183912e+00 8.01231421e+00
 8.04255232e+00 8.07254989e+00 8.10230338e+00 8.13180927e+00
 8.16106407e+00 8.19006430e+00 8.21880649e+00 8.24728722e+00
 8.27550307e+00 8.30345066e+00 8.33112661e+00 8.35852758e+00
 8.38565026e+00 8.41249137e+00 8.43904763e+00 8.46531580e+00
 8.49129269e+00 8.51697511e+00 8.54235992e+00 8.56744398e+00
 8.59222421e+00 8.61669755e+00 8.64086098e+00 8.66471149e+00
 8.68824613e+00 8.71146196e+00 8.73435610e+00 8.75692568e+00
 8.77916788e+00 8.80107992e+00 8.82265903e+00 8.84390250e+00
 8.86480766e+00 8.88537187e+00 8.90559253e+00 8.92546708e+00
 8.94499299e+00 8.96416779e+00 8.98298904e+00 9.00145434e+00
 9.01956134e+00 9.03730771e+00 9.05469120e+00 9.07170957e+00
 9.08836065e+00 9.10464228e+00 9.12055239e+00 9.13608891e+00
 9.15124985e+00 9.16603326e+00 9.18043721e+00 9.19445986e+00
 9.20809938e+00 9.22135400e+00 9.23422201e+00 9.24670174e+00
 9.25879156e+00 9.27048989e+00 9.28179523e+00 9.29270609e+00
 9.30322105e+00 9.31333875e+00 9.32305784e+00 9.33237708e+00
 9.34129523e+00 9.34981114e+00 9.35792368e+00 9.36563179e+00
 9.37293447e+00 9.37983074e+00 9.38631972e+00 9.39240054e+00
 9.39807242e+00 9.40333459e+00 9.40818637e+00 9.41262713e+00
 9.41665627e+00 9.42027327e+00 9.42347766e+00 9.42626900e+00
 9.42864693e+00 9.43061115e+00 9.43216138e+00 9.43329743e+00
 9.43401914e+00 9.43432642e+00 9.43421924e+00 9.43369760e+00
 9.43276157e+00 9.43141128e+00 9.42964690e+00 9.42746867e+00
 9.42487688e+00 9.42187185e+00 9.41845400e+00 9.41462377e+00
 9.41038167e+00 9.40572825e+00 9.40066412e+00 9.39518996e+00
 9.38930648e+00 9.38301445e+00 9.37631470e+00 9.36920811e+00
 9.36169562e+00 9.35377820e+00 9.34545690e+00 9.33673281e+00
 9.32760706e+00 9.31808085e+00 9.30815544e+00 9.29783210e+00
 9.28711220e+00 9.27599713e+00 9.26448834e+00 9.25258733e+00
 9.24029565e+00 9.22761489e+00 9.21454671e+00 9.20109280e+00
 9.18725490e+00 9.17303480e+00 9.15843436e+00 9.14345544e+00
 9.12810000e+00 9.11237000e+00 9.09626748e+00 9.07979450e+00
 9.06295318e+00 9.04574570e+00 9.02817424e+00 9.01024106e+00
 8.99194845e+00 8.97329875e+00 8.95429434e+00 8.93493763e+00
 8.91523109e+00 8.89517721e+00 8.87477854e+00 8.85403766e+00
 8.83295719e+00 8.81153978e+00 8.78978814e+00 8.76770499e+00
 8.74529312e+00 8.72255532e+00 8.69949443e+00 8.67611334e+00
 8.65241496e+00 8.62840224e+00 8.60407814e+00 8.57944569e+00
 8.55450793e+00 8.52926794e+00 8.50372881e+00 8.47789369e+00
 8.45176575e+00 8.42534817e+00 8.39864418e+00 8.37165703e+00
 8.34439000e+00 8.31684639e+00 8.28902953e+00 8.26094277e+00
 8.23258950e+00 8.20397311e+00 8.17509702e+00 8.14596470e+00
 8.11657959e+00 8.08694520e+00 8.05706503e+00 8.02694261e+00
 7.99658149e+00 7.96598523e+00 7.93515741e+00 7.90410165e+00
 7.87282154e+00 7.84132072e+00 7.80960285e+00 7.77767156e+00
 7.74553055e+00 7.71318349e+00 7.68063408e+00 7.64788603e+00
 7.61494305e+00 7.58180888e+00 7.54848725e+00 7.51498190e+00
 7.48129659e+00 7.44743509e+00 7.41340114e+00 7.37919854e+00
 7.34483104e+00 7.31030244e+00 7.27561651e+00 7.24077705e+00
 7.20578785e+00 7.17065268e+00 7.13537535e+00 7.09995965e+00
 7.06440936e+00 7.02872828e+00 6.99292019e+00 6.95698889e+00
 6.92093814e+00 6.88477174e+00 6.84849345e+00 6.81210704e+00
 6.77561627e+00 6.73902491e+00 6.70233670e+00 6.66555538e+00
 6.62868469e+00 6.59172835e+00 6.55469009e+00 6.51757359e+00
 6.48038256e+00 6.44312069e+00 6.40579164e+00 6.36839907e+00
 6.33094663e+00 6.29343796e+00 6.25587666e+00 6.21826636e+00
 6.18061063e+00 6.14291305e+00 6.10517718e+00 6.06740656e+00
 6.02960470e+00 5.99177513e+00 5.95392131e+00 5.91604674e+00
 5.87815484e+00 5.84024905e+00 5.80233279e+00 5.76440943e+00
 5.72648236e+00 5.68855490e+00 5.65063039e+00 5.61271213e+00
 5.57480340e+00 5.53690745e+00 5.49902752e+00 5.46116680e+00
 5.42332849e+00 5.38551574e+00 5.34773168e+00 5.30997943e+00
 5.27226205e+00 5.23458262e+00 5.19694414e+00 5.15934964e+00
 5.12180207e+00 5.08430438e+00 5.04685949e+00 5.00947030e+00
 4.97213965e+00 4.93487038e+00 4.89766530e+00 4.86052718e+00
 4.82345875e+00 4.78646274e+00 4.74954182e+00 4.71269866e+00
 4.67593585e+00 4.63925601e+00 4.60266169e+00 4.56615542e+00
 4.52973969e+00 4.49341696e+00 4.45718968e+00 4.42106024e+00
 4.38503101e+00 4.34910433e+00 4.31328250e+00 4.27756778e+00
 4.24196243e+00 4.20646864e+00 4.17108859e+00 4.13582441e+00
 4.10067821e+00 4.06565207e+00 4.03074802e+00 3.99596806e+00
 3.96131418e+00 3.92678830e+00 3.89239233e+00 3.85812815e+00
 3.82399759e+00 3.79000245e+00 3.75614451e+00 3.72242550e+00
 3.68884711e+00 3.65541103e+00 3.62211889e+00 3.58897228e+00
 3.55597277e+00 3.52312190e+00 3.49042117e+00 3.45787203e+00
 3.42547594e+00 3.39323428e+00 3.36114842e+00 3.32921970e+00
 3.29744941e+00 3.26583881e+00 3.23438915e+00 3.20310163e+00
 3.17197740e+00 3.14101761e+00 3.11022335e+00 3.07959570e+00
 3.04913569e+00 3.01884434e+00 2.98872260e+00 2.95877143e+00
 2.92899172e+00 2.89938437e+00 2.86995021e+00 2.84069006e+00
 2.81160470e+00 2.78269489e+00 2.75396135e+00 2.72540477e+00
 2.69702581e+00 2.66882510e+00 2.64080324e+00 2.61296081e+00
 2.58529834e+00 2.55781635e+00 2.53051532e+00 2.50339571e+00
 2.47645794e+00 2.44970241e+00 2.42312949e+00 2.39673952e+00
 2.37053281e+00 2.34450965e+00 2.31867030e+00 2.29301499e+00
 2.26754393e+00 2.24225729e+00 2.21715523e+00 2.19223787e+00
 2.16750532e+00 2.14295765e+00 2.11859491e+00 2.09441713e+00
 2.07042431e+00 2.04661643e+00 2.02299344e+00 1.99955527e+00
 1.97630182e+00 1.95323298e+00 1.93034861e+00 1.90764855e+00
 1.88513261e+00 1.86280059e+00 1.84065225e+00 1.81868735e+00
 1.79690562e+00 1.77530676e+00 1.75389047e+00 1.73265641e+00
 1.71160423e+00 1.69073356e+00 1.67004400e+00 1.64953516e+00
 1.62920660e+00 1.60905787e+00 1.58908850e+00 1.56929803e+00
 1.54968594e+00 1.53025172e+00 1.51099484e+00 1.49191474e+00
 1.47301087e+00 1.45428263e+00 1.43572942e+00 1.41735065e+00
 1.39914567e+00 1.38111384e+00 1.36325452e+00 1.34556701e+00
 1.32805065e+00 1.31070473e+00 1.29352853e+00 1.27652135e+00
 1.25968242e+00 1.24301102e+00 1.22650636e+00 1.21016769e+00
 1.19399422e+00 1.17798514e+00 1.16213966e+00 1.14645696e+00
 1.13093620e+00 1.11557654e+00 1.10037715e+00 1.08533717e+00
 1.07045572e+00 1.05573194e+00 1.04116493e+00 1.02675381e+00
 1.01249768e+00 9.98395622e-01 9.84446731e-01 9.70650079e-01
 9.57004738e-01 9.43509770e-01 9.30164233e-01 9.16967176e-01
 9.03917646e-01 8.91014680e-01 8.78257313e-01 8.65644572e-01
 8.53175481e-01 8.40849057e-01 8.28664317e-01 8.16620268e-01
 8.04715916e-01 7.92950264e-01 7.81322310e-01 7.69831049e-01
 7.58475472e-01 7.47254569e-01 7.36167326e-01 7.25212726e-01
 7.14389751e-01 7.03697381e-01 6.93134593e-01 6.82700363e-01
 6.72393666e-01 6.62213476e-01 6.52158764e-01 6.42228502e-01
 6.32421661e-01 6.22737212e-01 6.13174125e-01 6.03731369e-01
 5.94407915e-01 5.85202734e-01 5.76114796e-01 5.67143073e-01
 5.58286538e-01 5.49544163e-01 5.40914923e-01 5.32397794e-01
 5.23991753e-01 5.15695778e-01 5.07508851e-01 4.99429954e-01
 4.91458071e-01 4.83592189e-01 4.75831297e-01 4.68174386e-01
 4.60620451e-01 4.53168489e-01 4.45817498e-01 4.38566483e-01
 4.31414448e-01 4.24360403e-01 4.17403361e-01 4.10542337e-01
 4.03776351e-01 3.97104426e-01 3.90525590e-01 3.84038873e-01
 3.77643311e-01 3.71337942e-01 3.65121811e-01 3.58993965e-01
 3.52953456e-01 3.46999341e-01 3.41130681e-01 3.35346543e-01
 3.29645996e-01 3.24028117e-01 3.18491987e-01 3.13036690e-01
 3.07661318e-01 3.02364966e-01 2.97146735e-01 2.92005732e-01
 2.86941068e-01 2.81951861e-01 2.77037233e-01 2.72196311e-01
 2.67428230e-01 2.62732130e-01 2.58107154e-01 2.53552454e-01
 2.49067186e-01 2.44650513e-01 2.40301603e-01 2.36019630e-01
 2.31803774e-01 2.27653222e-01 2.23567164e-01 2.19544801e-01
 2.15585335e-01 2.11687978e-01 2.07851945e-01 2.04076460e-01
 2.00360752e-01 1.96704055e-01 1.93105611e-01 1.89564667e-01]",restricted_age_optimal,True,True,True,10,2,"constraints_[1, 3]_remained",1145.9695108560175,1137.438504720165,1154.50051699187,4.352634131618805,19.224414409163334,19.081301005421693,19.367527812904974,0.07301838445527549,19.224020355888662,19.080909885620272,19.36713082615705,0.07301688775774841,1.0,1.0,1.0,1.5453610863926042e-42,large,-1145.969510856017,-1154.5005169918695,-1137.4385047201645,4.352634131618803,-19.224414409163327,-19.367527812904967,-19.081301005421686,0.07301838445527546,-19.224020355888655,-19.367130826157045,-19.080909885620265,0.07301688775774838,2.190146163717539e-42,5.465823341916192e-43,8.686935978045356e-42,1.5453610863927355e-42
0.832679,0.901864,0.872538,0.0106986828290687,2516,100.0,"[0.832679   0.83514989 0.83762079 0.84009168 0.84256257 0.84503346
 0.84750436 0.84997525 0.85244614 0.85491704 0.85738793 0.85985882
 0.86232971 0.86480061 0.8672715  0.86974239 0.87221329 0.87468418
 0.87715507 0.87962596 0.88209686 0.88456775 0.88703864 0.88950954
 0.89198043 0.89445132 0.89692221 0.89939311 0.901864  ]","[0.07949126 0.07949126 0.07949126 0.39745628 0.47694754 0.63593005
 1.15262321 1.55007949 1.74880763 3.02066773 4.21303657 5.00794913
 5.9618442  7.47217806 8.14785374 8.62480127 9.89666137 8.98251192
 8.02861685 7.27344992 6.16057234 3.61685215 3.17965024 2.34499205
 1.11287758 0.15898251 0.31796502 0.2782194 ]",0.0025,28,normal,0.8719157273449921,"[0.832679   0.83274825 0.83281751 0.83288676 0.83295602 0.83302527
 0.83309453 0.83316378 0.83323303 0.83330229 0.83337154 0.8334408
 0.83351005 0.83357931 0.83364856 0.83371781 0.83378707 0.83385632
 0.83392558 0.83399483 0.83406409 0.83413334 0.83420259 0.83427185
 0.8343411  0.83441036 0.83447961 0.83454886 0.83461812 0.83468737
 0.83475663 0.83482588 0.83489514 0.83496439 0.83503364 0.8351029
 0.83517215 0.83524141 0.83531066 0.83537992 0.83544917 0.83551842
 0.83558768 0.83565693 0.83572619 0.83579544 0.8358647  0.83593395
 0.8360032  0.83607246 0.83614171 0.83621097 0.83628022 0.83634948
 0.83641873 0.83648798 0.83655724 0.83662649 0.83669575 0.836765
 0.83683426 0.83690351 0.83697276 0.83704202 0.83711127 0.83718053
 0.83724978 0.83731904 0.83738829 0.83745754 0.8375268  0.83759605
 0.83766531 0.83773456 0.83780381 0.83787307 0.83794232 0.83801158
 0.83808083 0.83815009 0.83821934 0.83828859 0.83835785 0.8384271
 0.83849636 0.83856561 0.83863487 0.83870412 0.83877337 0.83884263
 0.83891188 0.83898114 0.83905039 0.83911965 0.8391889  0.83925815
 0.83932741 0.83939666 0.83946592 0.83953517 0.83960443 0.83967368
 0.83974293 0.83981219 0.83988144 0.8399507  0.84001995 0.84008921
 0.84015846 0.84022771 0.84029697 0.84036622 0.84043548 0.84050473
 0.84057398 0.84064324 0.84071249 0.84078175 0.840851   0.84092026
 0.84098951 0.84105876 0.84112802 0.84119727 0.84126653 0.84133578
 0.84140504 0.84147429 0.84154354 0.8416128  0.84168205 0.84175131
 0.84182056 0.84188982 0.84195907 0.84202832 0.84209758 0.84216683
 0.84223609 0.84230534 0.8423746  0.84244385 0.8425131  0.84258236
 0.84265161 0.84272087 0.84279012 0.84285938 0.84292863 0.84299788
 0.84306714 0.84313639 0.84320565 0.8432749  0.84334416 0.84341341
 0.84348266 0.84355192 0.84362117 0.84369043 0.84375968 0.84382893
 0.84389819 0.84396744 0.8440367  0.84410595 0.84417521 0.84424446
 0.84431371 0.84438297 0.84445222 0.84452148 0.84459073 0.84465999
 0.84472924 0.84479849 0.84486775 0.844937   0.84500626 0.84507551
 0.84514477 0.84521402 0.84528327 0.84535253 0.84542178 0.84549104
 0.84556029 0.84562955 0.8456988  0.84576805 0.84583731 0.84590656
 0.84597582 0.84604507 0.84611433 0.84618358 0.84625283 0.84632209
 0.84639134 0.8464606  0.84652985 0.84659911 0.84666836 0.84673761
 0.84680687 0.84687612 0.84694538 0.84701463 0.84708388 0.84715314
 0.84722239 0.84729165 0.8473609  0.84743016 0.84749941 0.84756866
 0.84763792 0.84770717 0.84777643 0.84784568 0.84791494 0.84798419
 0.84805344 0.8481227  0.84819195 0.84826121 0.84833046 0.84839972
 0.84846897 0.84853822 0.84860748 0.84867673 0.84874599 0.84881524
 0.8488845  0.84895375 0.849023   0.84909226 0.84916151 0.84923077
 0.84930002 0.84936928 0.84943853 0.84950778 0.84957704 0.84964629
 0.84971555 0.8497848  0.84985406 0.84992331 0.84999256 0.85006182
 0.85013107 0.85020033 0.85026958 0.85033883 0.85040809 0.85047734
 0.8505466  0.85061585 0.85068511 0.85075436 0.85082361 0.85089287
 0.85096212 0.85103138 0.85110063 0.85116989 0.85123914 0.85130839
 0.85137765 0.8514469  0.85151616 0.85158541 0.85165467 0.85172392
 0.85179317 0.85186243 0.85193168 0.85200094 0.85207019 0.85213945
 0.8522087  0.85227795 0.85234721 0.85241646 0.85248572 0.85255497
 0.85262423 0.85269348 0.85276273 0.85283199 0.85290124 0.8529705
 0.85303975 0.85310901 0.85317826 0.85324751 0.85331677 0.85338602
 0.85345528 0.85352453 0.85359378 0.85366304 0.85373229 0.85380155
 0.8538708  0.85394006 0.85400931 0.85407856 0.85414782 0.85421707
 0.85428633 0.85435558 0.85442484 0.85449409 0.85456334 0.8546326
 0.85470185 0.85477111 0.85484036 0.85490962 0.85497887 0.85504812
 0.85511738 0.85518663 0.85525589 0.85532514 0.8553944  0.85546365
 0.8555329  0.85560216 0.85567141 0.85574067 0.85580992 0.85587918
 0.85594843 0.85601768 0.85608694 0.85615619 0.85622545 0.8562947
 0.85636395 0.85643321 0.85650246 0.85657172 0.85664097 0.85671023
 0.85677948 0.85684873 0.85691799 0.85698724 0.8570565  0.85712575
 0.85719501 0.85726426 0.85733351 0.85740277 0.85747202 0.85754128
 0.85761053 0.85767979 0.85774904 0.85781829 0.85788755 0.8579568
 0.85802606 0.85809531 0.85816457 0.85823382 0.85830307 0.85837233
 0.85844158 0.85851084 0.85858009 0.85864935 0.8587186  0.85878785
 0.85885711 0.85892636 0.85899562 0.85906487 0.85913413 0.85920338
 0.85927263 0.85934189 0.85941114 0.8594804  0.85954965 0.8596189
 0.85968816 0.85975741 0.85982667 0.85989592 0.85996518 0.86003443
 0.86010368 0.86017294 0.86024219 0.86031145 0.8603807  0.86044996
 0.86051921 0.86058846 0.86065772 0.86072697 0.86079623 0.86086548
 0.86093474 0.86100399 0.86107324 0.8611425  0.86121175 0.86128101
 0.86135026 0.86141952 0.86148877 0.86155802 0.86162728 0.86169653
 0.86176579 0.86183504 0.8619043  0.86197355 0.8620428  0.86211206
 0.86218131 0.86225057 0.86231982 0.86238908 0.86245833 0.86252758
 0.86259684 0.86266609 0.86273535 0.8628046  0.86287385 0.86294311
 0.86301236 0.86308162 0.86315087 0.86322013 0.86328938 0.86335863
 0.86342789 0.86349714 0.8635664  0.86363565 0.86370491 0.86377416
 0.86384341 0.86391267 0.86398192 0.86405118 0.86412043 0.86418969
 0.86425894 0.86432819 0.86439745 0.8644667  0.86453596 0.86460521
 0.86467447 0.86474372 0.86481297 0.86488223 0.86495148 0.86502074
 0.86508999 0.86515925 0.8652285  0.86529775 0.86536701 0.86543626
 0.86550552 0.86557477 0.86564403 0.86571328 0.86578253 0.86585179
 0.86592104 0.8659903  0.86605955 0.8661288  0.86619806 0.86626731
 0.86633657 0.86640582 0.86647508 0.86654433 0.86661358 0.86668284
 0.86675209 0.86682135 0.8668906  0.86695986 0.86702911 0.86709836
 0.86716762 0.86723687 0.86730613 0.86737538 0.86744464 0.86751389
 0.86758314 0.8676524  0.86772165 0.86779091 0.86786016 0.86792942
 0.86799867 0.86806792 0.86813718 0.86820643 0.86827569 0.86834494
 0.8684142  0.86848345 0.8685527  0.86862196 0.86869121 0.86876047
 0.86882972 0.86889897 0.86896823 0.86903748 0.86910674 0.86917599
 0.86924525 0.8693145  0.86938375 0.86945301 0.86952226 0.86959152
 0.86966077 0.86973003 0.86979928 0.86986853 0.86993779 0.87000704
 0.8700763  0.87014555 0.87021481 0.87028406 0.87035331 0.87042257
 0.87049182 0.87056108 0.87063033 0.87069959 0.87076884 0.87083809
 0.87090735 0.8709766  0.87104586 0.87111511 0.87118437 0.87125362
 0.87132287 0.87139213 0.87146138 0.87153064 0.87159989 0.87166915
 0.8717384  0.87180765 0.87187691 0.87194616 0.87201542 0.87208467
 0.87215392 0.87222318 0.87229243 0.87236169 0.87243094 0.8725002
 0.87256945 0.8726387  0.87270796 0.87277721 0.87284647 0.87291572
 0.87298498 0.87305423 0.87312348 0.87319274 0.87326199 0.87333125
 0.8734005  0.87346976 0.87353901 0.87360826 0.87367752 0.87374677
 0.87381603 0.87388528 0.87395454 0.87402379 0.87409304 0.8741623
 0.87423155 0.87430081 0.87437006 0.87443932 0.87450857 0.87457782
 0.87464708 0.87471633 0.87478559 0.87485484 0.8749241  0.87499335
 0.8750626  0.87513186 0.87520111 0.87527037 0.87533962 0.87540887
 0.87547813 0.87554738 0.87561664 0.87568589 0.87575515 0.8758244
 0.87589365 0.87596291 0.87603216 0.87610142 0.87617067 0.87623993
 0.87630918 0.87637843 0.87644769 0.87651694 0.8765862  0.87665545
 0.87672471 0.87679396 0.87686321 0.87693247 0.87700172 0.87707098
 0.87714023 0.87720949 0.87727874 0.87734799 0.87741725 0.8774865
 0.87755576 0.87762501 0.87769427 0.87776352 0.87783277 0.87790203
 0.87797128 0.87804054 0.87810979 0.87817905 0.8782483  0.87831755
 0.87838681 0.87845606 0.87852532 0.87859457 0.87866382 0.87873308
 0.87880233 0.87887159 0.87894084 0.8790101  0.87907935 0.8791486
 0.87921786 0.87928711 0.87935637 0.87942562 0.87949488 0.87956413
 0.87963338 0.87970264 0.87977189 0.87984115 0.8799104  0.87997966
 0.88004891 0.88011816 0.88018742 0.88025667 0.88032593 0.88039518
 0.88046444 0.88053369 0.88060294 0.8806722  0.88074145 0.88081071
 0.88087996 0.88094922 0.88101847 0.88108772 0.88115698 0.88122623
 0.88129549 0.88136474 0.88143399 0.88150325 0.8815725  0.88164176
 0.88171101 0.88178027 0.88184952 0.88191877 0.88198803 0.88205728
 0.88212654 0.88219579 0.88226505 0.8823343  0.88240355 0.88247281
 0.88254206 0.88261132 0.88268057 0.88274983 0.88281908 0.88288833
 0.88295759 0.88302684 0.8830961  0.88316535 0.88323461 0.88330386
 0.88337311 0.88344237 0.88351162 0.88358088 0.88365013 0.88371939
 0.88378864 0.88385789 0.88392715 0.8839964  0.88406566 0.88413491
 0.88420417 0.88427342 0.88434267 0.88441193 0.88448118 0.88455044
 0.88461969 0.88468894 0.8847582  0.88482745 0.88489671 0.88496596
 0.88503522 0.88510447 0.88517372 0.88524298 0.88531223 0.88538149
 0.88545074 0.88552    0.88558925 0.8856585  0.88572776 0.88579701
 0.88586627 0.88593552 0.88600478 0.88607403 0.88614328 0.88621254
 0.88628179 0.88635105 0.8864203  0.88648956 0.88655881 0.88662806
 0.88669732 0.88676657 0.88683583 0.88690508 0.88697434 0.88704359
 0.88711284 0.8871821  0.88725135 0.88732061 0.88738986 0.88745912
 0.88752837 0.88759762 0.88766688 0.88773613 0.88780539 0.88787464
 0.88794389 0.88801315 0.8880824  0.88815166 0.88822091 0.88829017
 0.88835942 0.88842867 0.88849793 0.88856718 0.88863644 0.88870569
 0.88877495 0.8888442  0.88891345 0.88898271 0.88905196 0.88912122
 0.88919047 0.88925973 0.88932898 0.88939823 0.88946749 0.88953674
 0.889606   0.88967525 0.88974451 0.88981376 0.88988301 0.88995227
 0.89002152 0.89009078 0.89016003 0.89022929 0.89029854 0.89036779
 0.89043705 0.8905063  0.89057556 0.89064481 0.89071407 0.89078332
 0.89085257 0.89092183 0.89099108 0.89106034 0.89112959 0.89119884
 0.8912681  0.89133735 0.89140661 0.89147586 0.89154512 0.89161437
 0.89168362 0.89175288 0.89182213 0.89189139 0.89196064 0.8920299
 0.89209915 0.8921684  0.89223766 0.89230691 0.89237617 0.89244542
 0.89251468 0.89258393 0.89265318 0.89272244 0.89279169 0.89286095
 0.8929302  0.89299946 0.89306871 0.89313796 0.89320722 0.89327647
 0.89334573 0.89341498 0.89348424 0.89355349 0.89362274 0.893692
 0.89376125 0.89383051 0.89389976 0.89396902 0.89403827 0.89410752
 0.89417678 0.89424603 0.89431529 0.89438454 0.89445379 0.89452305
 0.8945923  0.89466156 0.89473081 0.89480007 0.89486932 0.89493857
 0.89500783 0.89507708 0.89514634 0.89521559 0.89528485 0.8953541
 0.89542335 0.89549261 0.89556186 0.89563112 0.89570037 0.89576963
 0.89583888 0.89590813 0.89597739 0.89604664 0.8961159  0.89618515
 0.89625441 0.89632366 0.89639291 0.89646217 0.89653142 0.89660068
 0.89666993 0.89673919 0.89680844 0.89687769 0.89694695 0.8970162
 0.89708546 0.89715471 0.89722396 0.89729322 0.89736247 0.89743173
 0.89750098 0.89757024 0.89763949 0.89770874 0.897778   0.89784725
 0.89791651 0.89798576 0.89805502 0.89812427 0.89819352 0.89826278
 0.89833203 0.89840129 0.89847054 0.8985398  0.89860905 0.8986783
 0.89874756 0.89881681 0.89888607 0.89895532 0.89902458 0.89909383
 0.89916308 0.89923234 0.89930159 0.89937085 0.8994401  0.89950936
 0.89957861 0.89964786 0.89971712 0.89978637 0.89985563 0.89992488
 0.89999414 0.90006339 0.90013264 0.9002019  0.90027115 0.90034041
 0.90040966 0.90047891 0.90054817 0.90061742 0.90068668 0.90075593
 0.90082519 0.90089444 0.90096369 0.90103295 0.9011022  0.90117146
 0.90124071 0.90130997 0.90137922 0.90144847 0.90151773 0.90158698
 0.90165624 0.90172549 0.90179475 0.901864  ]","[0.01106077 0.01132626 0.01159763 0.01187501 0.01215851 0.01244826
 0.01274438 0.01304699 0.01335623 0.01367223 0.01399512 0.01432503
 0.01466211 0.01500649 0.01535831 0.01571773 0.01608488 0.01645992
 0.01684299 0.01723426 0.01763388 0.01804201 0.01845882 0.01888446
 0.0193191  0.01976293 0.0202161  0.02067879 0.02115119 0.02163348
 0.02212583 0.02262844 0.0231415  0.0236652  0.02419974 0.02474531
 0.02530213 0.02587039 0.0264503  0.02704208 0.02764594 0.0282621
 0.02889079 0.02953222 0.03018663 0.03085424 0.0315353  0.03223004
 0.03293871 0.03366155 0.03439881 0.03515075 0.03591761 0.03669967
 0.03749719 0.03831043 0.03913967 0.03998518 0.04084725 0.04172615
 0.04262218 0.04353563 0.04446679 0.04541596 0.04638345 0.04736957
 0.04837462 0.04939893 0.05044281 0.05150659 0.05259061 0.05369519
 0.05482067 0.05596739 0.05713571 0.05832598 0.05953854 0.06077377
 0.06203203 0.06331368 0.0646191  0.06594868 0.06730279 0.06868183
 0.07008619 0.07151627 0.07297247 0.07445521 0.07596488 0.07750192
 0.07906675 0.08065979 0.08228148 0.08393226 0.08561257 0.08732286
 0.08906359 0.0908352  0.09263818 0.09447299 0.0963401  0.09823999
 0.10017315 0.10214008 0.10414126 0.1061772  0.1082484  0.11035539
 0.11249867 0.11467878 0.11689623 0.11915157 0.12144533 0.12377806
 0.12615031 0.12856264 0.13101562 0.1335098  0.13604576 0.13862408
 0.14124535 0.14391015 0.14661909 0.14937275 0.15217176 0.15501673
 0.15790826 0.16084699 0.16383355 0.16686856 0.16995268 0.17308655
 0.17627082 0.17950615 0.1827932  0.18613265 0.18952516 0.19297141
 0.1964721  0.20002792 0.20363955 0.20730771 0.2110331  0.21481644
 0.21865844 0.22255983 0.22652134 0.2305437  0.23462765 0.23877394
 0.24298333 0.24725656 0.2515944  0.25599762 0.26046698 0.26500327
 0.26960726 0.27427975 0.27902153 0.28383339 0.28871613 0.29367056
 0.2986975  0.30379776 0.30897215 0.31422151 0.31954667 0.32494846
 0.33042771 0.33598528 0.34162201 0.34733875 0.35313636 0.35901569
 0.36497761 0.371023   0.37715271 0.38336763 0.38966863 0.3960566
 0.40253243 0.40909699 0.41575119 0.42249592 0.42933209 0.43626058
 0.44328231 0.45039818 0.45760911 0.464916   0.47231977 0.47982135
 0.48742164 0.49512157 0.50292207 0.51082406 0.51882846 0.52693621
 0.53514824 0.54346547 0.55188884 0.56041929 0.56905775 0.57780515
 0.58666243 0.59563052 0.60471037 0.61390291 0.62320908 0.63262981
 0.64216604 0.6518187  0.66158874 0.67147708 0.68148466 0.69161241
 0.70186126 0.71223214 0.72272599 0.73334371 0.74408625 0.75495451
 0.76594942 0.7770719  0.78832286 0.79970321 0.81121385 0.82285569
 0.83462963 0.84653657 0.8585774  0.87075301 0.88306428 0.89551208
 0.90809731 0.92082081 0.93368347 0.94668613 0.95982964 0.97311487
 0.98654263 1.00011378 1.01382913 1.02768951 1.04169573 1.0558486
 1.07014891 1.08459745 1.09919501 1.11394236 1.12884027 1.14388949
 1.15909077 1.17444485 1.18995246 1.20561432 1.22143113 1.2374036
 1.25353241 1.26981824 1.28626176 1.30286362 1.31962446 1.33654493
 1.35362563 1.37086717 1.38827015 1.40583516 1.42356275 1.44145348
 1.45950791 1.47772654 1.4961099  1.51465849 1.53337279 1.55225327
 1.57130039 1.59051458 1.60989626 1.62944585 1.64916373 1.66905028
 1.68910586 1.7093308  1.72972542 1.75029005 1.77102495 1.7919304
 1.81300666 1.83425395 1.85567249 1.87726246 1.89902406 1.92095742
 1.9430627  1.96533999 1.9877894  2.010411   2.03320485 2.05617097
 2.07930937 2.10262005 2.12610298 2.14975808 2.1735853  2.19758453
 2.22175564 2.24609849 2.27061291 2.29529871 2.32015566 2.34518354
 2.37038207 2.39575097 2.42128991 2.44699857 2.47287658 2.49892354
 2.52513905 2.55152267 2.57807392 2.60479232 2.63167734 2.65872845
 2.68594507 2.7133266  2.74087242 2.76858187 2.79645429 2.82448895
 2.85268512 2.88104205 2.90955894 2.93823497 2.9670693  2.99606105
 3.02520932 3.05451318 3.08397167 3.11358379 3.14334853 3.17326485
 3.20333166 3.23354786 3.26391231 3.29442386 3.3250813  3.35588342
 3.38682896 3.41791663 3.44914513 3.48051311 3.51201921 3.54366201
 3.57544009 3.60735198 3.6393962  3.67157122 3.70387549 3.73630742
 3.76886541 3.80154782 3.83435296 3.86727915 3.90032464 3.93348769
 3.96676648 4.00015922 4.03366403 4.06727905 4.10100235 4.13483201
 4.16876606 4.20280248 4.23693927 4.27117435 4.30550564 4.33993103
 4.37444838 4.4090555  4.4437502  4.47853026 4.5133934  4.54833735
 4.58335979 4.61845838 4.65363074 4.68887449 4.7241872  4.75956642
 4.79500967 4.83051444 4.86607821 4.90169841 4.93737247 4.97309777
 5.00887169 5.04469156 5.0805547  5.1164584  5.15239993 5.18837653
 5.22438542 5.2604238  5.29648884 5.33257769 5.36868747 5.4048153
 5.44095825 5.4771134  5.51327777 5.5494484  5.58562227 5.62179637
 5.65796767 5.69413309 5.73028957 5.76643401 5.80256328 5.83867427
 5.87476382 5.91082876 5.94686592 5.98287209 6.01884405 6.05477859
 6.09067245 6.12652238 6.16232511 6.19807735 6.2337758  6.26941716
 6.3049981  6.34051529 6.37596538 6.41134502 6.44665085 6.48187949
 6.51702757 6.55209168 6.58706844 6.62195444 6.65674626 6.69144049
 6.7260337  6.76052247 6.79490336 6.82917293 6.86332775 6.89736437
 6.93127935 6.96506923 6.99873058 7.03225993 7.06565385 7.09890888
 7.13202158 7.1649885  7.1978062  7.23047123 7.26298017 7.29532958
 7.32751603 7.3595361  7.39138638 7.42306345 7.45456391 7.48588437
 7.51702144 7.54797174 7.5787319  7.60929858 7.63966841 7.66983806
 7.69980422 7.72956357 7.7591128  7.78844865 7.81756783 7.84646709
 7.8751432  7.90359292 7.93181306 7.95980042 7.98755184 8.01506416
 8.04233425 8.06935899 8.09613529 8.12266009 8.14893032 8.17494297
 8.20069502 8.22618349 8.25140543 8.2763579  8.30103799 8.32544282
 8.34956953 8.37341529 8.39697729 8.42025277 8.44323897 8.46593317
 8.48833269 8.51043486 8.53223707 8.5537367  8.57493119 8.59581801
 8.61639466 8.63665866 8.65660759 8.67623904 8.69555064 8.71454007
 8.73320501 8.75154323 8.76955248 8.78723058 8.80457539 8.82158478
 8.83825669 8.85458908 8.87057994 8.88622733 8.90152932 8.91648404
 8.93108965 8.94534434 8.95924638 8.97279403 8.98598563 8.99881956
 9.01129421 9.02340805 9.03515959 9.04654735 9.05756993 9.06822595
 9.0785141  9.08843309 9.09798169 9.10715871 9.115963   9.12439347
 9.13244906 9.14012876 9.14743163 9.15435673 9.16090322 9.16707025
 9.17285708 9.17826296 9.18328723 9.18792925 9.19218843 9.19606425
 9.19955623 9.20266391 9.20538691 9.20772488 9.20967755 9.21124465
 9.21242599 9.21322143 9.21363085 9.21365423 9.21329153 9.21254283
 9.2114082  9.20988779 9.2079818  9.20569046 9.20301405 9.19995293
 9.19650746 9.19267809 9.18846529 9.18386959 9.17889157 9.17353185
 9.16779111 9.16167006 9.15516948 9.14829017 9.14103299 9.13339886
 9.12538873 9.11700359 9.1082445  9.09911255 9.08960887 9.07973466
 9.06949114 9.05887958 9.04790131 9.03655769 9.02485012 9.01278006
 9.00034901 8.9875585  8.97441011 8.96090548 8.94704626 8.93283417
 8.91827095 8.90335841 8.88809836 8.87249269 8.8565433  8.84025216
 8.82362125 8.80665261 8.7893483  8.77171043 8.75374116 8.73544265
 8.71681714 8.69786688 8.67859416 8.65900131 8.6390907  8.61886471
 8.59832578 8.57747638 8.556319   8.53485618 8.51309047 8.49102448
 8.46866082 8.44600215 8.42305116 8.39981056 8.3762831  8.35247154
 8.3283787  8.30400739 8.27936047 8.25444082 8.22925135 8.20379499
 8.1780747  8.15209344 8.12585423 8.0993601  8.07261408 8.04561925
 8.0183787  7.99089555 7.96317291 7.93521394 7.90702182 7.87859972
 7.84995085 7.82107843 7.7919857  7.76267592 7.73315234 7.70341826
 7.67347696 7.64333177 7.61298599 7.58244297 7.55170606 7.5207786
 7.48966396 7.45836553 7.42688668 7.39523081 7.36340132 7.33140163
 7.29923514 7.26690527 7.23441547 7.20176915 7.16896975 7.13602071
 7.10292548 7.0696875  7.03631021 7.00279707 6.96915152 6.93537702
 6.901477   6.86745493 6.83331423 6.79905837 6.76469077 6.73021488
 6.69563413 6.66095195 6.62617176 6.59129699 6.55633104 6.52127732
 6.48613923 6.45092016 6.4156235  6.38025261 6.34481087 6.30930163
 6.27372823 6.23809401 6.20240229 6.16665639 6.1308596  6.09501521
 6.05912649 6.02319671 5.9872291  5.9512269  5.91519333 5.87913158
 5.84304484 5.80693628 5.77080905 5.73466628 5.6985111  5.66234659
 5.62617585 5.59000192 5.55382786 5.51765668 5.48149139 5.44533497
 5.40919038 5.37306057 5.33694844 5.30085691 5.26478884 5.22874708
 5.19273447 5.15675381 5.12080789 5.08489946 5.04903127 5.01320601
 4.97742639 4.94169506 4.90601466 4.8703878  4.83481706 4.79930501
 4.76385418 4.72846708 4.69314619 4.65789396 4.62271282 4.58760517
 4.55257339 4.51761981 4.48274677 4.44795653 4.41325138 4.37863353
 4.3441052  4.30966856 4.27532577 4.24107892 4.20693013 4.17288144
 4.1389349  4.1050925  4.07135621 4.03772798 4.00420972 3.97080332
 3.93751063 3.90433348 3.87127366 3.83833293 3.80551304 3.77281569
 3.74024255 3.70779526 3.67547545 3.6432847  3.61122457 3.57929657
 3.54750221 3.51584296 3.48432024 3.45293546 3.42169    3.39058521
 3.35962239 3.32880284 3.29812782 3.26759855 3.23721622 3.20698201
 3.17689705 3.14696246 3.11717931 3.08754865 3.05807151 3.02874888
 2.99958172 2.97057097 2.94171754 2.9130223  2.88448609 2.85610976
 2.82789408 2.79983983 2.77194773 2.74421851 2.71665285 2.68925139
 2.66201477 2.6349436  2.60803843 2.58129983 2.55472832 2.52832438
 2.5020885  2.4760211  2.45012262 2.42439344 2.39883393 2.37344443
 2.34822525 2.3231767  2.29829904 2.27359251 2.24905733 2.2246937
 2.20050178 2.17648174 2.15263369 2.12895774 2.10545397 2.08212243
 2.05896317 2.03597619 2.01316149 1.99051904 1.96804878 1.94575066
 1.92362456 1.90167039 1.87988801 1.85827726 1.83683798 1.81556997
 1.79447302 1.7735469  1.75279136 1.73220613 1.71179094 1.69154547
 1.67146941 1.65156242 1.63182413 1.61225419 1.5928522  1.57361776
 1.55455044 1.5356498  1.51691541 1.49834678 1.47994344 1.46170489
 1.44363061 1.42572009 1.40797277 1.39038812 1.37296555 1.35570449
 1.33860435 1.32166452 1.30488438 1.28826331 1.27180065 1.25549577
 1.23934798 1.22335662 1.207521   1.19184042 1.17631418 1.16094155
 1.1457218  1.13065421 1.11573803 1.10097249 1.08635683 1.07189029
 1.05757208 1.0434014  1.02937747 1.01549948 1.00176661 0.98817805
 0.97473297 0.96143053 0.9482699  0.93525023 0.92237068 0.90963037
 0.89702845 0.88456405 0.8722363  0.86004431 0.84798722 0.83606411
 0.82427412 0.81261633 0.80108985 0.78969378 0.7784272  0.76728922
 0.75627891 0.74539536 0.73463765 0.72400487 0.71349607 0.70311035
 0.69284678 0.68270441 0.67268233 0.66277961 0.6529953  0.64332847
 0.63377819 0.62434353 0.61502354 0.6058173  0.59672386 0.58774228
 0.57887163 0.57011098 0.56145938 0.55291591 0.54447962 0.53614959
 0.52792488 0.51980455 0.51178768 0.50387335 0.49606061 0.48834855
 0.48073625 0.47322277 0.4658072  0.45848863 0.45126613 0.4441388
 0.43710572 0.43016599 0.4233187  0.41656294 0.40989783 0.40332246
 0.39683594 0.39043738 0.38412589 0.3779006  0.37176062 0.36570507
 0.35973309 0.3538438  0.34803635 0.34230986 0.33666349 0.33109639
 0.32560769 0.32019657 0.31486218 0.30960369 0.30442026 0.29931107
 0.2942753  0.28931213 0.28442075 0.27960036 0.27485014 0.2701693
 0.26555706 0.26101261 0.25653519 0.25212401 0.24777829 0.24349728
 0.2392802  0.23512631 0.23103485 0.22700507 0.22303624 0.21912761
 0.21527846 0.21148806 0.20775569 0.20408064 0.2004622  0.19689966
 0.19339233 0.18993952 0.18654054 0.18319471]",restricted_age_optimal,True,True,True,10,2,"constraints_[1, 4]_remained",910.7494491978325,903.7346183819802,917.7642800136848,3.579061080297579,18.844534341052764,18.699388801494727,18.9896798806108,0.07405520749509957,18.84413188358451,18.69898944385931,18.989274323309708,0.0740536259186711,1.0,1.0,1.0,5.825147401665298e-41,large,-910.7494491978324,-917.7642800136847,-903.7346183819801,3.5790610802975786,-18.84453434105276,-18.989679880610797,-18.699388801494724,0.07405520749509956,-18.844131883584506,-18.989274323309704,-18.698989443859308,0.07405362591867108,8.302367277476227e-41,2.087867444692282e-41,3.267017034181968e-40,5.825147401665378e-41
0.832679,0.904264,0.8730065,0.0105961900101045,3886,99.99999999999996,"[0.832679   0.83514745 0.8376159  0.84008434 0.84255279 0.84502124
 0.84748969 0.84995814 0.85242659 0.85489503 0.85736348 0.85983193
 0.86230038 0.86476883 0.86723728 0.86970572 0.87217417 0.87464262
 0.87711107 0.87957952 0.88204797 0.88451641 0.88698486 0.88945331
 0.89192176 0.89439021 0.89685866 0.8993271  0.90179555 0.904264  ]","[0.0514668  0.07720021 0.0514668  0.33453423 0.43746783 0.51466804
 0.97786927 1.2866701  1.69840453 2.5733402  3.55120947 4.55481215
 5.58414822 7.23108595 8.72362326 9.28975811 9.59855893 9.05815749
 8.51775605 7.02521873 6.07308286 4.52907874 3.21667524 2.36747298
 1.44107051 0.66906845 0.30880082 0.15440041 0.10293361]",0.0025,29,normal,0.8726144613998971,"[0.832679   0.83275066 0.83282231 0.83289397 0.83296563 0.83303728
 0.83310894 0.8331806  0.83325225 0.83332391 0.83339557 0.83346722
 0.83353888 0.83361054 0.83368219 0.83375385 0.83382551 0.83389716
 0.83396882 0.83404048 0.83411213 0.83418379 0.83425545 0.8343271
 0.83439876 0.83447042 0.83454207 0.83461373 0.83468539 0.83475704
 0.8348287  0.83490036 0.83497201 0.83504367 0.83511533 0.83518698
 0.83525864 0.8353303  0.83540195 0.83547361 0.83554527 0.83561692
 0.83568858 0.83576024 0.83583189 0.83590355 0.83597521 0.83604686
 0.83611852 0.83619018 0.83626183 0.83633349 0.83640515 0.8364768
 0.83654846 0.83662012 0.83669177 0.83676343 0.83683509 0.83690674
 0.8369784  0.83705006 0.83712171 0.83719337 0.83726503 0.83733668
 0.83740834 0.83748    0.83755165 0.83762331 0.83769497 0.83776662
 0.83783828 0.83790994 0.83798159 0.83805325 0.83812491 0.83819656
 0.83826822 0.83833988 0.83841153 0.83848319 0.83855485 0.8386265
 0.83869816 0.83876982 0.83884147 0.83891313 0.83898479 0.83905644
 0.8391281  0.83919976 0.83927141 0.83934307 0.83941473 0.83948638
 0.83955804 0.8396297  0.83970135 0.83977301 0.83984467 0.83991632
 0.83998798 0.84005964 0.84013129 0.84020295 0.84027461 0.84034626
 0.84041792 0.84048958 0.84056123 0.84063289 0.84070455 0.8407762
 0.84084786 0.84091952 0.84099117 0.84106283 0.84113449 0.84120614
 0.8412778  0.84134946 0.84142111 0.84149277 0.84156443 0.84163608
 0.84170774 0.8417794  0.84185105 0.84192271 0.84199437 0.84206602
 0.84213768 0.84220934 0.84228099 0.84235265 0.84242431 0.84249596
 0.84256762 0.84263928 0.84271093 0.84278259 0.84285425 0.8429259
 0.84299756 0.84306922 0.84314087 0.84321253 0.84328419 0.84335584
 0.8434275  0.84349916 0.84357081 0.84364247 0.84371413 0.84378578
 0.84385744 0.8439291  0.84400075 0.84407241 0.84414407 0.84421572
 0.84428738 0.84435904 0.84443069 0.84450235 0.84457401 0.84464566
 0.84471732 0.84478897 0.84486063 0.84493229 0.84500394 0.8450756
 0.84514726 0.84521891 0.84529057 0.84536223 0.84543388 0.84550554
 0.8455772  0.84564885 0.84572051 0.84579217 0.84586382 0.84593548
 0.84600714 0.84607879 0.84615045 0.84622211 0.84629376 0.84636542
 0.84643708 0.84650873 0.84658039 0.84665205 0.8467237  0.84679536
 0.84686702 0.84693867 0.84701033 0.84708199 0.84715364 0.8472253
 0.84729696 0.84736861 0.84744027 0.84751193 0.84758358 0.84765524
 0.8477269  0.84779855 0.84787021 0.84794187 0.84801352 0.84808518
 0.84815684 0.84822849 0.84830015 0.84837181 0.84844346 0.84851512
 0.84858678 0.84865843 0.84873009 0.84880175 0.8488734  0.84894506
 0.84901672 0.84908837 0.84916003 0.84923169 0.84930334 0.849375
 0.84944666 0.84951831 0.84958997 0.84966163 0.84973328 0.84980494
 0.8498766  0.84994825 0.85001991 0.85009157 0.85016322 0.85023488
 0.85030654 0.85037819 0.85044985 0.85052151 0.85059316 0.85066482
 0.85073648 0.85080813 0.85087979 0.85095145 0.8510231  0.85109476
 0.85116642 0.85123807 0.85130973 0.85138139 0.85145304 0.8515247
 0.85159636 0.85166801 0.85173967 0.85181133 0.85188298 0.85195464
 0.8520263  0.85209795 0.85216961 0.85224127 0.85231292 0.85238458
 0.85245624 0.85252789 0.85259955 0.85267121 0.85274286 0.85281452
 0.85288618 0.85295783 0.85302949 0.85310115 0.8531728  0.85324446
 0.85331612 0.85338777 0.85345943 0.85353109 0.85360274 0.8536744
 0.85374606 0.85381771 0.85388937 0.85396103 0.85403268 0.85410434
 0.854176   0.85424765 0.85431931 0.85439097 0.85446262 0.85453428
 0.85460594 0.85467759 0.85474925 0.85482091 0.85489256 0.85496422
 0.85503588 0.85510753 0.85517919 0.85525085 0.8553225  0.85539416
 0.85546582 0.85553747 0.85560913 0.85568079 0.85575244 0.8558241
 0.85589576 0.85596741 0.85603907 0.85611073 0.85618238 0.85625404
 0.8563257  0.85639735 0.85646901 0.85654067 0.85661232 0.85668398
 0.85675564 0.85682729 0.85689895 0.85697061 0.85704226 0.85711392
 0.85718558 0.85725723 0.85732889 0.85740055 0.8574722  0.85754386
 0.85761552 0.85768717 0.85775883 0.85783049 0.85790214 0.8579738
 0.85804546 0.85811711 0.85818877 0.85826043 0.85833208 0.85840374
 0.8584754  0.85854705 0.85861871 0.85869037 0.85876202 0.85883368
 0.85890534 0.85897699 0.85904865 0.85912031 0.85919196 0.85926362
 0.85933528 0.85940693 0.85947859 0.85955025 0.8596219  0.85969356
 0.85976522 0.85983687 0.85990853 0.85998019 0.86005184 0.8601235
 0.86019516 0.86026681 0.86033847 0.86041013 0.86048178 0.86055344
 0.8606251  0.86069675 0.86076841 0.86084007 0.86091172 0.86098338
 0.86105504 0.86112669 0.86119835 0.86127001 0.86134166 0.86141332
 0.86148498 0.86155663 0.86162829 0.86169995 0.8617716  0.86184326
 0.86191492 0.86198657 0.86205823 0.86212989 0.86220154 0.8622732
 0.86234486 0.86241651 0.86248817 0.86255983 0.86263148 0.86270314
 0.8627748  0.86284645 0.86291811 0.86298977 0.86306142 0.86313308
 0.86320474 0.86327639 0.86334805 0.86341971 0.86349136 0.86356302
 0.86363468 0.86370633 0.86377799 0.86384965 0.8639213  0.86399296
 0.86406462 0.86413627 0.86420793 0.86427959 0.86435124 0.8644229
 0.86449456 0.86456621 0.86463787 0.86470953 0.86478118 0.86485284
 0.8649245  0.86499615 0.86506781 0.86513947 0.86521112 0.86528278
 0.86535444 0.86542609 0.86549775 0.86556941 0.86564106 0.86571272
 0.86578438 0.86585603 0.86592769 0.86599935 0.866071   0.86614266
 0.86621432 0.86628597 0.86635763 0.86642929 0.86650094 0.8665726
 0.86664426 0.86671591 0.86678757 0.86685923 0.86693088 0.86700254
 0.8670742  0.86714585 0.86721751 0.86728917 0.86736082 0.86743248
 0.86750414 0.86757579 0.86764745 0.86771911 0.86779076 0.86786242
 0.86793408 0.86800573 0.86807739 0.86814905 0.8682207  0.86829236
 0.86836402 0.86843567 0.86850733 0.86857898 0.86865064 0.8687223
 0.86879395 0.86886561 0.86893727 0.86900892 0.86908058 0.86915224
 0.86922389 0.86929555 0.86936721 0.86943886 0.86951052 0.86958218
 0.86965383 0.86972549 0.86979715 0.8698688  0.86994046 0.87001212
 0.87008377 0.87015543 0.87022709 0.87029874 0.8703704  0.87044206
 0.87051371 0.87058537 0.87065703 0.87072868 0.87080034 0.870872
 0.87094365 0.87101531 0.87108697 0.87115862 0.87123028 0.87130194
 0.87137359 0.87144525 0.87151691 0.87158856 0.87166022 0.87173188
 0.87180353 0.87187519 0.87194685 0.8720185  0.87209016 0.87216182
 0.87223347 0.87230513 0.87237679 0.87244844 0.8725201  0.87259176
 0.87266341 0.87273507 0.87280673 0.87287838 0.87295004 0.8730217
 0.87309335 0.87316501 0.87323667 0.87330832 0.87337998 0.87345164
 0.87352329 0.87359495 0.87366661 0.87373826 0.87380992 0.87388158
 0.87395323 0.87402489 0.87409655 0.8741682  0.87423986 0.87431152
 0.87438317 0.87445483 0.87452649 0.87459814 0.8746698  0.87474146
 0.87481311 0.87488477 0.87495643 0.87502808 0.87509974 0.8751714
 0.87524305 0.87531471 0.87538637 0.87545802 0.87552968 0.87560134
 0.87567299 0.87574465 0.87581631 0.87588796 0.87595962 0.87603128
 0.87610293 0.87617459 0.87624625 0.8763179  0.87638956 0.87646122
 0.87653287 0.87660453 0.87667619 0.87674784 0.8768195  0.87689116
 0.87696281 0.87703447 0.87710613 0.87717778 0.87724944 0.8773211
 0.87739275 0.87746441 0.87753607 0.87760772 0.87767938 0.87775104
 0.87782269 0.87789435 0.87796601 0.87803766 0.87810932 0.87818098
 0.87825263 0.87832429 0.87839595 0.8784676  0.87853926 0.87861092
 0.87868257 0.87875423 0.87882589 0.87889754 0.8789692  0.87904086
 0.87911251 0.87918417 0.87925583 0.87932748 0.87939914 0.8794708
 0.87954245 0.87961411 0.87968577 0.87975742 0.87982908 0.87990074
 0.87997239 0.88004405 0.88011571 0.88018736 0.88025902 0.88033068
 0.88040233 0.88047399 0.88054565 0.8806173  0.88068896 0.88076062
 0.88083227 0.88090393 0.88097559 0.88104724 0.8811189  0.88119056
 0.88126221 0.88133387 0.88140553 0.88147718 0.88154884 0.8816205
 0.88169215 0.88176381 0.88183547 0.88190712 0.88197878 0.88205044
 0.88212209 0.88219375 0.88226541 0.88233706 0.88240872 0.88248038
 0.88255203 0.88262369 0.88269535 0.882767   0.88283866 0.88291032
 0.88298197 0.88305363 0.88312529 0.88319694 0.8832686  0.88334026
 0.88341191 0.88348357 0.88355523 0.88362688 0.88369854 0.8837702
 0.88384185 0.88391351 0.88398517 0.88405682 0.88412848 0.88420014
 0.88427179 0.88434345 0.88441511 0.88448676 0.88455842 0.88463008
 0.88470173 0.88477339 0.88484505 0.8849167  0.88498836 0.88506002
 0.88513167 0.88520333 0.88527499 0.88534664 0.8854183  0.88548996
 0.88556161 0.88563327 0.88570493 0.88577658 0.88584824 0.8859199
 0.88599155 0.88606321 0.88613487 0.88620652 0.88627818 0.88634984
 0.88642149 0.88649315 0.88656481 0.88663646 0.88670812 0.88677978
 0.88685143 0.88692309 0.88699475 0.8870664  0.88713806 0.88720972
 0.88728137 0.88735303 0.88742469 0.88749634 0.887568   0.88763966
 0.88771131 0.88778297 0.88785463 0.88792628 0.88799794 0.8880696
 0.88814125 0.88821291 0.88828457 0.88835622 0.88842788 0.88849954
 0.88857119 0.88864285 0.88871451 0.88878616 0.88885782 0.88892948
 0.88900113 0.88907279 0.88914445 0.8892161  0.88928776 0.88935942
 0.88943107 0.88950273 0.88957439 0.88964604 0.8897177  0.88978936
 0.88986101 0.88993267 0.89000433 0.89007598 0.89014764 0.8902193
 0.89029095 0.89036261 0.89043427 0.89050592 0.89057758 0.89064924
 0.89072089 0.89079255 0.89086421 0.89093586 0.89100752 0.89107918
 0.89115083 0.89122249 0.89129415 0.8913658  0.89143746 0.89150912
 0.89158077 0.89165243 0.89172409 0.89179574 0.8918674  0.89193906
 0.89201071 0.89208237 0.89215403 0.89222568 0.89229734 0.89236899
 0.89244065 0.89251231 0.89258396 0.89265562 0.89272728 0.89279893
 0.89287059 0.89294225 0.8930139  0.89308556 0.89315722 0.89322887
 0.89330053 0.89337219 0.89344384 0.8935155  0.89358716 0.89365881
 0.89373047 0.89380213 0.89387378 0.89394544 0.8940171  0.89408875
 0.89416041 0.89423207 0.89430372 0.89437538 0.89444704 0.89451869
 0.89459035 0.89466201 0.89473366 0.89480532 0.89487698 0.89494863
 0.89502029 0.89509195 0.8951636  0.89523526 0.89530692 0.89537857
 0.89545023 0.89552189 0.89559354 0.8956652  0.89573686 0.89580851
 0.89588017 0.89595183 0.89602348 0.89609514 0.8961668  0.89623845
 0.89631011 0.89638177 0.89645342 0.89652508 0.89659674 0.89666839
 0.89674005 0.89681171 0.89688336 0.89695502 0.89702668 0.89709833
 0.89716999 0.89724165 0.8973133  0.89738496 0.89745662 0.89752827
 0.89759993 0.89767159 0.89774324 0.8978149  0.89788656 0.89795821
 0.89802987 0.89810153 0.89817318 0.89824484 0.8983165  0.89838815
 0.89845981 0.89853147 0.89860312 0.89867478 0.89874644 0.89881809
 0.89888975 0.89896141 0.89903306 0.89910472 0.89917638 0.89924803
 0.89931969 0.89939135 0.899463   0.89953466 0.89960632 0.89967797
 0.89974963 0.89982129 0.89989294 0.8999646  0.90003626 0.90010791
 0.90017957 0.90025123 0.90032288 0.90039454 0.9004662  0.90053785
 0.90060951 0.90068117 0.90075282 0.90082448 0.90089614 0.90096779
 0.90103945 0.90111111 0.90118276 0.90125442 0.90132608 0.90139773
 0.90146939 0.90154105 0.9016127  0.90168436 0.90175602 0.90182767
 0.90189933 0.90197099 0.90204264 0.9021143  0.90218596 0.90225761
 0.90232927 0.90240093 0.90247258 0.90254424 0.9026159  0.90268755
 0.90275921 0.90283087 0.90290252 0.90297418 0.90304584 0.90311749
 0.90318915 0.90326081 0.90333246 0.90340412 0.90347578 0.90354743
 0.90361909 0.90369075 0.9037624  0.90383406 0.90390572 0.90397737
 0.90404903 0.90412069 0.90419234 0.904264  ]","[7.65197047e-03 7.84932197e-03 8.05139513e-03 8.25829280e-03
 8.47011979e-03 8.68698290e-03 8.90899101e-03 9.13625502e-03
 9.36888796e-03 9.60700499e-03 9.85072345e-03 1.01001628e-02
 1.03554450e-02 1.06166938e-02 1.08840357e-02 1.11575994e-02
 1.14375159e-02 1.17239186e-02 1.20169435e-02 1.23167288e-02
 1.26234156e-02 1.29371473e-02 1.32580699e-02 1.35863320e-02
 1.39220850e-02 1.42654829e-02 1.46166825e-02 1.49758434e-02
 1.53431279e-02 1.57187012e-02 1.61027315e-02 1.64953899e-02
 1.68968503e-02 1.73072898e-02 1.77268886e-02 1.81558299e-02
 1.85943000e-02 1.90424884e-02 1.95005880e-02 1.99687947e-02
 2.04473079e-02 2.09363303e-02 2.14360679e-02 2.19467303e-02
 2.24685304e-02 2.30016848e-02 2.35464135e-02 2.41029403e-02
 2.46714925e-02 2.52523012e-02 2.58456011e-02 2.64516308e-02
 2.70706327e-02 2.77028531e-02 2.83485423e-02 2.90079544e-02
 2.96813476e-02 3.03689842e-02 3.10711305e-02 3.17880570e-02
 3.25200385e-02 3.32673538e-02 3.40302863e-02 3.48091235e-02
 3.56041574e-02 3.64156843e-02 3.72440051e-02 3.80894253e-02
 3.89522546e-02 3.98328077e-02 4.07314039e-02 4.16483670e-02
 4.25840256e-02 4.35387134e-02 4.45127685e-02 4.55065343e-02
 4.65203588e-02 4.75545951e-02 4.86096015e-02 4.96857411e-02
 5.07833823e-02 5.19028986e-02 5.30446686e-02 5.42090765e-02
 5.53965114e-02 5.66073679e-02 5.78420461e-02 5.91009514e-02
 6.03844946e-02 6.16930921e-02 6.30271661e-02 6.43871439e-02
 6.57734590e-02 6.71865500e-02 6.86268617e-02 7.00948446e-02
 7.15909547e-02 7.31156541e-02 7.46694109e-02 7.62526988e-02
 7.78659977e-02 7.95097934e-02 8.11845779e-02 8.28908490e-02
 8.46291108e-02 8.63998735e-02 8.82036536e-02 9.00409736e-02
 9.19123624e-02 9.38183552e-02 9.57594933e-02 9.77363247e-02
 9.97494034e-02 1.01799290e-01 1.03886552e-01 1.06011762e-01
 1.08175500e-01 1.10378353e-01 1.12620914e-01 1.14903782e-01
 1.17227564e-01 1.19592872e-01 1.22000326e-01 1.24450551e-01
 1.26944181e-01 1.29481854e-01 1.32064217e-01 1.34691922e-01
 1.37365630e-01 1.40086005e-01 1.42853721e-01 1.45669458e-01
 1.48533902e-01 1.51447747e-01 1.54411691e-01 1.57426443e-01
 1.60492716e-01 1.63611229e-01 1.66782711e-01 1.70007895e-01
 1.73287521e-01 1.76622337e-01 1.80013097e-01 1.83460563e-01
 1.86965501e-01 1.90528686e-01 1.94150899e-01 1.97832928e-01
 2.01575568e-01 2.05379619e-01 2.09245889e-01 2.13175192e-01
 2.17168350e-01 2.21226190e-01 2.25349546e-01 2.29539258e-01
 2.33796174e-01 2.38121146e-01 2.42515035e-01 2.46978706e-01
 2.51513033e-01 2.56118892e-01 2.60797171e-01 2.65548758e-01
 2.70374553e-01 2.75275457e-01 2.80252379e-01 2.85306236e-01
 2.90437948e-01 2.95648442e-01 3.00938650e-01 3.06309510e-01
 3.11761967e-01 3.17296969e-01 3.22915472e-01 3.28618435e-01
 3.34406825e-01 3.40281611e-01 3.46243769e-01 3.52294280e-01
 3.58434131e-01 3.64664311e-01 3.70985816e-01 3.77399645e-01
 3.83906804e-01 3.90508301e-01 3.97205149e-01 4.03998366e-01
 4.10888974e-01 4.17877997e-01 4.24966466e-01 4.32155413e-01
 4.39445875e-01 4.46838892e-01 4.54335507e-01 4.61936768e-01
 4.69643723e-01 4.77457427e-01 4.85378933e-01 4.93409301e-01
 5.01549590e-01 5.09800864e-01 5.18164187e-01 5.26640626e-01
 5.35231251e-01 5.43937132e-01 5.52759340e-01 5.61698950e-01
 5.70757035e-01 5.79934671e-01 5.89232934e-01 5.98652901e-01
 6.08195649e-01 6.17862256e-01 6.27653799e-01 6.37571356e-01
 6.47616002e-01 6.57788816e-01 6.68090871e-01 6.78523243e-01
 6.89087006e-01 6.99783230e-01 7.10612986e-01 7.21577343e-01
 7.32677366e-01 7.43914120e-01 7.55288666e-01 7.66802063e-01
 7.78455367e-01 7.90249628e-01 8.02185897e-01 8.14265218e-01
 8.26488633e-01 8.38857177e-01 8.51371884e-01 8.64033780e-01
 8.76843888e-01 8.89803225e-01 9.02912802e-01 9.16173626e-01
 9.29586696e-01 9.43153004e-01 9.56873538e-01 9.70749277e-01
 9.84781193e-01 9.98970252e-01 1.01331741e+00 1.02782362e+00
 1.04248981e+00 1.05731693e+00 1.07230589e+00 1.08745761e+00
 1.10277299e+00 1.11825292e+00 1.13389830e+00 1.14970999e+00
 1.16568886e+00 1.18183575e+00 1.19815152e+00 1.21463698e+00
 1.23129296e+00 1.24812026e+00 1.26511967e+00 1.28229197e+00
 1.29963792e+00 1.31715828e+00 1.33485379e+00 1.35272517e+00
 1.37077312e+00 1.38899835e+00 1.40740153e+00 1.42598332e+00
 1.44474437e+00 1.46368532e+00 1.48280678e+00 1.50210934e+00
 1.52159359e+00 1.54126008e+00 1.56110938e+00 1.58114199e+00
 1.60135844e+00 1.62175920e+00 1.64234476e+00 1.66311556e+00
 1.68407203e+00 1.70521458e+00 1.72654361e+00 1.74805948e+00
 1.76976254e+00 1.79165312e+00 1.81373153e+00 1.83599804e+00
 1.85845291e+00 1.88109639e+00 1.90392869e+00 1.92695000e+00
 1.95016048e+00 1.97356028e+00 1.99714952e+00 2.02092829e+00
 2.04489667e+00 2.06905468e+00 2.09340236e+00 2.11793969e+00
 2.14266664e+00 2.16758315e+00 2.19268913e+00 2.21798447e+00
 2.24346902e+00 2.26914261e+00 2.29500505e+00 2.32105611e+00
 2.34729553e+00 2.37372303e+00 2.40033829e+00 2.42714098e+00
 2.45413072e+00 2.48130711e+00 2.50866972e+00 2.53621808e+00
 2.56395170e+00 2.59187006e+00 2.61997259e+00 2.64825872e+00
 2.67672782e+00 2.70537925e+00 2.73421231e+00 2.76322630e+00
 2.79242047e+00 2.82179403e+00 2.85134618e+00 2.88107606e+00
 2.91098280e+00 2.94106548e+00 2.97132315e+00 3.00175484e+00
 3.03235953e+00 3.06313616e+00 3.09408366e+00 3.12520091e+00
 3.15648675e+00 3.18793999e+00 3.21955942e+00 3.25134377e+00
 3.28329175e+00 3.31540204e+00 3.34767326e+00 3.38010402e+00
 3.41269289e+00 3.44543839e+00 3.47833902e+00 3.51139323e+00
 3.54459945e+00 3.57795606e+00 3.61146141e+00 3.64511383e+00
 3.67891158e+00 3.71285290e+00 3.74693601e+00 3.78115908e+00
 3.81552023e+00 3.85001756e+00 3.88464915e+00 3.91941300e+00
 3.95430712e+00 3.98932946e+00 4.02447793e+00 4.05975042e+00
 4.09514478e+00 4.13065881e+00 4.16629029e+00 4.20203697e+00
 4.23789654e+00 4.27386668e+00 4.30994501e+00 4.34612915e+00
 4.38241666e+00 4.41880506e+00 4.45529185e+00 4.49187450e+00
 4.52855043e+00 4.56531703e+00 4.60217166e+00 4.63911166e+00
 4.67613431e+00 4.71323687e+00 4.75041658e+00 4.78767062e+00
 4.82499615e+00 4.86239032e+00 4.89985021e+00 4.93737290e+00
 4.97495541e+00 5.01259476e+00 5.05028792e+00 5.08803183e+00
 5.12582341e+00 5.16365954e+00 5.20153708e+00 5.23945286e+00
 5.27740366e+00 5.31538627e+00 5.35339743e+00 5.39143385e+00
 5.42949221e+00 5.46756919e+00 5.50566141e+00 5.54376549e+00
 5.58187801e+00 5.61999554e+00 5.65811460e+00 5.69623171e+00
 5.73434336e+00 5.77244602e+00 5.81053612e+00 5.84861010e+00
 5.88666435e+00 5.92469525e+00 5.96269916e+00 6.00067242e+00
 6.03861135e+00 6.07651226e+00 6.11437142e+00 6.15218511e+00
 6.18994957e+00 6.22766104e+00 6.26531574e+00 6.30290986e+00
 6.34043959e+00 6.37790112e+00 6.41529059e+00 6.45260416e+00
 6.48983797e+00 6.52698813e+00 6.56405076e+00 6.60102197e+00
 6.63789785e+00 6.67467448e+00 6.71134795e+00 6.74791431e+00
 6.78436964e+00 6.82070999e+00 6.85693142e+00 6.89302996e+00
 6.92900167e+00 6.96484257e+00 7.00054872e+00 7.03611614e+00
 7.07154087e+00 7.10681894e+00 7.14194638e+00 7.17691924e+00
 7.21173354e+00 7.24638533e+00 7.28087064e+00 7.31518553e+00
 7.34932604e+00 7.38328824e+00 7.41706817e+00 7.45066192e+00
 7.48406557e+00 7.51727518e+00 7.55028687e+00 7.58309674e+00
 7.61570089e+00 7.64809547e+00 7.68027660e+00 7.71224045e+00
 7.74398317e+00 7.77550095e+00 7.80678998e+00 7.83784648e+00
 7.86866667e+00 7.89924681e+00 7.92958315e+00 7.95967198e+00
 7.98950960e+00 8.01909234e+00 8.04841654e+00 8.07747857e+00
 8.10627483e+00 8.13480171e+00 8.16305568e+00 8.19103318e+00
 8.21873070e+00 8.24614477e+00 8.27327192e+00 8.30010873e+00
 8.32665180e+00 8.35289775e+00 8.37884324e+00 8.40448497e+00
 8.42981965e+00 8.45484405e+00 8.47955494e+00 8.50394914e+00
 8.52802352e+00 8.55177496e+00 8.57520038e+00 8.59829676e+00
 8.62106107e+00 8.64349038e+00 8.66558173e+00 8.68733226e+00
 8.70873911e+00 8.72979947e+00 8.75051059e+00 8.77086973e+00
 8.79087421e+00 8.81052138e+00 8.82980866e+00 8.84873349e+00
 8.86729336e+00 8.88548581e+00 8.90330841e+00 8.92075879e+00
 8.93783462e+00 8.95453363e+00 8.97085358e+00 8.98679228e+00
 9.00234761e+00 9.01751747e+00 9.03229982e+00 9.04669268e+00
 9.06069411e+00 9.07430222e+00 9.08751517e+00 9.10033118e+00
 9.11274852e+00 9.12476551e+00 9.13638051e+00 9.14759196e+00
 9.15839833e+00 9.16879816e+00 9.17879002e+00 9.18837257e+00
 9.19754450e+00 9.20630456e+00 9.21465156e+00 9.22258435e+00
 9.23010186e+00 9.23720305e+00 9.24388697e+00 9.25015269e+00
 9.25599935e+00 9.26142617e+00 9.26643239e+00 9.27101734e+00
 9.27518037e+00 9.27892093e+00 9.28223850e+00 9.28513262e+00
 9.28760291e+00 9.28964901e+00 9.29127065e+00 9.29246761e+00
 9.29323972e+00 9.29358687e+00 9.29350903e+00 9.29300619e+00
 9.29207844e+00 9.29072589e+00 9.28894873e+00 9.28674720e+00
 9.28412162e+00 9.28107233e+00 9.27759975e+00 9.27370437e+00
 9.26938671e+00 9.26464737e+00 9.25948699e+00 9.25390628e+00
 9.24790601e+00 9.24148700e+00 9.23465011e+00 9.22739630e+00
 9.21972654e+00 9.21164189e+00 9.20314345e+00 9.19423237e+00
 9.18490987e+00 9.17517723e+00 9.16503575e+00 9.15448683e+00
 9.14353190e+00 9.13217244e+00 9.12041000e+00 9.10824616e+00
 9.09568258e+00 9.08272096e+00 9.06936304e+00 9.05561064e+00
 9.04146560e+00 9.02692983e+00 9.01200529e+00 8.99669399e+00
 8.98099798e+00 8.96491936e+00 8.94846030e+00 8.93162299e+00
 8.91440969e+00 8.89682268e+00 8.87886432e+00 8.86053700e+00
 8.84184315e+00 8.82278525e+00 8.80336584e+00 8.78358747e+00
 8.76345276e+00 8.74296437e+00 8.72212500e+00 8.70093739e+00
 8.67940431e+00 8.65752860e+00 8.63531311e+00 8.61276074e+00
 8.58987444e+00 8.56665718e+00 8.54311197e+00 8.51924188e+00
 8.49504998e+00 8.47053939e+00 8.44571329e+00 8.42057486e+00
 8.39512732e+00 8.36937393e+00 8.34331799e+00 8.31696281e+00
 8.29031175e+00 8.26336818e+00 8.23613553e+00 8.20861722e+00
 8.18081673e+00 8.15273755e+00 8.12438319e+00 8.09575721e+00
 8.06686318e+00 8.03770469e+00 8.00828536e+00 7.97860883e+00
 7.94867875e+00 7.91849883e+00 7.88807275e+00 7.85740424e+00
 7.82649705e+00 7.79535493e+00 7.76398166e+00 7.73238104e+00
 7.70055687e+00 7.66851298e+00 7.63625321e+00 7.60378141e+00
 7.57110145e+00 7.53821720e+00 7.50513255e+00 7.47185141e+00
 7.43837767e+00 7.40471526e+00 7.37086810e+00 7.33684013e+00
 7.30263528e+00 7.26825750e+00 7.23371075e+00 7.19899897e+00
 7.16412612e+00 7.12909618e+00 7.09391310e+00 7.05858084e+00
 7.02310338e+00 6.98748468e+00 6.95172871e+00 6.91583943e+00
 6.87982080e+00 6.84367678e+00 6.80741134e+00 6.77102841e+00
 6.73453195e+00 6.69792589e+00 6.66121418e+00 6.62440074e+00
 6.58748948e+00 6.55048433e+00 6.51338918e+00 6.47620793e+00
 6.43894445e+00 6.40160263e+00 6.36418632e+00 6.32669936e+00
 6.28914559e+00 6.25152884e+00 6.21385291e+00 6.17612159e+00
 6.13833866e+00 6.10050788e+00 6.06263299e+00 6.02471772e+00
 5.98676579e+00 5.94878087e+00 5.91076665e+00 5.87272678e+00
 5.83466488e+00 5.79658458e+00 5.75848946e+00 5.72038310e+00
 5.68226904e+00 5.64415081e+00 5.60603191e+00 5.56791582e+00
 5.52980599e+00 5.49170586e+00 5.45361883e+00 5.41554828e+00
 5.37749757e+00 5.33947002e+00 5.30146894e+00 5.26349761e+00
 5.22555926e+00 5.18765712e+00 5.14979438e+00 5.11197421e+00
 5.07419973e+00 5.03647405e+00 4.99880025e+00 4.96118137e+00
 4.92362043e+00 4.88612040e+00 4.84868425e+00 4.81131489e+00
 4.77401521e+00 4.73678808e+00 4.69963631e+00 4.66256270e+00
 4.62557001e+00 4.58866097e+00 4.55183827e+00 4.51510458e+00
 4.47846253e+00 4.44191470e+00 4.40546365e+00 4.36911192e+00
 4.33286200e+00 4.29671634e+00 4.26067736e+00 4.22474745e+00
 4.18892897e+00 4.15322423e+00 4.11763551e+00 4.08216506e+00
 4.04681509e+00 4.01158779e+00 3.97648527e+00 3.94150967e+00
 3.90666303e+00 3.87194740e+00 3.83736476e+00 3.80291709e+00
 3.76860631e+00 3.73443430e+00 3.70040291e+00 3.66651398e+00
 3.63276927e+00 3.59917053e+00 3.56571946e+00 3.53241775e+00
 3.49926703e+00 3.46626890e+00 3.43342492e+00 3.40073663e+00
 3.36820551e+00 3.33583303e+00 3.30362060e+00 3.27156961e+00
 3.23968142e+00 3.20795734e+00 3.17639864e+00 3.14500658e+00
 3.11378237e+00 3.08272717e+00 3.05184213e+00 3.02112836e+00
 2.99058693e+00 2.96021887e+00 2.93002519e+00 2.90000685e+00
 2.87016479e+00 2.84049992e+00 2.81101310e+00 2.78170516e+00
 2.75257690e+00 2.72362910e+00 2.69486250e+00 2.66627778e+00
 2.63787563e+00 2.60965669e+00 2.58162156e+00 2.55377081e+00
 2.52610499e+00 2.49862462e+00 2.47133018e+00 2.44422212e+00
 2.41730085e+00 2.39056678e+00 2.36402026e+00 2.33766162e+00
 2.31149117e+00 2.28550918e+00 2.25971590e+00 2.23411153e+00
 2.20869628e+00 2.18347029e+00 2.15843371e+00 2.13358663e+00
 2.10892913e+00 2.08446127e+00 2.06018307e+00 2.03609453e+00
 2.01219562e+00 1.98848628e+00 1.96496645e+00 1.94163602e+00
 1.91849485e+00 1.89554280e+00 1.87277970e+00 1.85020533e+00
 1.82781949e+00 1.80562192e+00 1.78361235e+00 1.76179050e+00
 1.74015605e+00 1.71870866e+00 1.69744799e+00 1.67637365e+00
 1.65548524e+00 1.63478235e+00 1.61426454e+00 1.59393135e+00
 1.57378231e+00 1.55381691e+00 1.53403464e+00 1.51443496e+00
 1.49501734e+00 1.47578119e+00 1.45672593e+00 1.43785095e+00
 1.41915564e+00 1.40063935e+00 1.38230144e+00 1.36414123e+00
 1.34615804e+00 1.32835117e+00 1.31071991e+00 1.29326352e+00
 1.27598127e+00 1.25887239e+00 1.24193612e+00 1.22517168e+00
 1.20857825e+00 1.19215505e+00 1.17590124e+00 1.15981600e+00
 1.14389847e+00 1.12814780e+00 1.11256313e+00 1.09714358e+00
 1.08188826e+00 1.06679627e+00 1.05186670e+00 1.03709864e+00
 1.02249116e+00 1.00804333e+00 9.93754196e-01 9.79622813e-01
 9.65648220e-01 9.51829449e-01 9.38165526e-01 9.24655467e-01
 9.11298284e-01 8.98092981e-01 8.85038557e-01 8.72134003e-01
 8.59378307e-01 8.46770448e-01 8.34309404e-01 8.21994144e-01
 8.09823634e-01 7.97796837e-01 7.85912710e-01 7.74170207e-01
 7.62568276e-01 7.51105866e-01 7.39781919e-01 7.28595376e-01
 7.17545173e-01 7.06630248e-01 6.95849531e-01 6.85201955e-01
 6.74686448e-01 6.64301939e-01 6.54047352e-01 6.43921614e-01
 6.33923648e-01 6.24052378e-01 6.14306727e-01 6.04685617e-01
 5.95187971e-01 5.85812712e-01 5.76558762e-01 5.67425045e-01
 5.58410485e-01 5.49514006e-01 5.40734536e-01 5.32071000e-01
 5.23522328e-01 5.15087449e-01 5.06765296e-01 4.98554802e-01
 4.90454903e-01 4.82464536e-01 4.74582643e-01 4.66808166e-01
 4.59140051e-01 4.51577245e-01 4.44118702e-01 4.36763374e-01
 4.29510220e-01 4.22358200e-01 4.15306280e-01 4.08353428e-01
 4.01498616e-01 3.94740819e-01 3.88079018e-01 3.81512196e-01
 3.75039343e-01 3.68659450e-01 3.62371515e-01 3.56174540e-01
 3.50067531e-01 3.44049499e-01 3.38119461e-01 3.32276437e-01
 3.26519454e-01 3.20847542e-01 3.15259738e-01 3.09755085e-01
 3.04332628e-01 2.98991422e-01 2.93730524e-01 2.88548997e-01
 2.83445913e-01 2.78420345e-01 2.73471375e-01 2.68598091e-01
 2.63799584e-01 2.59074955e-01 2.54423309e-01 2.49843756e-01
 2.45335413e-01 2.40897406e-01 2.36528863e-01 2.32228921e-01
 2.27996722e-01 2.23831415e-01 2.19732157e-01 2.15698107e-01
 2.11728436e-01 2.07822318e-01 2.03978934e-01 2.00197473e-01
 1.96477129e-01 1.92817104e-01 1.89216605e-01 1.85674847e-01
 1.82191052e-01 1.78764448e-01 1.75394269e-01 1.72079757e-01
 1.68820161e-01 1.65614735e-01 1.62462742e-01 1.59363449e-01
 1.56316133e-01 1.53320075e-01 1.50374565e-01 1.47478898e-01
 1.44632376e-01 1.41834310e-01 1.39084014e-01 1.36380812e-01
 1.33724033e-01 1.31113014e-01 1.28547097e-01 1.26025633e-01
 1.23547977e-01 1.21113493e-01 1.18721550e-01 1.16371526e-01
 1.14062802e-01 1.11794769e-01 1.09566823e-01 1.07378367e-01]",restricted_age_optimal,True,True,True,10,2,"constraints_[2, 3]_remained",1131.1283549222126,1122.6908306172302,1139.565879227195,4.30493844353091,19.196054781913006,19.05286397772411,19.33924558610189,0.07305787520503418,19.195660210006366,19.052472349082077,19.33884807093064,0.0730563735118247,1.0,1.0,1.0,2.0303235443161252e-42,large,-1131.1283549222123,-1139.5658792271947,-1122.69083061723,4.304938443530909,-19.196054781913002,-19.339245586101885,-19.052863977724105,0.07305787520503416,-19.195660210006363,-19.338848070930638,-19.052472349082073,0.07305637351182469,2.880102743202896e-42,7.196817455466883e-43,1.1408978679538313e-41,2.0303235443161826e-42
0.832679,0.904264,0.8732295,0.0107984000322813,3584,100.0,"[0.832679   0.83514745 0.8376159  0.84008434 0.84255279 0.84502124
 0.84748969 0.84995814 0.85242659 0.85489503 0.85736348 0.85983193
 0.86230038 0.86476883 0.86723728 0.86970572 0.87217417 0.87464262
 0.87711107 0.87957952 0.88204797 0.88451641 0.88698486 0.88945331
 0.89192176 0.89439021 0.89685866 0.8993271  0.90179555 0.904264  ]","[0.05580357 0.05580357 0.05580357 0.36272321 0.47433036 0.41852679
 1.03236607 1.171875   1.72991071 2.45535714 3.43191964 4.40848214
 5.46875    7.17075893 8.73325893 9.12388393 9.5703125  8.81696429
 8.62165179 6.86383929 6.0546875  4.74330357 3.26450893 2.42745536
 1.70200893 0.83705357 0.41852679 0.25111607 0.27901786]",0.0025,29,normal,0.8729275345982143,"[0.832679   0.83275066 0.83282231 0.83289397 0.83296563 0.83303728
 0.83310894 0.8331806  0.83325225 0.83332391 0.83339557 0.83346722
 0.83353888 0.83361054 0.83368219 0.83375385 0.83382551 0.83389716
 0.83396882 0.83404048 0.83411213 0.83418379 0.83425545 0.8343271
 0.83439876 0.83447042 0.83454207 0.83461373 0.83468539 0.83475704
 0.8348287  0.83490036 0.83497201 0.83504367 0.83511533 0.83518698
 0.83525864 0.8353303  0.83540195 0.83547361 0.83554527 0.83561692
 0.83568858 0.83576024 0.83583189 0.83590355 0.83597521 0.83604686
 0.83611852 0.83619018 0.83626183 0.83633349 0.83640515 0.8364768
 0.83654846 0.83662012 0.83669177 0.83676343 0.83683509 0.83690674
 0.8369784  0.83705006 0.83712171 0.83719337 0.83726503 0.83733668
 0.83740834 0.83748    0.83755165 0.83762331 0.83769497 0.83776662
 0.83783828 0.83790994 0.83798159 0.83805325 0.83812491 0.83819656
 0.83826822 0.83833988 0.83841153 0.83848319 0.83855485 0.8386265
 0.83869816 0.83876982 0.83884147 0.83891313 0.83898479 0.83905644
 0.8391281  0.83919976 0.83927141 0.83934307 0.83941473 0.83948638
 0.83955804 0.8396297  0.83970135 0.83977301 0.83984467 0.83991632
 0.83998798 0.84005964 0.84013129 0.84020295 0.84027461 0.84034626
 0.84041792 0.84048958 0.84056123 0.84063289 0.84070455 0.8407762
 0.84084786 0.84091952 0.84099117 0.84106283 0.84113449 0.84120614
 0.8412778  0.84134946 0.84142111 0.84149277 0.84156443 0.84163608
 0.84170774 0.8417794  0.84185105 0.84192271 0.84199437 0.84206602
 0.84213768 0.84220934 0.84228099 0.84235265 0.84242431 0.84249596
 0.84256762 0.84263928 0.84271093 0.84278259 0.84285425 0.8429259
 0.84299756 0.84306922 0.84314087 0.84321253 0.84328419 0.84335584
 0.8434275  0.84349916 0.84357081 0.84364247 0.84371413 0.84378578
 0.84385744 0.8439291  0.84400075 0.84407241 0.84414407 0.84421572
 0.84428738 0.84435904 0.84443069 0.84450235 0.84457401 0.84464566
 0.84471732 0.84478897 0.84486063 0.84493229 0.84500394 0.8450756
 0.84514726 0.84521891 0.84529057 0.84536223 0.84543388 0.84550554
 0.8455772  0.84564885 0.84572051 0.84579217 0.84586382 0.84593548
 0.84600714 0.84607879 0.84615045 0.84622211 0.84629376 0.84636542
 0.84643708 0.84650873 0.84658039 0.84665205 0.8467237  0.84679536
 0.84686702 0.84693867 0.84701033 0.84708199 0.84715364 0.8472253
 0.84729696 0.84736861 0.84744027 0.84751193 0.84758358 0.84765524
 0.8477269  0.84779855 0.84787021 0.84794187 0.84801352 0.84808518
 0.84815684 0.84822849 0.84830015 0.84837181 0.84844346 0.84851512
 0.84858678 0.84865843 0.84873009 0.84880175 0.8488734  0.84894506
 0.84901672 0.84908837 0.84916003 0.84923169 0.84930334 0.849375
 0.84944666 0.84951831 0.84958997 0.84966163 0.84973328 0.84980494
 0.8498766  0.84994825 0.85001991 0.85009157 0.85016322 0.85023488
 0.85030654 0.85037819 0.85044985 0.85052151 0.85059316 0.85066482
 0.85073648 0.85080813 0.85087979 0.85095145 0.8510231  0.85109476
 0.85116642 0.85123807 0.85130973 0.85138139 0.85145304 0.8515247
 0.85159636 0.85166801 0.85173967 0.85181133 0.85188298 0.85195464
 0.8520263  0.85209795 0.85216961 0.85224127 0.85231292 0.85238458
 0.85245624 0.85252789 0.85259955 0.85267121 0.85274286 0.85281452
 0.85288618 0.85295783 0.85302949 0.85310115 0.8531728  0.85324446
 0.85331612 0.85338777 0.85345943 0.85353109 0.85360274 0.8536744
 0.85374606 0.85381771 0.85388937 0.85396103 0.85403268 0.85410434
 0.854176   0.85424765 0.85431931 0.85439097 0.85446262 0.85453428
 0.85460594 0.85467759 0.85474925 0.85482091 0.85489256 0.85496422
 0.85503588 0.85510753 0.85517919 0.85525085 0.8553225  0.85539416
 0.85546582 0.85553747 0.85560913 0.85568079 0.85575244 0.8558241
 0.85589576 0.85596741 0.85603907 0.85611073 0.85618238 0.85625404
 0.8563257  0.85639735 0.85646901 0.85654067 0.85661232 0.85668398
 0.85675564 0.85682729 0.85689895 0.85697061 0.85704226 0.85711392
 0.85718558 0.85725723 0.85732889 0.85740055 0.8574722  0.85754386
 0.85761552 0.85768717 0.85775883 0.85783049 0.85790214 0.8579738
 0.85804546 0.85811711 0.85818877 0.85826043 0.85833208 0.85840374
 0.8584754  0.85854705 0.85861871 0.85869037 0.85876202 0.85883368
 0.85890534 0.85897699 0.85904865 0.85912031 0.85919196 0.85926362
 0.85933528 0.85940693 0.85947859 0.85955025 0.8596219  0.85969356
 0.85976522 0.85983687 0.85990853 0.85998019 0.86005184 0.8601235
 0.86019516 0.86026681 0.86033847 0.86041013 0.86048178 0.86055344
 0.8606251  0.86069675 0.86076841 0.86084007 0.86091172 0.86098338
 0.86105504 0.86112669 0.86119835 0.86127001 0.86134166 0.86141332
 0.86148498 0.86155663 0.86162829 0.86169995 0.8617716  0.86184326
 0.86191492 0.86198657 0.86205823 0.86212989 0.86220154 0.8622732
 0.86234486 0.86241651 0.86248817 0.86255983 0.86263148 0.86270314
 0.8627748  0.86284645 0.86291811 0.86298977 0.86306142 0.86313308
 0.86320474 0.86327639 0.86334805 0.86341971 0.86349136 0.86356302
 0.86363468 0.86370633 0.86377799 0.86384965 0.8639213  0.86399296
 0.86406462 0.86413627 0.86420793 0.86427959 0.86435124 0.8644229
 0.86449456 0.86456621 0.86463787 0.86470953 0.86478118 0.86485284
 0.8649245  0.86499615 0.86506781 0.86513947 0.86521112 0.86528278
 0.86535444 0.86542609 0.86549775 0.86556941 0.86564106 0.86571272
 0.86578438 0.86585603 0.86592769 0.86599935 0.866071   0.86614266
 0.86621432 0.86628597 0.86635763 0.86642929 0.86650094 0.8665726
 0.86664426 0.86671591 0.86678757 0.86685923 0.86693088 0.86700254
 0.8670742  0.86714585 0.86721751 0.86728917 0.86736082 0.86743248
 0.86750414 0.86757579 0.86764745 0.86771911 0.86779076 0.86786242
 0.86793408 0.86800573 0.86807739 0.86814905 0.8682207  0.86829236
 0.86836402 0.86843567 0.86850733 0.86857898 0.86865064 0.8687223
 0.86879395 0.86886561 0.86893727 0.86900892 0.86908058 0.86915224
 0.86922389 0.86929555 0.86936721 0.86943886 0.86951052 0.86958218
 0.86965383 0.86972549 0.86979715 0.8698688  0.86994046 0.87001212
 0.87008377 0.87015543 0.87022709 0.87029874 0.8703704  0.87044206
 0.87051371 0.87058537 0.87065703 0.87072868 0.87080034 0.870872
 0.87094365 0.87101531 0.87108697 0.87115862 0.87123028 0.87130194
 0.87137359 0.87144525 0.87151691 0.87158856 0.87166022 0.87173188
 0.87180353 0.87187519 0.87194685 0.8720185  0.87209016 0.87216182
 0.87223347 0.87230513 0.87237679 0.87244844 0.8725201  0.87259176
 0.87266341 0.87273507 0.87280673 0.87287838 0.87295004 0.8730217
 0.87309335 0.87316501 0.87323667 0.87330832 0.87337998 0.87345164
 0.87352329 0.87359495 0.87366661 0.87373826 0.87380992 0.87388158
 0.87395323 0.87402489 0.87409655 0.8741682  0.87423986 0.87431152
 0.87438317 0.87445483 0.87452649 0.87459814 0.8746698  0.87474146
 0.87481311 0.87488477 0.87495643 0.87502808 0.87509974 0.8751714
 0.87524305 0.87531471 0.87538637 0.87545802 0.87552968 0.87560134
 0.87567299 0.87574465 0.87581631 0.87588796 0.87595962 0.87603128
 0.87610293 0.87617459 0.87624625 0.8763179  0.87638956 0.87646122
 0.87653287 0.87660453 0.87667619 0.87674784 0.8768195  0.87689116
 0.87696281 0.87703447 0.87710613 0.87717778 0.87724944 0.8773211
 0.87739275 0.87746441 0.87753607 0.87760772 0.87767938 0.87775104
 0.87782269 0.87789435 0.87796601 0.87803766 0.87810932 0.87818098
 0.87825263 0.87832429 0.87839595 0.8784676  0.87853926 0.87861092
 0.87868257 0.87875423 0.87882589 0.87889754 0.8789692  0.87904086
 0.87911251 0.87918417 0.87925583 0.87932748 0.87939914 0.8794708
 0.87954245 0.87961411 0.87968577 0.87975742 0.87982908 0.87990074
 0.87997239 0.88004405 0.88011571 0.88018736 0.88025902 0.88033068
 0.88040233 0.88047399 0.88054565 0.8806173  0.88068896 0.88076062
 0.88083227 0.88090393 0.88097559 0.88104724 0.8811189  0.88119056
 0.88126221 0.88133387 0.88140553 0.88147718 0.88154884 0.8816205
 0.88169215 0.88176381 0.88183547 0.88190712 0.88197878 0.88205044
 0.88212209 0.88219375 0.88226541 0.88233706 0.88240872 0.88248038
 0.88255203 0.88262369 0.88269535 0.882767   0.88283866 0.88291032
 0.88298197 0.88305363 0.88312529 0.88319694 0.8832686  0.88334026
 0.88341191 0.88348357 0.88355523 0.88362688 0.88369854 0.8837702
 0.88384185 0.88391351 0.88398517 0.88405682 0.88412848 0.88420014
 0.88427179 0.88434345 0.88441511 0.88448676 0.88455842 0.88463008
 0.88470173 0.88477339 0.88484505 0.8849167  0.88498836 0.88506002
 0.88513167 0.88520333 0.88527499 0.88534664 0.8854183  0.88548996
 0.88556161 0.88563327 0.88570493 0.88577658 0.88584824 0.8859199
 0.88599155 0.88606321 0.88613487 0.88620652 0.88627818 0.88634984
 0.88642149 0.88649315 0.88656481 0.88663646 0.88670812 0.88677978
 0.88685143 0.88692309 0.88699475 0.8870664  0.88713806 0.88720972
 0.88728137 0.88735303 0.88742469 0.88749634 0.887568   0.88763966
 0.88771131 0.88778297 0.88785463 0.88792628 0.88799794 0.8880696
 0.88814125 0.88821291 0.88828457 0.88835622 0.88842788 0.88849954
 0.88857119 0.88864285 0.88871451 0.88878616 0.88885782 0.88892948
 0.88900113 0.88907279 0.88914445 0.8892161  0.88928776 0.88935942
 0.88943107 0.88950273 0.88957439 0.88964604 0.8897177  0.88978936
 0.88986101 0.88993267 0.89000433 0.89007598 0.89014764 0.8902193
 0.89029095 0.89036261 0.89043427 0.89050592 0.89057758 0.89064924
 0.89072089 0.89079255 0.89086421 0.89093586 0.89100752 0.89107918
 0.89115083 0.89122249 0.89129415 0.8913658  0.89143746 0.89150912
 0.89158077 0.89165243 0.89172409 0.89179574 0.8918674  0.89193906
 0.89201071 0.89208237 0.89215403 0.89222568 0.89229734 0.89236899
 0.89244065 0.89251231 0.89258396 0.89265562 0.89272728 0.89279893
 0.89287059 0.89294225 0.8930139  0.89308556 0.89315722 0.89322887
 0.89330053 0.89337219 0.89344384 0.8935155  0.89358716 0.89365881
 0.89373047 0.89380213 0.89387378 0.89394544 0.8940171  0.89408875
 0.89416041 0.89423207 0.89430372 0.89437538 0.89444704 0.89451869
 0.89459035 0.89466201 0.89473366 0.89480532 0.89487698 0.89494863
 0.89502029 0.89509195 0.8951636  0.89523526 0.89530692 0.89537857
 0.89545023 0.89552189 0.89559354 0.8956652  0.89573686 0.89580851
 0.89588017 0.89595183 0.89602348 0.89609514 0.8961668  0.89623845
 0.89631011 0.89638177 0.89645342 0.89652508 0.89659674 0.89666839
 0.89674005 0.89681171 0.89688336 0.89695502 0.89702668 0.89709833
 0.89716999 0.89724165 0.8973133  0.89738496 0.89745662 0.89752827
 0.89759993 0.89767159 0.89774324 0.8978149  0.89788656 0.89795821
 0.89802987 0.89810153 0.89817318 0.89824484 0.8983165  0.89838815
 0.89845981 0.89853147 0.89860312 0.89867478 0.89874644 0.89881809
 0.89888975 0.89896141 0.89903306 0.89910472 0.89917638 0.89924803
 0.89931969 0.89939135 0.899463   0.89953466 0.89960632 0.89967797
 0.89974963 0.89982129 0.89989294 0.8999646  0.90003626 0.90010791
 0.90017957 0.90025123 0.90032288 0.90039454 0.9004662  0.90053785
 0.90060951 0.90068117 0.90075282 0.90082448 0.90089614 0.90096779
 0.90103945 0.90111111 0.90118276 0.90125442 0.90132608 0.90139773
 0.90146939 0.90154105 0.9016127  0.90168436 0.90175602 0.90182767
 0.90189933 0.90197099 0.90204264 0.9021143  0.90218596 0.90225761
 0.90232927 0.90240093 0.90247258 0.90254424 0.9026159  0.90268755
 0.90275921 0.90283087 0.90290252 0.90297418 0.90304584 0.90311749
 0.90318915 0.90326081 0.90333246 0.90340412 0.90347578 0.90354743
 0.90361909 0.90369075 0.9037624  0.90383406 0.90390572 0.90397737
 0.90404903 0.90412069 0.90419234 0.904264  ]","[8.77506369e-03 8.99461114e-03 9.21924558e-03 9.44907402e-03
 9.68420545e-03 9.92475087e-03 1.01708233e-02 1.04225378e-02
 1.06800117e-02 1.09433642e-02 1.12127167e-02 1.14881931e-02
 1.17699191e-02 1.20580229e-02 1.23526350e-02 1.26538880e-02
 1.29619172e-02 1.32768600e-02 1.35988562e-02 1.39280483e-02
 1.42645812e-02 1.46086021e-02 1.49602610e-02 1.53197105e-02
 1.56871057e-02 1.60626043e-02 1.64463670e-02 1.68385569e-02
 1.72393401e-02 1.76488853e-02 1.80673642e-02 1.84949514e-02
 1.89318243e-02 1.93781634e-02 1.98341520e-02 2.02999766e-02
 2.07758266e-02 2.12618948e-02 2.17583767e-02 2.22654714e-02
 2.27833811e-02 2.33123111e-02 2.38524702e-02 2.44040704e-02
 2.49673272e-02 2.55424595e-02 2.61296895e-02 2.67292431e-02
 2.73413496e-02 2.79662420e-02 2.86041569e-02 2.92553344e-02
 2.99200185e-02 3.05984570e-02 3.12909011e-02 3.19976062e-02
 3.27188315e-02 3.34548400e-02 3.42058986e-02 3.49722785e-02
 3.57542546e-02 3.65521059e-02 3.73661158e-02 3.81965716e-02
 3.90437647e-02 3.99079911e-02 4.07895508e-02 4.16887482e-02
 4.26058920e-02 4.35412954e-02 4.44952761e-02 4.54681560e-02
 4.64602619e-02 4.74719248e-02 4.85034806e-02 4.95552698e-02
 5.06276374e-02 5.17209332e-02 5.28355120e-02 5.39717331e-02
 5.51299609e-02 5.63105644e-02 5.75139177e-02 5.87404000e-02
 5.99903953e-02 6.12642927e-02 6.25624863e-02 6.38853755e-02
 6.52333646e-02 6.66068635e-02 6.80062869e-02 6.94320550e-02
 7.08845932e-02 7.23643323e-02 7.38717085e-02 7.54071632e-02
 7.69711436e-02 7.85641021e-02 8.01864966e-02 8.18387907e-02
 8.35214534e-02 8.52349595e-02 8.69797893e-02 8.87564287e-02
 9.05653695e-02 9.24071090e-02 9.42821504e-02 9.61910026e-02
 9.81341804e-02 1.00112204e-01 1.02125601e-01 1.04174902e-01
 1.06260646e-01 1.08383377e-01 1.10543646e-01 1.12742008e-01
 1.14979025e-01 1.17255265e-01 1.19571303e-01 1.21927718e-01
 1.24325097e-01 1.26764031e-01 1.29245120e-01 1.31768967e-01
 1.34336184e-01 1.36947386e-01 1.39603196e-01 1.42304245e-01
 1.45051166e-01 1.47844600e-01 1.50685196e-01 1.53573607e-01
 1.56510492e-01 1.59496517e-01 1.62532355e-01 1.65618684e-01
 1.68756187e-01 1.71945557e-01 1.75187488e-01 1.78482685e-01
 1.81831855e-01 1.85235715e-01 1.88694985e-01 1.92210393e-01
 1.95782672e-01 1.99412561e-01 2.03100807e-01 2.06848159e-01
 2.10655377e-01 2.14523223e-01 2.18452467e-01 2.22443884e-01
 2.26498256e-01 2.30616369e-01 2.34799017e-01 2.39046999e-01
 2.43361118e-01 2.47742186e-01 2.52191017e-01 2.56708434e-01
 2.61295264e-01 2.65952339e-01 2.70680498e-01 2.75480584e-01
 2.80353447e-01 2.85299940e-01 2.90320924e-01 2.95417262e-01
 3.00589827e-01 3.05839491e-01 3.11167136e-01 3.16573647e-01
 3.22059913e-01 3.27626831e-01 3.33275298e-01 3.39006219e-01
 3.44820504e-01 3.50719065e-01 3.56702820e-01 3.62772692e-01
 3.68929606e-01 3.75174494e-01 3.81508289e-01 3.87931929e-01
 3.94446359e-01 4.01052522e-01 4.07751369e-01 4.14543854e-01
 4.21430933e-01 4.28413566e-01 4.35492716e-01 4.42669349e-01
 4.49944435e-01 4.57318945e-01 4.64793855e-01 4.72370142e-01
 4.80048785e-01 4.87830768e-01 4.95717073e-01 5.03708688e-01
 5.11806600e-01 5.20011800e-01 5.28325280e-01 5.36748032e-01
 5.45281050e-01 5.53925331e-01 5.62681871e-01 5.71551667e-01
 5.80535717e-01 5.89635020e-01 5.98850574e-01 6.08183379e-01
 6.17634433e-01 6.27204735e-01 6.36895285e-01 6.46707078e-01
 6.56641114e-01 6.66698387e-01 6.76879892e-01 6.87186625e-01
 6.97619576e-01 7.08179736e-01 7.18868094e-01 7.29685637e-01
 7.40633347e-01 7.51712208e-01 7.62923198e-01 7.74267292e-01
 7.85745463e-01 7.97358682e-01 8.09107912e-01 8.20994117e-01
 8.33018254e-01 8.45181276e-01 8.57484132e-01 8.69927767e-01
 8.82513119e-01 8.95241123e-01 9.08112706e-01 9.21128792e-01
 9.34290296e-01 9.47598131e-01 9.61053198e-01 9.74656397e-01
 9.88408616e-01 1.00231074e+00 1.01636364e+00 1.03056819e+00
 1.04492525e+00 1.05943566e+00 1.07410028e+00 1.08891993e+00
 1.10389544e+00 1.11902763e+00 1.13431729e+00 1.14976524e+00
 1.16537225e+00 1.18113910e+00 1.19706655e+00 1.21315535e+00
 1.22940626e+00 1.24582000e+00 1.26239728e+00 1.27913882e+00
 1.29604531e+00 1.31311743e+00 1.33035585e+00 1.34776122e+00
 1.36533419e+00 1.38307538e+00 1.40098541e+00 1.41906487e+00
 1.43731436e+00 1.45573443e+00 1.47432564e+00 1.49308853e+00
 1.51202362e+00 1.53113142e+00 1.55041242e+00 1.56986709e+00
 1.58949588e+00 1.60929923e+00 1.62927756e+00 1.64943128e+00
 1.66976076e+00 1.69026638e+00 1.71094847e+00 1.73180737e+00
 1.75284338e+00 1.77405679e+00 1.79544787e+00 1.81701686e+00
 1.83876399e+00 1.86068947e+00 1.88279348e+00 1.90507618e+00
 1.92753771e+00 1.95017820e+00 1.97299774e+00 1.99599640e+00
 2.01917423e+00 2.04253126e+00 2.06606750e+00 2.08978292e+00
 2.11367748e+00 2.13775112e+00 2.16200373e+00 2.18643521e+00
 2.21104541e+00 2.23583416e+00 2.26080127e+00 2.28594653e+00
 2.31126967e+00 2.33677044e+00 2.36244853e+00 2.38830362e+00
 2.41433536e+00 2.44054336e+00 2.46692723e+00 2.49348651e+00
 2.52022076e+00 2.54712948e+00 2.57421216e+00 2.60146823e+00
 2.62889713e+00 2.65649825e+00 2.68427095e+00 2.71221457e+00
 2.74032842e+00 2.76861177e+00 2.79706386e+00 2.82568392e+00
 2.85447112e+00 2.88342463e+00 2.91254356e+00 2.94182701e+00
 2.97127404e+00 3.00088368e+00 3.03065494e+00 3.06058678e+00
 3.09067813e+00 3.12092791e+00 3.15133499e+00 3.18189820e+00
 3.21261636e+00 3.24348825e+00 3.27451260e+00 3.30568814e+00
 3.33701355e+00 3.36848747e+00 3.40010851e+00 3.43187527e+00
 3.46378629e+00 3.49584010e+00 3.52803516e+00 3.56036995e+00
 3.59284288e+00 3.62545233e+00 3.65819666e+00 3.69107419e+00
 3.72408321e+00 3.75722198e+00 3.79048872e+00 3.82388161e+00
 3.85739883e+00 3.89103848e+00 3.92479867e+00 3.95867746e+00
 3.99267286e+00 4.02678288e+00 4.06100548e+00 4.09533859e+00
 4.12978011e+00 4.16432789e+00 4.19897979e+00 4.23373359e+00
 4.26858707e+00 4.30353796e+00 4.33858398e+00 4.37372280e+00
 4.40895206e+00 4.44426938e+00 4.47967233e+00 4.51515848e+00
 4.55072534e+00 4.58637041e+00 4.62209114e+00 4.65788497e+00
 4.69374930e+00 4.72968149e+00 4.76567890e+00 4.80173884e+00
 4.83785859e+00 4.87403541e+00 4.91026653e+00 4.94654914e+00
 4.98288044e+00 5.01925755e+00 5.05567759e+00 5.09213767e+00
 5.12863485e+00 5.16516616e+00 5.20172863e+00 5.23831924e+00
 5.27493495e+00 5.31157270e+00 5.34822942e+00 5.38490199e+00
 5.42158727e+00 5.45828212e+00 5.49498336e+00 5.53168778e+00
 5.56839217e+00 5.60509328e+00 5.64178785e+00 5.67847258e+00
 5.71514419e+00 5.75179933e+00 5.78843467e+00 5.82504685e+00
 5.86163248e+00 5.89818816e+00 5.93471049e+00 5.97119602e+00
 6.00764130e+00 6.04404288e+00 6.08039727e+00 6.11670097e+00
 6.15295048e+00 6.18914228e+00 6.22527282e+00 6.26133856e+00
 6.29733594e+00 6.33326138e+00 6.36911131e+00 6.40488212e+00
 6.44057022e+00 6.47617199e+00 6.51168382e+00 6.54710206e+00
 6.58242309e+00 6.61764327e+00 6.65275893e+00 6.68776643e+00
 6.72266211e+00 6.75744230e+00 6.79210334e+00 6.82664154e+00
 6.86105325e+00 6.89533478e+00 6.92948245e+00 6.96349259e+00
 6.99736152e+00 7.03108556e+00 7.06466104e+00 7.09808429e+00
 7.13135162e+00 7.16445939e+00 7.19740392e+00 7.23018155e+00
 7.26278863e+00 7.29522152e+00 7.32747657e+00 7.35955015e+00
 7.39143864e+00 7.42313841e+00 7.45464587e+00 7.48595741e+00
 7.51706945e+00 7.54797841e+00 7.57868074e+00 7.60917287e+00
 7.63945128e+00 7.66951244e+00 7.69935285e+00 7.72896901e+00
 7.75835744e+00 7.78751470e+00 7.81643733e+00 7.84512191e+00
 7.87356505e+00 7.90176334e+00 7.92971344e+00 7.95741199e+00
 7.98485568e+00 8.01204120e+00 8.03896527e+00 8.06562465e+00
 8.09201610e+00 8.11813642e+00 8.14398243e+00 8.16955098e+00
 8.19483893e+00 8.21984319e+00 8.24456070e+00 8.26898840e+00
 8.29312328e+00 8.31696237e+00 8.34050270e+00 8.36374136e+00
 8.38667546e+00 8.40930213e+00 8.43161856e+00 8.45362195e+00
 8.47530955e+00 8.49667863e+00 8.51772650e+00 8.53845052e+00
 8.55884807e+00 8.57891656e+00 8.59865347e+00 8.61805628e+00
 8.63712254e+00 8.65584981e+00 8.67423571e+00 8.69227789e+00
 8.70997405e+00 8.72732193e+00 8.74431930e+00 8.76096397e+00
 8.77725382e+00 8.79318675e+00 8.80876069e+00 8.82397366e+00
 8.83882367e+00 8.85330881e+00 8.86742721e+00 8.88117704e+00
 8.89455651e+00 8.90756388e+00 8.92019747e+00 8.93245564e+00
 8.94433678e+00 8.95583935e+00 8.96696184e+00 8.97770281e+00
 8.98806085e+00 8.99803461e+00 9.00762278e+00 9.01682410e+00
 9.02563738e+00 9.03406145e+00 9.04209520e+00 9.04973759e+00
 9.05698761e+00 9.06384431e+00 9.07030678e+00 9.07637418e+00
 9.08204570e+00 9.08732060e+00 9.09219818e+00 9.09667781e+00
 9.10075888e+00 9.10444087e+00 9.10772328e+00 9.11060568e+00
 9.11308770e+00 9.11516900e+00 9.11684931e+00 9.11812840e+00
 9.11900612e+00 9.11948234e+00 9.11955699e+00 9.11923008e+00
 9.11850164e+00 9.11737177e+00 9.11584062e+00 9.11390839e+00
 9.11157534e+00 9.10884177e+00 9.10570804e+00 9.10217457e+00
 9.09824183e+00 9.09391033e+00 9.08918065e+00 9.08405340e+00
 9.07852927e+00 9.07260898e+00 9.06629331e+00 9.05958309e+00
 9.05247921e+00 9.04498260e+00 9.03709424e+00 9.02881517e+00
 9.02014648e+00 9.01108931e+00 9.00164483e+00 8.99181430e+00
 8.98159899e+00 8.97100024e+00 8.96001944e+00 8.94865802e+00
 8.93691746e+00 8.92479930e+00 8.91230512e+00 8.89943653e+00
 8.88619521e+00 8.87258289e+00 8.85860132e+00 8.84425233e+00
 8.82953776e+00 8.81445953e+00 8.79901957e+00 8.78321988e+00
 8.76706251e+00 8.75054952e+00 8.73368304e+00 8.71646523e+00
 8.69889831e+00 8.68098452e+00 8.66272615e+00 8.64412553e+00
 8.62518504e+00 8.60590708e+00 8.58629411e+00 8.56634861e+00
 8.54607311e+00 8.52547018e+00 8.50454242e+00 8.48329246e+00
 8.46172298e+00 8.43983669e+00 8.41763633e+00 8.39512468e+00
 8.37230456e+00 8.34917881e+00 8.32575031e+00 8.30202197e+00
 8.27799672e+00 8.25367755e+00 8.22906744e+00 8.20416945e+00
 8.17898662e+00 8.15352204e+00 8.12777883e+00 8.10176014e+00
 8.07546913e+00 8.04890900e+00 8.02208296e+00 7.99499427e+00
 7.96764620e+00 7.94004202e+00 7.91218507e+00 7.88407867e+00
 7.85572618e+00 7.82713097e+00 7.79829645e+00 7.76922604e+00
 7.73992316e+00 7.71039127e+00 7.68063383e+00 7.65065435e+00
 7.62045630e+00 7.59004323e+00 7.55941864e+00 7.52858610e+00
 7.49754915e+00 7.46631137e+00 7.43487634e+00 7.40324765e+00
 7.37142891e+00 7.33942373e+00 7.30723573e+00 7.27486855e+00
 7.24232581e+00 7.20961116e+00 7.17672826e+00 7.14368077e+00
 7.11047233e+00 7.07710663e+00 7.04358733e+00 7.00991809e+00
 6.97610261e+00 6.94214454e+00 6.90804758e+00 6.87381539e+00
 6.83945166e+00 6.80496006e+00 6.77034427e+00 6.73560796e+00
 6.70075479e+00 6.66578844e+00 6.63071257e+00 6.59553082e+00
 6.56024687e+00 6.52486435e+00 6.48938689e+00 6.45381814e+00
 6.41816172e+00 6.38242124e+00 6.34660031e+00 6.31070253e+00
 6.27473148e+00 6.23869074e+00 6.20258388e+00 6.16641444e+00
 6.13018598e+00 6.09390202e+00 6.05756607e+00 6.02118163e+00
 5.98475219e+00 5.94828122e+00 5.91177217e+00 5.87522849e+00
 5.83865360e+00 5.80205090e+00 5.76542378e+00 5.72877560e+00
 5.69210973e+00 5.65542949e+00 5.61873819e+00 5.58203914e+00
 5.54533559e+00 5.50863080e+00 5.47192800e+00 5.43523041e+00
 5.39854119e+00 5.36186353e+00 5.32520056e+00 5.28855539e+00
 5.25193112e+00 5.21533082e+00 5.17875754e+00 5.14221430e+00
 5.10570408e+00 5.06922986e+00 5.03279459e+00 4.99640117e+00
 4.96005251e+00 4.92375146e+00 4.88750087e+00 4.85130353e+00
 4.81516224e+00 4.77907975e+00 4.74305877e+00 4.70710202e+00
 4.67121215e+00 4.63539180e+00 4.59964359e+00 4.56397009e+00
 4.52837385e+00 4.49285740e+00 4.45742323e+00 4.42207378e+00
 4.38681150e+00 4.35163877e+00 4.31655798e+00 4.28157144e+00
 4.24668148e+00 4.21189035e+00 4.17720031e+00 4.14261356e+00
 4.10813228e+00 4.07375862e+00 4.03949468e+00 4.00534256e+00
 3.97130430e+00 3.93738192e+00 3.90357741e+00 3.86989271e+00
 3.83632975e+00 3.80289041e+00 3.76957655e+00 3.73638999e+00
 3.70333252e+00 3.67040590e+00 3.63761184e+00 3.60495204e+00
 3.57242816e+00 3.54004183e+00 3.50779463e+00 3.47568812e+00
 3.44372383e+00 3.41190326e+00 3.38022787e+00 3.34869908e+00
 3.31731830e+00 3.28608688e+00 3.25500615e+00 3.22407743e+00
 3.19330196e+00 3.16268100e+00 3.13221573e+00 3.10190733e+00
 3.07175694e+00 3.04176566e+00 3.01193458e+00 2.98226472e+00
 2.95275711e+00 2.92341273e+00 2.89423251e+00 2.86521740e+00
 2.83636826e+00 2.80768595e+00 2.77917131e+00 2.75082513e+00
 2.72264817e+00 2.69464118e+00 2.66680484e+00 2.63913985e+00
 2.61164684e+00 2.58432644e+00 2.55717922e+00 2.53020576e+00
 2.50340658e+00 2.47678218e+00 2.45033304e+00 2.42405960e+00
 2.39796228e+00 2.37204146e+00 2.34629752e+00 2.32073078e+00
 2.29534156e+00 2.27013013e+00 2.24509675e+00 2.22024166e+00
 2.19556505e+00 2.17106710e+00 2.14674796e+00 2.12260776e+00
 2.09864661e+00 2.07486457e+00 2.05126170e+00 2.02783804e+00
 2.00459358e+00 1.98152830e+00 1.95864217e+00 1.93593512e+00
 1.91340706e+00 1.89105788e+00 1.86888745e+00 1.84689561e+00
 1.82508218e+00 1.80344698e+00 1.78198978e+00 1.76071033e+00
 1.73960839e+00 1.71868368e+00 1.69793588e+00 1.67736468e+00
 1.65696975e+00 1.63675072e+00 1.61670723e+00 1.59683886e+00
 1.57714521e+00 1.55762586e+00 1.53828034e+00 1.51910820e+00
 1.50010894e+00 1.48128208e+00 1.46262710e+00 1.44414346e+00
 1.42583061e+00 1.40768800e+00 1.38971504e+00 1.37191114e+00
 1.35427569e+00 1.33680808e+00 1.31950766e+00 1.30237378e+00
 1.28540579e+00 1.26860299e+00 1.25196472e+00 1.23549025e+00
 1.21917889e+00 1.20302989e+00 1.18704253e+00 1.17121606e+00
 1.15554971e+00 1.14004271e+00 1.12469428e+00 1.10950363e+00
 1.09446996e+00 1.07959245e+00 1.06487029e+00 1.05030263e+00
 1.03588865e+00 1.02162750e+00 1.00751831e+00 9.93560226e-01
 9.79752371e-01 9.66093867e-01 9.52583825e-01 9.39221351e-01
 9.26005543e-01 9.12935493e-01 9.00010288e-01 8.87229006e-01
 8.74590721e-01 8.62094501e-01 8.49739410e-01 8.37524505e-01
 8.25448838e-01 8.13511458e-01 8.01711409e-01 7.90047731e-01
 7.78519458e-01 7.67125624e-01 7.55865257e-01 7.44737381e-01
 7.33741020e-01 7.22875193e-01 7.12138916e-01 7.01531203e-01
 6.91051068e-01 6.80697520e-01 6.70469568e-01 6.60366218e-01
 6.50386476e-01 6.40529347e-01 6.30793832e-01 6.21178935e-01
 6.11683658e-01 6.02307002e-01 5.93047968e-01 5.83905556e-01
 5.74878769e-01 5.65966607e-01 5.57168072e-01 5.48482167e-01
 5.39907895e-01 5.31444259e-01 5.23090265e-01 5.14844920e-01
 5.06707231e-01 4.98676208e-01 4.90750861e-01 4.82930204e-01
 4.75213251e-01 4.67599020e-01 4.60086530e-01 4.52674802e-01
 4.45362861e-01 4.38149734e-01 4.31034451e-01 4.24016043e-01
 4.17093547e-01 4.10266002e-01 4.03532449e-01 3.96891935e-01
 3.90343507e-01 3.83886219e-01 3.77519127e-01 3.71241291e-01
 3.65051775e-01 3.58949647e-01 3.52933979e-01 3.47003848e-01
 3.41158334e-01 3.35396522e-01 3.29717503e-01 3.24120368e-01
 3.18604219e-01 3.13168157e-01 3.07811291e-01 3.02532734e-01
 2.97331605e-01 2.92207025e-01 2.87158124e-01 2.82184034e-01
 2.77283894e-01 2.72456847e-01 2.67702043e-01 2.63018635e-01
 2.58405783e-01 2.53862654e-01 2.49388417e-01 2.44982249e-01
 2.40643331e-01 2.36370852e-01 2.32164005e-01 2.28021989e-01
 2.23944009e-01 2.19929275e-01 2.15977004e-01 2.12086419e-01
 2.08256748e-01 2.04487225e-01 2.00777090e-01 1.97125590e-01
 1.93531976e-01 1.89995508e-01 1.86515450e-01 1.83091072e-01
 1.79721650e-01 1.76406468e-01 1.73144813e-01 1.69935982e-01
 1.66779274e-01 1.63673998e-01 1.60619466e-01 1.57614997e-01
 1.54659919e-01 1.51753561e-01 1.48895264e-01 1.46084369e-01
 1.43320228e-01 1.40602198e-01 1.37929641e-01 1.35301925e-01]",restricted_age_optimal,True,True,True,10,2,"constraints_[2, 4]_remained",1087.0001615817573,1078.8418288084606,1095.158494355054,4.162491167005374,19.12900835015817,18.985438163823822,19.272578536492517,0.0732514410809649,19.128611874853316,18.985044664210772,19.27217908549586,0.07324992284296207,1.0,1.0,1.0,3.869926958715046e-42,large,-1087.000161581757,-1095.1584943550538,-1078.8418288084604,4.162491167005373,-19.129008350158166,-19.272578536492514,-18.98543816382382,0.07325144108096489,-19.128611874853313,-19.272179085495857,-18.98504466421077,0.07324992284296206,5.494142441072281e-42,1.3743908010874478e-42,2.1738899100152368e-41,3.8699269587152106e-42
0.833848,0.904264,0.874254,0.0109228421211595,4397,100.0,"[0.833848   0.83627614 0.83870428 0.84113241 0.84356055 0.84598869
 0.84841683 0.85084497 0.8532731  0.85570124 0.85812938 0.86055752
 0.86298566 0.86541379 0.86784193 0.87027007 0.87269821 0.87512634
 0.87755448 0.87998262 0.88241076 0.8848389  0.88726703 0.88969517
 0.89212331 0.89455145 0.89697959 0.89940772 0.90183586 0.904264  ]","[0.04548556 0.06822834 0.13645668 0.31839891 0.45485558 0.52308392
 0.90971117 1.31908119 1.61473732 2.41073459 3.29770298 4.00272913
 5.50375256 6.91380487 8.16465772 8.64225608 8.80145554 8.91516943
 8.25562884 7.0957471  6.27700705 5.11712531 3.79804412 3.09301797
 2.22879236 1.11439618 0.56856948 0.25017057 0.15919945]",0.0025,29,normal,0.8739793186263362,"[0.833848   0.83391849 0.83398897 0.83405946 0.83412995 0.83420043
 0.83427092 0.83434141 0.83441189 0.83448238 0.83455286 0.83462335
 0.83469384 0.83476432 0.83483481 0.8349053  0.83497578 0.83504627
 0.83511676 0.83518724 0.83525773 0.83532822 0.8353987  0.83546919
 0.83553968 0.83561016 0.83568065 0.83575114 0.83582162 0.83589211
 0.83596259 0.83603308 0.83610357 0.83617405 0.83624454 0.83631503
 0.83638551 0.836456   0.83652649 0.83659697 0.83666746 0.83673795
 0.83680843 0.83687892 0.83694941 0.83701989 0.83709038 0.83716086
 0.83723135 0.83730184 0.83737232 0.83744281 0.8375133  0.83758378
 0.83765427 0.83772476 0.83779524 0.83786573 0.83793622 0.8380067
 0.83807719 0.83814768 0.83821816 0.83828865 0.83835914 0.83842962
 0.83850011 0.83857059 0.83864108 0.83871157 0.83878205 0.83885254
 0.83892303 0.83899351 0.839064   0.83913449 0.83920497 0.83927546
 0.83934595 0.83941643 0.83948692 0.83955741 0.83962789 0.83969838
 0.83976886 0.83983935 0.83990984 0.83998032 0.84005081 0.8401213
 0.84019178 0.84026227 0.84033276 0.84040324 0.84047373 0.84054422
 0.8406147  0.84068519 0.84075568 0.84082616 0.84089665 0.84096714
 0.84103762 0.84110811 0.84117859 0.84124908 0.84131957 0.84139005
 0.84146054 0.84153103 0.84160151 0.841672   0.84174249 0.84181297
 0.84188346 0.84195395 0.84202443 0.84209492 0.84216541 0.84223589
 0.84230638 0.84237686 0.84244735 0.84251784 0.84258832 0.84265881
 0.8427293  0.84279978 0.84287027 0.84294076 0.84301124 0.84308173
 0.84315222 0.8432227  0.84329319 0.84336368 0.84343416 0.84350465
 0.84357514 0.84364562 0.84371611 0.84378659 0.84385708 0.84392757
 0.84399805 0.84406854 0.84413903 0.84420951 0.84428    0.84435049
 0.84442097 0.84449146 0.84456195 0.84463243 0.84470292 0.84477341
 0.84484389 0.84491438 0.84498486 0.84505535 0.84512584 0.84519632
 0.84526681 0.8453373  0.84540778 0.84547827 0.84554876 0.84561924
 0.84568973 0.84576022 0.8458307  0.84590119 0.84597168 0.84604216
 0.84611265 0.84618314 0.84625362 0.84632411 0.84639459 0.84646508
 0.84653557 0.84660605 0.84667654 0.84674703 0.84681751 0.846888
 0.84695849 0.84702897 0.84709946 0.84716995 0.84724043 0.84731092
 0.84738141 0.84745189 0.84752238 0.84759286 0.84766335 0.84773384
 0.84780432 0.84787481 0.8479453  0.84801578 0.84808627 0.84815676
 0.84822724 0.84829773 0.84836822 0.8484387  0.84850919 0.84857968
 0.84865016 0.84872065 0.84879114 0.84886162 0.84893211 0.84900259
 0.84907308 0.84914357 0.84921405 0.84928454 0.84935503 0.84942551
 0.849496   0.84956649 0.84963697 0.84970746 0.84977795 0.84984843
 0.84991892 0.84998941 0.85005989 0.85013038 0.85020086 0.85027135
 0.85034184 0.85041232 0.85048281 0.8505533  0.85062378 0.85069427
 0.85076476 0.85083524 0.85090573 0.85097622 0.8510467  0.85111719
 0.85118768 0.85125816 0.85132865 0.85139914 0.85146962 0.85154011
 0.85161059 0.85168108 0.85175157 0.85182205 0.85189254 0.85196303
 0.85203351 0.852104   0.85217449 0.85224497 0.85231546 0.85238595
 0.85245643 0.85252692 0.85259741 0.85266789 0.85273838 0.85280886
 0.85287935 0.85294984 0.85302032 0.85309081 0.8531613  0.85323178
 0.85330227 0.85337276 0.85344324 0.85351373 0.85358422 0.8536547
 0.85372519 0.85379568 0.85386616 0.85393665 0.85400714 0.85407762
 0.85414811 0.85421859 0.85428908 0.85435957 0.85443005 0.85450054
 0.85457103 0.85464151 0.854712   0.85478249 0.85485297 0.85492346
 0.85499395 0.85506443 0.85513492 0.85520541 0.85527589 0.85534638
 0.85541686 0.85548735 0.85555784 0.85562832 0.85569881 0.8557693
 0.85583978 0.85591027 0.85598076 0.85605124 0.85612173 0.85619222
 0.8562627  0.85633319 0.85640368 0.85647416 0.85654465 0.85661514
 0.85668562 0.85675611 0.85682659 0.85689708 0.85696757 0.85703805
 0.85710854 0.85717903 0.85724951 0.85732    0.85739049 0.85746097
 0.85753146 0.85760195 0.85767243 0.85774292 0.85781341 0.85788389
 0.85795438 0.85802486 0.85809535 0.85816584 0.85823632 0.85830681
 0.8583773  0.85844778 0.85851827 0.85858876 0.85865924 0.85872973
 0.85880022 0.8588707  0.85894119 0.85901168 0.85908216 0.85915265
 0.85922314 0.85929362 0.85936411 0.85943459 0.85950508 0.85957557
 0.85964605 0.85971654 0.85978703 0.85985751 0.859928   0.85999849
 0.86006897 0.86013946 0.86020995 0.86028043 0.86035092 0.86042141
 0.86049189 0.86056238 0.86063286 0.86070335 0.86077384 0.86084432
 0.86091481 0.8609853  0.86105578 0.86112627 0.86119676 0.86126724
 0.86133773 0.86140822 0.8614787  0.86154919 0.86161968 0.86169016
 0.86176065 0.86183114 0.86190162 0.86197211 0.86204259 0.86211308
 0.86218357 0.86225405 0.86232454 0.86239503 0.86246551 0.862536
 0.86260649 0.86267697 0.86274746 0.86281795 0.86288843 0.86295892
 0.86302941 0.86309989 0.86317038 0.86324086 0.86331135 0.86338184
 0.86345232 0.86352281 0.8635933  0.86366378 0.86373427 0.86380476
 0.86387524 0.86394573 0.86401622 0.8640867  0.86415719 0.86422768
 0.86429816 0.86436865 0.86443914 0.86450962 0.86458011 0.86465059
 0.86472108 0.86479157 0.86486205 0.86493254 0.86500303 0.86507351
 0.865144   0.86521449 0.86528497 0.86535546 0.86542595 0.86549643
 0.86556692 0.86563741 0.86570789 0.86577838 0.86584886 0.86591935
 0.86598984 0.86606032 0.86613081 0.8662013  0.86627178 0.86634227
 0.86641276 0.86648324 0.86655373 0.86662422 0.8666947  0.86676519
 0.86683568 0.86690616 0.86697665 0.86704714 0.86711762 0.86718811
 0.86725859 0.86732908 0.86739957 0.86747005 0.86754054 0.86761103
 0.86768151 0.867752   0.86782249 0.86789297 0.86796346 0.86803395
 0.86810443 0.86817492 0.86824541 0.86831589 0.86838638 0.86845686
 0.86852735 0.86859784 0.86866832 0.86873881 0.8688093  0.86887978
 0.86895027 0.86902076 0.86909124 0.86916173 0.86923222 0.8693027
 0.86937319 0.86944368 0.86951416 0.86958465 0.86965514 0.86972562
 0.86979611 0.86986659 0.86993708 0.87000757 0.87007805 0.87014854
 0.87021903 0.87028951 0.87036    0.87043049 0.87050097 0.87057146
 0.87064195 0.87071243 0.87078292 0.87085341 0.87092389 0.87099438
 0.87106486 0.87113535 0.87120584 0.87127632 0.87134681 0.8714173
 0.87148778 0.87155827 0.87162876 0.87169924 0.87176973 0.87184022
 0.8719107  0.87198119 0.87205168 0.87212216 0.87219265 0.87226314
 0.87233362 0.87240411 0.87247459 0.87254508 0.87261557 0.87268605
 0.87275654 0.87282703 0.87289751 0.872968   0.87303849 0.87310897
 0.87317946 0.87324995 0.87332043 0.87339092 0.87346141 0.87353189
 0.87360238 0.87367286 0.87374335 0.87381384 0.87388432 0.87395481
 0.8740253  0.87409578 0.87416627 0.87423676 0.87430724 0.87437773
 0.87444822 0.8745187  0.87458919 0.87465968 0.87473016 0.87480065
 0.87487114 0.87494162 0.87501211 0.87508259 0.87515308 0.87522357
 0.87529405 0.87536454 0.87543503 0.87550551 0.875576   0.87564649
 0.87571697 0.87578746 0.87585795 0.87592843 0.87599892 0.87606941
 0.87613989 0.87621038 0.87628086 0.87635135 0.87642184 0.87649232
 0.87656281 0.8766333  0.87670378 0.87677427 0.87684476 0.87691524
 0.87698573 0.87705622 0.8771267  0.87719719 0.87726768 0.87733816
 0.87740865 0.87747914 0.87754962 0.87762011 0.87769059 0.87776108
 0.87783157 0.87790205 0.87797254 0.87804303 0.87811351 0.878184
 0.87825449 0.87832497 0.87839546 0.87846595 0.87853643 0.87860692
 0.87867741 0.87874789 0.87881838 0.87888886 0.87895935 0.87902984
 0.87910032 0.87917081 0.8792413  0.87931178 0.87938227 0.87945276
 0.87952324 0.87959373 0.87966422 0.8797347  0.87980519 0.87987568
 0.87994616 0.88001665 0.88008714 0.88015762 0.88022811 0.88029859
 0.88036908 0.88043957 0.88051005 0.88058054 0.88065103 0.88072151
 0.880792   0.88086249 0.88093297 0.88100346 0.88107395 0.88114443
 0.88121492 0.88128541 0.88135589 0.88142638 0.88149686 0.88156735
 0.88163784 0.88170832 0.88177881 0.8818493  0.88191978 0.88199027
 0.88206076 0.88213124 0.88220173 0.88227222 0.8823427  0.88241319
 0.88248368 0.88255416 0.88262465 0.88269514 0.88276562 0.88283611
 0.88290659 0.88297708 0.88304757 0.88311805 0.88318854 0.88325903
 0.88332951 0.8834     0.88347049 0.88354097 0.88361146 0.88368195
 0.88375243 0.88382292 0.88389341 0.88396389 0.88403438 0.88410486
 0.88417535 0.88424584 0.88431632 0.88438681 0.8844573  0.88452778
 0.88459827 0.88466876 0.88473924 0.88480973 0.88488022 0.8849507
 0.88502119 0.88509168 0.88516216 0.88523265 0.88530314 0.88537362
 0.88544411 0.88551459 0.88558508 0.88565557 0.88572605 0.88579654
 0.88586703 0.88593751 0.886008   0.88607849 0.88614897 0.88621946
 0.88628995 0.88636043 0.88643092 0.88650141 0.88657189 0.88664238
 0.88671286 0.88678335 0.88685384 0.88692432 0.88699481 0.8870653
 0.88713578 0.88720627 0.88727676 0.88734724 0.88741773 0.88748822
 0.8875587  0.88762919 0.88769968 0.88777016 0.88784065 0.88791114
 0.88798162 0.88805211 0.88812259 0.88819308 0.88826357 0.88833405
 0.88840454 0.88847503 0.88854551 0.888616   0.88868649 0.88875697
 0.88882746 0.88889795 0.88896843 0.88903892 0.88910941 0.88917989
 0.88925038 0.88932086 0.88939135 0.88946184 0.88953232 0.88960281
 0.8896733  0.88974378 0.88981427 0.88988476 0.88995524 0.89002573
 0.89009622 0.8901667  0.89023719 0.89030768 0.89037816 0.89044865
 0.89051914 0.89058962 0.89066011 0.89073059 0.89080108 0.89087157
 0.89094205 0.89101254 0.89108303 0.89115351 0.891224   0.89129449
 0.89136497 0.89143546 0.89150595 0.89157643 0.89164692 0.89171741
 0.89178789 0.89185838 0.89192886 0.89199935 0.89206984 0.89214032
 0.89221081 0.8922813  0.89235178 0.89242227 0.89249276 0.89256324
 0.89263373 0.89270422 0.8927747  0.89284519 0.89291568 0.89298616
 0.89305665 0.89312714 0.89319762 0.89326811 0.89333859 0.89340908
 0.89347957 0.89355005 0.89362054 0.89369103 0.89376151 0.893832
 0.89390249 0.89397297 0.89404346 0.89411395 0.89418443 0.89425492
 0.89432541 0.89439589 0.89446638 0.89453686 0.89460735 0.89467784
 0.89474832 0.89481881 0.8948893  0.89495978 0.89503027 0.89510076
 0.89517124 0.89524173 0.89531222 0.8953827  0.89545319 0.89552368
 0.89559416 0.89566465 0.89573514 0.89580562 0.89587611 0.89594659
 0.89601708 0.89608757 0.89615805 0.89622854 0.89629903 0.89636951
 0.89644    0.89651049 0.89658097 0.89665146 0.89672195 0.89679243
 0.89686292 0.89693341 0.89700389 0.89707438 0.89714486 0.89721535
 0.89728584 0.89735632 0.89742681 0.8974973  0.89756778 0.89763827
 0.89770876 0.89777924 0.89784973 0.89792022 0.8979907  0.89806119
 0.89813168 0.89820216 0.89827265 0.89834314 0.89841362 0.89848411
 0.89855459 0.89862508 0.89869557 0.89876605 0.89883654 0.89890703
 0.89897751 0.899048   0.89911849 0.89918897 0.89925946 0.89932995
 0.89940043 0.89947092 0.89954141 0.89961189 0.89968238 0.89975286
 0.89982335 0.89989384 0.89996432 0.90003481 0.9001053  0.90017578
 0.90024627 0.90031676 0.90038724 0.90045773 0.90052822 0.9005987
 0.90066919 0.90073968 0.90081016 0.90088065 0.90095114 0.90102162
 0.90109211 0.90116259 0.90123308 0.90130357 0.90137405 0.90144454
 0.90151503 0.90158551 0.901656   0.90172649 0.90179697 0.90186746
 0.90193795 0.90200843 0.90207892 0.90214941 0.90221989 0.90229038
 0.90236086 0.90243135 0.90250184 0.90257232 0.90264281 0.9027133
 0.90278378 0.90285427 0.90292476 0.90299524 0.90306573 0.90313622
 0.9032067  0.90327719 0.90334768 0.90341816 0.90348865 0.90355914
 0.90362962 0.90370011 0.90377059 0.90384108 0.90391157 0.90398205
 0.90405254 0.90412303 0.90419351 0.904264  ]","[0.01039006 0.01063912 0.0108937  0.01115391 0.01141985 0.01169165
 0.01196942 0.01225328 0.01254335 0.01283976 0.01314261 0.01345206
 0.01376821 0.01409121 0.01442118 0.01475827 0.01510261 0.01545433
 0.01581359 0.01618053 0.0165553  0.01693803 0.0173289  0.01772805
 0.01813563 0.01855181 0.01897676 0.01941063 0.01985359 0.02030581
 0.02076747 0.02123874 0.02171981 0.02221084 0.02271203 0.02322356
 0.02374562 0.02427841 0.02482212 0.02537695 0.0259431  0.02652077
 0.02711018 0.02771154 0.02832505 0.02895094 0.02958943 0.03024074
 0.0309051  0.03158274 0.0322739  0.03297881 0.03369771 0.03443084
 0.03517847 0.03594083 0.03671818 0.03751078 0.0383189  0.03914279
 0.03998274 0.04083901 0.04171188 0.04260163 0.04350855 0.04443293
 0.04537505 0.04633522 0.04731374 0.04831091 0.04932705 0.05036246
 0.05141746 0.05249238 0.05358753 0.05470326 0.05583989 0.05699777
 0.05817723 0.05937863 0.06060231 0.06184864 0.06311796 0.06441066
 0.06572709 0.06706764 0.06843268 0.06982259 0.07123777 0.0726786
 0.07414549 0.07563883 0.07715904 0.07870652 0.0802817  0.08188499
 0.08351682 0.08517762 0.08686784 0.0885879  0.09033826 0.09211937
 0.09393168 0.09577566 0.09765178 0.09956049 0.10150229 0.10347765
 0.10548706 0.10753102 0.10961001 0.11172454 0.11387513 0.11606228
 0.11828651 0.12054835 0.12284832 0.12518696 0.1275648  0.1299824
 0.1324403  0.13493907 0.13747925 0.14006141 0.14268613 0.14535399
 0.14806556 0.15082143 0.15362221 0.15646847 0.15936084 0.16229991
 0.1652863  0.16832064 0.17140354 0.17453564 0.17771757 0.18094998
 0.1842335  0.1875688  0.19095653 0.19439734 0.19789192 0.20144093
 0.20504505 0.20870496 0.21242135 0.21619491 0.22002635 0.22391636
 0.22786566 0.23187496 0.23594498 0.24007644 0.24427006 0.2485266
 0.25284677 0.25723134 0.26168103 0.26619662 0.27077885 0.27542848
 0.2801463  0.28493305 0.28978953 0.29471651 0.29971478 0.30478512
 0.30992833 0.31514521 0.32043656 0.32580319 0.33124589 0.3367655
 0.34236283 0.34803869 0.35379392 0.35962934 0.36554579 0.3715441
 0.37762511 0.38378966 0.39003861 0.3963728  0.40279308 0.4093003
 0.41589534 0.42257904 0.42935227 0.4362159  0.4431708  0.45021784
 0.45735788 0.46459182 0.47192052 0.47934486 0.48686574 0.49448402
 0.50220059 0.51001635 0.51793217 0.52594895 0.53406758 0.54228894
 0.55061394 0.55904345 0.56757838 0.57621962 0.58496805 0.59382458
 0.6027901  0.6118655  0.62105167 0.6303495  0.6397599  0.64928374
 0.65892191 0.66867532 0.67854484 0.68853135 0.69863575 0.70885892
 0.71920173 0.72966507 0.7402498  0.75095681 0.76178696 0.77274112
 0.78382015 0.79502493 0.80635629 0.8178151  0.82940221 0.84111847
 0.8529647  0.86494176 0.87705048 0.88929167 0.90166617 0.9141748
 0.92681835 0.93959765 0.95251348 0.96556665 0.97875793 0.99208812
 1.00555799 1.01916829 1.0329198  1.04681326 1.06084942 1.07502902
 1.08935278 1.10382142 1.11843566 1.13319619 1.14810372 1.16315892
 1.17836247 1.19371503 1.20921726 1.2248698  1.24067329 1.25662835
 1.27273559 1.28899561 1.305409   1.32197633 1.33869818 1.3555751
 1.37260762 1.38979628 1.40714158 1.42464403 1.44230412 1.46012233
 1.4780991  1.4962349  1.51453014 1.53298525 1.55160063 1.57037666
 1.58931372 1.60841216 1.62767232 1.64709452 1.66667907 1.68642625
 1.70633635 1.72640961 1.74664628 1.76704657 1.78761069 1.80833882
 1.82923113 1.85028775 1.87150883 1.89289447 1.91444475 1.93615976
 1.95803952 1.98008409 2.00229346 2.02466763 2.04720655 2.06991019
 2.09277846 2.11581126 2.13900849 2.16236999 2.18589561 2.20958517
 2.23343845 2.25745523 2.28163525 2.30597823 2.33048389 2.35515189
 2.37998189 2.40497351 2.43012636 2.45544003 2.48091407 2.506548
 2.53234134 2.55829357 2.58440414 2.61067248 2.637098   2.66368008
 2.69041806 2.71731128 2.74435904 2.77156061 2.79891525 2.82642216
 2.85408054 2.88188957 2.90984839 2.9379561  2.96621179 2.99461452
 3.02316333 3.05185721 3.08069515 3.10967608 3.13879893 3.1680626
 3.19746594 3.2270078  3.25668698 3.28650226 3.31645239 3.34653609
 3.37675207 3.40709898 3.43757547 3.46818014 3.49891158 3.52976834
 3.56074893 3.59185187 3.6230756  3.65441858 3.68587922 3.71745588
 3.74914693 3.7809507  3.81286547 3.84488952 3.87702108 3.90925836
 3.94159956 3.97404282 4.00658627 4.03922801 4.07196611 4.10479862
 4.13772355 4.17073888 4.20384259 4.23703259 4.27030681 4.30366311
 4.33709936 4.37061337 4.40420295 4.43786586 4.47159986 4.50540266
 4.53927196 4.57320542 4.6072007  4.6412554  4.67536712 4.70953343
 4.74375188 4.77801997 4.8123352  4.84669505 4.88109696 4.91553835
 4.95001663 4.98452917 5.01907332 5.05364642 5.08824578 5.12286869
 5.15751241 5.19217418 5.22685124 5.26154079 5.29624002 5.33094608
 5.36565612 5.40036726 5.43507663 5.46978129 5.50447833 5.53916479
 5.57383772 5.60849413 5.64313101 5.67774537 5.71233416 5.74689435
 5.78142287 5.81591664 5.85037259 5.8847876  5.91915857 5.95348235
 5.98775583 6.02197583 6.0561392  6.09024276 6.12428333 6.15825771
 6.1921627  6.22599508 6.25975164 6.29342914 6.32702434 6.360534
 6.39395487 6.42728369 6.4605172  6.49365213 6.52668521 6.55961316
 6.5924327  6.62514055 6.65773343 6.69020804 6.72256111 6.75478933
 6.78688943 6.81885811 6.85069209 6.88238807 6.91394278 6.94535294
 6.97661526 7.00772647 7.03868329 7.06948248 7.10012075 7.13059486
 7.16090156 7.19103761 7.22099978 7.25078484 7.28038957 7.30981077
 7.33904524 7.36808979 7.39694126 7.42559647 7.45405227 7.48230552
 7.51035311 7.53819192 7.56581885 7.59323081 7.62042476 7.64739762
 7.67414638 7.70066802 7.72695953 7.75301795 7.7788403  7.80442365
 7.82976508 7.85486169 7.87971061 7.90430896 7.92865393 7.9527427
 7.97657248 8.00014051 8.02344405 8.04648038 8.06924682 8.09174071
 8.1139594  8.1359003  8.15756081 8.17893839 8.20003051 8.22083468
 8.24134843 8.26156932 8.28149496 8.30112296 8.320451   8.33947674
 8.35819793 8.37661231 8.39471767 8.41251184 8.42999267 8.44715805
 8.46400591 8.48053421 8.49674096 8.51262418 8.52818194 8.54341236
 8.55831358 8.57288378 8.58712119 8.60102407 8.61459071 8.62781945
 8.64070868 8.65325681 8.6654623  8.67732365 8.6888394  8.70000813
 8.71082847 8.72129907 8.73141866 8.74118597 8.7505998  8.75965898
 8.7683624  8.77670897 8.78469765 8.79232746 8.79959745 8.80650672
 8.8130544  8.81923969 8.8250618  8.83052003 8.83561368 8.84034213
 8.84470478 8.84870109 8.85233057 8.85559275 8.85848723 8.86101366
 8.86317171 8.86496111 8.86638165 8.86743314 8.86811546 8.86842851
 8.86837227 8.86794672 8.86715194 8.86598802 8.8644551  8.86255338
 8.86028309 8.85764451 8.85463798 8.85126388 8.84752261 8.84341465
 8.83894052 8.83410076 8.82889598 8.82332684 8.81739402 8.81109826
 8.80444035 8.79742111 8.79004142 8.78230219 8.77420438 8.765749
 8.7569371  8.74776977 8.73824814 8.72837339 8.71814675 8.70756947
 8.69664286 8.68536828 8.6737471  8.66178077 8.64947075 8.63681855
 8.62382573 8.61049389 8.59682465 8.58281969 8.56848073 8.5538095
 8.53880781 8.52347748 8.50782038 8.4918384  8.4755335  8.45890764
 8.44196284 8.42470115 8.40712465 8.38923546 8.37103574 8.35252767
 8.33371347 8.3145954  8.29517575 8.27545683 8.25544101 8.23513065
 8.21452817 8.19363603 8.17245669 8.15099266 8.12924647 8.10722068
 8.08491788 8.06234069 8.03949176 8.01637374 7.99298935 7.9693413
 7.94543233 7.92126523 7.89684278 7.8721678  7.84724313 7.82207164
 7.79665621 7.77099974 7.74510517 7.71897544 7.69261351 7.66602237
 7.63920503 7.6121645  7.58490382 7.55742604 7.52973425 7.50183152
 7.47372095 7.44540567 7.41688879 7.38817347 7.35926285 7.33016011
 7.30086842 7.27139098 7.24173098 7.21189163 7.18187615 7.15168778
 7.12132974 7.09080528 7.06011764 7.0292701  6.9982659  6.96710831
 6.93580061 6.90434608 6.87274798 6.84100962 6.80913426 6.7771252
 6.74498573 6.71271912 6.68032869 6.6478177  6.61518945 6.58244723
 6.54959432 6.516634   6.48356955 6.45040425 6.41714136 6.38378415
 6.35033589 6.31679983 6.28317922 6.24947729 6.2156973  6.18184246
 6.14791599 6.11392111 6.07986101 6.0457389  6.01155794 5.97732132
 5.94303219 5.9086937  5.87430898 5.83988117 5.80541337 5.77090869
 5.7363702  5.70180097 5.66720407 5.63258253 5.59793938 5.56327763
 5.52860026 5.49391027 5.45921059 5.42450419 5.38979397 5.35508286
 5.32037373 5.28566945 5.25097287 5.21628683 5.18161413 5.14695756
 5.11231989 5.07770387 5.04311222 5.00854765 4.97401285 4.93951047
 4.90504315 4.87061351 4.83622414 4.80187761 4.76757647 4.73332324
 4.69912042 4.66497047 4.63087586 4.59683901 4.56286231 4.52894814
 4.49509885 4.46131677 4.42760418 4.39396337 4.36039658 4.32690602
 4.2934939  4.26016237 4.22691359 4.19374965 4.16067264 4.12768463
 4.09478764 4.06198369 4.02927473 3.99666273 3.9641496  3.93173723
 3.89942749 3.86722222 3.83512322 3.80313227 3.77125113 3.73948152
 3.70782514 3.67628364 3.64485868 3.61355185 3.58236475 3.55129892
 3.52035589 3.48953715 3.45884418 3.4282784  3.39784124 3.36753407
 3.33735824 3.30731509 3.2774059  3.24763195 3.21799447 3.18849468
 3.15913376 3.12991287 3.10083313 3.07189564 3.04310148 3.01445168
 2.98594726 2.95758922 2.9293785  2.90131606 2.87340277 2.84563954
 2.81802721 2.7905666  2.76325851 2.73610371 2.70910295 2.68225694
 2.65556638 2.62903192 2.60265422 2.57643387 2.55037148 2.52446759
 2.49872276 2.47313748 2.44771224 2.42244751 2.39734373 2.3724013
 2.34762061 2.32300202 2.29854588 2.27425251 2.25012219 2.22615519
 2.20235175 2.17871211 2.15523646 2.13192499 2.10877783 2.08579513
 2.062977   2.04032353 2.01783479 1.99551082 1.97335165 1.95135729
 1.92952771 1.90786289 1.88636277 1.86502727 1.84385629 1.82284974
 1.80200746 1.7813293  1.76081511 1.74046468 1.72027781 1.70025427
 1.68039383 1.66069621 1.64116115 1.62178834 1.60257748 1.58352824
 1.56464027 1.54591321 1.52734669 1.50894032 1.4906937  1.47260639
 1.45467796 1.43690797 1.41929595 1.40184141 1.38454388 1.36740284
 1.35041777 1.33358815 1.31691343 1.30039304 1.28402643 1.26781302
 1.2517522  1.23584337 1.22008593 1.20447924 1.18902267 1.17371557
 1.15855728 1.14354713 1.12868446 1.11396856 1.09939875 1.08497431
 1.07069454 1.05655872 1.0425661  1.02871596 1.01500754 1.0014401
 0.98801286 0.97472507 0.96157593 0.94856468 0.93569053 0.92295266
 0.9103503  0.89788262 0.88554881 0.87334805 0.86127953 0.84934241
 0.83753586 0.82585903 0.81431109 0.80289119 0.79159848 0.7804321
 0.76939119 0.7584749  0.74768235 0.73701268 0.72646502 0.71603849
 0.70573221 0.69554532 0.68547692 0.67552614 0.66569208 0.65597387
 0.64637062 0.63688143 0.62750541 0.61824169 0.60908935 0.60004752
 0.5911153  0.58229179 0.5735761  0.56496734 0.55646462 0.54806704
 0.5397737  0.53158373 0.52349622 0.51551028 0.50762504 0.49983959
 0.49215305 0.48456453 0.47707316 0.46967804 0.4623783  0.45517305
 0.44806143 0.44104255 0.43411555 0.42727955 0.42053368 0.41387708
 0.40730888 0.40082823 0.39443426 0.38812613 0.38190298 0.37576397
 0.36970824 0.36373495 0.35784327 0.35203237 0.3463014  0.34064955
 0.33507598 0.32957989 0.32416044 0.31881683 0.31354825 0.3083539
 0.30323296 0.29818466 0.29320819 0.28830277 0.28346761 0.27870194
 0.27400498 0.26937595 0.26481411 0.26031867 0.25588889 0.25152402
 0.24722331 0.24298602 0.2388114  0.23469874 0.23064729 0.22665635
 0.22272518 0.21885308 0.21503935 0.21128327 0.20758416 0.20394132
 0.20035406 0.19682171 0.19334358 0.189919  ]",restricted_age_optimal,True,True,True,10,2,"constraints_[3, 4]_remained",1204.4095461416844,1195.5131091276503,1213.3059831557184,4.539081883242742,19.34938851295026,19.206463195962375,19.492313829938144,0.07292242006244094,19.348996282364503,19.2060738626093,19.491918702119705,0.07292094185533808,1.0,1.0,1.0,4.6244302701687854e-43,large,-1204.409546141684,-1213.305983155718,-1195.5131091276498,4.539081883242741,-19.349388512950252,-19.492313829938137,-19.206463195962368,0.07292242006244092,-19.348996282364496,-19.491918702119698,-19.206073862609294,0.07292094185533805,6.520601627442371e-43,1.6158706455052726e-43,2.604690260826995e-42,4.624430270169112e-43
0.832679,0.904264,0.873309,0.0105580539341924,4028,99.99999999999996,"[0.832679   0.83514745 0.8376159  0.84008434 0.84255279 0.84502124
 0.84748969 0.84995814 0.85242659 0.85489503 0.85736348 0.85983193
 0.86230038 0.86476883 0.86723728 0.86970572 0.87217417 0.87464262
 0.87711107 0.87957952 0.88204797 0.88451641 0.88698486 0.88945331
 0.89192176 0.89439021 0.89685866 0.8993271  0.90179555 0.904264  ]","[0.04965243 0.07447865 0.04965243 0.32274081 0.42204568 0.49652433
 0.86891758 1.19165839 1.61370407 2.43296922 3.35153923 4.41906653
 5.33763654 7.12512413 8.66434955 9.13604767 9.90566038 9.35948361
 8.51539225 7.12512413 6.1817279  4.71698113 3.32671301 2.43296922
 1.48957299 0.71996028 0.34756703 0.19860973 0.12413108]",0.0025,29,normal,0.8729275652929495,"[0.832679   0.83275066 0.83282231 0.83289397 0.83296563 0.83303728
 0.83310894 0.8331806  0.83325225 0.83332391 0.83339557 0.83346722
 0.83353888 0.83361054 0.83368219 0.83375385 0.83382551 0.83389716
 0.83396882 0.83404048 0.83411213 0.83418379 0.83425545 0.8343271
 0.83439876 0.83447042 0.83454207 0.83461373 0.83468539 0.83475704
 0.8348287  0.83490036 0.83497201 0.83504367 0.83511533 0.83518698
 0.83525864 0.8353303  0.83540195 0.83547361 0.83554527 0.83561692
 0.83568858 0.83576024 0.83583189 0.83590355 0.83597521 0.83604686
 0.83611852 0.83619018 0.83626183 0.83633349 0.83640515 0.8364768
 0.83654846 0.83662012 0.83669177 0.83676343 0.83683509 0.83690674
 0.8369784  0.83705006 0.83712171 0.83719337 0.83726503 0.83733668
 0.83740834 0.83748    0.83755165 0.83762331 0.83769497 0.83776662
 0.83783828 0.83790994 0.83798159 0.83805325 0.83812491 0.83819656
 0.83826822 0.83833988 0.83841153 0.83848319 0.83855485 0.8386265
 0.83869816 0.83876982 0.83884147 0.83891313 0.83898479 0.83905644
 0.8391281  0.83919976 0.83927141 0.83934307 0.83941473 0.83948638
 0.83955804 0.8396297  0.83970135 0.83977301 0.83984467 0.83991632
 0.83998798 0.84005964 0.84013129 0.84020295 0.84027461 0.84034626
 0.84041792 0.84048958 0.84056123 0.84063289 0.84070455 0.8407762
 0.84084786 0.84091952 0.84099117 0.84106283 0.84113449 0.84120614
 0.8412778  0.84134946 0.84142111 0.84149277 0.84156443 0.84163608
 0.84170774 0.8417794  0.84185105 0.84192271 0.84199437 0.84206602
 0.84213768 0.84220934 0.84228099 0.84235265 0.84242431 0.84249596
 0.84256762 0.84263928 0.84271093 0.84278259 0.84285425 0.8429259
 0.84299756 0.84306922 0.84314087 0.84321253 0.84328419 0.84335584
 0.8434275  0.84349916 0.84357081 0.84364247 0.84371413 0.84378578
 0.84385744 0.8439291  0.84400075 0.84407241 0.84414407 0.84421572
 0.84428738 0.84435904 0.84443069 0.84450235 0.84457401 0.84464566
 0.84471732 0.84478897 0.84486063 0.84493229 0.84500394 0.8450756
 0.84514726 0.84521891 0.84529057 0.84536223 0.84543388 0.84550554
 0.8455772  0.84564885 0.84572051 0.84579217 0.84586382 0.84593548
 0.84600714 0.84607879 0.84615045 0.84622211 0.84629376 0.84636542
 0.84643708 0.84650873 0.84658039 0.84665205 0.8467237  0.84679536
 0.84686702 0.84693867 0.84701033 0.84708199 0.84715364 0.8472253
 0.84729696 0.84736861 0.84744027 0.84751193 0.84758358 0.84765524
 0.8477269  0.84779855 0.84787021 0.84794187 0.84801352 0.84808518
 0.84815684 0.84822849 0.84830015 0.84837181 0.84844346 0.84851512
 0.84858678 0.84865843 0.84873009 0.84880175 0.8488734  0.84894506
 0.84901672 0.84908837 0.84916003 0.84923169 0.84930334 0.849375
 0.84944666 0.84951831 0.84958997 0.84966163 0.84973328 0.84980494
 0.8498766  0.84994825 0.85001991 0.85009157 0.85016322 0.85023488
 0.85030654 0.85037819 0.85044985 0.85052151 0.85059316 0.85066482
 0.85073648 0.85080813 0.85087979 0.85095145 0.8510231  0.85109476
 0.85116642 0.85123807 0.85130973 0.85138139 0.85145304 0.8515247
 0.85159636 0.85166801 0.85173967 0.85181133 0.85188298 0.85195464
 0.8520263  0.85209795 0.85216961 0.85224127 0.85231292 0.85238458
 0.85245624 0.85252789 0.85259955 0.85267121 0.85274286 0.85281452
 0.85288618 0.85295783 0.85302949 0.85310115 0.8531728  0.85324446
 0.85331612 0.85338777 0.85345943 0.85353109 0.85360274 0.8536744
 0.85374606 0.85381771 0.85388937 0.85396103 0.85403268 0.85410434
 0.854176   0.85424765 0.85431931 0.85439097 0.85446262 0.85453428
 0.85460594 0.85467759 0.85474925 0.85482091 0.85489256 0.85496422
 0.85503588 0.85510753 0.85517919 0.85525085 0.8553225  0.85539416
 0.85546582 0.85553747 0.85560913 0.85568079 0.85575244 0.8558241
 0.85589576 0.85596741 0.85603907 0.85611073 0.85618238 0.85625404
 0.8563257  0.85639735 0.85646901 0.85654067 0.85661232 0.85668398
 0.85675564 0.85682729 0.85689895 0.85697061 0.85704226 0.85711392
 0.85718558 0.85725723 0.85732889 0.85740055 0.8574722  0.85754386
 0.85761552 0.85768717 0.85775883 0.85783049 0.85790214 0.8579738
 0.85804546 0.85811711 0.85818877 0.85826043 0.85833208 0.85840374
 0.8584754  0.85854705 0.85861871 0.85869037 0.85876202 0.85883368
 0.85890534 0.85897699 0.85904865 0.85912031 0.85919196 0.85926362
 0.85933528 0.85940693 0.85947859 0.85955025 0.8596219  0.85969356
 0.85976522 0.85983687 0.85990853 0.85998019 0.86005184 0.8601235
 0.86019516 0.86026681 0.86033847 0.86041013 0.86048178 0.86055344
 0.8606251  0.86069675 0.86076841 0.86084007 0.86091172 0.86098338
 0.86105504 0.86112669 0.86119835 0.86127001 0.86134166 0.86141332
 0.86148498 0.86155663 0.86162829 0.86169995 0.8617716  0.86184326
 0.86191492 0.86198657 0.86205823 0.86212989 0.86220154 0.8622732
 0.86234486 0.86241651 0.86248817 0.86255983 0.86263148 0.86270314
 0.8627748  0.86284645 0.86291811 0.86298977 0.86306142 0.86313308
 0.86320474 0.86327639 0.86334805 0.86341971 0.86349136 0.86356302
 0.86363468 0.86370633 0.86377799 0.86384965 0.8639213  0.86399296
 0.86406462 0.86413627 0.86420793 0.86427959 0.86435124 0.8644229
 0.86449456 0.86456621 0.86463787 0.86470953 0.86478118 0.86485284
 0.8649245  0.86499615 0.86506781 0.86513947 0.86521112 0.86528278
 0.86535444 0.86542609 0.86549775 0.86556941 0.86564106 0.86571272
 0.86578438 0.86585603 0.86592769 0.86599935 0.866071   0.86614266
 0.86621432 0.86628597 0.86635763 0.86642929 0.86650094 0.8665726
 0.86664426 0.86671591 0.86678757 0.86685923 0.86693088 0.86700254
 0.8670742  0.86714585 0.86721751 0.86728917 0.86736082 0.86743248
 0.86750414 0.86757579 0.86764745 0.86771911 0.86779076 0.86786242
 0.86793408 0.86800573 0.86807739 0.86814905 0.8682207  0.86829236
 0.86836402 0.86843567 0.86850733 0.86857898 0.86865064 0.8687223
 0.86879395 0.86886561 0.86893727 0.86900892 0.86908058 0.86915224
 0.86922389 0.86929555 0.86936721 0.86943886 0.86951052 0.86958218
 0.86965383 0.86972549 0.86979715 0.8698688  0.86994046 0.87001212
 0.87008377 0.87015543 0.87022709 0.87029874 0.8703704  0.87044206
 0.87051371 0.87058537 0.87065703 0.87072868 0.87080034 0.870872
 0.87094365 0.87101531 0.87108697 0.87115862 0.87123028 0.87130194
 0.87137359 0.87144525 0.87151691 0.87158856 0.87166022 0.87173188
 0.87180353 0.87187519 0.87194685 0.8720185  0.87209016 0.87216182
 0.87223347 0.87230513 0.87237679 0.87244844 0.8725201  0.87259176
 0.87266341 0.87273507 0.87280673 0.87287838 0.87295004 0.8730217
 0.87309335 0.87316501 0.87323667 0.87330832 0.87337998 0.87345164
 0.87352329 0.87359495 0.87366661 0.87373826 0.87380992 0.87388158
 0.87395323 0.87402489 0.87409655 0.8741682  0.87423986 0.87431152
 0.87438317 0.87445483 0.87452649 0.87459814 0.8746698  0.87474146
 0.87481311 0.87488477 0.87495643 0.87502808 0.87509974 0.8751714
 0.87524305 0.87531471 0.87538637 0.87545802 0.87552968 0.87560134
 0.87567299 0.87574465 0.87581631 0.87588796 0.87595962 0.87603128
 0.87610293 0.87617459 0.87624625 0.8763179  0.87638956 0.87646122
 0.87653287 0.87660453 0.87667619 0.87674784 0.8768195  0.87689116
 0.87696281 0.87703447 0.87710613 0.87717778 0.87724944 0.8773211
 0.87739275 0.87746441 0.87753607 0.87760772 0.87767938 0.87775104
 0.87782269 0.87789435 0.87796601 0.87803766 0.87810932 0.87818098
 0.87825263 0.87832429 0.87839595 0.8784676  0.87853926 0.87861092
 0.87868257 0.87875423 0.87882589 0.87889754 0.8789692  0.87904086
 0.87911251 0.87918417 0.87925583 0.87932748 0.87939914 0.8794708
 0.87954245 0.87961411 0.87968577 0.87975742 0.87982908 0.87990074
 0.87997239 0.88004405 0.88011571 0.88018736 0.88025902 0.88033068
 0.88040233 0.88047399 0.88054565 0.8806173  0.88068896 0.88076062
 0.88083227 0.88090393 0.88097559 0.88104724 0.8811189  0.88119056
 0.88126221 0.88133387 0.88140553 0.88147718 0.88154884 0.8816205
 0.88169215 0.88176381 0.88183547 0.88190712 0.88197878 0.88205044
 0.88212209 0.88219375 0.88226541 0.88233706 0.88240872 0.88248038
 0.88255203 0.88262369 0.88269535 0.882767   0.88283866 0.88291032
 0.88298197 0.88305363 0.88312529 0.88319694 0.8832686  0.88334026
 0.88341191 0.88348357 0.88355523 0.88362688 0.88369854 0.8837702
 0.88384185 0.88391351 0.88398517 0.88405682 0.88412848 0.88420014
 0.88427179 0.88434345 0.88441511 0.88448676 0.88455842 0.88463008
 0.88470173 0.88477339 0.88484505 0.8849167  0.88498836 0.88506002
 0.88513167 0.88520333 0.88527499 0.88534664 0.8854183  0.88548996
 0.88556161 0.88563327 0.88570493 0.88577658 0.88584824 0.8859199
 0.88599155 0.88606321 0.88613487 0.88620652 0.88627818 0.88634984
 0.88642149 0.88649315 0.88656481 0.88663646 0.88670812 0.88677978
 0.88685143 0.88692309 0.88699475 0.8870664  0.88713806 0.88720972
 0.88728137 0.88735303 0.88742469 0.88749634 0.887568   0.88763966
 0.88771131 0.88778297 0.88785463 0.88792628 0.88799794 0.8880696
 0.88814125 0.88821291 0.88828457 0.88835622 0.88842788 0.88849954
 0.88857119 0.88864285 0.88871451 0.88878616 0.88885782 0.88892948
 0.88900113 0.88907279 0.88914445 0.8892161  0.88928776 0.88935942
 0.88943107 0.88950273 0.88957439 0.88964604 0.8897177  0.88978936
 0.88986101 0.88993267 0.89000433 0.89007598 0.89014764 0.8902193
 0.89029095 0.89036261 0.89043427 0.89050592 0.89057758 0.89064924
 0.89072089 0.89079255 0.89086421 0.89093586 0.89100752 0.89107918
 0.89115083 0.89122249 0.89129415 0.8913658  0.89143746 0.89150912
 0.89158077 0.89165243 0.89172409 0.89179574 0.8918674  0.89193906
 0.89201071 0.89208237 0.89215403 0.89222568 0.89229734 0.89236899
 0.89244065 0.89251231 0.89258396 0.89265562 0.89272728 0.89279893
 0.89287059 0.89294225 0.8930139  0.89308556 0.89315722 0.89322887
 0.89330053 0.89337219 0.89344384 0.8935155  0.89358716 0.89365881
 0.89373047 0.89380213 0.89387378 0.89394544 0.8940171  0.89408875
 0.89416041 0.89423207 0.89430372 0.89437538 0.89444704 0.89451869
 0.89459035 0.89466201 0.89473366 0.89480532 0.89487698 0.89494863
 0.89502029 0.89509195 0.8951636  0.89523526 0.89530692 0.89537857
 0.89545023 0.89552189 0.89559354 0.8956652  0.89573686 0.89580851
 0.89588017 0.89595183 0.89602348 0.89609514 0.8961668  0.89623845
 0.89631011 0.89638177 0.89645342 0.89652508 0.89659674 0.89666839
 0.89674005 0.89681171 0.89688336 0.89695502 0.89702668 0.89709833
 0.89716999 0.89724165 0.8973133  0.89738496 0.89745662 0.89752827
 0.89759993 0.89767159 0.89774324 0.8978149  0.89788656 0.89795821
 0.89802987 0.89810153 0.89817318 0.89824484 0.8983165  0.89838815
 0.89845981 0.89853147 0.89860312 0.89867478 0.89874644 0.89881809
 0.89888975 0.89896141 0.89903306 0.89910472 0.89917638 0.89924803
 0.89931969 0.89939135 0.899463   0.89953466 0.89960632 0.89967797
 0.89974963 0.89982129 0.89989294 0.8999646  0.90003626 0.90010791
 0.90017957 0.90025123 0.90032288 0.90039454 0.9004662  0.90053785
 0.90060951 0.90068117 0.90075282 0.90082448 0.90089614 0.90096779
 0.90103945 0.90111111 0.90118276 0.90125442 0.90132608 0.90139773
 0.90146939 0.90154105 0.9016127  0.90168436 0.90175602 0.90182767
 0.90189933 0.90197099 0.90204264 0.9021143  0.90218596 0.90225761
 0.90232927 0.90240093 0.90247258 0.90254424 0.9026159  0.90268755
 0.90275921 0.90283087 0.90290252 0.90297418 0.90304584 0.90311749
 0.90318915 0.90326081 0.90333246 0.90340412 0.90347578 0.90354743
 0.90361909 0.90369075 0.9037624  0.90383406 0.90390572 0.90397737
 0.90404903 0.90412069 0.90419234 0.904264  ]","[6.51794678e-03 6.68862908e-03 6.86346479e-03 7.04254618e-03
 7.22596730e-03 7.41382407e-03 7.60621426e-03 7.80323758e-03
 8.00499565e-03 8.21159205e-03 8.42313239e-03 8.63972428e-03
 8.86147742e-03 9.08850357e-03 9.32091666e-03 9.55883275e-03
 9.80237011e-03 1.00516492e-02 1.03067929e-02 1.05679261e-02
 1.08351764e-02 1.11086733e-02 1.13885492e-02 1.16749385e-02
 1.19679785e-02 1.22678086e-02 1.25745710e-02 1.28884105e-02
 1.32094745e-02 1.35379128e-02 1.38738784e-02 1.42175265e-02
 1.45690156e-02 1.49285066e-02 1.52961634e-02 1.56721529e-02
 1.60566449e-02 1.64498120e-02 1.68518301e-02 1.72628779e-02
 1.76831375e-02 1.81127937e-02 1.85520350e-02 1.90010528e-02
 1.94600419e-02 1.99292002e-02 2.04087294e-02 2.08988341e-02
 2.13997226e-02 2.19116068e-02 2.24347019e-02 2.29692268e-02
 2.35154040e-02 2.40734597e-02 2.46436236e-02 2.52261296e-02
 2.58212149e-02 2.64291209e-02 2.70500927e-02 2.76843795e-02
 2.83322344e-02 2.89939144e-02 2.96696809e-02 3.03597991e-02
 3.10645385e-02 3.17841729e-02 3.25189803e-02 3.32692429e-02
 3.40352475e-02 3.48172850e-02 3.56156511e-02 3.64306458e-02
 3.72625735e-02 3.81117436e-02 3.89784698e-02 3.98630705e-02
 4.07658691e-02 4.16871936e-02 4.26273769e-02 4.35867566e-02
 4.45656754e-02 4.55644810e-02 4.65835260e-02 4.76231682e-02
 4.86837704e-02 4.97657006e-02 5.08693320e-02 5.19950431e-02
 5.31432176e-02 5.43142446e-02 5.55085187e-02 5.67264397e-02
 5.79684131e-02 5.92348498e-02 6.05261664e-02 6.18427849e-02
 6.31851331e-02 6.45536445e-02 6.59487584e-02 6.73709197e-02
 6.88205793e-02 7.02981939e-02 7.18042262e-02 7.33391446e-02
 7.49034239e-02 7.64975445e-02 7.81219932e-02 7.97772628e-02
 8.14638521e-02 8.31822664e-02 8.49330170e-02 8.67166214e-02
 8.85336036e-02 9.03844938e-02 9.22698285e-02 9.41901509e-02
 9.61460103e-02 9.81379625e-02 1.00166570e-01 1.02232402e-01
 1.04336033e-01 1.06478046e-01 1.08659029e-01 1.10879577e-01
 1.13140293e-01 1.15441785e-01 1.17784667e-01 1.20169564e-01
 1.22597102e-01 1.25067918e-01 1.27582653e-01 1.30141957e-01
 1.32746487e-01 1.35396903e-01 1.38093877e-01 1.40838085e-01
 1.43630210e-01 1.46470941e-01 1.49360977e-01 1.52301021e-01
 1.55291784e-01 1.58333984e-01 1.61428345e-01 1.64575599e-01
 1.67776485e-01 1.71031747e-01 1.74342139e-01 1.77708418e-01
 1.81131352e-01 1.84611713e-01 1.88150281e-01 1.91747842e-01
 1.95405190e-01 1.99123125e-01 2.02902454e-01 2.06743990e-01
 2.10648555e-01 2.14616976e-01 2.18650086e-01 2.22748727e-01
 2.26913745e-01 2.31145994e-01 2.35446335e-01 2.39815635e-01
 2.44254767e-01 2.48764611e-01 2.53346053e-01 2.57999986e-01
 2.62727310e-01 2.67528929e-01 2.72405754e-01 2.77358704e-01
 2.82388702e-01 2.87496677e-01 2.92683566e-01 2.97950310e-01
 3.03297856e-01 3.08727158e-01 3.14239175e-01 3.19834870e-01
 3.25515214e-01 3.31281183e-01 3.37133756e-01 3.43073921e-01
 3.49102669e-01 3.55220995e-01 3.61429902e-01 3.67730395e-01
 3.74123486e-01 3.80610191e-01 3.87191529e-01 3.93868526e-01
 4.00642210e-01 4.07513616e-01 4.14483781e-01 4.21553746e-01
 4.28724557e-01 4.35997263e-01 4.43372917e-01 4.50852576e-01
 4.58437298e-01 4.66128147e-01 4.73926189e-01 4.81832493e-01
 4.89848130e-01 4.97974175e-01 5.06211704e-01 5.14561796e-01
 5.23025533e-01 5.31603998e-01 5.40298276e-01 5.49109453e-01
 5.58038618e-01 5.67086859e-01 5.76255268e-01 5.85544935e-01
 5.94956953e-01 6.04492414e-01 6.14152412e-01 6.23938039e-01
 6.33850389e-01 6.43890553e-01 6.54059626e-01 6.64358698e-01
 6.74788859e-01 6.85351201e-01 6.96046811e-01 7.06876775e-01
 7.17842180e-01 7.28944107e-01 7.40183638e-01 7.51561851e-01
 7.63079822e-01 7.74738623e-01 7.86539324e-01 7.98482990e-01
 8.10570684e-01 8.22803465e-01 8.35182386e-01 8.47708497e-01
 8.60382844e-01 8.73206466e-01 8.86180397e-01 8.99305668e-01
 9.12583302e-01 9.26014315e-01 9.39599719e-01 9.53340518e-01
 9.67237710e-01 9.81292285e-01 9.95505225e-01 1.00987751e+00
 1.02441009e+00 1.03910395e+00 1.05396002e+00 1.06897924e+00
 1.08416256e+00 1.09951088e+00 1.11502513e+00 1.13070620e+00
 1.14655499e+00 1.16257237e+00 1.17875921e+00 1.19511639e+00
 1.21164473e+00 1.22834507e+00 1.24521824e+00 1.26226504e+00
 1.27948627e+00 1.29688272e+00 1.31445515e+00 1.33220431e+00
 1.35013095e+00 1.36823579e+00 1.38651955e+00 1.40498291e+00
 1.42362656e+00 1.44245116e+00 1.46145736e+00 1.48064579e+00
 1.50001705e+00 1.51957176e+00 1.53931048e+00 1.55923378e+00
 1.57934219e+00 1.59963625e+00 1.62011645e+00 1.64078328e+00
 1.66163720e+00 1.68267866e+00 1.70390808e+00 1.72532587e+00
 1.74693241e+00 1.76872805e+00 1.79071314e+00 1.81288800e+00
 1.83525292e+00 1.85780816e+00 1.88055399e+00 1.90349062e+00
 1.92661825e+00 1.94993707e+00 1.97344723e+00 1.99714884e+00
 2.02104203e+00 2.04512686e+00 2.06940338e+00 2.09387163e+00
 2.11853160e+00 2.14338326e+00 2.16842656e+00 2.19366143e+00
 2.21908774e+00 2.24470536e+00 2.27051414e+00 2.29651386e+00
 2.32270432e+00 2.34908526e+00 2.37565640e+00 2.40241743e+00
 2.42936801e+00 2.45650777e+00 2.48383631e+00 2.51135320e+00
 2.53905797e+00 2.56695013e+00 2.59502916e+00 2.62329450e+00
 2.65174556e+00 2.68038172e+00 2.70920232e+00 2.73820669e+00
 2.76739410e+00 2.79676380e+00 2.82631500e+00 2.85604688e+00
 2.88595860e+00 2.91604927e+00 2.94631796e+00 2.97676372e+00
 3.00738557e+00 3.03818246e+00 3.06915336e+00 3.10029716e+00
 3.13161274e+00 3.16309893e+00 3.19475452e+00 3.22657830e+00
 3.25856897e+00 3.29072525e+00 3.32304577e+00 3.35552918e+00
 3.38817404e+00 3.42097892e+00 3.45394232e+00 3.48706271e+00
 3.52033855e+00 3.55376822e+00 3.58735010e+00 3.62108253e+00
 3.65496378e+00 3.68899212e+00 3.72316577e+00 3.75748291e+00
 3.79194169e+00 3.82654022e+00 3.86127657e+00 3.89614877e+00
 3.93115484e+00 3.96629273e+00 4.00156036e+00 4.03695563e+00
 4.07247640e+00 4.10812048e+00 4.14388564e+00 4.17976965e+00
 4.21577019e+00 4.25188496e+00 4.28811158e+00 4.32444766e+00
 4.36089077e+00 4.39743842e+00 4.43408813e+00 4.47083734e+00
 4.50768349e+00 4.54462396e+00 4.58165612e+00 4.61877728e+00
 4.65598472e+00 4.69327571e+00 4.73064747e+00 4.76809717e+00
 4.80562198e+00 4.84321902e+00 4.88088536e+00 4.91861808e+00
 4.95641418e+00 4.99427067e+00 5.03218451e+00 5.07015262e+00
 5.10817190e+00 5.14623922e+00 5.18435141e+00 5.22250530e+00
 5.26069765e+00 5.29892522e+00 5.33718472e+00 5.37547285e+00
 5.41378628e+00 5.45212165e+00 5.49047556e+00 5.52884460e+00
 5.56722533e+00 5.60561428e+00 5.64400796e+00 5.68240286e+00
 5.72079542e+00 5.75918210e+00 5.79755930e+00 5.83592341e+00
 5.87427079e+00 5.91259780e+00 5.95090076e+00 5.98917597e+00
 6.02741971e+00 6.06562826e+00 6.10379786e+00 6.14192473e+00
 6.18000508e+00 6.21803512e+00 6.25601100e+00 6.29392890e+00
 6.33178496e+00 6.36957531e+00 6.40729606e+00 6.44494332e+00
 6.48251318e+00 6.52000171e+00 6.55740498e+00 6.59471905e+00
 6.63193997e+00 6.66906376e+00 6.70608645e+00 6.74300406e+00
 6.77981261e+00 6.81650810e+00 6.85308653e+00 6.88954388e+00
 6.92587616e+00 6.96207934e+00 6.99814940e+00 7.03408232e+00
 7.06987409e+00 7.10552067e+00 7.14101804e+00 7.17636219e+00
 7.21154908e+00 7.24657469e+00 7.28143502e+00 7.31612603e+00
 7.35064373e+00 7.38498411e+00 7.41914317e+00 7.45311691e+00
 7.48690136e+00 7.52049253e+00 7.55388645e+00 7.58707917e+00
 7.62006674e+00 7.65284522e+00 7.68541068e+00 7.71775921e+00
 7.74988692e+00 7.78178991e+00 7.81346432e+00 7.84490629e+00
 7.87611199e+00 7.90707759e+00 7.93779929e+00 7.96827332e+00
 7.99849589e+00 8.02846328e+00 8.05817176e+00 8.08761764e+00
 8.11679722e+00 8.14570687e+00 8.17434294e+00 8.20270184e+00
 8.23077999e+00 8.25857383e+00 8.28607984e+00 8.31329453e+00
 8.34021442e+00 8.36683608e+00 8.39315610e+00 8.41917110e+00
 8.44487773e+00 8.47027269e+00 8.49535269e+00 8.52011448e+00
 8.54455486e+00 8.56867065e+00 8.59245870e+00 8.61591591e+00
 8.63903922e+00 8.66182559e+00 8.68427204e+00 8.70637561e+00
 8.72813339e+00 8.74954252e+00 8.77060015e+00 8.79130351e+00
 8.81164985e+00 8.83163646e+00 8.85126069e+00 8.87051991e+00
 8.88941157e+00 8.90793313e+00 8.92608211e+00 8.94385609e+00
 8.96125268e+00 8.97826953e+00 8.99490436e+00 9.01115493e+00
 9.02701905e+00 9.04249457e+00 9.05757939e+00 9.07227148e+00
 9.08656884e+00 9.10046954e+00 9.11397168e+00 9.12707344e+00
 9.13977302e+00 9.15206869e+00 9.16395878e+00 9.17544167e+00
 9.18651579e+00 9.19717962e+00 9.20743170e+00 9.21727063e+00
 9.22669507e+00 9.23570371e+00 9.24429533e+00 9.25246874e+00
 9.26022282e+00 9.26755650e+00 9.27446878e+00 9.28095870e+00
 9.28702537e+00 9.29266795e+00 9.29788568e+00 9.30267782e+00
 9.30704371e+00 9.31098276e+00 9.31449442e+00 9.31757821e+00
 9.32023370e+00 9.32246052e+00 9.32425836e+00 9.32562699e+00
 9.32656620e+00 9.32707587e+00 9.32715592e+00 9.32680636e+00
 9.32602722e+00 9.32481861e+00 9.32318070e+00 9.32111372e+00
 9.31861795e+00 9.31569374e+00 9.31234148e+00 9.30856165e+00
 9.30435477e+00 9.29972141e+00 9.29466221e+00 9.28917788e+00
 9.28326916e+00 9.27693687e+00 9.27018189e+00 9.26300515e+00
 9.25540762e+00 9.24739036e+00 9.23895447e+00 9.23010110e+00
 9.22083148e+00 9.21114687e+00 9.20104859e+00 9.19053805e+00
 9.17961666e+00 9.16828594e+00 9.15654742e+00 9.14440270e+00
 9.13185345e+00 9.11890137e+00 9.10554824e+00 9.09179586e+00
 9.07764610e+00 9.06310089e+00 9.04816219e+00 9.03283204e+00
 9.01711250e+00 9.00100570e+00 8.98451381e+00 8.96763907e+00
 8.95038373e+00 8.93275012e+00 8.91474061e+00 8.89635762e+00
 8.87760360e+00 8.85848106e+00 8.83899256e+00 8.81914070e+00
 8.79892811e+00 8.77835749e+00 8.75743156e+00 8.73615310e+00
 8.71452492e+00 8.69254988e+00 8.67023088e+00 8.64757084e+00
 8.62457275e+00 8.60123962e+00 8.57757451e+00 8.55358050e+00
 8.52926072e+00 8.50461834e+00 8.47965655e+00 8.45437859e+00
 8.42878773e+00 8.40288726e+00 8.37668053e+00 8.35017089e+00
 8.32336174e+00 8.29625651e+00 8.26885867e+00 8.24117168e+00
 8.21319908e+00 8.18494439e+00 8.15641119e+00 8.12760308e+00
 8.09852367e+00 8.06917661e+00 8.03956557e+00 8.00969424e+00
 7.97956633e+00 7.94918557e+00 7.91855573e+00 7.88768059e+00
 7.85656392e+00 7.82520956e+00 7.79362133e+00 7.76180307e+00
 7.72975866e+00 7.69749197e+00 7.66500690e+00 7.63230735e+00
 7.59939725e+00 7.56628052e+00 7.53296112e+00 7.49944300e+00
 7.46573012e+00 7.43182646e+00 7.39773599e+00 7.36346272e+00
 7.32901064e+00 7.29438375e+00 7.25958605e+00 7.22462157e+00
 7.18949431e+00 7.15420830e+00 7.11876757e+00 7.08317612e+00
 7.04743799e+00 7.01155720e+00 6.97553778e+00 6.93938374e+00
 6.90309911e+00 6.86668790e+00 6.83015413e+00 6.79350180e+00
 6.75673492e+00 6.71985748e+00 6.68287348e+00 6.64578691e+00
 6.60860173e+00 6.57132191e+00 6.53395142e+00 6.49649420e+00
 6.45895420e+00 6.42133533e+00 6.38364151e+00 6.34587664e+00
 6.30804462e+00 6.27014931e+00 6.23219459e+00 6.19418429e+00
 6.15612224e+00 6.11801226e+00 6.07985815e+00 6.04166368e+00
 6.00343261e+00 5.96516869e+00 5.92687564e+00 5.88855716e+00
 5.85021694e+00 5.81185864e+00 5.77348590e+00 5.73510234e+00
 5.69671155e+00 5.65831710e+00 5.61992256e+00 5.58153143e+00
 5.54314723e+00 5.50477343e+00 5.46641348e+00 5.42807081e+00
 5.38974881e+00 5.35145086e+00 5.31318029e+00 5.27494044e+00
 5.23673458e+00 5.19856599e+00 5.16043788e+00 5.12235346e+00
 5.08431591e+00 5.04632837e+00 5.00839395e+00 4.97051573e+00
 4.93269676e+00 4.89494008e+00 4.85724865e+00 4.81962544e+00
 4.78207338e+00 4.74459535e+00 4.70719421e+00 4.66987279e+00
 4.63263389e+00 4.59548025e+00 4.55841461e+00 4.52143966e+00
 4.48455805e+00 4.44777241e+00 4.41108532e+00 4.37449934e+00
 4.33801698e+00 4.30164073e+00 4.26537303e+00 4.22921630e+00
 4.19317291e+00 4.15724520e+00 4.12143548e+00 4.08574602e+00
 4.05017904e+00 4.01473674e+00 3.97942129e+00 3.94423481e+00
 3.90917937e+00 3.87425704e+00 3.83946983e+00 3.80481971e+00
 3.77030863e+00 3.73593848e+00 3.70171114e+00 3.66762844e+00
 3.63369216e+00 3.59990407e+00 3.56626589e+00 3.53277929e+00
 3.49944594e+00 3.46626743e+00 3.43324534e+00 3.40038121e+00
 3.36767654e+00 3.33513280e+00 3.30275140e+00 3.27053376e+00
 3.23848121e+00 3.20659508e+00 3.17487667e+00 3.14332720e+00
 3.11194790e+00 3.08073995e+00 3.04970449e+00 3.01884261e+00
 2.98815541e+00 2.95764391e+00 2.92730911e+00 2.89715199e+00
 2.86717347e+00 2.83737447e+00 2.80775583e+00 2.77831839e+00
 2.74906296e+00 2.71999029e+00 2.69110112e+00 2.66239614e+00
 2.63387602e+00 2.60554140e+00 2.57739287e+00 2.54943100e+00
 2.52165633e+00 2.49406937e+00 2.46667059e+00 2.43946042e+00
 2.41243929e+00 2.38560758e+00 2.35896563e+00 2.33251378e+00
 2.30625230e+00 2.28018146e+00 2.25430150e+00 2.22861262e+00
 2.20311499e+00 2.17780876e+00 2.15269406e+00 2.12777097e+00
 2.10303955e+00 2.07849985e+00 2.05415188e+00 2.02999561e+00
 2.00603101e+00 1.98225801e+00 1.95867651e+00 1.93528640e+00
 1.91208754e+00 1.88907975e+00 1.86626284e+00 1.84363659e+00
 1.82120077e+00 1.79895512e+00 1.77689934e+00 1.75503313e+00
 1.73335616e+00 1.71186807e+00 1.69056849e+00 1.66945703e+00
 1.64853327e+00 1.62779677e+00 1.60724707e+00 1.58688370e+00
 1.56670616e+00 1.54671393e+00 1.52690649e+00 1.50728327e+00
 1.48784371e+00 1.46858721e+00 1.44951317e+00 1.43062097e+00
 1.41190996e+00 1.39337948e+00 1.37502887e+00 1.35685743e+00
 1.33886447e+00 1.32104925e+00 1.30341104e+00 1.28594910e+00
 1.26866266e+00 1.25155094e+00 1.23461315e+00 1.21784850e+00
 1.20125615e+00 1.18483529e+00 1.16858506e+00 1.15250462e+00
 1.13659311e+00 1.12084964e+00 1.10527332e+00 1.08986327e+00
 1.07461856e+00 1.05953829e+00 1.04462153e+00 1.02986733e+00
 1.01527475e+00 1.00084284e+00 9.86570631e-01 9.72457150e-01
 9.58501420e-01 9.44702452e-01 9.31059252e-01 9.17570818e-01
 9.04236141e-01 8.91054207e-01 8.78023993e-01 8.65144474e-01
 8.52414617e-01 8.39833383e-01 8.27399729e-01 8.15112607e-01
 8.02970965e-01 7.90973746e-01 7.79119890e-01 7.67408330e-01
 7.55838000e-01 7.44407827e-01 7.33116738e-01 7.21963654e-01
 7.10947496e-01 7.00067182e-01 6.89321628e-01 6.78709747e-01
 6.68230451e-01 6.57882652e-01 6.47665259e-01 6.37577180e-01
 6.27617324e-01 6.17784597e-01 6.08077907e-01 5.98496161e-01
 5.89038266e-01 5.79703129e-01 5.70489657e-01 5.61396759e-01
 5.52423344e-01 5.43568322e-01 5.34830605e-01 5.26209106e-01
 5.17702738e-01 5.09310419e-01 5.01031065e-01 4.92863598e-01
 4.84806940e-01 4.76860015e-01 4.69021751e-01 4.61291078e-01
 4.53666928e-01 4.46148239e-01 4.38733948e-01 4.31422998e-01
 4.24214335e-01 4.17106909e-01 4.10099673e-01 4.03191583e-01
 3.96381600e-01 3.89668690e-01 3.83051822e-01 3.76529968e-01
 3.70102108e-01 3.63767224e-01 3.57524302e-01 3.51372335e-01
 3.45310320e-01 3.39337258e-01 3.33452156e-01 3.27654026e-01
 3.21941886e-01 3.16314757e-01 3.10771668e-01 3.05311653e-01
 2.99933749e-01 2.94637003e-01 2.89420463e-01 2.84283188e-01
 2.79224238e-01 2.74242682e-01 2.69337594e-01 2.64508054e-01
 2.59753148e-01 2.55071969e-01 2.50463616e-01 2.45927192e-01
 2.41461810e-01 2.37066588e-01 2.32740649e-01 2.28483124e-01
 2.24293150e-01 2.20169872e-01 2.16112438e-01 2.12120006e-01
 2.08191740e-01 2.04326810e-01 2.00524393e-01 1.96783673e-01
 1.93103839e-01 1.89484089e-01 1.85923628e-01 1.82421666e-01
 1.78977421e-01 1.75590117e-01 1.72258986e-01 1.68983267e-01
 1.65762203e-01 1.62595048e-01 1.59481061e-01 1.56419506e-01
 1.53409658e-01 1.50450796e-01 1.47542205e-01 1.44683181e-01
 1.41873022e-01 1.39111037e-01 1.36396539e-01 1.33728850e-01
 1.31107297e-01 1.28531215e-01 1.25999946e-01 1.23512838e-01
 1.21069245e-01 1.18668531e-01 1.16310064e-01 1.13993219e-01]",restricted_age_optimal,True,True,True,10,3,"constraints_[1, 2, 3]_remained",1151.9683683782746,1143.3994934974342,1160.537243259115,4.371955274908465,19.23936332581067,19.096252020282382,19.382474631338955,0.07301731391858654,19.23896939676408,19.095861021462703,19.38207777206545,0.07301581887738537,1.0,1.0,1.0,1.3384292909501388e-42,large,-1151.9683683782744,-1160.5372432591148,-1143.399493497434,4.371955274908465,-19.239363325810668,-19.38247463133895,-19.09625202028238,0.07301731391858654,-19.238969396764077,-19.382077772065447,-19.0958610214627,0.07301581887738537,1.895443691095107e-42,4.7254165947617905e-43,7.52588850049385e-42,1.338429290950196e-42
0.833848,0.904264,0.8737555,0.0107021557397753,3756,100.0,"[0.833848   0.83627614 0.83870428 0.84113241 0.84356055 0.84598869
 0.84841683 0.85084497 0.8532731  0.85570124 0.85812938 0.86055752
 0.86298566 0.86541379 0.86784193 0.87027007 0.87269821 0.87512634
 0.87755448 0.87998262 0.88241076 0.8848389  0.88726703 0.88969517
 0.89212331 0.89455145 0.89697959 0.89940772 0.90183586 0.904264  ]","[0.05324814 0.0798722  0.10649627 0.39936102 0.26624068 0.55910543
 0.98509052 1.35782748 1.54419595 2.60915868 3.78061768 4.15335463
 5.40468584 7.1884984  8.49307774 8.91906283 9.42492013 8.89243876
 8.33333333 7.1884984  6.28328009 4.87220447 2.98189563 2.63578275
 1.54419595 1.01171459 0.50585729 0.15974441 0.26624068]",0.0025,29,normal,0.8734560236954206,"[0.833848   0.83391849 0.83398897 0.83405946 0.83412995 0.83420043
 0.83427092 0.83434141 0.83441189 0.83448238 0.83455286 0.83462335
 0.83469384 0.83476432 0.83483481 0.8349053  0.83497578 0.83504627
 0.83511676 0.83518724 0.83525773 0.83532822 0.8353987  0.83546919
 0.83553968 0.83561016 0.83568065 0.83575114 0.83582162 0.83589211
 0.83596259 0.83603308 0.83610357 0.83617405 0.83624454 0.83631503
 0.83638551 0.836456   0.83652649 0.83659697 0.83666746 0.83673795
 0.83680843 0.83687892 0.83694941 0.83701989 0.83709038 0.83716086
 0.83723135 0.83730184 0.83737232 0.83744281 0.8375133  0.83758378
 0.83765427 0.83772476 0.83779524 0.83786573 0.83793622 0.8380067
 0.83807719 0.83814768 0.83821816 0.83828865 0.83835914 0.83842962
 0.83850011 0.83857059 0.83864108 0.83871157 0.83878205 0.83885254
 0.83892303 0.83899351 0.839064   0.83913449 0.83920497 0.83927546
 0.83934595 0.83941643 0.83948692 0.83955741 0.83962789 0.83969838
 0.83976886 0.83983935 0.83990984 0.83998032 0.84005081 0.8401213
 0.84019178 0.84026227 0.84033276 0.84040324 0.84047373 0.84054422
 0.8406147  0.84068519 0.84075568 0.84082616 0.84089665 0.84096714
 0.84103762 0.84110811 0.84117859 0.84124908 0.84131957 0.84139005
 0.84146054 0.84153103 0.84160151 0.841672   0.84174249 0.84181297
 0.84188346 0.84195395 0.84202443 0.84209492 0.84216541 0.84223589
 0.84230638 0.84237686 0.84244735 0.84251784 0.84258832 0.84265881
 0.8427293  0.84279978 0.84287027 0.84294076 0.84301124 0.84308173
 0.84315222 0.8432227  0.84329319 0.84336368 0.84343416 0.84350465
 0.84357514 0.84364562 0.84371611 0.84378659 0.84385708 0.84392757
 0.84399805 0.84406854 0.84413903 0.84420951 0.84428    0.84435049
 0.84442097 0.84449146 0.84456195 0.84463243 0.84470292 0.84477341
 0.84484389 0.84491438 0.84498486 0.84505535 0.84512584 0.84519632
 0.84526681 0.8453373  0.84540778 0.84547827 0.84554876 0.84561924
 0.84568973 0.84576022 0.8458307  0.84590119 0.84597168 0.84604216
 0.84611265 0.84618314 0.84625362 0.84632411 0.84639459 0.84646508
 0.84653557 0.84660605 0.84667654 0.84674703 0.84681751 0.846888
 0.84695849 0.84702897 0.84709946 0.84716995 0.84724043 0.84731092
 0.84738141 0.84745189 0.84752238 0.84759286 0.84766335 0.84773384
 0.84780432 0.84787481 0.8479453  0.84801578 0.84808627 0.84815676
 0.84822724 0.84829773 0.84836822 0.8484387  0.84850919 0.84857968
 0.84865016 0.84872065 0.84879114 0.84886162 0.84893211 0.84900259
 0.84907308 0.84914357 0.84921405 0.84928454 0.84935503 0.84942551
 0.849496   0.84956649 0.84963697 0.84970746 0.84977795 0.84984843
 0.84991892 0.84998941 0.85005989 0.85013038 0.85020086 0.85027135
 0.85034184 0.85041232 0.85048281 0.8505533  0.85062378 0.85069427
 0.85076476 0.85083524 0.85090573 0.85097622 0.8510467  0.85111719
 0.85118768 0.85125816 0.85132865 0.85139914 0.85146962 0.85154011
 0.85161059 0.85168108 0.85175157 0.85182205 0.85189254 0.85196303
 0.85203351 0.852104   0.85217449 0.85224497 0.85231546 0.85238595
 0.85245643 0.85252692 0.85259741 0.85266789 0.85273838 0.85280886
 0.85287935 0.85294984 0.85302032 0.85309081 0.8531613  0.85323178
 0.85330227 0.85337276 0.85344324 0.85351373 0.85358422 0.8536547
 0.85372519 0.85379568 0.85386616 0.85393665 0.85400714 0.85407762
 0.85414811 0.85421859 0.85428908 0.85435957 0.85443005 0.85450054
 0.85457103 0.85464151 0.854712   0.85478249 0.85485297 0.85492346
 0.85499395 0.85506443 0.85513492 0.85520541 0.85527589 0.85534638
 0.85541686 0.85548735 0.85555784 0.85562832 0.85569881 0.8557693
 0.85583978 0.85591027 0.85598076 0.85605124 0.85612173 0.85619222
 0.8562627  0.85633319 0.85640368 0.85647416 0.85654465 0.85661514
 0.85668562 0.85675611 0.85682659 0.85689708 0.85696757 0.85703805
 0.85710854 0.85717903 0.85724951 0.85732    0.85739049 0.85746097
 0.85753146 0.85760195 0.85767243 0.85774292 0.85781341 0.85788389
 0.85795438 0.85802486 0.85809535 0.85816584 0.85823632 0.85830681
 0.8583773  0.85844778 0.85851827 0.85858876 0.85865924 0.85872973
 0.85880022 0.8588707  0.85894119 0.85901168 0.85908216 0.85915265
 0.85922314 0.85929362 0.85936411 0.85943459 0.85950508 0.85957557
 0.85964605 0.85971654 0.85978703 0.85985751 0.859928   0.85999849
 0.86006897 0.86013946 0.86020995 0.86028043 0.86035092 0.86042141
 0.86049189 0.86056238 0.86063286 0.86070335 0.86077384 0.86084432
 0.86091481 0.8609853  0.86105578 0.86112627 0.86119676 0.86126724
 0.86133773 0.86140822 0.8614787  0.86154919 0.86161968 0.86169016
 0.86176065 0.86183114 0.86190162 0.86197211 0.86204259 0.86211308
 0.86218357 0.86225405 0.86232454 0.86239503 0.86246551 0.862536
 0.86260649 0.86267697 0.86274746 0.86281795 0.86288843 0.86295892
 0.86302941 0.86309989 0.86317038 0.86324086 0.86331135 0.86338184
 0.86345232 0.86352281 0.8635933  0.86366378 0.86373427 0.86380476
 0.86387524 0.86394573 0.86401622 0.8640867  0.86415719 0.86422768
 0.86429816 0.86436865 0.86443914 0.86450962 0.86458011 0.86465059
 0.86472108 0.86479157 0.86486205 0.86493254 0.86500303 0.86507351
 0.865144   0.86521449 0.86528497 0.86535546 0.86542595 0.86549643
 0.86556692 0.86563741 0.86570789 0.86577838 0.86584886 0.86591935
 0.86598984 0.86606032 0.86613081 0.8662013  0.86627178 0.86634227
 0.86641276 0.86648324 0.86655373 0.86662422 0.8666947  0.86676519
 0.86683568 0.86690616 0.86697665 0.86704714 0.86711762 0.86718811
 0.86725859 0.86732908 0.86739957 0.86747005 0.86754054 0.86761103
 0.86768151 0.867752   0.86782249 0.86789297 0.86796346 0.86803395
 0.86810443 0.86817492 0.86824541 0.86831589 0.86838638 0.86845686
 0.86852735 0.86859784 0.86866832 0.86873881 0.8688093  0.86887978
 0.86895027 0.86902076 0.86909124 0.86916173 0.86923222 0.8693027
 0.86937319 0.86944368 0.86951416 0.86958465 0.86965514 0.86972562
 0.86979611 0.86986659 0.86993708 0.87000757 0.87007805 0.87014854
 0.87021903 0.87028951 0.87036    0.87043049 0.87050097 0.87057146
 0.87064195 0.87071243 0.87078292 0.87085341 0.87092389 0.87099438
 0.87106486 0.87113535 0.87120584 0.87127632 0.87134681 0.8714173
 0.87148778 0.87155827 0.87162876 0.87169924 0.87176973 0.87184022
 0.8719107  0.87198119 0.87205168 0.87212216 0.87219265 0.87226314
 0.87233362 0.87240411 0.87247459 0.87254508 0.87261557 0.87268605
 0.87275654 0.87282703 0.87289751 0.872968   0.87303849 0.87310897
 0.87317946 0.87324995 0.87332043 0.87339092 0.87346141 0.87353189
 0.87360238 0.87367286 0.87374335 0.87381384 0.87388432 0.87395481
 0.8740253  0.87409578 0.87416627 0.87423676 0.87430724 0.87437773
 0.87444822 0.8745187  0.87458919 0.87465968 0.87473016 0.87480065
 0.87487114 0.87494162 0.87501211 0.87508259 0.87515308 0.87522357
 0.87529405 0.87536454 0.87543503 0.87550551 0.875576   0.87564649
 0.87571697 0.87578746 0.87585795 0.87592843 0.87599892 0.87606941
 0.87613989 0.87621038 0.87628086 0.87635135 0.87642184 0.87649232
 0.87656281 0.8766333  0.87670378 0.87677427 0.87684476 0.87691524
 0.87698573 0.87705622 0.8771267  0.87719719 0.87726768 0.87733816
 0.87740865 0.87747914 0.87754962 0.87762011 0.87769059 0.87776108
 0.87783157 0.87790205 0.87797254 0.87804303 0.87811351 0.878184
 0.87825449 0.87832497 0.87839546 0.87846595 0.87853643 0.87860692
 0.87867741 0.87874789 0.87881838 0.87888886 0.87895935 0.87902984
 0.87910032 0.87917081 0.8792413  0.87931178 0.87938227 0.87945276
 0.87952324 0.87959373 0.87966422 0.8797347  0.87980519 0.87987568
 0.87994616 0.88001665 0.88008714 0.88015762 0.88022811 0.88029859
 0.88036908 0.88043957 0.88051005 0.88058054 0.88065103 0.88072151
 0.880792   0.88086249 0.88093297 0.88100346 0.88107395 0.88114443
 0.88121492 0.88128541 0.88135589 0.88142638 0.88149686 0.88156735
 0.88163784 0.88170832 0.88177881 0.8818493  0.88191978 0.88199027
 0.88206076 0.88213124 0.88220173 0.88227222 0.8823427  0.88241319
 0.88248368 0.88255416 0.88262465 0.88269514 0.88276562 0.88283611
 0.88290659 0.88297708 0.88304757 0.88311805 0.88318854 0.88325903
 0.88332951 0.8834     0.88347049 0.88354097 0.88361146 0.88368195
 0.88375243 0.88382292 0.88389341 0.88396389 0.88403438 0.88410486
 0.88417535 0.88424584 0.88431632 0.88438681 0.8844573  0.88452778
 0.88459827 0.88466876 0.88473924 0.88480973 0.88488022 0.8849507
 0.88502119 0.88509168 0.88516216 0.88523265 0.88530314 0.88537362
 0.88544411 0.88551459 0.88558508 0.88565557 0.88572605 0.88579654
 0.88586703 0.88593751 0.886008   0.88607849 0.88614897 0.88621946
 0.88628995 0.88636043 0.88643092 0.88650141 0.88657189 0.88664238
 0.88671286 0.88678335 0.88685384 0.88692432 0.88699481 0.8870653
 0.88713578 0.88720627 0.88727676 0.88734724 0.88741773 0.88748822
 0.8875587  0.88762919 0.88769968 0.88777016 0.88784065 0.88791114
 0.88798162 0.88805211 0.88812259 0.88819308 0.88826357 0.88833405
 0.88840454 0.88847503 0.88854551 0.888616   0.88868649 0.88875697
 0.88882746 0.88889795 0.88896843 0.88903892 0.88910941 0.88917989
 0.88925038 0.88932086 0.88939135 0.88946184 0.88953232 0.88960281
 0.8896733  0.88974378 0.88981427 0.88988476 0.88995524 0.89002573
 0.89009622 0.8901667  0.89023719 0.89030768 0.89037816 0.89044865
 0.89051914 0.89058962 0.89066011 0.89073059 0.89080108 0.89087157
 0.89094205 0.89101254 0.89108303 0.89115351 0.891224   0.89129449
 0.89136497 0.89143546 0.89150595 0.89157643 0.89164692 0.89171741
 0.89178789 0.89185838 0.89192886 0.89199935 0.89206984 0.89214032
 0.89221081 0.8922813  0.89235178 0.89242227 0.89249276 0.89256324
 0.89263373 0.89270422 0.8927747  0.89284519 0.89291568 0.89298616
 0.89305665 0.89312714 0.89319762 0.89326811 0.89333859 0.89340908
 0.89347957 0.89355005 0.89362054 0.89369103 0.89376151 0.893832
 0.89390249 0.89397297 0.89404346 0.89411395 0.89418443 0.89425492
 0.89432541 0.89439589 0.89446638 0.89453686 0.89460735 0.89467784
 0.89474832 0.89481881 0.8948893  0.89495978 0.89503027 0.89510076
 0.89517124 0.89524173 0.89531222 0.8953827  0.89545319 0.89552368
 0.89559416 0.89566465 0.89573514 0.89580562 0.89587611 0.89594659
 0.89601708 0.89608757 0.89615805 0.89622854 0.89629903 0.89636951
 0.89644    0.89651049 0.89658097 0.89665146 0.89672195 0.89679243
 0.89686292 0.89693341 0.89700389 0.89707438 0.89714486 0.89721535
 0.89728584 0.89735632 0.89742681 0.8974973  0.89756778 0.89763827
 0.89770876 0.89777924 0.89784973 0.89792022 0.8979907  0.89806119
 0.89813168 0.89820216 0.89827265 0.89834314 0.89841362 0.89848411
 0.89855459 0.89862508 0.89869557 0.89876605 0.89883654 0.89890703
 0.89897751 0.899048   0.89911849 0.89918897 0.89925946 0.89932995
 0.89940043 0.89947092 0.89954141 0.89961189 0.89968238 0.89975286
 0.89982335 0.89989384 0.89996432 0.90003481 0.9001053  0.90017578
 0.90024627 0.90031676 0.90038724 0.90045773 0.90052822 0.9005987
 0.90066919 0.90073968 0.90081016 0.90088065 0.90095114 0.90102162
 0.90109211 0.90116259 0.90123308 0.90130357 0.90137405 0.90144454
 0.90151503 0.90158551 0.901656   0.90172649 0.90179697 0.90186746
 0.90193795 0.90200843 0.90207892 0.90214941 0.90221989 0.90229038
 0.90236086 0.90243135 0.90250184 0.90257232 0.90264281 0.9027133
 0.90278378 0.90285427 0.90292476 0.90299524 0.90306573 0.90313622
 0.9032067  0.90327719 0.90334768 0.90341816 0.90348865 0.90355914
 0.90362962 0.90370011 0.90377059 0.90384108 0.90391157 0.90398205
 0.90405254 0.90412303 0.90419351 0.904264  ]","[0.00960412 0.00984089 0.01008305 0.01033072 0.01058402 0.01084306
 0.01110796 0.01137884 0.01165581 0.01193901 0.01222856 0.01252459
 0.01282723 0.01313661 0.01345287 0.01377615 0.01410658 0.01444432
 0.01478949 0.01514226 0.01550277 0.01587118 0.01624763 0.01663229
 0.01702533 0.01742689 0.01783715 0.01825628 0.01868444 0.01912182
 0.01956858 0.02002492 0.02049101 0.02096704 0.02145319 0.02194967
 0.02245666 0.02297436 0.02350299 0.02404273 0.02459379 0.0251564
 0.02573077 0.0263171  0.02691563 0.02752657 0.02815017 0.02878664
 0.02943622 0.03009916 0.03077569 0.03146606 0.03217053 0.03288934
 0.03362275 0.03437103 0.03513443 0.03591323 0.03670771 0.03751813
 0.03834478 0.03918794 0.04004791 0.04092497 0.04181943 0.04273158
 0.04366173 0.0446102  0.04557729 0.04656333 0.04756864 0.04859354
 0.04963838 0.05070347 0.05178918 0.05289584 0.0540238  0.05517343
 0.05634507 0.0575391  0.05875588 0.05999579 0.06125921 0.06254652
 0.06385812 0.06519439 0.06655573 0.06794256 0.06935527 0.07079428
 0.07226002 0.07375291 0.07527337 0.07682185 0.07839878 0.08000461
 0.08163979 0.08330478 0.08500003 0.08672603 0.08848323 0.09027212
 0.09209318 0.0939469  0.09583378 0.09775432 0.09970901 0.10169839
 0.10372295 0.10578323 0.10787975 0.11001306 0.11218368 0.11439217
 0.11663907 0.11892495 0.12125037 0.1236159  0.12602211 0.12846958
 0.13095891 0.13349068 0.1360655  0.13868396 0.14134668 0.14405427
 0.14680737 0.14960659 0.15245257 0.15534595 0.15828738 0.1612775
 0.16431698 0.16740649 0.17054668 0.17373825 0.17698186 0.1802782
 0.18362798 0.18703189 0.19049063 0.19400492 0.19757547 0.20120301
 0.20488826 0.20863196 0.21243485 0.21629767 0.22022119 0.22420614
 0.22825331 0.23236345 0.23653734 0.24077576 0.2450795  0.24944934
 0.25388608 0.25839053 0.26296349 0.26760577 0.2723182  0.27710158
 0.28195676 0.28688456 0.29188583 0.29696139 0.30211212 0.30733885
 0.31264244 0.31802376 0.32348367 0.32902304 0.33464276 0.3403437
 0.34612674 0.35199278 0.3579427  0.36397742 0.37009782 0.37630481
 0.3825993  0.38898221 0.39545446 0.40201695 0.40867062 0.41541639
 0.4222552  0.42918797 0.43621564 0.44333916 0.45055946 0.45787749
 0.46529419 0.47281053 0.48042744 0.48814588 0.49596681 0.50389118
 0.51191996 0.52005411 0.5282946  0.53664237 0.54509841 0.55366367
 0.56233913 0.57112575 0.5800245  0.58903635 0.59816227 0.60740323
 0.6167602  0.62623415 0.63582604 0.64553685 0.65536754 0.66531907
 0.67539242 0.68558855 0.69590841 0.70635298 0.7169232  0.72762004
 0.73844444 0.74939737 0.76047977 0.77169258 0.78303675 0.79451322
 0.80612293 0.8178668  0.82974577 0.84176075 0.85391268 0.86620246
 0.878631   0.89119922 0.903908   0.91675825 0.92975084 0.94288667
 0.95616662 0.96959154 0.9831623  0.99687976 1.01074477 1.02475816
 1.03892078 1.05323344 1.06769696 1.08231215 1.09707982 1.11200074
 1.12707571 1.14230549 1.15769084 1.17323253 1.18893128 1.20478783
 1.2208029  1.23697719 1.25331141 1.26980624 1.28646235 1.30328041
 1.32026106 1.33740494 1.35471267 1.37218486 1.3898221  1.40762498
 1.42559407 1.44372992 1.46203306 1.48050402 1.4991433  1.51795141
 1.5369288  1.55607596 1.57539331 1.59488128 1.61454029 1.63437072
 1.65437296 1.67454735 1.69489423 1.71541394 1.73610676 1.75697298
 1.77801286 1.79922664 1.82061456 1.84217681 1.86391357 1.88582501
 1.90791127 1.93017248 1.95260871 1.97522007 1.99800659 2.02096832
 2.04410526 2.06741739 2.09090469 2.1145671  2.13840453 2.16241687
 2.186604   2.21096575 2.23550196 2.26021241 2.28509688 2.31015511
 2.33538681 2.3607917  2.38636942 2.41211963 2.43804194 2.46413593
 2.49040117 2.5168372  2.54344352 2.57021961 2.59716492 2.62427888
 2.65156089 2.6790103  2.70662647 2.73440869 2.76235626 2.79046843
 2.81874441 2.84718341 2.87578459 2.90454709 2.93347    2.96255242
 2.99179337 3.02119188 3.05074694 3.08045749 3.11032246 3.14034076
 3.17051123 3.20083271 3.231304   3.26192387 3.29269107 3.32360429
 3.35466222 3.3858635  3.41720674 3.44869053 3.48031342 3.51207393
 3.54397054 3.57600171 3.60816587 3.64046141 3.67288669 3.70544004
 3.73811976 3.77092412 3.80385135 3.83689966 3.87006721 3.90335215
 3.93675259 3.97026661 4.00389225 4.03762754 4.07147045 4.10541893
 4.13947092 4.1736243  4.20787694 4.24222666 4.27667127 4.31120853
 4.34583619 4.38055196 4.41535351 4.4502385  4.48520455 4.52024924
 4.55537015 4.5905648  4.6258307  4.66116533 4.69656613 4.73203052
 4.7675559  4.80313963 4.83877904 4.87447145 4.91021414 4.94600436
 4.98183935 5.01771631 5.05363242 5.08958483 5.12557067 5.16158704
 5.19763103 5.23369968 5.26979003 5.30589909 5.34202384 5.37816124
 5.41430824 5.45046175 5.48661866 5.52277586 5.5589302  5.59507851
 5.6312176  5.66734428 5.70345532 5.73954747 5.77561748 5.81166207
 5.84767794 5.88366178 5.91961026 5.95552003 5.99138775 6.02721002
 6.06298348 6.0987047  6.13437028 6.16997679 6.20552078 6.24099881
 6.27640741 6.3117431  6.3470024  6.38218183 6.41727786 6.452287
 6.48720572 6.5220305  6.5567578  6.59138408 6.6259058  6.6603194
 6.69462134 6.72880805 6.76287597 6.79682154 6.83064119 6.86433135
 6.89788846 6.93130894 6.96458923 6.99772576 7.03071496 7.06355327
 7.09623714 7.128763   7.1611273  7.19332649 7.22535703 7.2572154
 7.28889804 7.32040146 7.35172212 7.38285654 7.4138012  7.44455263
 7.47510735 7.50546189 7.53561281 7.56555667 7.59529004 7.62480951
 7.65411168 7.68319317 7.71205061 7.74068066 7.76907998 7.79724526
 7.82517319 7.85286051 7.88030396 7.90750029 7.93444629 7.96113877
 7.98757456 8.0137505  8.03966347 8.06531036 8.09068811 8.11579365
 8.14062397 8.16517606 8.18944694 8.21343369 8.23713337 8.2605431
 8.28366003 8.30648132 8.32900418 8.35122584 8.37314358 8.39475468
 8.41605648 8.43704634 8.45772167 8.47807989 8.49811848 8.51783494
 8.5372268  8.55629165 8.5750271  8.5934308  8.61150044 8.62923374
 8.64662849 8.66368248 8.68039355 8.69675961 8.71277857 8.72844841
 8.74376713 8.7587328  8.7733435  8.78759737 8.80149261 8.81502743
 8.82820011 8.84100896 8.85345234 8.86552865 8.87723636 8.88857395
 8.89953996 8.910133   8.92035168 8.93019471 8.9396608  8.94874874
 8.95745735 8.96578552 8.97373215 8.98129623 8.98847678 8.99527286
 9.00168359 9.00770815 9.01334576 9.01859567 9.02345722 9.02792976
 9.03201272 9.03570557 9.03900783 9.04191906 9.0444389  9.04656701
 9.04830311 9.04964698 9.05059845 9.05115738 9.05132372 9.05109743
 9.05047855 9.04946715 9.04806337 9.04626739 9.04407945 9.04149982
 9.03852885 9.03516692 9.03141447 9.02727198 9.02274    9.01781911
 9.01250995 9.00681321 9.00072962 8.99425999 8.98740514 8.98016597
 8.97254341 8.96453845 8.95615212 8.9473855  8.93823974 8.92871601
 8.91881554 8.9085396  8.89788953 8.88686668 8.87547248 8.86370839
 8.85157592 8.83907662 8.82621211 8.81298402 8.79939405 8.78544394
 8.77113545 8.75647043 8.74145073 8.72607826 8.71035498 8.69428289
 8.67786401 8.66110043 8.64399427 8.62654768 8.60876287 8.59064207
 8.57218756 8.55340166 8.53428672 8.51484513 8.49507933 8.47499177
 8.45458496 8.43386144 8.41282377 8.39147457 8.36981647 8.34785215
 8.32558431 8.3030157  8.28014908 8.25698726 8.23353307 8.20978936
 8.18575904 8.16144502 8.13685026 8.11197772 8.08683041 8.06141137
 8.03572364 8.00977032 7.9835545  7.95707931 7.93034791 7.90336347
 7.8761292  7.8486483  7.82092403 7.79295964 7.76475841 7.73632364
 7.70765866 7.67876678 7.64965138 7.6203158  7.59076345 7.56099772
 7.53102202 7.50083978 7.47045445 7.43986946 7.4090883  7.37811444
 7.34695136 7.31560256 7.28407155 7.25236184 7.22047696 7.18842043
 7.1561958  7.1238066  7.09125638 7.0585487  7.02568712 6.99267519
 6.95951648 6.92621455 6.89277297 6.85919532 6.82548515 6.79164605
 6.75768156 6.72359527 6.68939073 6.65507152 6.62064117 6.58610326
 6.55146132 6.51671891 6.48187956 6.4469468  6.41192417 6.37681517
 6.34162332 6.30635213 6.27100507 6.23558565 6.20009733 6.16454356
 6.12892781 6.09325352 6.0575241  6.02174297 5.98591353 5.95003918
 5.91412328 5.87816918 5.84218024 5.80615977 5.77011109 5.73403749
 5.69794224 5.6618286  5.62569982 5.58955911 5.55340967 5.51725469
 5.48109734 5.44494074 5.40878803 5.3726423  5.33650663 5.30038408
 5.26427768 5.22819045 5.19212537 5.15608541 5.12007351 5.08409259
 5.04814554 5.01223523 4.97636449 4.94053616 4.90475302 4.86901783
 4.83333334 4.79770225 4.76212727 4.72661103 4.69115618 4.65576532
 4.62044102 4.58518584 4.55000229 4.51489286 4.47986002 4.44490619
 4.41003379 4.37524519 4.34054273 4.30592872 4.27140546 4.2369752
 4.20264016 4.16840254 4.1342645  4.10022819 4.06629569 4.03246908
 3.99875041 3.96514169 3.93164489 3.89826196 3.86499482 3.83184536
 3.79881542 3.76590684 3.7331214  3.70046087 3.66792696 3.63552139
 3.6032458  3.57110185 3.53909112 3.5072152  3.47547561 3.44387387
 3.41241144 3.38108979 3.34991031 3.31887439 3.28798338 3.2572386
 3.22664133 3.19619284 3.16589434 3.13574703 3.10575208 3.07591061
 3.04622374 3.01669252 2.987318   2.9581012  2.92904308 2.9001446
 2.87140668 2.84283021 2.81441605 2.78616503 2.75807795 2.73015558
 2.70239866 2.67480792 2.64738403 2.62012764 2.5930394  2.56611989
 2.53936969 2.51278934 2.48637936 2.46014024 2.43407243 2.40817638
 2.38245249 2.35690113 2.33152267 2.30631744 2.28128573 2.25642782
 2.23174396 2.20723438 2.18289928 2.15873883 2.13475319 2.11094248
 2.08730681 2.06384625 2.04056087 2.01745068 1.99451571 1.97175594
 1.94917133 1.92676183 1.90452735 1.88246779 1.86058303 1.83887293
 1.81733731 1.795976   1.77478878 1.75377544 1.73293571 1.71226935
 1.69177605 1.67145553 1.65130745 1.63133147 1.61152724 1.59189438
 1.57243248 1.55314115 1.53401995 1.51506843 1.49628614 1.47767259
 1.45922729 1.44094973 1.42283938 1.40489571 1.38711816 1.36950616
 1.35205912 1.33477645 1.31765754 1.30070176 1.28390847 1.26727703
 1.25080677 1.23449702 1.21834708 1.20235626 1.18652386 1.17084914
 1.15533138 1.13996983 1.12476374 1.10971234 1.09481487 1.08007054
 1.06547856 1.05103813 1.03674843 1.02260866 1.00861798 0.99477555
 0.98108055 0.96753211 0.95412939 0.94087151 0.9277576  0.9147868
 0.90195822 0.88927096 0.87672413 0.86431683 0.85204816 0.83991721
 0.82792305 0.81606477 0.80434145 0.79275215 0.78129594 0.76997189
 0.75877905 0.74771649 0.73678325 0.72597838 0.71530094 0.70474997
 0.69432451 0.6840236  0.67384628 0.6637916  0.65385858 0.64404626
 0.63435367 0.62477985 0.61532383 0.60598464 0.59676131 0.58765287
 0.57865835 0.56977678 0.5610072  0.55234863 0.54380011 0.53536067
 0.52702934 0.51880516 0.51068716 0.50267438 0.49476587 0.48696065
 0.47925777 0.47165628 0.46415523 0.45675365 0.44945061 0.44224515
 0.43513633 0.42812321 0.42120484 0.4143803  0.40764866 0.40100897
 0.39446032 0.38800178 0.38163243 0.37535135 0.36915764 0.36305038
 0.35702868 0.35109162 0.34523831 0.33946786 0.33377939 0.32817199
 0.32264481 0.31719696 0.31182756 0.30653576 0.3013207  0.29618151
 0.29111734 0.28612734 0.28121069 0.27636653 0.27159403 0.26689237
 0.26226073 0.25769828 0.25320422 0.24877775 0.24441805 0.24012434
 0.23589582 0.23173172 0.22763124 0.22359363 0.2196181  0.21570391
 0.21185028 0.20805648 0.20432175 0.20064536 0.19702657 0.19346466
 0.1899589  0.18650858 0.18311298 0.17977141 0.17648316 0.17324754
 0.17006386 0.16693145 0.16384963 0.16081773 0.15783508 0.15490103
 0.15201493 0.14917613 0.146384   0.14363789]",restricted_age_optimal,True,True,True,10,3,"constraints_[1, 2, 4]_remained",1113.5351346256848,1105.2076861342211,1121.8625831171485,4.248776282191643,19.187466202210555,19.043974873098318,19.330957531322777,0.0732112070650649,19.18707039664911,19.043582027524682,19.33055876577352,0.0732096968394514,1.0,1.0,1.0,2.2093907183590774e-42,large,-1113.5351346256846,-1121.8625831171482,-1105.207686134221,4.248776282191641,-19.187466202210548,-19.330957531322774,-19.043974873098314,0.07321120706506487,-19.1870703966491,-19.330558765773517,-19.04358202752468,0.07320969683945137,3.12893892221281e-42,7.800585493076292e-43,1.242280523022727e-41,2.2093907183591708e-42
0.832679,0.904264,0.8747119999999999,0.0109288657680885,4293,100.0,"[0.832679   0.83514745 0.8376159  0.84008434 0.84255279 0.84502124
 0.84748969 0.84995814 0.85242659 0.85489503 0.85736348 0.85983193
 0.86230038 0.86476883 0.86723728 0.86970572 0.87217417 0.87464262
 0.87711107 0.87957952 0.88204797 0.88451641 0.88698486 0.88945331
 0.89192176 0.89439021 0.89685866 0.8993271  0.90179555 0.904264  ]","[0.04658747 0.09317494 0.02329373 0.23293734 0.30281854 0.46587468
 0.79198696 1.04821803 1.37433031 2.09643606 3.21453529 3.79687864
 4.89168414 6.1029583  7.94316329 8.5022129  8.80503145 9.27090613
 8.59538784 7.33752621 6.94153273 5.52061495 4.40251572 3.35429769
 2.63219194 1.0948055  0.53575588 0.37269974 0.20964361]",0.0025,29,normal,0.874371983461449,"[0.832679   0.83275066 0.83282231 0.83289397 0.83296563 0.83303728
 0.83310894 0.8331806  0.83325225 0.83332391 0.83339557 0.83346722
 0.83353888 0.83361054 0.83368219 0.83375385 0.83382551 0.83389716
 0.83396882 0.83404048 0.83411213 0.83418379 0.83425545 0.8343271
 0.83439876 0.83447042 0.83454207 0.83461373 0.83468539 0.83475704
 0.8348287  0.83490036 0.83497201 0.83504367 0.83511533 0.83518698
 0.83525864 0.8353303  0.83540195 0.83547361 0.83554527 0.83561692
 0.83568858 0.83576024 0.83583189 0.83590355 0.83597521 0.83604686
 0.83611852 0.83619018 0.83626183 0.83633349 0.83640515 0.8364768
 0.83654846 0.83662012 0.83669177 0.83676343 0.83683509 0.83690674
 0.8369784  0.83705006 0.83712171 0.83719337 0.83726503 0.83733668
 0.83740834 0.83748    0.83755165 0.83762331 0.83769497 0.83776662
 0.83783828 0.83790994 0.83798159 0.83805325 0.83812491 0.83819656
 0.83826822 0.83833988 0.83841153 0.83848319 0.83855485 0.8386265
 0.83869816 0.83876982 0.83884147 0.83891313 0.83898479 0.83905644
 0.8391281  0.83919976 0.83927141 0.83934307 0.83941473 0.83948638
 0.83955804 0.8396297  0.83970135 0.83977301 0.83984467 0.83991632
 0.83998798 0.84005964 0.84013129 0.84020295 0.84027461 0.84034626
 0.84041792 0.84048958 0.84056123 0.84063289 0.84070455 0.8407762
 0.84084786 0.84091952 0.84099117 0.84106283 0.84113449 0.84120614
 0.8412778  0.84134946 0.84142111 0.84149277 0.84156443 0.84163608
 0.84170774 0.8417794  0.84185105 0.84192271 0.84199437 0.84206602
 0.84213768 0.84220934 0.84228099 0.84235265 0.84242431 0.84249596
 0.84256762 0.84263928 0.84271093 0.84278259 0.84285425 0.8429259
 0.84299756 0.84306922 0.84314087 0.84321253 0.84328419 0.84335584
 0.8434275  0.84349916 0.84357081 0.84364247 0.84371413 0.84378578
 0.84385744 0.8439291  0.84400075 0.84407241 0.84414407 0.84421572
 0.84428738 0.84435904 0.84443069 0.84450235 0.84457401 0.84464566
 0.84471732 0.84478897 0.84486063 0.84493229 0.84500394 0.8450756
 0.84514726 0.84521891 0.84529057 0.84536223 0.84543388 0.84550554
 0.8455772  0.84564885 0.84572051 0.84579217 0.84586382 0.84593548
 0.84600714 0.84607879 0.84615045 0.84622211 0.84629376 0.84636542
 0.84643708 0.84650873 0.84658039 0.84665205 0.8467237  0.84679536
 0.84686702 0.84693867 0.84701033 0.84708199 0.84715364 0.8472253
 0.84729696 0.84736861 0.84744027 0.84751193 0.84758358 0.84765524
 0.8477269  0.84779855 0.84787021 0.84794187 0.84801352 0.84808518
 0.84815684 0.84822849 0.84830015 0.84837181 0.84844346 0.84851512
 0.84858678 0.84865843 0.84873009 0.84880175 0.8488734  0.84894506
 0.84901672 0.84908837 0.84916003 0.84923169 0.84930334 0.849375
 0.84944666 0.84951831 0.84958997 0.84966163 0.84973328 0.84980494
 0.8498766  0.84994825 0.85001991 0.85009157 0.85016322 0.85023488
 0.85030654 0.85037819 0.85044985 0.85052151 0.85059316 0.85066482
 0.85073648 0.85080813 0.85087979 0.85095145 0.8510231  0.85109476
 0.85116642 0.85123807 0.85130973 0.85138139 0.85145304 0.8515247
 0.85159636 0.85166801 0.85173967 0.85181133 0.85188298 0.85195464
 0.8520263  0.85209795 0.85216961 0.85224127 0.85231292 0.85238458
 0.85245624 0.85252789 0.85259955 0.85267121 0.85274286 0.85281452
 0.85288618 0.85295783 0.85302949 0.85310115 0.8531728  0.85324446
 0.85331612 0.85338777 0.85345943 0.85353109 0.85360274 0.8536744
 0.85374606 0.85381771 0.85388937 0.85396103 0.85403268 0.85410434
 0.854176   0.85424765 0.85431931 0.85439097 0.85446262 0.85453428
 0.85460594 0.85467759 0.85474925 0.85482091 0.85489256 0.85496422
 0.85503588 0.85510753 0.85517919 0.85525085 0.8553225  0.85539416
 0.85546582 0.85553747 0.85560913 0.85568079 0.85575244 0.8558241
 0.85589576 0.85596741 0.85603907 0.85611073 0.85618238 0.85625404
 0.8563257  0.85639735 0.85646901 0.85654067 0.85661232 0.85668398
 0.85675564 0.85682729 0.85689895 0.85697061 0.85704226 0.85711392
 0.85718558 0.85725723 0.85732889 0.85740055 0.8574722  0.85754386
 0.85761552 0.85768717 0.85775883 0.85783049 0.85790214 0.8579738
 0.85804546 0.85811711 0.85818877 0.85826043 0.85833208 0.85840374
 0.8584754  0.85854705 0.85861871 0.85869037 0.85876202 0.85883368
 0.85890534 0.85897699 0.85904865 0.85912031 0.85919196 0.85926362
 0.85933528 0.85940693 0.85947859 0.85955025 0.8596219  0.85969356
 0.85976522 0.85983687 0.85990853 0.85998019 0.86005184 0.8601235
 0.86019516 0.86026681 0.86033847 0.86041013 0.86048178 0.86055344
 0.8606251  0.86069675 0.86076841 0.86084007 0.86091172 0.86098338
 0.86105504 0.86112669 0.86119835 0.86127001 0.86134166 0.86141332
 0.86148498 0.86155663 0.86162829 0.86169995 0.8617716  0.86184326
 0.86191492 0.86198657 0.86205823 0.86212989 0.86220154 0.8622732
 0.86234486 0.86241651 0.86248817 0.86255983 0.86263148 0.86270314
 0.8627748  0.86284645 0.86291811 0.86298977 0.86306142 0.86313308
 0.86320474 0.86327639 0.86334805 0.86341971 0.86349136 0.86356302
 0.86363468 0.86370633 0.86377799 0.86384965 0.8639213  0.86399296
 0.86406462 0.86413627 0.86420793 0.86427959 0.86435124 0.8644229
 0.86449456 0.86456621 0.86463787 0.86470953 0.86478118 0.86485284
 0.8649245  0.86499615 0.86506781 0.86513947 0.86521112 0.86528278
 0.86535444 0.86542609 0.86549775 0.86556941 0.86564106 0.86571272
 0.86578438 0.86585603 0.86592769 0.86599935 0.866071   0.86614266
 0.86621432 0.86628597 0.86635763 0.86642929 0.86650094 0.8665726
 0.86664426 0.86671591 0.86678757 0.86685923 0.86693088 0.86700254
 0.8670742  0.86714585 0.86721751 0.86728917 0.86736082 0.86743248
 0.86750414 0.86757579 0.86764745 0.86771911 0.86779076 0.86786242
 0.86793408 0.86800573 0.86807739 0.86814905 0.8682207  0.86829236
 0.86836402 0.86843567 0.86850733 0.86857898 0.86865064 0.8687223
 0.86879395 0.86886561 0.86893727 0.86900892 0.86908058 0.86915224
 0.86922389 0.86929555 0.86936721 0.86943886 0.86951052 0.86958218
 0.86965383 0.86972549 0.86979715 0.8698688  0.86994046 0.87001212
 0.87008377 0.87015543 0.87022709 0.87029874 0.8703704  0.87044206
 0.87051371 0.87058537 0.87065703 0.87072868 0.87080034 0.870872
 0.87094365 0.87101531 0.87108697 0.87115862 0.87123028 0.87130194
 0.87137359 0.87144525 0.87151691 0.87158856 0.87166022 0.87173188
 0.87180353 0.87187519 0.87194685 0.8720185  0.87209016 0.87216182
 0.87223347 0.87230513 0.87237679 0.87244844 0.8725201  0.87259176
 0.87266341 0.87273507 0.87280673 0.87287838 0.87295004 0.8730217
 0.87309335 0.87316501 0.87323667 0.87330832 0.87337998 0.87345164
 0.87352329 0.87359495 0.87366661 0.87373826 0.87380992 0.87388158
 0.87395323 0.87402489 0.87409655 0.8741682  0.87423986 0.87431152
 0.87438317 0.87445483 0.87452649 0.87459814 0.8746698  0.87474146
 0.87481311 0.87488477 0.87495643 0.87502808 0.87509974 0.8751714
 0.87524305 0.87531471 0.87538637 0.87545802 0.87552968 0.87560134
 0.87567299 0.87574465 0.87581631 0.87588796 0.87595962 0.87603128
 0.87610293 0.87617459 0.87624625 0.8763179  0.87638956 0.87646122
 0.87653287 0.87660453 0.87667619 0.87674784 0.8768195  0.87689116
 0.87696281 0.87703447 0.87710613 0.87717778 0.87724944 0.8773211
 0.87739275 0.87746441 0.87753607 0.87760772 0.87767938 0.87775104
 0.87782269 0.87789435 0.87796601 0.87803766 0.87810932 0.87818098
 0.87825263 0.87832429 0.87839595 0.8784676  0.87853926 0.87861092
 0.87868257 0.87875423 0.87882589 0.87889754 0.8789692  0.87904086
 0.87911251 0.87918417 0.87925583 0.87932748 0.87939914 0.8794708
 0.87954245 0.87961411 0.87968577 0.87975742 0.87982908 0.87990074
 0.87997239 0.88004405 0.88011571 0.88018736 0.88025902 0.88033068
 0.88040233 0.88047399 0.88054565 0.8806173  0.88068896 0.88076062
 0.88083227 0.88090393 0.88097559 0.88104724 0.8811189  0.88119056
 0.88126221 0.88133387 0.88140553 0.88147718 0.88154884 0.8816205
 0.88169215 0.88176381 0.88183547 0.88190712 0.88197878 0.88205044
 0.88212209 0.88219375 0.88226541 0.88233706 0.88240872 0.88248038
 0.88255203 0.88262369 0.88269535 0.882767   0.88283866 0.88291032
 0.88298197 0.88305363 0.88312529 0.88319694 0.8832686  0.88334026
 0.88341191 0.88348357 0.88355523 0.88362688 0.88369854 0.8837702
 0.88384185 0.88391351 0.88398517 0.88405682 0.88412848 0.88420014
 0.88427179 0.88434345 0.88441511 0.88448676 0.88455842 0.88463008
 0.88470173 0.88477339 0.88484505 0.8849167  0.88498836 0.88506002
 0.88513167 0.88520333 0.88527499 0.88534664 0.8854183  0.88548996
 0.88556161 0.88563327 0.88570493 0.88577658 0.88584824 0.8859199
 0.88599155 0.88606321 0.88613487 0.88620652 0.88627818 0.88634984
 0.88642149 0.88649315 0.88656481 0.88663646 0.88670812 0.88677978
 0.88685143 0.88692309 0.88699475 0.8870664  0.88713806 0.88720972
 0.88728137 0.88735303 0.88742469 0.88749634 0.887568   0.88763966
 0.88771131 0.88778297 0.88785463 0.88792628 0.88799794 0.8880696
 0.88814125 0.88821291 0.88828457 0.88835622 0.88842788 0.88849954
 0.88857119 0.88864285 0.88871451 0.88878616 0.88885782 0.88892948
 0.88900113 0.88907279 0.88914445 0.8892161  0.88928776 0.88935942
 0.88943107 0.88950273 0.88957439 0.88964604 0.8897177  0.88978936
 0.88986101 0.88993267 0.89000433 0.89007598 0.89014764 0.8902193
 0.89029095 0.89036261 0.89043427 0.89050592 0.89057758 0.89064924
 0.89072089 0.89079255 0.89086421 0.89093586 0.89100752 0.89107918
 0.89115083 0.89122249 0.89129415 0.8913658  0.89143746 0.89150912
 0.89158077 0.89165243 0.89172409 0.89179574 0.8918674  0.89193906
 0.89201071 0.89208237 0.89215403 0.89222568 0.89229734 0.89236899
 0.89244065 0.89251231 0.89258396 0.89265562 0.89272728 0.89279893
 0.89287059 0.89294225 0.8930139  0.89308556 0.89315722 0.89322887
 0.89330053 0.89337219 0.89344384 0.8935155  0.89358716 0.89365881
 0.89373047 0.89380213 0.89387378 0.89394544 0.8940171  0.89408875
 0.89416041 0.89423207 0.89430372 0.89437538 0.89444704 0.89451869
 0.89459035 0.89466201 0.89473366 0.89480532 0.89487698 0.89494863
 0.89502029 0.89509195 0.8951636  0.89523526 0.89530692 0.89537857
 0.89545023 0.89552189 0.89559354 0.8956652  0.89573686 0.89580851
 0.89588017 0.89595183 0.89602348 0.89609514 0.8961668  0.89623845
 0.89631011 0.89638177 0.89645342 0.89652508 0.89659674 0.89666839
 0.89674005 0.89681171 0.89688336 0.89695502 0.89702668 0.89709833
 0.89716999 0.89724165 0.8973133  0.89738496 0.89745662 0.89752827
 0.89759993 0.89767159 0.89774324 0.8978149  0.89788656 0.89795821
 0.89802987 0.89810153 0.89817318 0.89824484 0.8983165  0.89838815
 0.89845981 0.89853147 0.89860312 0.89867478 0.89874644 0.89881809
 0.89888975 0.89896141 0.89903306 0.89910472 0.89917638 0.89924803
 0.89931969 0.89939135 0.899463   0.89953466 0.89960632 0.89967797
 0.89974963 0.89982129 0.89989294 0.8999646  0.90003626 0.90010791
 0.90017957 0.90025123 0.90032288 0.90039454 0.9004662  0.90053785
 0.90060951 0.90068117 0.90075282 0.90082448 0.90089614 0.90096779
 0.90103945 0.90111111 0.90118276 0.90125442 0.90132608 0.90139773
 0.90146939 0.90154105 0.9016127  0.90168436 0.90175602 0.90182767
 0.90189933 0.90197099 0.90204264 0.9021143  0.90218596 0.90225761
 0.90232927 0.90240093 0.90247258 0.90254424 0.9026159  0.90268755
 0.90275921 0.90283087 0.90290252 0.90297418 0.90304584 0.90311749
 0.90318915 0.90326081 0.90333246 0.90340412 0.90347578 0.90354743
 0.90361909 0.90369075 0.9037624  0.90383406 0.90390572 0.90397737
 0.90404903 0.90412069 0.90419234 0.904264  ]","[6.22939891e-03 6.38704394e-03 6.54839692e-03 6.71353746e-03
 6.88254672e-03 7.05550735e-03 7.23250362e-03 7.41362135e-03
 7.59894798e-03 7.78857259e-03 7.98258593e-03 8.18108044e-03
 8.38415025e-03 8.59189128e-03 8.80440117e-03 9.02177938e-03
 9.24412719e-03 9.47154772e-03 9.70414599e-03 9.94202889e-03
 1.01853053e-02 1.04340859e-02 1.06884837e-02 1.09486133e-02
 1.12145917e-02 1.14865377e-02 1.17645726e-02 1.20488193e-02
 1.23394033e-02 1.26364521e-02 1.29400956e-02 1.32504657e-02
 1.35676968e-02 1.38919256e-02 1.42232910e-02 1.45619345e-02
 1.49079999e-02 1.52616334e-02 1.56229839e-02 1.59922025e-02
 1.63694432e-02 1.67548623e-02 1.71486190e-02 1.75508747e-02
 1.79617941e-02 1.83815440e-02 1.88102945e-02 1.92482181e-02
 1.96954903e-02 2.01522894e-02 2.06187968e-02 2.10951964e-02
 2.15816755e-02 2.20784242e-02 2.25856357e-02 2.31035062e-02
 2.36322351e-02 2.41720249e-02 2.47230813e-02 2.52856133e-02
 2.58598330e-02 2.64459559e-02 2.70442009e-02 2.76547902e-02
 2.82779493e-02 2.89139073e-02 2.95628969e-02 3.02251539e-02
 3.09009182e-02 3.15904329e-02 3.22939450e-02 3.30117049e-02
 3.37439669e-02 3.44909891e-02 3.52530333e-02 3.60303652e-02
 3.68232542e-02 3.76319738e-02 3.84568015e-02 3.92980184e-02
 4.01559101e-02 4.10307660e-02 4.19228797e-02 4.28325488e-02
 4.37600752e-02 4.47057650e-02 4.56699285e-02 4.66528804e-02
 4.76549396e-02 4.86764294e-02 4.97176777e-02 5.07790164e-02
 5.18607824e-02 5.29633168e-02 5.40869653e-02 5.52320782e-02
 5.63990105e-02 5.75881218e-02 5.87997763e-02 6.00343431e-02
 6.12921961e-02 6.25737138e-02 6.38792797e-02 6.52092821e-02
 6.65641144e-02 6.79441745e-02 6.93498658e-02 7.07815964e-02
 7.22397795e-02 7.37248334e-02 7.52371815e-02 7.67772523e-02
 7.83454796e-02 7.99423022e-02 8.15681643e-02 8.32235153e-02
 8.49088098e-02 8.66245079e-02 8.83710749e-02 9.01489815e-02
 9.19587038e-02 9.38007234e-02 9.56755273e-02 9.75836078e-02
 9.95254631e-02 1.01501596e-01 1.03512517e-01 1.05558739e-01
 1.07640784e-01 1.09759176e-01 1.11914447e-01 1.14107134e-01
 1.16337780e-01 1.18606933e-01 1.20915148e-01 1.23262984e-01
 1.25651007e-01 1.28079787e-01 1.30549902e-01 1.33061935e-01
 1.35616474e-01 1.38214114e-01 1.40855454e-01 1.43541101e-01
 1.46271665e-01 1.49047766e-01 1.51870025e-01 1.54739072e-01
 1.57655541e-01 1.60620075e-01 1.63633318e-01 1.66695923e-01
 1.69808549e-01 1.72971860e-01 1.76186524e-01 1.79453217e-01
 1.82772622e-01 1.86145424e-01 1.89572316e-01 1.93053997e-01
 1.96591171e-01 2.00184548e-01 2.03834843e-01 2.07542777e-01
 2.11309078e-01 2.15134478e-01 2.19019714e-01 2.22965531e-01
 2.26972677e-01 2.31041907e-01 2.35173981e-01 2.39369664e-01
 2.43629729e-01 2.47954949e-01 2.52346108e-01 2.56803993e-01
 2.61329394e-01 2.65923110e-01 2.70585943e-01 2.75318700e-01
 2.80122194e-01 2.84997243e-01 2.89944668e-01 2.94965299e-01
 3.00059966e-01 3.05229506e-01 3.10474762e-01 3.15796579e-01
 3.21195808e-01 3.26673306e-01 3.32229930e-01 3.37866547e-01
 3.43584023e-01 3.49383233e-01 3.55265051e-01 3.61230360e-01
 3.67280043e-01 3.73414990e-01 3.79636093e-01 3.85944248e-01
 3.92340353e-01 3.98825314e-01 4.05400035e-01 4.12065428e-01
 4.18822404e-01 4.25671880e-01 4.32614775e-01 4.39652010e-01
 4.46784511e-01 4.54013205e-01 4.61339022e-01 4.68762893e-01
 4.76285753e-01 4.83908540e-01 4.91632190e-01 4.99457646e-01
 5.07385850e-01 5.15417744e-01 5.23554275e-01 5.31796390e-01
 5.40145036e-01 5.48601162e-01 5.57165719e-01 5.65839656e-01
 5.74623926e-01 5.83519480e-01 5.92527270e-01 6.01648247e-01
 6.10883365e-01 6.20233576e-01 6.29699829e-01 6.39283078e-01
 6.48984271e-01 6.58804359e-01 6.68744290e-01 6.78805010e-01
 6.88987466e-01 6.99292602e-01 7.09721360e-01 7.20274679e-01
 7.30953499e-01 7.41758756e-01 7.52691381e-01 7.63752306e-01
 7.74942458e-01 7.86262761e-01 7.97714136e-01 8.09297500e-01
 8.21013768e-01 8.32863847e-01 8.44848644e-01 8.56969058e-01
 8.69225987e-01 8.81620322e-01 8.94152947e-01 9.06824745e-01
 9.19636589e-01 9.32589351e-01 9.45683892e-01 9.58921069e-01
 9.72301734e-01 9.85826730e-01 9.99496894e-01 1.01331305e+00
 1.02727603e+00 1.04138665e+00 1.05564570e+00 1.07005399e+00
 1.08461231e+00 1.09932144e+00 1.11418215e+00 1.12919520e+00
 1.14436135e+00 1.15968134e+00 1.17515591e+00 1.19078577e+00
 1.20657164e+00 1.22251422e+00 1.23861421e+00 1.25487228e+00
 1.27128909e+00 1.28786532e+00 1.30460159e+00 1.32149855e+00
 1.33855681e+00 1.35577697e+00 1.37315964e+00 1.39070538e+00
 1.40841477e+00 1.42628836e+00 1.44432668e+00 1.46253025e+00
 1.48089959e+00 1.49943519e+00 1.51813752e+00 1.53700705e+00
 1.55604422e+00 1.57524946e+00 1.59462318e+00 1.61416579e+00
 1.63387765e+00 1.65375914e+00 1.67381059e+00 1.69403233e+00
 1.71442468e+00 1.73498791e+00 1.75572230e+00 1.77662811e+00
 1.79770557e+00 1.81895488e+00 1.84037625e+00 1.86196984e+00
 1.88373582e+00 1.90567430e+00 1.92778542e+00 1.95006925e+00
 1.97252586e+00 1.99515531e+00 2.01795762e+00 2.04093279e+00
 2.06408080e+00 2.08740162e+00 2.11089518e+00 2.13456139e+00
 2.15840014e+00 2.18241130e+00 2.20659471e+00 2.23095019e+00
 2.25547753e+00 2.28017650e+00 2.30504685e+00 2.33008829e+00
 2.35530052e+00 2.38068320e+00 2.40623599e+00 2.43195849e+00
 2.45785030e+00 2.48391098e+00 2.51014007e+00 2.53653709e+00
 2.56310151e+00 2.58983279e+00 2.61673037e+00 2.64379364e+00
 2.67102198e+00 2.69841474e+00 2.72597124e+00 2.75369077e+00
 2.78157258e+00 2.80961592e+00 2.83781999e+00 2.86618396e+00
 2.89470699e+00 2.92338818e+00 2.95222664e+00 2.98122141e+00
 3.01037154e+00 3.03967602e+00 3.06913381e+00 3.09874387e+00
 3.12850511e+00 3.15841639e+00 3.18847658e+00 3.21868450e+00
 3.24903893e+00 3.27953863e+00 3.31018234e+00 3.34096875e+00
 3.37189653e+00 3.40296431e+00 3.43417071e+00 3.46551431e+00
 3.49699363e+00 3.52860721e+00 3.56035351e+00 3.59223100e+00
 3.62423810e+00 3.65637320e+00 3.68863465e+00 3.72102078e+00
 3.75352991e+00 3.78616028e+00 3.81891013e+00 3.85177769e+00
 3.88476111e+00 3.91785854e+00 3.95106809e+00 3.98438786e+00
 4.01781588e+00 4.05135019e+00 4.08498878e+00 4.11872960e+00
 4.15257059e+00 4.18650965e+00 4.22054465e+00 4.25467344e+00
 4.28889382e+00 4.32320358e+00 4.35760047e+00 4.39208221e+00
 4.42664651e+00 4.46129103e+00 4.49601340e+00 4.53081123e+00
 4.56568210e+00 4.60062358e+00 4.63563317e+00 4.67070839e+00
 4.70584669e+00 4.74104552e+00 4.77630229e+00 4.81161440e+00
 4.84697921e+00 4.88239404e+00 4.91785622e+00 4.95336302e+00
 4.98891170e+00 5.02449950e+00 5.06012362e+00 5.09578125e+00
 5.13146955e+00 5.16718565e+00 5.20292666e+00 5.23868968e+00
 5.27447177e+00 5.31026998e+00 5.34608131e+00 5.38190278e+00
 5.41773137e+00 5.45356402e+00 5.48939767e+00 5.52522924e+00
 5.56105563e+00 5.59687371e+00 5.63268034e+00 5.66847235e+00
 5.70424658e+00 5.73999981e+00 5.77572883e+00 5.81143042e+00
 5.84710131e+00 5.88273826e+00 5.91833798e+00 5.95389716e+00
 5.98941251e+00 6.02488070e+00 6.06029839e+00 6.09566223e+00
 6.13096886e+00 6.16621490e+00 6.20139696e+00 6.23651164e+00
 6.27155555e+00 6.30652524e+00 6.34141731e+00 6.37622830e+00
 6.41095478e+00 6.44559329e+00 6.48014037e+00 6.51459255e+00
 6.54894635e+00 6.58319830e+00 6.61734490e+00 6.65138268e+00
 6.68530813e+00 6.71911777e+00 6.75280808e+00 6.78637557e+00
 6.81981673e+00 6.85312806e+00 6.88630605e+00 6.91934721e+00
 6.95224801e+00 6.98500497e+00 7.01761458e+00 7.05007334e+00
 7.08237776e+00 7.11452435e+00 7.14650961e+00 7.17833007e+00
 7.20998226e+00 7.24146270e+00 7.27276793e+00 7.30389450e+00
 7.33483896e+00 7.36559787e+00 7.39616780e+00 7.42654534e+00
 7.45672708e+00 7.48670962e+00 7.51648957e+00 7.54606358e+00
 7.57542827e+00 7.60458031e+00 7.63351637e+00 7.66223313e+00
 7.69072728e+00 7.71899556e+00 7.74703470e+00 7.77484144e+00
 7.80241256e+00 7.82974485e+00 7.85683511e+00 7.88368018e+00
 7.91027691e+00 7.93662217e+00 7.96271285e+00 7.98854587e+00
 8.01411817e+00 8.03942671e+00 8.06446848e+00 8.08924048e+00
 8.11373977e+00 8.13796341e+00 8.16190847e+00 8.18557210e+00
 8.20895142e+00 8.23204362e+00 8.25484590e+00 8.27735549e+00
 8.29956966e+00 8.32148570e+00 8.34310094e+00 8.36441274e+00
 8.38541848e+00 8.40611559e+00 8.42650153e+00 8.44657379e+00
 8.46632988e+00 8.48576738e+00 8.50488387e+00 8.52367699e+00
 8.54214441e+00 8.56028383e+00 8.57809299e+00 8.59556968e+00
 8.61271170e+00 8.62951693e+00 8.64598325e+00 8.66210860e+00
 8.67789096e+00 8.69332835e+00 8.70841882e+00 8.72316047e+00
 8.73755145e+00 8.75158993e+00 8.76527414e+00 8.77860236e+00
 8.79157289e+00 8.80418408e+00 8.81643434e+00 8.82832212e+00
 8.83984589e+00 8.85100420e+00 8.86179562e+00 8.87221877e+00
 8.88227234e+00 8.89195502e+00 8.90126559e+00 8.91020286e+00
 8.91876568e+00 8.92695295e+00 8.93476363e+00 8.94219671e+00
 8.94925125e+00 8.95592633e+00 8.96222109e+00 8.96813474e+00
 8.97366651e+00 8.97881569e+00 8.98358161e+00 8.98796367e+00
 8.99196129e+00 8.99557397e+00 8.99880124e+00 9.00164268e+00
 9.00409793e+00 9.00616667e+00 9.00784863e+00 9.00914360e+00
 9.01005141e+00 9.01057194e+00 9.01070513e+00 9.01045095e+00
 9.00980945e+00 9.00878070e+00 9.00736483e+00 9.00556204e+00
 9.00337255e+00 9.00079664e+00 8.99783465e+00 8.99448695e+00
 8.99075398e+00 8.98663623e+00 8.98213421e+00 8.97724851e+00
 8.97197976e+00 8.96632864e+00 8.96029586e+00 8.95388222e+00
 8.94708852e+00 8.93991565e+00 8.93236452e+00 8.92443611e+00
 8.91613142e+00 8.90745153e+00 8.89839754e+00 8.88897061e+00
 8.87917195e+00 8.86900281e+00 8.85846448e+00 8.84755832e+00
 8.83628571e+00 8.82464808e+00 8.81264692e+00 8.80028375e+00
 8.78756015e+00 8.77447772e+00 8.76103813e+00 8.74724308e+00
 8.73309430e+00 8.71859360e+00 8.70374280e+00 8.68854376e+00
 8.67299842e+00 8.65710871e+00 8.64087664e+00 8.62430424e+00
 8.60739359e+00 8.59014680e+00 8.57256603e+00 8.55465348e+00
 8.53641137e+00 8.51784197e+00 8.49894759e+00 8.47973058e+00
 8.46019331e+00 8.44033820e+00 8.42016771e+00 8.39968430e+00
 8.37889052e+00 8.35778890e+00 8.33638205e+00 8.31467257e+00
 8.29266312e+00 8.27035639e+00 8.24775508e+00 8.22486195e+00
 8.20167977e+00 8.17821134e+00 8.15445950e+00 8.13042711e+00
 8.10611707e+00 8.08153228e+00 8.05667570e+00 8.03155028e+00
 8.00615904e+00 7.98050498e+00 7.95459115e+00 7.92842062e+00
 7.90199648e+00 7.87532185e+00 7.84839985e+00 7.82123365e+00
 7.79382642e+00 7.76618136e+00 7.73830169e+00 7.71019063e+00
 7.68185145e+00 7.65328741e+00 7.62450180e+00 7.59549793e+00
 7.56627911e+00 7.53684868e+00 7.50720999e+00 7.47736639e+00
 7.44732127e+00 7.41707801e+00 7.38664001e+00 7.35601068e+00
 7.32519345e+00 7.29419174e+00 7.26300900e+00 7.23164867e+00
 7.20011422e+00 7.16840910e+00 7.13653679e+00 7.10450076e+00
 7.07230450e+00 7.03995150e+00 7.00744525e+00 6.97478924e+00
 6.94198697e+00 6.90904196e+00 6.87595769e+00 6.84273767e+00
 6.80938541e+00 6.77590441e+00 6.74229819e+00 6.70857023e+00
 6.67472404e+00 6.64076313e+00 6.60669099e+00 6.57251110e+00
 6.53822697e+00 6.50384206e+00 6.46935987e+00 6.43478387e+00
 6.40011751e+00 6.36536426e+00 6.33052758e+00 6.29561089e+00
 6.26061765e+00 6.22555127e+00 6.19041518e+00 6.15521277e+00
 6.11994745e+00 6.08462259e+00 6.04924157e+00 6.01380774e+00
 5.97832447e+00 5.94279507e+00 5.90722287e+00 5.87161117e+00
 5.83596327e+00 5.80028243e+00 5.76457193e+00 5.72883500e+00
 5.69307487e+00 5.65729475e+00 5.62149783e+00 5.58568728e+00
 5.54986627e+00 5.51403793e+00 5.47820537e+00 5.44237170e+00
 5.40653999e+00 5.37071331e+00 5.33489468e+00 5.29908712e+00
 5.26329363e+00 5.22751718e+00 5.19176072e+00 5.15602718e+00
 5.12031945e+00 5.08464043e+00 5.04899296e+00 5.01337988e+00
 4.97780400e+00 4.94226810e+00 4.90677495e+00 4.87132727e+00
 4.83592777e+00 4.80057914e+00 4.76528404e+00 4.73004508e+00
 4.69486488e+00 4.65974601e+00 4.62469102e+00 4.58970244e+00
 4.55478275e+00 4.51993442e+00 4.48515990e+00 4.45046160e+00
 4.41584189e+00 4.38130312e+00 4.34684763e+00 4.31247772e+00
 4.27819563e+00 4.24400362e+00 4.20990390e+00 4.17589863e+00
 4.14198998e+00 4.10818005e+00 4.07447094e+00 4.04086471e+00
 4.00736338e+00 3.97396896e+00 3.94068341e+00 3.90750867e+00
 3.87444665e+00 3.84149922e+00 3.80866824e+00 3.77595551e+00
 3.74336282e+00 3.71089193e+00 3.67854455e+00 3.64632239e+00
 3.61422710e+00 3.58226031e+00 3.55042363e+00 3.51871861e+00
 3.48714681e+00 3.45570972e+00 3.42440883e+00 3.39324557e+00
 3.36222136e+00 3.33133759e+00 3.30059561e+00 3.26999675e+00
 3.23954228e+00 3.20923349e+00 3.17907158e+00 3.14905778e+00
 3.11919324e+00 3.08947910e+00 3.05991649e+00 3.03050647e+00
 3.00125009e+00 2.97214838e+00 2.94320233e+00 2.91441289e+00
 2.88578100e+00 2.85730756e+00 2.82899344e+00 2.80083949e+00
 2.77284652e+00 2.74501531e+00 2.71734663e+00 2.68984120e+00
 2.66249972e+00 2.63532287e+00 2.60831129e+00 2.58146559e+00
 2.55478636e+00 2.52827417e+00 2.50192955e+00 2.47575301e+00
 2.44974503e+00 2.42390605e+00 2.39823652e+00 2.37273682e+00
 2.34740734e+00 2.32224842e+00 2.29726039e+00 2.27244354e+00
 2.24779815e+00 2.22332447e+00 2.19902271e+00 2.17489309e+00
 2.15093576e+00 2.12715089e+00 2.10353859e+00 2.08009898e+00
 2.05683213e+00 2.03373810e+00 2.01081692e+00 1.98806861e+00
 1.96549314e+00 1.94309051e+00 1.92086063e+00 1.89880345e+00
 1.87691886e+00 1.85520674e+00 1.83366695e+00 1.81229935e+00
 1.79110373e+00 1.77007991e+00 1.74922767e+00 1.72854677e+00
 1.70803694e+00 1.68769791e+00 1.66752939e+00 1.64753107e+00
 1.62770260e+00 1.60804364e+00 1.58855383e+00 1.56923277e+00
 1.55008007e+00 1.53109531e+00 1.51227805e+00 1.49362785e+00
 1.47514423e+00 1.45682672e+00 1.43867482e+00 1.42068801e+00
 1.40286577e+00 1.38520755e+00 1.36771281e+00 1.35038096e+00
 1.33321143e+00 1.31620362e+00 1.29935692e+00 1.28267070e+00
 1.26614433e+00 1.24977717e+00 1.23356855e+00 1.21751780e+00
 1.20162424e+00 1.18588718e+00 1.17030590e+00 1.15487969e+00
 1.13960783e+00 1.12448958e+00 1.10952419e+00 1.09471091e+00
 1.08004897e+00 1.06553760e+00 1.05117600e+00 1.03696340e+00
 1.02289898e+00 1.00898195e+00 9.95211479e-01 9.81586747e-01
 9.68106922e-01 9.54771165e-01 9.41578631e-01 9.28528466e-01
 9.15619812e-01 9.02851804e-01 8.90223570e-01 8.77734233e-01
 8.65382912e-01 8.53168718e-01 8.41090759e-01 8.29148137e-01
 8.17339951e-01 8.05665292e-01 7.94123252e-01 7.82712915e-01
 7.71433363e-01 7.60283673e-01 7.49262922e-01 7.38370179e-01
 7.27604515e-01 7.16964994e-01 7.06450682e-01 6.96060637e-01
 6.85793921e-01 6.75649590e-01 6.65626699e-01 6.55724302e-01
 6.45941452e-01 6.36277199e-01 6.26730596e-01 6.17300689e-01
 6.07986530e-01 5.98787165e-01 5.89701643e-01 5.80729011e-01
 5.71868318e-01 5.63118612e-01 5.54478941e-01 5.45948354e-01
 5.37525900e-01 5.29210630e-01 5.21001596e-01 5.12897849e-01
 5.04898443e-01 4.97002433e-01 4.89208877e-01 4.81516831e-01
 4.73925356e-01 4.66433515e-01 4.59040371e-01 4.51744990e-01
 4.44546441e-01 4.37443795e-01 4.30436125e-01 4.23522507e-01
 4.16702022e-01 4.09973749e-01 4.03336775e-01 3.96790188e-01
 3.90333077e-01 3.83964539e-01 3.77683671e-01 3.71489575e-01
 3.65381355e-01 3.59358120e-01 3.53418984e-01 3.47563062e-01
 3.41789476e-01 3.36097349e-01 3.30485810e-01 3.24953993e-01
 3.19501034e-01 3.14126075e-01 3.08828263e-01 3.03606747e-01
 2.98460683e-01 2.93389230e-01 2.88391554e-01 2.83466823e-01
 2.78614212e-01 2.73832900e-01 2.69122070e-01 2.64480912e-01
 2.59908619e-01 2.55404392e-01 2.50967434e-01 2.46596954e-01
 2.42292168e-01 2.38052296e-01 2.33876563e-01 2.29764200e-01
 2.25714443e-01 2.21726533e-01 2.17799718e-01 2.13933251e-01]",restricted_age_optimal,True,True,True,10,3,"constraints_[1, 3, 4]_remained",1190.9760301960007,1182.1621959862932,1199.7898644057082,4.496936820895587,19.33671349623757,19.19361188663725,19.479815105837893,0.07301236692566256,19.336320417679723,19.19322171706258,19.479419118296864,0.07301088272329788,1.0,1.0,1.0,5.234012963657692e-43,large,-1190.9760301960007,-1199.7898644057082,-1182.1621959862932,4.496936820895587,-19.33671349623757,-19.479815105837893,-19.19361188663725,0.07301236692566256,-19.336320417679723,-19.479419118296864,-19.19322171706258,0.07301088272329788,7.37582390405999e-43,1.8262965552184497e-43,2.9486705890548855e-42,5.234012963657692e-43
0.832679,0.904264,0.873705,0.0108363113921886,4244,100.0,"[0.832679   0.83514745 0.8376159  0.84008434 0.84255279 0.84502124
 0.84748969 0.84995814 0.85242659 0.85489503 0.85736348 0.85983193
 0.86230038 0.86476883 0.86723728 0.86970572 0.87217417 0.87464262
 0.87711107 0.87957952 0.88204797 0.88451641 0.88698486 0.88945331
 0.89192176 0.89439021 0.89685866 0.8993271  0.90179555 0.904264  ]","[0.04712535 0.07068803 0.04712535 0.3063148  0.4005655  0.47125353
 0.89538172 1.17813384 1.55513666 2.40339303 3.29877474 4.26484449
 5.30160226 6.8803016  8.38831291 8.93025448 9.2130066  9.00094251
 8.43543827 7.04524034 6.36192271 4.97172479 3.69934025 3.01602262
 2.04995287 1.03675778 0.4005655  0.18850141 0.14137606]",0.0025,29,normal,0.873420383600377,"[0.832679   0.83275066 0.83282231 0.83289397 0.83296563 0.83303728
 0.83310894 0.8331806  0.83325225 0.83332391 0.83339557 0.83346722
 0.83353888 0.83361054 0.83368219 0.83375385 0.83382551 0.83389716
 0.83396882 0.83404048 0.83411213 0.83418379 0.83425545 0.8343271
 0.83439876 0.83447042 0.83454207 0.83461373 0.83468539 0.83475704
 0.8348287  0.83490036 0.83497201 0.83504367 0.83511533 0.83518698
 0.83525864 0.8353303  0.83540195 0.83547361 0.83554527 0.83561692
 0.83568858 0.83576024 0.83583189 0.83590355 0.83597521 0.83604686
 0.83611852 0.83619018 0.83626183 0.83633349 0.83640515 0.8364768
 0.83654846 0.83662012 0.83669177 0.83676343 0.83683509 0.83690674
 0.8369784  0.83705006 0.83712171 0.83719337 0.83726503 0.83733668
 0.83740834 0.83748    0.83755165 0.83762331 0.83769497 0.83776662
 0.83783828 0.83790994 0.83798159 0.83805325 0.83812491 0.83819656
 0.83826822 0.83833988 0.83841153 0.83848319 0.83855485 0.8386265
 0.83869816 0.83876982 0.83884147 0.83891313 0.83898479 0.83905644
 0.8391281  0.83919976 0.83927141 0.83934307 0.83941473 0.83948638
 0.83955804 0.8396297  0.83970135 0.83977301 0.83984467 0.83991632
 0.83998798 0.84005964 0.84013129 0.84020295 0.84027461 0.84034626
 0.84041792 0.84048958 0.84056123 0.84063289 0.84070455 0.8407762
 0.84084786 0.84091952 0.84099117 0.84106283 0.84113449 0.84120614
 0.8412778  0.84134946 0.84142111 0.84149277 0.84156443 0.84163608
 0.84170774 0.8417794  0.84185105 0.84192271 0.84199437 0.84206602
 0.84213768 0.84220934 0.84228099 0.84235265 0.84242431 0.84249596
 0.84256762 0.84263928 0.84271093 0.84278259 0.84285425 0.8429259
 0.84299756 0.84306922 0.84314087 0.84321253 0.84328419 0.84335584
 0.8434275  0.84349916 0.84357081 0.84364247 0.84371413 0.84378578
 0.84385744 0.8439291  0.84400075 0.84407241 0.84414407 0.84421572
 0.84428738 0.84435904 0.84443069 0.84450235 0.84457401 0.84464566
 0.84471732 0.84478897 0.84486063 0.84493229 0.84500394 0.8450756
 0.84514726 0.84521891 0.84529057 0.84536223 0.84543388 0.84550554
 0.8455772  0.84564885 0.84572051 0.84579217 0.84586382 0.84593548
 0.84600714 0.84607879 0.84615045 0.84622211 0.84629376 0.84636542
 0.84643708 0.84650873 0.84658039 0.84665205 0.8467237  0.84679536
 0.84686702 0.84693867 0.84701033 0.84708199 0.84715364 0.8472253
 0.84729696 0.84736861 0.84744027 0.84751193 0.84758358 0.84765524
 0.8477269  0.84779855 0.84787021 0.84794187 0.84801352 0.84808518
 0.84815684 0.84822849 0.84830015 0.84837181 0.84844346 0.84851512
 0.84858678 0.84865843 0.84873009 0.84880175 0.8488734  0.84894506
 0.84901672 0.84908837 0.84916003 0.84923169 0.84930334 0.849375
 0.84944666 0.84951831 0.84958997 0.84966163 0.84973328 0.84980494
 0.8498766  0.84994825 0.85001991 0.85009157 0.85016322 0.85023488
 0.85030654 0.85037819 0.85044985 0.85052151 0.85059316 0.85066482
 0.85073648 0.85080813 0.85087979 0.85095145 0.8510231  0.85109476
 0.85116642 0.85123807 0.85130973 0.85138139 0.85145304 0.8515247
 0.85159636 0.85166801 0.85173967 0.85181133 0.85188298 0.85195464
 0.8520263  0.85209795 0.85216961 0.85224127 0.85231292 0.85238458
 0.85245624 0.85252789 0.85259955 0.85267121 0.85274286 0.85281452
 0.85288618 0.85295783 0.85302949 0.85310115 0.8531728  0.85324446
 0.85331612 0.85338777 0.85345943 0.85353109 0.85360274 0.8536744
 0.85374606 0.85381771 0.85388937 0.85396103 0.85403268 0.85410434
 0.854176   0.85424765 0.85431931 0.85439097 0.85446262 0.85453428
 0.85460594 0.85467759 0.85474925 0.85482091 0.85489256 0.85496422
 0.85503588 0.85510753 0.85517919 0.85525085 0.8553225  0.85539416
 0.85546582 0.85553747 0.85560913 0.85568079 0.85575244 0.8558241
 0.85589576 0.85596741 0.85603907 0.85611073 0.85618238 0.85625404
 0.8563257  0.85639735 0.85646901 0.85654067 0.85661232 0.85668398
 0.85675564 0.85682729 0.85689895 0.85697061 0.85704226 0.85711392
 0.85718558 0.85725723 0.85732889 0.85740055 0.8574722  0.85754386
 0.85761552 0.85768717 0.85775883 0.85783049 0.85790214 0.8579738
 0.85804546 0.85811711 0.85818877 0.85826043 0.85833208 0.85840374
 0.8584754  0.85854705 0.85861871 0.85869037 0.85876202 0.85883368
 0.85890534 0.85897699 0.85904865 0.85912031 0.85919196 0.85926362
 0.85933528 0.85940693 0.85947859 0.85955025 0.8596219  0.85969356
 0.85976522 0.85983687 0.85990853 0.85998019 0.86005184 0.8601235
 0.86019516 0.86026681 0.86033847 0.86041013 0.86048178 0.86055344
 0.8606251  0.86069675 0.86076841 0.86084007 0.86091172 0.86098338
 0.86105504 0.86112669 0.86119835 0.86127001 0.86134166 0.86141332
 0.86148498 0.86155663 0.86162829 0.86169995 0.8617716  0.86184326
 0.86191492 0.86198657 0.86205823 0.86212989 0.86220154 0.8622732
 0.86234486 0.86241651 0.86248817 0.86255983 0.86263148 0.86270314
 0.8627748  0.86284645 0.86291811 0.86298977 0.86306142 0.86313308
 0.86320474 0.86327639 0.86334805 0.86341971 0.86349136 0.86356302
 0.86363468 0.86370633 0.86377799 0.86384965 0.8639213  0.86399296
 0.86406462 0.86413627 0.86420793 0.86427959 0.86435124 0.8644229
 0.86449456 0.86456621 0.86463787 0.86470953 0.86478118 0.86485284
 0.8649245  0.86499615 0.86506781 0.86513947 0.86521112 0.86528278
 0.86535444 0.86542609 0.86549775 0.86556941 0.86564106 0.86571272
 0.86578438 0.86585603 0.86592769 0.86599935 0.866071   0.86614266
 0.86621432 0.86628597 0.86635763 0.86642929 0.86650094 0.8665726
 0.86664426 0.86671591 0.86678757 0.86685923 0.86693088 0.86700254
 0.8670742  0.86714585 0.86721751 0.86728917 0.86736082 0.86743248
 0.86750414 0.86757579 0.86764745 0.86771911 0.86779076 0.86786242
 0.86793408 0.86800573 0.86807739 0.86814905 0.8682207  0.86829236
 0.86836402 0.86843567 0.86850733 0.86857898 0.86865064 0.8687223
 0.86879395 0.86886561 0.86893727 0.86900892 0.86908058 0.86915224
 0.86922389 0.86929555 0.86936721 0.86943886 0.86951052 0.86958218
 0.86965383 0.86972549 0.86979715 0.8698688  0.86994046 0.87001212
 0.87008377 0.87015543 0.87022709 0.87029874 0.8703704  0.87044206
 0.87051371 0.87058537 0.87065703 0.87072868 0.87080034 0.870872
 0.87094365 0.87101531 0.87108697 0.87115862 0.87123028 0.87130194
 0.87137359 0.87144525 0.87151691 0.87158856 0.87166022 0.87173188
 0.87180353 0.87187519 0.87194685 0.8720185  0.87209016 0.87216182
 0.87223347 0.87230513 0.87237679 0.87244844 0.8725201  0.87259176
 0.87266341 0.87273507 0.87280673 0.87287838 0.87295004 0.8730217
 0.87309335 0.87316501 0.87323667 0.87330832 0.87337998 0.87345164
 0.87352329 0.87359495 0.87366661 0.87373826 0.87380992 0.87388158
 0.87395323 0.87402489 0.87409655 0.8741682  0.87423986 0.87431152
 0.87438317 0.87445483 0.87452649 0.87459814 0.8746698  0.87474146
 0.87481311 0.87488477 0.87495643 0.87502808 0.87509974 0.8751714
 0.87524305 0.87531471 0.87538637 0.87545802 0.87552968 0.87560134
 0.87567299 0.87574465 0.87581631 0.87588796 0.87595962 0.87603128
 0.87610293 0.87617459 0.87624625 0.8763179  0.87638956 0.87646122
 0.87653287 0.87660453 0.87667619 0.87674784 0.8768195  0.87689116
 0.87696281 0.87703447 0.87710613 0.87717778 0.87724944 0.8773211
 0.87739275 0.87746441 0.87753607 0.87760772 0.87767938 0.87775104
 0.87782269 0.87789435 0.87796601 0.87803766 0.87810932 0.87818098
 0.87825263 0.87832429 0.87839595 0.8784676  0.87853926 0.87861092
 0.87868257 0.87875423 0.87882589 0.87889754 0.8789692  0.87904086
 0.87911251 0.87918417 0.87925583 0.87932748 0.87939914 0.8794708
 0.87954245 0.87961411 0.87968577 0.87975742 0.87982908 0.87990074
 0.87997239 0.88004405 0.88011571 0.88018736 0.88025902 0.88033068
 0.88040233 0.88047399 0.88054565 0.8806173  0.88068896 0.88076062
 0.88083227 0.88090393 0.88097559 0.88104724 0.8811189  0.88119056
 0.88126221 0.88133387 0.88140553 0.88147718 0.88154884 0.8816205
 0.88169215 0.88176381 0.88183547 0.88190712 0.88197878 0.88205044
 0.88212209 0.88219375 0.88226541 0.88233706 0.88240872 0.88248038
 0.88255203 0.88262369 0.88269535 0.882767   0.88283866 0.88291032
 0.88298197 0.88305363 0.88312529 0.88319694 0.8832686  0.88334026
 0.88341191 0.88348357 0.88355523 0.88362688 0.88369854 0.8837702
 0.88384185 0.88391351 0.88398517 0.88405682 0.88412848 0.88420014
 0.88427179 0.88434345 0.88441511 0.88448676 0.88455842 0.88463008
 0.88470173 0.88477339 0.88484505 0.8849167  0.88498836 0.88506002
 0.88513167 0.88520333 0.88527499 0.88534664 0.8854183  0.88548996
 0.88556161 0.88563327 0.88570493 0.88577658 0.88584824 0.8859199
 0.88599155 0.88606321 0.88613487 0.88620652 0.88627818 0.88634984
 0.88642149 0.88649315 0.88656481 0.88663646 0.88670812 0.88677978
 0.88685143 0.88692309 0.88699475 0.8870664  0.88713806 0.88720972
 0.88728137 0.88735303 0.88742469 0.88749634 0.887568   0.88763966
 0.88771131 0.88778297 0.88785463 0.88792628 0.88799794 0.8880696
 0.88814125 0.88821291 0.88828457 0.88835622 0.88842788 0.88849954
 0.88857119 0.88864285 0.88871451 0.88878616 0.88885782 0.88892948
 0.88900113 0.88907279 0.88914445 0.8892161  0.88928776 0.88935942
 0.88943107 0.88950273 0.88957439 0.88964604 0.8897177  0.88978936
 0.88986101 0.88993267 0.89000433 0.89007598 0.89014764 0.8902193
 0.89029095 0.89036261 0.89043427 0.89050592 0.89057758 0.89064924
 0.89072089 0.89079255 0.89086421 0.89093586 0.89100752 0.89107918
 0.89115083 0.89122249 0.89129415 0.8913658  0.89143746 0.89150912
 0.89158077 0.89165243 0.89172409 0.89179574 0.8918674  0.89193906
 0.89201071 0.89208237 0.89215403 0.89222568 0.89229734 0.89236899
 0.89244065 0.89251231 0.89258396 0.89265562 0.89272728 0.89279893
 0.89287059 0.89294225 0.8930139  0.89308556 0.89315722 0.89322887
 0.89330053 0.89337219 0.89344384 0.8935155  0.89358716 0.89365881
 0.89373047 0.89380213 0.89387378 0.89394544 0.8940171  0.89408875
 0.89416041 0.89423207 0.89430372 0.89437538 0.89444704 0.89451869
 0.89459035 0.89466201 0.89473366 0.89480532 0.89487698 0.89494863
 0.89502029 0.89509195 0.8951636  0.89523526 0.89530692 0.89537857
 0.89545023 0.89552189 0.89559354 0.8956652  0.89573686 0.89580851
 0.89588017 0.89595183 0.89602348 0.89609514 0.8961668  0.89623845
 0.89631011 0.89638177 0.89645342 0.89652508 0.89659674 0.89666839
 0.89674005 0.89681171 0.89688336 0.89695502 0.89702668 0.89709833
 0.89716999 0.89724165 0.8973133  0.89738496 0.89745662 0.89752827
 0.89759993 0.89767159 0.89774324 0.8978149  0.89788656 0.89795821
 0.89802987 0.89810153 0.89817318 0.89824484 0.8983165  0.89838815
 0.89845981 0.89853147 0.89860312 0.89867478 0.89874644 0.89881809
 0.89888975 0.89896141 0.89903306 0.89910472 0.89917638 0.89924803
 0.89931969 0.89939135 0.899463   0.89953466 0.89960632 0.89967797
 0.89974963 0.89982129 0.89989294 0.8999646  0.90003626 0.90010791
 0.90017957 0.90025123 0.90032288 0.90039454 0.9004662  0.90053785
 0.90060951 0.90068117 0.90075282 0.90082448 0.90089614 0.90096779
 0.90103945 0.90111111 0.90118276 0.90125442 0.90132608 0.90139773
 0.90146939 0.90154105 0.9016127  0.90168436 0.90175602 0.90182767
 0.90189933 0.90197099 0.90204264 0.9021143  0.90218596 0.90225761
 0.90232927 0.90240093 0.90247258 0.90254424 0.9026159  0.90268755
 0.90275921 0.90283087 0.90290252 0.90297418 0.90304584 0.90311749
 0.90318915 0.90326081 0.90333246 0.90340412 0.90347578 0.90354743
 0.90361909 0.90369075 0.9037624  0.90383406 0.90390572 0.90397737
 0.90404903 0.90412069 0.90419234 0.904264  ]","[7.74436890e-03 7.93914621e-03 8.13846644e-03 8.34242602e-03
 8.55112314e-03 8.76465784e-03 8.98313201e-03 9.20664944e-03
 9.43531583e-03 9.66923880e-03 9.90852798e-03 1.01532950e-02
 1.04036534e-02 1.06597191e-02 1.09216097e-02 1.11894452e-02
 1.14633477e-02 1.17434414e-02 1.20298529e-02 1.23227108e-02
 1.26221462e-02 1.29282924e-02 1.32412850e-02 1.35612622e-02
 1.38883643e-02 1.42227344e-02 1.45645176e-02 1.49138621e-02
 1.52709181e-02 1.56358388e-02 1.60087798e-02 1.63898993e-02
 1.67793584e-02 1.71773207e-02 1.75839528e-02 1.79994238e-02
 1.84239059e-02 1.88575739e-02 1.93006058e-02 1.97531823e-02
 2.02154873e-02 2.06877074e-02 2.11700326e-02 2.16626556e-02
 2.21657727e-02 2.26795830e-02 2.32042889e-02 2.37400961e-02
 2.42872135e-02 2.48458534e-02 2.54162314e-02 2.59985665e-02
 2.65930812e-02 2.72000013e-02 2.78195564e-02 2.84519795e-02
 2.90975070e-02 2.97563793e-02 3.04288402e-02 3.11151374e-02
 3.18155222e-02 3.25302499e-02 3.32595793e-02 3.40037734e-02
 3.47630990e-02 3.55378268e-02 3.63282315e-02 3.71345920e-02
 3.79571912e-02 3.87963159e-02 3.96522573e-02 4.05253108e-02
 4.14157759e-02 4.23239566e-02 4.32501609e-02 4.41947014e-02
 4.51578952e-02 4.61400634e-02 4.71415321e-02 4.81626315e-02
 4.92036967e-02 5.02650672e-02 5.13470871e-02 5.24501054e-02
 5.35744756e-02 5.47205560e-02 5.58887098e-02 5.70793049e-02
 5.82927142e-02 5.95293154e-02 6.07894913e-02 6.20736295e-02
 6.33821226e-02 6.47153686e-02 6.60737701e-02 6.74577353e-02
 6.88676772e-02 7.03040142e-02 7.17671699e-02 7.32575731e-02
 7.47756581e-02 7.63218643e-02 7.78966365e-02 7.95004252e-02
 8.11336859e-02 8.27968798e-02 8.44904737e-02 8.62149396e-02
 8.79707555e-02 8.97584046e-02 9.15783759e-02 9.34311639e-02
 9.53172690e-02 9.72371972e-02 9.91914600e-02 1.01180575e-01
 1.03205065e-01 1.05265460e-01 1.07362294e-01 1.09496108e-01
 1.11667447e-01 1.13876866e-01 1.16124922e-01 1.18412179e-01
 1.20739207e-01 1.23106582e-01 1.25514887e-01 1.27964710e-01
 1.30456644e-01 1.32991289e-01 1.35569252e-01 1.38191144e-01
 1.40857584e-01 1.43569196e-01 1.46326610e-01 1.49130462e-01
 1.51981395e-01 1.54880056e-01 1.57827100e-01 1.60823189e-01
 1.63868987e-01 1.66965168e-01 1.70112410e-01 1.73311398e-01
 1.76562823e-01 1.79867381e-01 1.83225776e-01 1.86638716e-01
 1.90106915e-01 1.93631094e-01 1.97211981e-01 2.00850308e-01
 2.04546813e-01 2.08302240e-01 2.12117341e-01 2.15992872e-01
 2.19929594e-01 2.23928275e-01 2.27989690e-01 2.32114617e-01
 2.36303842e-01 2.40558154e-01 2.44878352e-01 2.49265237e-01
 2.53719616e-01 2.58242302e-01 2.62834114e-01 2.67495877e-01
 2.72228419e-01 2.77032575e-01 2.81909185e-01 2.86859095e-01
 2.91883154e-01 2.96982218e-01 3.02157148e-01 3.07408809e-01
 3.12738071e-01 3.18145810e-01 3.23632906e-01 3.29200242e-01
 3.34848710e-01 3.40579201e-01 3.46392616e-01 3.52289856e-01
 3.58271828e-01 3.64339444e-01 3.70493618e-01 3.76735271e-01
 3.83065326e-01 3.89484709e-01 3.95994352e-01 4.02595189e-01
 4.09288158e-01 4.16074200e-01 4.22954261e-01 4.29929288e-01
 4.37000233e-01 4.44168050e-01 4.51433694e-01 4.58798128e-01
 4.66262311e-01 4.73827210e-01 4.81493791e-01 4.89263024e-01
 4.97135880e-01 5.05113332e-01 5.13196356e-01 5.21385929e-01
 5.29683029e-01 5.38088636e-01 5.46603730e-01 5.55229294e-01
 5.63966311e-01 5.72815764e-01 5.81778638e-01 5.90855918e-01
 6.00048588e-01 6.09357634e-01 6.18784041e-01 6.28328793e-01
 6.37992875e-01 6.47777270e-01 6.57682962e-01 6.67710932e-01
 6.77862161e-01 6.88137629e-01 6.98538313e-01 7.09065190e-01
 7.19719233e-01 7.30501415e-01 7.41412706e-01 7.52454072e-01
 7.63626478e-01 7.74930885e-01 7.86368252e-01 7.97939532e-01
 8.09645678e-01 8.21487637e-01 8.33466352e-01 8.45582761e-01
 8.57837800e-01 8.70232397e-01 8.82767478e-01 8.95443962e-01
 9.08262763e-01 9.21224789e-01 9.34330943e-01 9.47582120e-01
 9.60979211e-01 9.74523099e-01 9.88214660e-01 1.00205476e+00
 1.01604427e+00 1.03018403e+00 1.04447490e+00 1.05891770e+00
 1.07351328e+00 1.08826244e+00 1.10316601e+00 1.11822478e+00
 1.13343955e+00 1.14881110e+00 1.16434020e+00 1.18002762e+00
 1.19587410e+00 1.21188039e+00 1.22804722e+00 1.24437531e+00
 1.26086535e+00 1.27751806e+00 1.29433410e+00 1.31131416e+00
 1.32845888e+00 1.34576891e+00 1.36324488e+00 1.38088741e+00
 1.39869709e+00 1.41667453e+00 1.43482029e+00 1.45313493e+00
 1.47161899e+00 1.49027301e+00 1.50909749e+00 1.52809293e+00
 1.54725982e+00 1.56659861e+00 1.58610976e+00 1.60579368e+00
 1.62565081e+00 1.64568152e+00 1.66588620e+00 1.68626520e+00
 1.70681887e+00 1.72754752e+00 1.74845145e+00 1.76953095e+00
 1.79078628e+00 1.81221768e+00 1.83382538e+00 1.85560957e+00
 1.87757043e+00 1.89970812e+00 1.92202279e+00 1.94451454e+00
 1.96718347e+00 1.99002966e+00 2.01305314e+00 2.03625396e+00
 2.05963210e+00 2.08318755e+00 2.10692027e+00 2.13083018e+00
 2.15491721e+00 2.17918122e+00 2.20362208e+00 2.22823962e+00
 2.25303366e+00 2.27800397e+00 2.30315031e+00 2.32847242e+00
 2.35397000e+00 2.37964273e+00 2.40549027e+00 2.43151223e+00
 2.45770822e+00 2.48407781e+00 2.51062054e+00 2.53733594e+00
 2.56422348e+00 2.59128263e+00 2.61851283e+00 2.64591347e+00
 2.67348393e+00 2.70122355e+00 2.72913166e+00 2.75720753e+00
 2.78545044e+00 2.81385960e+00 2.84243421e+00 2.87117345e+00
 2.90007645e+00 2.92914232e+00 2.95837013e+00 2.98775894e+00
 3.01730777e+00 3.04701559e+00 3.07688136e+00 3.10690400e+00
 3.13708242e+00 3.16741546e+00 3.19790196e+00 3.22854071e+00
 3.25933049e+00 3.29027003e+00 3.32135803e+00 3.35259315e+00
 3.38397405e+00 3.41549933e+00 3.44716756e+00 3.47897729e+00
 3.51092702e+00 3.54301524e+00 3.57524040e+00 3.60760090e+00
 3.64009513e+00 3.67272144e+00 3.70547815e+00 3.73836354e+00
 3.77137587e+00 3.80451336e+00 3.83777420e+00 3.87115653e+00
 3.90465850e+00 3.93827819e+00 3.97201366e+00 4.00586294e+00
 4.03982403e+00 4.07389489e+00 4.10807346e+00 4.14235764e+00
 4.17674530e+00 4.21123428e+00 4.24582239e+00 4.28050740e+00
 4.31528706e+00 4.35015909e+00 4.38512116e+00 4.42017094e+00
 4.45530605e+00 4.49052408e+00 4.52582259e+00 4.56119912e+00
 4.59665117e+00 4.63217622e+00 4.66777171e+00 4.70343506e+00
 4.73916365e+00 4.77495485e+00 4.81080599e+00 4.84671436e+00
 4.88267725e+00 4.91869190e+00 4.95475553e+00 4.99086534e+00
 5.02701849e+00 5.06321213e+00 5.09944336e+00 5.13570929e+00
 5.17200697e+00 5.20833343e+00 5.24468571e+00 5.28106078e+00
 5.31745561e+00 5.35386714e+00 5.39029230e+00 5.42672798e+00
 5.46317105e+00 5.49961836e+00 5.53606675e+00 5.57251303e+00
 5.60895398e+00 5.64538637e+00 5.68180695e+00 5.71821244e+00
 5.75459957e+00 5.79096501e+00 5.82730544e+00 5.86361751e+00
 5.89989787e+00 5.93614313e+00 5.97234990e+00 6.00851478e+00
 6.04463432e+00 6.08070509e+00 6.11672364e+00 6.15268650e+00
 6.18859019e+00 6.22443121e+00 6.26020605e+00 6.29591120e+00
 6.33154313e+00 6.36709831e+00 6.40257317e+00 6.43796416e+00
 6.47326772e+00 6.50848027e+00 6.54359822e+00 6.57861799e+00
 6.61353598e+00 6.64834859e+00 6.68305222e+00 6.71764324e+00
 6.75211805e+00 6.78647302e+00 6.82070453e+00 6.85480897e+00
 6.88878269e+00 6.92262209e+00 6.95632353e+00 6.98988338e+00
 7.02329802e+00 7.05656383e+00 7.08967719e+00 7.12263447e+00
 7.15543207e+00 7.18806637e+00 7.22053377e+00 7.25283067e+00
 7.28495347e+00 7.31689859e+00 7.34866245e+00 7.38024148e+00
 7.41163211e+00 7.44283081e+00 7.47383401e+00 7.50463819e+00
 7.53523984e+00 7.56563544e+00 7.59582150e+00 7.62579454e+00
 7.65555109e+00 7.68508770e+00 7.71440093e+00 7.74348737e+00
 7.77234360e+00 7.80096625e+00 7.82935194e+00 7.85749732e+00
 7.88539907e+00 7.91305388e+00 7.94045846e+00 7.96760953e+00
 7.99450386e+00 8.02113823e+00 8.04750942e+00 8.07361428e+00
 8.09944964e+00 8.12501238e+00 8.15029941e+00 8.17530764e+00
 8.20003404e+00 8.22447559e+00 8.24862929e+00 8.27249218e+00
 8.29606134e+00 8.31933387e+00 8.34230688e+00 8.36497755e+00
 8.38734307e+00 8.40940066e+00 8.43114758e+00 8.45258112e+00
 8.47369862e+00 8.49449742e+00 8.51497494e+00 8.53512859e+00
 8.55495585e+00 8.57445423e+00 8.59362127e+00 8.61245455e+00
 8.63095169e+00 8.64911034e+00 8.66692822e+00 8.68440304e+00
 8.70153260e+00 8.71831472e+00 8.73474724e+00 8.75082809e+00
 8.76655519e+00 8.78192654e+00 8.79694018e+00 8.81159416e+00
 8.82588662e+00 8.83981572e+00 8.85337965e+00 8.86657669e+00
 8.87940511e+00 8.89186327e+00 8.90394956e+00 8.91566242e+00
 8.92700032e+00 8.93796180e+00 8.94854544e+00 8.95874986e+00
 8.96857374e+00 8.97801580e+00 8.98707482e+00 8.99574961e+00
 9.00403905e+00 9.01194205e+00 9.01945758e+00 9.02658467e+00
 9.03332238e+00 9.03966983e+00 9.04562619e+00 9.05119069e+00
 9.05636260e+00 9.06114124e+00 9.06552598e+00 9.06951624e+00
 9.07311152e+00 9.07631134e+00 9.07911527e+00 9.08152295e+00
 9.08353406e+00 9.08514834e+00 9.08636558e+00 9.08718562e+00
 9.08760836e+00 9.08763372e+00 9.08726172e+00 9.08649240e+00
 9.08532586e+00 9.08376226e+00 9.08180180e+00 9.07944473e+00
 9.07669137e+00 9.07354208e+00 9.06999727e+00 9.06605740e+00
 9.06172299e+00 9.05699461e+00 9.05187288e+00 9.04635846e+00
 9.04045209e+00 9.03415452e+00 9.02746659e+00 9.02038916e+00
 9.01292317e+00 9.00506958e+00 8.99682942e+00 8.98820377e+00
 8.97919374e+00 8.96980052e+00 8.96002531e+00 8.94986940e+00
 8.93933411e+00 8.92842079e+00 8.91713086e+00 8.90546580e+00
 8.89342710e+00 8.88101633e+00 8.86823508e+00 8.85508502e+00
 8.84156783e+00 8.82768526e+00 8.81343909e+00 8.79883116e+00
 8.78386333e+00 8.76853754e+00 8.75285575e+00 8.73681995e+00
 8.72043221e+00 8.70369461e+00 8.68660929e+00 8.66917842e+00
 8.65140422e+00 8.63328895e+00 8.61483489e+00 8.59604440e+00
 8.57691984e+00 8.55746363e+00 8.53767821e+00 8.51756609e+00
 8.49712978e+00 8.47637185e+00 8.45529490e+00 8.43390156e+00
 8.41219450e+00 8.39017642e+00 8.36785006e+00 8.34521820e+00
 8.32228362e+00 8.29904918e+00 8.27551773e+00 8.25169218e+00
 8.22757544e+00 8.20317048e+00 8.17848028e+00 8.15350786e+00
 8.12825626e+00 8.10272854e+00 8.07692781e+00 8.05085719e+00
 8.02451982e+00 7.99791888e+00 7.97105756e+00 7.94393909e+00
 7.91656670e+00 7.88894365e+00 7.86107324e+00 7.83295878e+00
 7.80460358e+00 7.77601100e+00 7.74718440e+00 7.71812717e+00
 7.68884270e+00 7.65933442e+00 7.62960576e+00 7.59966017e+00
 7.56950111e+00 7.53913207e+00 7.50855653e+00 7.47777801e+00
 7.44680002e+00 7.41562609e+00 7.38425976e+00 7.35270459e+00
 7.32096413e+00 7.28904195e+00 7.25694163e+00 7.22466676e+00
 7.19222093e+00 7.15960774e+00 7.12683079e+00 7.09389369e+00
 7.06080006e+00 7.02755352e+00 6.99415767e+00 6.96061616e+00
 6.92693259e+00 6.89311061e+00 6.85915383e+00 6.82506588e+00
 6.79085039e+00 6.75651098e+00 6.72205127e+00 6.68747488e+00
 6.65278544e+00 6.61798654e+00 6.58308180e+00 6.54807482e+00
 6.51296920e+00 6.47776853e+00 6.44247640e+00 6.40709637e+00
 6.37163201e+00 6.33608690e+00 6.30046457e+00 6.26476857e+00
 6.22900243e+00 6.19316966e+00 6.15727378e+00 6.12131828e+00
 6.08530665e+00 6.04924235e+00 6.01312884e+00 5.97696957e+00
 5.94076796e+00 5.90452742e+00 5.86825135e+00 5.83194314e+00
 5.79560614e+00 5.75924371e+00 5.72285917e+00 5.68645583e+00
 5.65003700e+00 5.61360594e+00 5.57716590e+00 5.54072012e+00
 5.50427183e+00 5.46782420e+00 5.43138041e+00 5.39494361e+00
 5.35851694e+00 5.32210349e+00 5.28570636e+00 5.24932860e+00
 5.21297324e+00 5.17664331e+00 5.14034180e+00 5.10407165e+00
 5.06783583e+00 5.03163723e+00 4.99547875e+00 4.95936325e+00
 4.92329356e+00 4.88727250e+00 4.85130285e+00 4.81538737e+00
 4.77952877e+00 4.74372977e+00 4.70799304e+00 4.67232121e+00
 4.63671692e+00 4.60118273e+00 4.56572122e+00 4.53033491e+00
 4.49502630e+00 4.45979786e+00 4.42465203e+00 4.38959122e+00
 4.35461782e+00 4.31973416e+00 4.28494258e+00 4.25024536e+00
 4.21564476e+00 4.18114300e+00 4.14674228e+00 4.11244477e+00
 4.07825260e+00 4.04416787e+00 4.01019265e+00 3.97632898e+00
 3.94257887e+00 3.90894429e+00 3.87542719e+00 3.84202947e+00
 3.80875302e+00 3.77559969e+00 3.74257128e+00 3.70966958e+00
 3.67689635e+00 3.64425329e+00 3.61174211e+00 3.57936444e+00
 3.54712192e+00 3.51501613e+00 3.48304862e+00 3.45122094e+00
 3.41953456e+00 3.38799095e+00 3.35659154e+00 3.32533773e+00
 3.29423087e+00 3.26327231e+00 3.23246334e+00 3.20180523e+00
 3.17129922e+00 3.14094652e+00 3.11074831e+00 3.08070571e+00
 3.05081985e+00 3.02109181e+00 2.99152263e+00 2.96211333e+00
 2.93286490e+00 2.90377831e+00 2.87485446e+00 2.84609427e+00
 2.81749859e+00 2.78906826e+00 2.76080409e+00 2.73270685e+00
 2.70477728e+00 2.67701611e+00 2.64942401e+00 2.62200166e+00
 2.59474967e+00 2.56766865e+00 2.54075916e+00 2.51402176e+00
 2.48745695e+00 2.46106523e+00 2.43484705e+00 2.40880285e+00
 2.38293302e+00 2.35723796e+00 2.33171800e+00 2.30637347e+00
 2.28120467e+00 2.25621187e+00 2.23139532e+00 2.20675523e+00
 2.18229180e+00 2.15800520e+00 2.13389557e+00 2.10996304e+00
 2.08620770e+00 2.06262961e+00 2.03922883e+00 2.01600537e+00
 1.99295925e+00 1.97009043e+00 1.94739887e+00 1.92488450e+00
 1.90254723e+00 1.88038695e+00 1.85840352e+00 1.83659679e+00
 1.81496657e+00 1.79351267e+00 1.77223488e+00 1.75113294e+00
 1.73020661e+00 1.70945559e+00 1.68887961e+00 1.66847832e+00
 1.64825141e+00 1.62819850e+00 1.60831924e+00 1.58861322e+00
 1.56908004e+00 1.54971927e+00 1.53053046e+00 1.51151315e+00
 1.49266687e+00 1.47399112e+00 1.45548539e+00 1.43714915e+00
 1.41898186e+00 1.40098296e+00 1.38315189e+00 1.36548806e+00
 1.34799085e+00 1.33065967e+00 1.31349388e+00 1.29649284e+00
 1.27965589e+00 1.26298237e+00 1.24647160e+00 1.23012287e+00
 1.21393550e+00 1.19790875e+00 1.18204191e+00 1.16633422e+00
 1.15078495e+00 1.13539333e+00 1.12015859e+00 1.10507994e+00
 1.09015660e+00 1.07538777e+00 1.06077263e+00 1.04631037e+00
 1.03200015e+00 1.01784114e+00 1.00383250e+00 9.89973370e-01
 9.76262893e-01 9.62700200e-01 9.49284416e-01 9.36014659e-01
 9.22890039e-01 9.09909662e-01 8.97072626e-01 8.84378023e-01
 8.71824939e-01 8.59412458e-01 8.47139653e-01 8.35005596e-01
 8.23009354e-01 8.11149988e-01 7.99426555e-01 7.87838108e-01
 7.76383698e-01 7.65062369e-01 7.53873163e-01 7.42815121e-01
 7.31887277e-01 7.21088665e-01 7.10418316e-01 6.99875258e-01
 6.89458516e-01 6.79167116e-01 6.69000080e-01 6.58956428e-01
 6.49035179e-01 6.39235352e-01 6.29555964e-01 6.19996032e-01
 6.10554571e-01 6.01230596e-01 5.92023123e-01 5.82931166e-01
 5.73953740e-01 5.65089861e-01 5.56338543e-01 5.47698805e-01
 5.39169661e-01 5.30750131e-01 5.22439232e-01 5.14235986e-01
 5.06139412e-01 4.98148536e-01 4.90262380e-01 4.82479971e-01
 4.74800339e-01 4.67222512e-01 4.59745523e-01 4.52368409e-01
 4.45090205e-01 4.37909952e-01 4.30826692e-01 4.23839472e-01
 4.16947339e-01 4.10149346e-01 4.03444546e-01 3.96831999e-01
 3.90310766e-01 3.83879911e-01 3.77538503e-01 3.71285615e-01
 3.65120323e-01 3.59041707e-01 3.53048851e-01 3.47140844e-01
 3.41316778e-01 3.35575749e-01 3.29916860e-01 3.24339214e-01
 3.18841924e-01 3.13424102e-01 3.08084869e-01 3.02823350e-01
 2.97638672e-01 2.92529969e-01 2.87496382e-01 2.82537053e-01
 2.77651132e-01 2.72837772e-01 2.68096133e-01 2.63425381e-01
 2.58824683e-01 2.54293217e-01 2.49830163e-01 2.45434706e-01
 2.41106039e-01 2.36843359e-01 2.32645869e-01 2.28512776e-01
 2.24443297e-01 2.20436649e-01 2.16492059e-01 2.12608759e-01
 2.08785985e-01 2.05022980e-01 2.01318994e-01 1.97673281e-01
 1.94085102e-01 1.90553723e-01 1.87078417e-01 1.83658462e-01
 1.80293143e-01 1.76981751e-01 1.73723581e-01 1.70517937e-01
 1.67364126e-01 1.64261464e-01 1.61209271e-01 1.58206873e-01]",restricted_age_optimal,True,True,True,10,3,"constraints_[2, 3, 4]_remained",1182.6567339673436,1173.8958839688016,1191.4175839658856,4.4699035633543955,19.299343653081618,19.156378539064328,19.442308767098908,0.0729427250423897,19.298950812448986,19.155988608505055,19.441913016392917,0.07294124028380067,1.0,1.0,1.0,7.502003891192468e-43,large,-1182.6567339673434,-1191.4175839658853,-1173.8958839688014,4.4699035633543955,-19.299343653081618,-19.442308767098904,-19.156378539064324,0.0729427250423897,-19.298950812448986,-19.441913016392913,-19.15598860850505,0.07294124028380067,1.0602269704091351e-42,2.6356886047919195e-43,4.221711941037052e-42,7.502003891192468e-43
